scenario,analysis_claim_id,source_id,project,criterion,eligible,n_excluded_pre,n_positive_pre,n_excluded_post,n_positive_post,family,component_id,decomposition_supported,excluded_ten_supported,p_positive_pre,p_all_pre,q_pre,gap_pre,account_retained_pre,account_excluded_pre,p_excluded_pre,hit_positive_pre,hit_excluded_pre,p_positive_post,p_all_post,q_post,gap_post,account_retained_post,account_excluded_post,p_excluded_post,hit_positive_post,hit_excluded_post,total,account_retained,account_excluded,positive_event_change,all_event_change,retention,stratum_distribution
primary,v3_1_f_noise_and_effort_on_implicit_measure,rpp.63,RPP,failed,True,23,28,23,15,epistemic_adverb_tokens,1,True,True,0,0,0.45098039215686275,0,0,0,0,0,0,0.066666666666666666,0.026315789473684209,0.60526315789473684,0.040350877192982457,0.040350877192982457,0,0,1,0,0.040350877192982457,0.040350877192982457,0,0.066666666666666666,0.026315789473684209,0.0051427588579291365,0.035208118335053322
primary,v3_1_f_noise_and_effort_on_implicit_measure,rpp.63,RPP,failed,True,23,28,23,15,replication_word_tokens,1,True,True,0.071428571428571425,0.078431372549019607,0.45098039215686275,-0.0070028011204481795,0.032212885154061621,-0.039215686274509803,0.086956521739130432,2,2,0,0.13157894736842105,0.60526315789473684,-0.13157894736842105,0,-0.13157894736842105,0.21739130434782608,0,5,-0.12457614624797288,-0.032212885154061621,-0.092363261093911242,-0.071428571428571425,0.053147574819401446,-0.017967713401149932,-0.10660843284682293
primary,v3_1_f_noise_and_effort_on_implicit_measure,rpp.63,RPP,failed,True,23,28,23,15,lowercase_modal_tokens,1,True,True,0.21428571428571427,0.17647058823529413,0.45098039215686275,0.037815126050420166,0.096638655462184878,-0.058823529411764705,0.13043478260869565,6,3,0,0,0.60526315789473684,0,0,0,0,0,0,-0.037815126050420166,-0.096638655462184878,0.058823529411764705,-0.21428571428571427,-0.17647058823529413,0.006468376824413976,-0.044283502874834145
primary,v3_a_motion_aftereffect_from_still_photogra,rpp.127,RPP,successful,True,14,20,11,14,epistemic_adverb_tokens,2,True,True,0,0,0.41176470588235292,0,0,0,0,0,0,0,0,0.44,0,0,0,0,0,0,0,0,0,0,0,0,0
primary,v3_a_motion_aftereffect_from_still_photogra,rpp.127,RPP,successful,True,14,20,11,14,replication_word_tokens,2,True,True,0.050000000000000003,0.058823529411764705,0.41176470588235292,-0.0088235294117647058,0.020588235294117647,-0.029411764705882353,0.071428571428571425,1,1,0,0,0.44,0,0,0,0,0,0,0.0088235294117647058,-0.020588235294117647,0.029411764705882353,-0.050000000000000003,-0.058823529411764705,-0.00030252100840336133,0.0091260504201680671
primary,v3_a_motion_aftereffect_from_still_photogra,rpp.127,RPP,successful,True,14,20,11,14,lowercase_modal_tokens,2,True,True,0.20000000000000001,0.14705882352941177,0.41176470588235292,0.052941176470588235,0.082352941176470587,-0.029411764705882353,0.071428571428571425,4,1,0,0.12,0.44,-0.12,0,-0.12,0.27272727272727271,0,3,-0.17294117647058824,-0.082352941176470587,-0.09058823529411765,-0.20000000000000001,-0.027058823529411764,-0.0020351413292589763,-0.17090603514132927
primary,v3_a_single_exposure_to_the_american_flag_s,ml1.12,ML1,failed,True,8,23,43,53,epistemic_adverb_tokens,4,True,False,0,0,0.25806451612903225,0,0,0,0,0,0,0,0.010416666666666666,0.44791666666666669,-0.010416666666666666,0,-0.010416666666666666,0.023255813953488372,0,1,-0.010416666666666666,0,-0.010416666666666666,0,0.010416666666666666,-0.0022075831457864467,-0.0082090835208802199
primary,v3_a_single_exposure_to_the_american_flag_s,ml1.12,ML1,failed,True,8,23,43,53,replication_word_tokens,4,True,False,0,0,0.25806451612903225,0,0,0,0,0,0,0.075471698113207544,0.083333333333333329,0.44791666666666669,-0.0078616352201257862,0.03380503144654088,-0.041666666666666664,0.093023255813953487,4,4,-0.0078616352201257862,0.03380503144654088,-0.041666666666666664,0.075471698113207544,0.083333333333333329,-0.0016661004873859974,-0.0061955347327397889
primary,v3_a_single_exposure_to_the_american_flag_s,ml1.12,ML1,failed,True,8,23,43,53,lowercase_modal_tokens,4,True,False,0.13043478260869565,0.096774193548387094,0.25806451612903225,0.033660589060308554,0.033660589060308554,0,0,3,0,0.20754716981132076,0.13541666666666666,0.44791666666666669,0.072130503144654093,0.092963836477987422,-0.020833333333333332,0.046511627906976744,11,2,0.038469914084345531,0.059303247417678867,-0.020833333333333332,0.077112387202625102,0.03864247311827957,0.027668133963351379,0.010801780120994153
primary,v3_a_social_functional_approach_to_emotions,rpp.56,RPP,failed,True,26,35,25,48,epistemic_adverb_tokens,6,True,True,0,0,0.42622950819672129,0,0,0,0,0,0,0,0,0.34246575342465752,0,0,0,0,0,0,0,0,0,0,0,0,0
primary,v3_a_social_functional_approach_to_emotions,rpp.56,RPP,failed,True,26,35,25,48,replication_word_tokens,6,True,True,0,0,0.42622950819672129,0,0,0,0,0,0,0.020833333333333332,0.013698630136986301,0.34246575342465752,0.0071347031963470316,0.0071347031963470316,0,0,1,0,0.0071347031963470316,0.0071347031963470316,0,0.020833333333333332,0.013698630136986301,-0.00087253911220899771,0.0080072423085560292
primary,v3_a_social_functional_approach_to_emotions,rpp.56,RPP,failed,True,26,35,25,48,lowercase_modal_tokens,6,True,True,0.17142857142857143,0.11475409836065574,0.42622950819672129,0.05667447306791569,0.073067915690866514,-0.016393442622950821,0.038461538461538464,6,1,0.125,0.095890410958904104,0.34246575342465752,0.029109589041095889,0.042808219178082189,-0.013698630136986301,0.040000000000000001,6,1,-0.027564884026819801,-0.030259696512784318,0.0026948124859645182,-0.04642857142857143,-0.018863687401751629,-0.0091288685489224457,-0.018436015477897354
primary,v3_accelerated_relearning_after_retrieval_i,rpp.4,RPP,failed,True,17,17,12,32,epistemic_adverb_tokens,8,True,True,0,0,0.5,0,0,0,0,0,0,0,0,0.27272727272727271,0,0,0,0,0,0,0,0,0,0,0,0,0
primary,v3_accelerated_relearning_after_retrieval_i,rpp.4,RPP,failed,True,17,17,12,32,replication_word_tokens,8,True,True,0.11764705882352941,0.088235294117647065,0.5,0.029411764705882353,0.058823529411764705,-0.029411764705882353,0.058823529411764705,2,1,0.0625,0.045454545454545456,0.27272727272727271,0.017045454545454544,0.017045454545454544,0,0,2,0,-0.012366310160427808,-0.041778074866310161,0.029411764705882353,-0.05514705882352941,-0.042780748663101602,-0.013786764705882353,0.0014204545454545455
primary,v3_accelerated_relearning_after_retrieval_i,rpp.4,RPP,failed,True,17,17,12,32,lowercase_modal_tokens,8,True,True,0.11764705882352941,0.088235294117647065,0.5,0.029411764705882353,0.058823529411764705,-0.029411764705882353,0.058823529411764705,2,1,0.25,0.20454545454545456,0.27272727272727271,0.045454545454545456,0.068181818181818177,-0.022727272727272728,0.083333333333333329,8,1,0.016042780748663103,0.0093582887700534752,0.0066844919786096255,0.13235294117647059,0.11631016042780749,-0.025623885918003565,0.041666666666666664
primary,v3_action_dynamics_reveal_parallel_competit,rpp.112,RPP,successful,True,33,25,74,38,epistemic_adverb_tokens,10,True,True,0,0,0.56896551724137934,0,0,0,0,0,0,0,0,0.6607142857142857,0,0,0,0,0,0,0,0,0,0,0,0,0
primary,v3_action_dynamics_reveal_parallel_competit,rpp.112,RPP,successful,True,33,25,74,38,replication_word_tokens,10,True,True,0.040000000000000001,0.034482758620689655,0.56896551724137934,0.0055172413793103444,0.022758620689655173,-0.017241379310344827,0.030303030303030304,1,1,0.026315789473684209,0.0089285714285714281,0.6607142857142857,0.017387218045112781,0.017387218045112781,0,0,1,0,0.011869976665802437,-0.0053714026445423908,0.017241379310344827,-0.01368421052631579,-0.025554187192118227,0.001652063151609431,0.010217913514193006
primary,v3_action_dynamics_reveal_parallel_competit,rpp.112,RPP,successful,True,33,25,74,38,lowercase_modal_tokens,10,True,True,0.20000000000000001,0.15517241379310345,0.56896551724137934,0.044827586206896551,0.11379310344827587,-0.068965517241379309,0.12121212121212122,5,4,0.078947368421052627,0.035714285714285712,0.6607142857142857,0.043233082706766915,0.052161654135338346,-0.0089285714285714281,0.013513513513513514,3,1,-0.0015945035001296345,-0.061631449312937514,0.060036945812807885,-0.12105263157894737,-0.11945812807881774,0.0066160832267910304,-0.0082105867269206649
primary,v3_affective_incoherence_when_affective_con,rpp.52,RPP,failed,True,16,20,5,17,epistemic_adverb_tokens,11,True,False,0,0,0.44444444444444442,0,0,0,0,0,0,0,0,0.22727272727272727,0,0,0,0,0,0,0,0,0,0,0,0,0
primary,v3_affective_incoherence_when_affective_con,rpp.52,RPP,failed,True,16,20,5,17,replication_word_tokens,11,True,False,0.14999999999999999,0.083333333333333329,0.44444444444444442,0.066666666666666666,0.066666666666666666,0,0,3,0,0,0,0.22727272727272727,0,0,0,0,0,0,-0.066666666666666666,-0.066666666666666666,0,-0.14999999999999999,-0.083333333333333329,-0.016287878787878789,-0.050378787878787877
primary,v3_affective_incoherence_when_affective_con,rpp.52,RPP,failed,True,16,20,5,17,lowercase_modal_tokens,11,True,False,0.050000000000000003,0.027777777777777776,0.44444444444444442,0.022222222222222223,0.022222222222222223,0,0,1,0,0.058823529411764705,0.045454545454545456,0.22727272727272727,0.013368983957219251,0.013368983957219251,0,0,1,0,-0.0088532382650029703,-0.0088532382650029703,0,0.0088235294117647058,0.017676767676767676,-0.011816696375519905,0.0029634581105169341
primary,v3_attractor_dynamics_and_semantic_neighbor,rpp.11,RPP,successful,True,24,22,20,32,epistemic_adverb_tokens,13,True,True,0,0,0.52173913043478259,0,0,0,0,0,0,0,0,0.38461538461538464,0,0,0,0,0,0,0,0,0,0,0,0,0
primary,v3_attractor_dynamics_and_semantic_neighbor,rpp.11,RPP,successful,True,24,22,20,32,replication_word_tokens,13,True,True,0,0,0.52173913043478259,0,0,0,0,0,0,0,0,0.38461538461538464,0,0,0,0,0,0,0,0,0,0,0,0,0
primary,v3_attractor_dynamics_and_semantic_neighbor,rpp.11,RPP,successful,True,24,22,20,32,lowercase_modal_tokens,13,True,True,0.090909090909090912,0.10869565217391304,0.52173913043478259,-0.017786561264822136,0.047430830039525688,-0.065217391304347824,0.125,2,3,0.0625,0.057692307692307696,0.38461538461538464,0.004807692307692308,0.02403846153846154,-0.019230769230769232,0.050000000000000003,2,1,0.022594253572514444,-0.023392368501064152,0.045986622073578592,-0.028409090909090908,-0.051003344481605352,0.0014803131650957739,0.021113940407418669
primary,v3_auditory_change_detection_simple_sounds_,rpp.139,RPP,successful,True,15,15,16,16,epistemic_adverb_tokens,14,True,True,0,0,0.5,0,0,0,0,0,0,0,0,0.5,0,0,0,0,0,0,0,0,0,0,0,0,0
primary,v3_auditory_change_detection_simple_sounds_,rpp.139,RPP,successful,True,15,15,16,16,replication_word_tokens,14,True,True,0,0,0.5,0,0,0,0,0,0,0,0.03125,0.5,-0.03125,0,-0.03125,0.0625,0,1,-0.03125,0,-0.03125,0,0.03125,0,-0.03125
primary,v3_auditory_change_detection_simple_sounds_,rpp.139,RPP,successful,True,15,15,16,16,lowercase_modal_tokens,14,True,True,0.20000000000000001,0.23333333333333334,0.5,-0.033333333333333333,0.10000000000000001,-0.13333333333333333,0.26666666666666666,3,4,0.25,0.21875,0.5,0.03125,0.125,-0.09375,0.1875,4,3,0.06458333333333334,0.025000000000000001,0.039583333333333331,0.050000000000000003,-0.014583333333333334,0,0.06458333333333334
primary,v3_availability_a_heuristic_for_judging_fre,ml3.4,ML3,successful,True,54,57,8,33,epistemic_adverb_tokens,15,True,False,0.035087719298245612,0.027027027027027029,0.48648648648648651,0.008060692271218587,0.017069701280227598,-0.0090090090090090089,0.018518518518518517,2,1,0,0,0.1951219512195122,0,0,0,0,0,0,-0.008060692271218587,-0.017069701280227598,0.0090090090090090089,-0.035087719298245612,-0.027027027027027029,-0.0024138387424651867,-0.0056468535287534007
primary,v3_availability_a_heuristic_for_judging_fre,ml3.4,ML3,successful,True,54,57,8,33,replication_word_tokens,15,True,False,0,0,0.48648648648648651,0,0,0,0,0,0,0,0,0.1951219512195122,0,0,0,0,0,0,0,0,0,0,0,0,0
primary,v3_availability_a_heuristic_for_judging_fre,ml3.4,ML3,successful,True,54,57,8,33,lowercase_modal_tokens,15,True,False,0.14035087719298245,0.14414414414414414,0.48648648648648651,-0.003793266951161688,0.068278805120910391,-0.072072072072072071,0.14814814814814814,8,8,0.060606060606060608,0.073170731707317069,0.1951219512195122,-0.012564671101256468,0.011825572801182557,-0.024390243902439025,0.125,2,1,-0.0087714041500947786,-0.056453232319727827,0.047681828169633046,-0.079744816586921854,-0.070973412436827074,0.010516979226863694,-0.019288383376958474
primary,v3_balancing_connectedness_and_self_protect,rpp.93,RPP,failed,True,35,93,51,98,epistemic_adverb_tokens,16,True,True,0.010752688172043012,0.0078125,0.2734375,0.0029401881720430107,0.0029401881720430107,0,0,1,0,0.01020408163265306,0.0067114093959731542,0.34228187919463088,0.0034926722366799071,0.0034926722366799071,0,0,1,0,0.0005524840646368961,0.0005524840646368961,0,-0.00054860653938994957,-0.0011010906040268456,0.00072137790356454332,-0.00016889383892764728
primary,v3_balancing_connectedness_and_self_protect,rpp.93,RPP,failed,True,35,93,51,98,replication_word_tokens,16,True,True,0.010752688172043012,0.0078125,0.2734375,0.0029401881720430107,0.0029401881720430107,0,0,1,0,0,0,0.34228187919463088,0,0,0,0,0,0,-0.0029401881720430107,-0.0029401881720430107,0,-0.010752688172043012,-0.0078125,0.00037013107093887565,-0.0033103192429818863
primary,v3_balancing_connectedness_and_self_protect,rpp.93,RPP,failed,True,35,93,51,98,lowercase_modal_tokens,16,True,True,0.13978494623655913,0.1171875,0.2734375,0.022597446236559141,0.038222446236559141,-0.015625,0.057142857142857141,13,2,0.19387755102040816,0.16107382550335569,0.34228187919463088,0.032803725517052455,0.066360772496918227,-0.033557046979865772,0.098039215686274508,19,5,0.010206279280493318,0.02813832626035909,-0.017932046979865772,0.054092604783849023,0.043886325503355708,0.0061436870090642885,0.0040625922714290306
primary,v3_cloningertextquotesingles_psychobiologic,ml3.8,ML3,failed,True,22,49,57,75,epistemic_adverb_tokens,17,True,True,0.020408163265306121,0.014084507042253521,0.30985915492957744,0.0063236562230526011,0.0063236562230526011,0,0,1,0,0.013333333333333334,0.007575757575757576,0.43181818181818182,0.0057575757575757574,0.0057575757575757574,0,0,1,0,-0.00056608046547684376,-0.00056608046547684376,0,-0.0070748299319727892,-0.0065087494664959455,0.0020575400454676111,-0.0026236205109444544
primary,v3_cloningertextquotesingles_psychobiologic,ml3.8,ML3,failed,True,22,49,57,75,replication_word_tokens,17,True,True,0,0,0.30985915492957744,0,0,0,0,0,0,0.013333333333333334,0.007575757575757576,0.43181818181818182,0.0057575757575757574,0.0057575757575757574,0,0,1,0,0.0057575757575757574,0.0057575757575757574,0,0.013333333333333334,0.007575757575757576,0.00081306017925736232,0.0049445155783183949
primary,v3_cloningertextquotesingles_psychobiologic,ml3.8,ML3,failed,True,22,49,57,75,lowercase_modal_tokens,17,True,True,0.020408163265306121,0.014084507042253521,0.30985915492957744,0.0063236562230526011,0.0063236562230526011,0,0,1,0,0.053333333333333337,0.053030303030303032,0.43181818181818182,0.00030303030303030303,0.023030303030303029,-0.022727272727272728,0.052631578947368418,4,3,-0.0060206259200222979,0.016706646807250428,-0.022727272727272728,0.032925170068027212,0.038945795988049509,0.0012872725072237939,-0.007307898427246092
primary,v3_conflict_triggered_goal_shielding_respon,rpp.158,RPP,successful,True,6,10,15,20,epistemic_adverb_tokens,18,True,False,0,0.0625,0.375,-0.0625,0,-0.0625,0.16666666666666666,0,1,0,0,0.42857142857142855,0,0,0,0,0,0,0.0625,0,0.0625,0,-0.0625,-0.004464285714285714,0.066964285714285712
primary,v3_conflict_triggered_goal_shielding_respon,rpp.158,RPP,successful,True,6,10,15,20,replication_word_tokens,18,True,False,0,0,0.375,0,0,0,0,0,0,0.14999999999999999,0.085714285714285715,0.42857142857142855,0.064285714285714279,0.064285714285714279,0,0,3,0,0.064285714285714279,0.064285714285714279,0,0.14999999999999999,0.085714285714285715,0.0040178571428571425,0.060267857142857144
primary,v3_conflict_triggered_goal_shielding_respon,rpp.158,RPP,successful,True,6,10,15,20,lowercase_modal_tokens,18,True,False,0.20000000000000001,0.125,0.375,0.074999999999999997,0.074999999999999997,0,0,2,0,0.25,0.20000000000000001,0.42857142857142855,0.050000000000000003,0.10714285714285714,-0.057142857142857141,0.13333333333333333,5,2,-0.025000000000000001,0.03214285714285714,-0.057142857142857141,0.050000000000000003,0.074999999999999997,0.0084821428571428565,-0.033482142857142856
primary,v3_decision_making_and_learning_while_takin,rpp.39,RPP,failed,True,46,24,98,30,epistemic_adverb_tokens,20,True,True,0,0,0.65714285714285714,0,0,0,0,0,0,0,0,0.765625,0,0,0,0,0,0,0,0,0,0,0,0,0
primary,v3_decision_making_and_learning_while_takin,rpp.39,RPP,failed,True,46,24,98,30,replication_word_tokens,20,True,True,0,0,0.65714285714285714,0,0,0,0,0,0,0,0,0.765625,0,0,0,0,0,0,0,0,0,0,0,0,0
primary,v3_decision_making_and_learning_while_takin,rpp.39,RPP,failed,True,46,24,98,30,lowercase_modal_tokens,20,True,True,0.041666666666666664,0.057142857142857141,0.65714285714285714,-0.015476190476190477,0.027380952380952381,-0.042857142857142858,0.065217391304347824,1,3,0.26666666666666666,0.1171875,0.765625,0.14947916666666666,0.20416666666666666,-0.0546875,0.071428571428571425,8,7,0.16495535714285714,0.1767857142857143,-0.011830357142857142,0.22500000000000001,0.060044642857142859,0.009312506932120674,0.15564285021073646
primary,v3_effects_of_fluency_on_psychological_dist,rpp.104,RPP,failed,True,34,41,66,107,epistemic_adverb_tokens,22,True,True,0,0.013333333333333334,0.45333333333333331,-0.013333333333333334,0,-0.013333333333333334,0.029411764705882353,0,1,0,0,0.38150289017341038,0,0,0,0,0,0,0.013333333333333334,0,0.013333333333333334,0,-0.013333333333333334,0.0010563300464694549,0.012277003286863878
primary,v3_effects_of_fluency_on_psychological_dist,rpp.104,RPP,failed,True,34,41,66,107,replication_word_tokens,22,True,True,0,0,0.45333333333333331,0,0,0,0,0,0,0.046728971962616821,0.028901734104046242,0.38150289017341038,0.017827237858570578,0.017827237858570578,0,0,5,0,0.017827237858570578,0.017827237858570578,0,0.046728971962616821,0.028901734104046242,-0.0016782813822411899,0.019505519240811769
primary,v3_effects_of_fluency_on_psychological_dist,rpp.104,RPP,failed,True,34,41,66,107,lowercase_modal_tokens,22,True,True,0.097560975609756101,0.10666666666666667,0.45333333333333331,-0.0091056910569105691,0.044227642276422764,-0.053333333333333337,0.11764705882352941,4,4,0.13084112149532709,0.10404624277456648,0.38150289017341038,0.026794878720760629,0.049916266003997622,-0.023121387283236993,0.060606060606060608,14,4,0.035900569777671199,0.0056886237275748592,0.03021194605009634,0.033280145885571003,-0.0026204238921001925,-0.0018011116452238784,0.037701681422895074
primary,v3_effects_of_need_for_cognition_on_message,ml3.7,ML3,failed,True,7,13,60,94,epistemic_adverb_tokens,23,True,False,0,0,0.34999999999999998,0,0,0,0,0,0,0,0,0.38961038961038963,0,0,0,0,0,0,0,0,0,0,0,0,0
primary,v3_effects_of_need_for_cognition_on_message,ml3.7,ML3,failed,True,7,13,60,94,replication_word_tokens,23,True,False,0,0,0.34999999999999998,0,0,0,0,0,0,0.021276595744680851,0.045454545454545456,0.38961038961038963,-0.024177949709864602,0.0082895827576678644,-0.032467532467532464,0.083333333333333329,2,5,-0.024177949709864602,0.0082895827576678644,-0.032467532467532464,0.021276595744680851,0.045454545454545456,-0.0012290457769181173,-0.022948903932946487
primary,v3_effects_of_need_for_cognition_on_message,ml3.7,ML3,failed,True,7,13,60,94,lowercase_modal_tokens,23,True,False,0,0,0.34999999999999998,0,0,0,0,0,0,0.063829787234042548,0.071428571428571425,0.38961038961038963,-0.0075987841945288756,0.024868748273003592,-0.032467532467532464,0.083333333333333329,6,5,-0.0075987841945288756,0.024868748273003592,-0.032467532467532464,0.063829787234042548,0.071428571428571425,-0.00038627152988855116,-0.0072125126646403245
primary,v3_elaboration_enhances_the_imagined_contac,ml1.14,ML1,successful,True,67,63,138,116,epistemic_adverb_tokens,24,True,True,0.015873015873015872,0.0076923076923076927,0.51538461538461533,0.0081807081807081811,0.0081807081807081811,0,0,1,0,0.017241379310344827,0.007874015748031496,0.54330708661417326,0.0093673635623133314,0.0093673635623133314,0,0,2,0,0.0011866553816051509,0.0011866553816051509,0,0.0013683634373289546,0.00018170805572380376,0.000462317873395799,0.0007243375082093518
primary,v3_elaboration_enhances_the_imagined_contac,ml1.14,ML1,successful,True,67,63,138,116,replication_word_tokens,24,True,True,0.015873015873015872,0.015384615384615385,0.51538461538461533,0.0004884004884004884,0.0081807081807081811,-0.0076923076923076927,0.014925373134328358,1,1,0.0086206896551724137,0.027559055118110236,0.54330708661417326,-0.018938365462937822,0.0046836817811566657,-0.023622047244094488,0.043478260869565216,1,6,-0.019426765951338312,-0.003497026399551515,-0.015929739551786795,-0.0072523262178434593,0.012174439733494852,-0.00047342450112962262,-0.018953341450208688
primary,v3_elaboration_enhances_the_imagined_contac,ml1.14,ML1,successful,True,67,63,138,116,lowercase_modal_tokens,24,True,True,0.063492063492063489,0.053846153846153849,0.51538461538461533,0.0096459096459096463,0.032722832722832725,-0.023076923076923078,0.044776119402985072,4,3,0.14655172413793102,0.098425196850393706,0.54330708661417326,0.048126527287537336,0.079622590279663313,-0.031496062992125984,0.057971014492753624,17,8,0.03848061764162769,0.046899757556830596,-0.0084191399152029073,0.083059660645867547,0.044579043004239857,0.0014979938634612942,0.036982623778166392
primary,v3_expectations_as_endowments_evidence_on_r,ee.9,EERP,failed,True,22,25,82,56,epistemic_adverb_tokens,25,True,True,0,0,0.46808510638297873,0,0,0,0,0,0,0,0,0.59420289855072461,0,0,0,0,0,0,0,0,0,0,0,0,0
primary,v3_expectations_as_endowments_evidence_on_r,ee.9,EERP,failed,True,22,25,82,56,replication_word_tokens,25,True,True,0.040000000000000001,0.021276595744680851,0.46808510638297873,0.01872340425531915,0.01872340425531915,0,0,1,0,0.017857142857142856,0.007246376811594203,0.59420289855072461,0.010610766045548654,0.010610766045548654,0,0,1,0,-0.0081126382097704945,-0.0081126382097704945,0,-0.022142857142857141,-0.014030218933086648,0.0036484075591383639,-0.011761045768908858
primary,v3_expectations_as_endowments_evidence_on_r,ee.9,EERP,failed,True,22,25,82,56,lowercase_modal_tokens,25,True,True,0.23999999999999999,0.1702127659574468,0.46808510638297873,0.069787234042553187,0.11234042553191489,-0.042553191489361701,0.090909090909090912,6,2,0.125,0.065217391304347824,0.59420289855072461,0.059782608695652176,0.074275362318840576,-0.014492753623188406,0.024390243902439025,7,2,-0.010004625346901018,-0.038065063213074311,0.028060437866173297,-0.115,-0.10499537465309898,0.015745848298193688,-0.025750473645094706
primary,v3_experiments_in_wording_questions_ii,ml1.10,ML1,successful,True,27,21,17,24,epistemic_adverb_tokens,26,True,True,0,0.020833333333333332,0.5625,-0.020833333333333332,0,-0.020833333333333332,0.037037037037037035,0,1,0,0,0.41463414634146339,0,0,0,0,0,0,0.020833333333333332,0,0.020833333333333332,0,-0.020833333333333332,0.002738256549232159,0.018095076784101174
primary,v3_experiments_in_wording_questions_ii,ml1.10,ML1,successful,True,27,21,17,24,replication_word_tokens,26,True,True,0,0,0.5625,0,0,0,0,0,0,0,0,0.41463414634146339,0,0,0,0,0,0,0,0,0,0,0,0,0
primary,v3_experiments_in_wording_questions_ii,ml1.10,ML1,successful,True,27,21,17,24,lowercase_modal_tokens,26,True,True,0.047619047619047616,0.0625,0.5625,-0.01488095238095238,0.026785714285714284,-0.041666666666666664,0.07407407407407407,1,2,0.083333333333333329,0.04878048780487805,0.41463414634146339,0.034552845528455285,0.034552845528455285,0,0,2,0,0.049433797909407669,0.0077671312427409992,0.041666666666666664,0.035714285714285712,-0.013719512195121951,-0.0042051797006065301,0.053638977610014196
primary,v3_happiness_and_time_preference_the_effect,ee.14,EERP,failed,True,34,30,60,88,epistemic_adverb_tokens,28,True,True,0,0,0.53125,0,0,0,0,0,0,0,0,0.40540540540540543,0,0,0,0,0,0,0,0,0,0,0,0,0
primary,v3_happiness_and_time_preference_the_effect,ee.14,EERP,failed,True,34,30,60,88,replication_word_tokens,28,True,True,0.10000000000000001,0.046875,0.53125,0.053124999999999999,0.053124999999999999,0,0,3,0,0,0.0067567567567567571,0.40540540540540543,-0.0067567567567567571,0,-0.0067567567567567571,0.016666666666666666,0,1,-0.059881756756756756,-0.053124999999999999,-0.0067567567567567571,-0.10000000000000001,-0.040118243243243243,-0.005243524774774775,-0.054638231981981984
primary,v3_happiness_and_time_preference_the_effect,ee.14,EERP,failed,True,34,30,60,88,lowercase_modal_tokens,28,True,True,0.033333333333333333,0.03125,0.53125,0.0020833333333333333,0.017708333333333333,-0.015625,0.029411764705882353,1,1,0.090909090909090912,0.087837837837837843,0.40540540540540543,0.0030712530712530711,0.036855036855036855,-0.033783783783783786,0.083333333333333329,8,5,0.00098791973791973798,0.019146703521703522,-0.018158783783783782,0.057575757575757579,0.056587837837837836,-0.0007234381774822951,0.001711357915402033
primary,v3_head_up_foot_down_object_words_orient_at,rpp.167,RPP,failed,True,27,25,49,43,epistemic_adverb_tokens,29,True,True,0,0,0.51923076923076927,0,0,0,0,0,0,0,0,0.53260869565217395,0,0,0,0,0,0,0,0,0,0,0,0,0
primary,v3_head_up_foot_down_object_words_orient_at,rpp.167,RPP,failed,True,27,25,49,43,replication_word_tokens,29,True,True,0.040000000000000001,0.038461538461538464,0.51923076923076927,0.0015384615384615385,0.020769230769230769,-0.019230769230769232,0.037037037037037035,1,1,0.046511627906976744,0.043478260869565216,0.53260869565217395,0.0030333670374115269,0.024772497472194135,-0.021739130434782608,0.040816326530612242,2,2,0.0014949054989499882,0.0040032667029633665,-0.002508361204013378,0.0065116279069767444,0.005016722408026756,5.7914811634297404e-05,0.0014369906873156909
primary,v3_head_up_foot_down_object_words_orient_at,rpp.167,RPP,failed,True,27,25,49,43,lowercase_modal_tokens,29,True,True,0.23999999999999999,0.17307692307692307,0.51923076923076927,0.066923076923076918,0.12461538461538461,-0.057692307692307696,0.1111111111111111,6,3,0.023255813953488372,0.05434782608695652,0.53260869565217395,-0.031092012133468148,0.012386248736097068,-0.043478260869565216,0.081632653061224483,1,4,-0.098015089056545074,-0.11222913587928755,0.014214046822742474,-0.21674418604651163,-0.11872909698996656,0.00047165250689734298,-0.09848674156344242
primary,v3_hedonic_and_instrumental_motives_in_ange,rpp.142,RPP,successful,True,17,39,50,94,epistemic_adverb_tokens,30,True,True,0,0,0.30357142857142855,0,0,0,0,0,0,0,0,0.34722222222222221,0,0,0,0,0,0,0,0,0,0,0,0,0
primary,v3_hedonic_and_instrumental_motives_in_ange,rpp.142,RPP,successful,True,17,39,50,94,replication_word_tokens,30,True,True,0,0,0.30357142857142855,0,0,0,0,0,0,0.021276595744680851,0.013888888888888888,0.34722222222222221,0.0073877068557919624,0.0073877068557919624,0,0,2,0,0.0073877068557919624,0.0073877068557919624,0,0.021276595744680851,0.013888888888888888,0.00046437014522120906,0.0069233367105707528
primary,v3_hedonic_and_instrumental_motives_in_ange,rpp.142,RPP,successful,True,17,39,50,94,lowercase_modal_tokens,30,True,True,0.076923076923076927,0.089285714285714288,0.30357142857142855,-0.012362637362637362,0.023351648351648352,-0.035714285714285712,0.11764705882352941,3,2,0.20212765957446807,0.15972222222222221,0.34722222222222221,0.042405437352245862,0.070183215130023638,-0.027777777777777776,0.080000000000000002,19,4,0.054768074714883229,0.046831566778375286,0.0079365079365079361,0.12520458265139117,0.070436507936507936,0.0017766675682820863,0.052991407146601138
primary,v3_how_does_bilingualism_improve_executive_,rpp.22,RPP,failed,True,82,95,67,91,epistemic_adverb_tokens,31,True,True,0.010526315789473684,0.0056497175141242938,0.4632768361581921,0.0048765982753493902,0.0048765982753493902,0,0,1,0,0,0,0.42405063291139239,0,0,0,0,0,0,-0.0048765982753493902,-0.0048765982753493902,0,-0.010526315789473684,-0.0056497175141242938,-0.00020645370129894572,-0.0046701445740504445
primary,v3_how_does_bilingualism_improve_executive_,rpp.22,RPP,failed,True,82,95,67,91,replication_word_tokens,31,True,True,0.094736842105263161,0.067796610169491525,0.4632768361581921,0.026940231935771632,0.043889384478144514,-0.016949152542372881,0.036585365853658534,9,3,0.01098901098901099,0.031645569620253167,0.42405063291139239,-0.020656558631242175,0.0046598970649603562,-0.025316455696202531,0.059701492537313432,1,4,-0.047596790567013811,-0.039229487413184161,-0.00836730315382965,-0.083747831116252169,-0.036151040549238359,-0.00018512796233859845,-0.047411662604675213
primary,v3_how_does_bilingualism_improve_executive_,rpp.22,RPP,failed,True,82,95,67,91,lowercase_modal_tokens,31,True,True,0.14736842105263157,0.11864406779661017,0.4632768361581921,0.02872435325602141,0.068272375854891459,-0.03954802259887006,0.085365853658536592,14,7,0.24175824175824176,0.189873417721519,0.42405063291139239,0.051884824036722774,0.10251773542912783,-0.050632911392405063,0.11940298507462686,22,8,0.02316047078070136,0.03424535957423637,-0.011084888793535006,0.094389820705610181,0.071229349924908814,-0.0036158287387049945,0.026776299519406355
primary,v3_how_the_head_liberates_the_heart_project,rpp.59,RPP,successful,True,11,31,12,62,epistemic_adverb_tokens,16,True,True,0,0,0.26190476190476192,0,0,0,0,0,0,0.016129032258064516,0.013513513513513514,0.16216216216216217,0.0026155187445510027,0.0026155187445510027,0,0,1,0,0.0026155187445510027,0.0026155187445510027,0,0.016129032258064516,0.013513513513513514,-0.00080437580437580432,0.0034198945489268069
primary,v3_how_the_head_liberates_the_heart_project,rpp.59,RPP,successful,True,11,31,12,62,replication_word_tokens,16,True,True,0,0,0.26190476190476192,0,0,0,0,0,0,0,0.013513513513513514,0.16216216216216217,-0.013513513513513514,0,-0.013513513513513514,0.083333333333333329,0,1,-0.013513513513513514,0,-0.013513513513513514,0,0.013513513513513514,0.0041559416559416558,-0.017669455169455169
primary,v3_how_the_head_liberates_the_heart_project,rpp.59,RPP,successful,True,11,31,12,62,lowercase_modal_tokens,16,True,True,0.064516129032258063,0.071428571428571425,0.26190476190476192,-0.0069124423963133645,0.016897081413210446,-0.023809523809523808,0.090909090909090912,2,1,0.16129032258064516,0.13513513513513514,0.16216216216216217,0.026155187445510025,0.026155187445510025,0,0,10,0,0.03306762984182339,0.00925810603229958,0.023809523809523808,0.096774193548387094,0.063706563706563704,-0.0067275067275067279,0.03979513656933012
primary,v3_imperfect_public_monitoring_with_costly_,ee.2,EERP,successful,True,25,25,51,49,epistemic_adverb_tokens,25,True,True,0,0,0.5,0,0,0,0,0,0,0.040816326530612242,0.02,0.51000000000000001,0.020816326530612245,0.020816326530612245,0,0,2,0,0.020816326530612245,0.020816326530612245,0,0.040816326530612242,0.02,0.00020408163265306123,0.020612244897959184
primary,v3_imperfect_public_monitoring_with_costly_,ee.2,EERP,successful,True,25,25,51,49,replication_word_tokens,25,True,True,0,0,0.5,0,0,0,0,0,0,0.020408163265306121,0.070000000000000007,0.51000000000000001,-0.049591836734693875,0.010408163265306122,-0.059999999999999998,0.11764705882352941,1,6,-0.049591836734693875,0.010408163265306122,-0.059999999999999998,0.020408163265306121,0.070000000000000007,-0.00048619447779111647,-0.049105642256902761
primary,v3_imperfect_public_monitoring_with_costly_,ee.2,EERP,successful,True,25,25,51,49,lowercase_modal_tokens,25,True,True,0.12,0.10000000000000001,0.5,0.02,0.059999999999999998,-0.040000000000000001,0.080000000000000002,3,2,0.18367346938775511,0.13,0.51000000000000001,0.0536734693877551,0.093673469387755101,-0.040000000000000001,0.078431372549019607,9,4,0.033673469387755103,0.033673469387755103,0,0.063673469387755102,0.029999999999999999,0.00072621048419367748,0.032947258903561427
primary,v3_increasing_and_decreasing_motor_and_cogn,rpp.49,RPP,failed,True,66,98,49,38,epistemic_adverb_tokens,32,True,True,0.030612244897959183,0.018292682926829267,0.40243902439024393,0.012319561971129916,0.012319561971129916,0,0,3,0,0,0,0.56321839080459768,0,0,0,0,0,0,-0.012319561971129916,-0.012319561971129916,0,-0.030612244897959183,-0.018292682926829267,0.0024609086696074562,-0.014780470640737372
primary,v3_increasing_and_decreasing_motor_and_cogn,rpp.49,RPP,failed,True,66,98,49,38,replication_word_tokens,32,True,True,0,0,0.40243902439024393,0,0,0,0,0,0,0.052631578947368418,0.080459770114942528,0.56321839080459768,-0.027828191167574106,0.029643073200241985,-0.057471264367816091,0.10204081632653061,2,5,-0.027828191167574106,0.029643073200241985,-0.057471264367816091,0.052631578947368418,0.080459770114942528,-0.0039719929404190522,-0.023856198227155057
primary,v3_increasing_and_decreasing_motor_and_cogn,rpp.49,RPP,failed,True,66,98,49,38,lowercase_modal_tokens,32,True,True,0.12244897959183673,0.097560975609756101,0.40243902439024393,0.024888003982080638,0.049278247884519663,-0.024390243902439025,0.060606060606060608,12,4,0.052631578947368418,0.080459770114942528,0.56321839080459768,-0.027828191167574106,0.029643073200241985,-0.057471264367816091,0.10204081632653061,2,5,-0.052716195149654747,-0.019635174684277678,-0.033081020465377066,-0.069817400644468314,-0.01710120549481357,0.00099953972545459681,-0.05371573487510934
primary,v3_individual_differences_in_the_regulation,rpp.53,RPP,failed,True,17,44,29,40,epistemic_adverb_tokens,33,True,True,0,0,0.27868852459016391,0,0,0,0,0,0,0.025000000000000001,0.028985507246376812,0.42028985507246375,-0.0039855072463768114,0.010507246376811594,-0.014492753623188406,0.034482758620689655,1,1,-0.0039855072463768114,0.010507246376811594,-0.014492753623188406,0.025000000000000001,0.028985507246376812,-0.00067138561866607685,-0.0033141216277107347
primary,v3_individual_differences_in_the_regulation,rpp.53,RPP,failed,True,17,44,29,40,replication_word_tokens,33,True,True,0.022727272727272728,0.016393442622950821,0.27868852459016391,0.0063338301043219074,0.0063338301043219074,0,0,1,0,0.025000000000000001,0.028985507246376812,0.42028985507246375,-0.0039855072463768114,0.010507246376811594,-0.014492753623188406,0.034482758620689655,1,1,-0.01031933735069872,0.0041734162724896863,-0.014492753623188406,0.0022727272727272726,0.012592064623425991,0.00093772040954187585,-0.011257057760240595
primary,v3_individual_differences_in_the_regulation,rpp.53,RPP,failed,True,17,44,29,40,lowercase_modal_tokens,33,True,True,0.20454545454545456,0.18032786885245902,0.27868852459016391,0.024217585692995529,0.05700447093889717,-0.032786885245901641,0.11764705882352941,9,2,0.29999999999999999,0.21739130434782608,0.42028985507246375,0.082608695652173908,0.12608695652173912,-0.043478260869565216,0.10344827586206896,12,3,0.058391109959178386,0.069082485582841968,-0.010691375623663579,0.095454545454545459,0.037063435495367072,0.020068457048761496,0.038322652910416886
primary,v3_it_feels_like_yesterday_self_esteem_vale,ml3.3,ML3,failed,True,67,118,58,101,epistemic_adverb_tokens,37,True,True,0,0.0054054054054054057,0.36216216216216218,-0.0054054054054054057,0,-0.0054054054054054057,0.014925373134328358,0,1,0.019801980198019802,0.012578616352201259,0.36477987421383645,0.0072233638458185445,0.0072233638458185445,0,0,2,0,0.012628769251223949,0.0072233638458185445,0.0054054054054054057,0.019801980198019802,0.0071732109467958528,6.3827765409525954e-06,0.012622386474682997
primary,v3_it_feels_like_yesterday_self_esteem_vale,ml3.3,ML3,failed,True,67,118,58,101,replication_word_tokens,37,True,True,0,0,0.36216216216216218,0,0,0,0,0,0,0,0,0.36477987421383645,0,0,0,0,0,0,0,0,0,0,0,0,0
primary,v3_it_feels_like_yesterday_self_esteem_vale,ml3.3,ML3,failed,True,67,118,58,101,lowercase_modal_tokens,37,True,True,0.15254237288135594,0.15675675675675677,0.36216216216216218,-0.0042143838754008242,0.055245075584058632,-0.059459459459459463,0.16417910447761194,18,11,0.13861386138613863,0.12578616352201258,0.36477987421383645,0.012827697864126035,0.050563546920729806,-0.037735849056603772,0.10344827586206896,14,6,0.01704208173952686,-0.0046815286633288258,0.021723610402855687,-0.013928511495217318,-0.030970593234744177,3.0795882244461168e-05,0.017011285857282399
primary,v3_last_place_aversion_evidence_and_redistr,ee.18,EERP,failed,True,11,17,80,156,epistemic_adverb_tokens,25,True,True,0,0,0.39285714285714285,0,0,0,0,0,0,0.00641025641025641,0.0042372881355932203,0.33898305084745761,0.0021729682746631897,0.0021729682746631897,0,0,1,0,0.0021729682746631897,0.0021729682746631897,0,0.00641025641025641,0.0042372881355932203,-0.00017267337182591419,0.0023456416464891043
primary,v3_last_place_aversion_evidence_and_redistr,ee.18,EERP,failed,True,11,17,80,156,replication_word_tokens,25,True,True,0,0,0.39285714285714285,0,0,0,0,0,0,0,0.012711864406779662,0.33898305084745761,-0.012711864406779662,0,-0.012711864406779662,0.037499999999999999,0,3,-0.012711864406779662,0,-0.012711864406779662,0,0.012711864406779662,0.0010101392251815982,-0.013722003631961259
primary,v3_last_place_aversion_evidence_and_redistr,ee.18,EERP,failed,True,11,17,80,156,lowercase_modal_tokens,25,True,True,0.17647058823529413,0.25,0.39285714285714285,-0.073529411764705885,0.069327731092436978,-0.14285714285714285,0.36363636363636365,3,4,0.23076923076923078,0.17796610169491525,0.33898305084745761,0.052803129074315516,0.07822685788787484,-0.025423728813559324,0.074999999999999997,36,6,0.1263325408390214,0.0088991267954378617,0.11743341404358354,0.054298642533936653,-0.072033898305084748,0.00084573016714093482,0.12548681067188047
primary,v3_left_frontal_cortical_activation_and_spr,rpp.55,RPP,failed,True,13,25,24,37,epistemic_adverb_tokens,31,True,True,0,0,0.34210526315789475,0,0,0,0,0,0,0,0,0.39344262295081966,0,0,0,0,0,0,0,0,0,0,0,0,0
primary,v3_left_frontal_cortical_activation_and_spr,rpp.55,RPP,failed,True,13,25,24,37,replication_word_tokens,31,True,True,0,0.026315789473684209,0.34210526315789475,-0.026315789473684209,0,-0.026315789473684209,0.076923076923076927,0,1,0.027027027027027029,0.016393442622950821,0.39344262295081966,0.010633584404076208,0.010633584404076208,0,0,1,0,0.036949373877760421,0.010633584404076208,0.026315789473684209,0.027027027027027029,-0.0099223468507333903,-0.0012807657328796241,0.038230139610640042
primary,v3_left_frontal_cortical_activation_and_spr,rpp.55,RPP,failed,True,13,25,24,37,lowercase_modal_tokens,31,True,True,0.080000000000000002,0.052631578947368418,0.34210526315789475,0.02736842105263158,0.02736842105263158,0,0,2,0,0.027027027027027029,0.016393442622950821,0.39344262295081966,0.010633584404076208,0.010633584404076208,0,0,1,0,-0.016734836648555372,-0.016734836648555372,0,-0.052972972972972973,-0.036238136324417601,0.0027472424970267939,-0.019482079145582164
primary,v3_measuring_the_crowd_within_probabilistic,rpp.116,RPP,successful,True,38,32,71,63,epistemic_adverb_tokens,41,True,True,0,0,0.54285714285714282,0,0,0,0,0,0,0.015873015873015872,0.014925373134328358,0.52985074626865669,0.00094764273868751486,0.008410329305851694,-0.007462686567164179,0.014084507042253521,1,1,0.00094764273868751486,0.008410329305851694,-0.007462686567164179,0.015873015873015872,0.014925373134328358,-1.1631027577452396e-05,0.00095927376626496724
primary,v3_measuring_the_crowd_within_probabilistic,rpp.116,RPP,successful,True,38,32,71,63,replication_word_tokens,41,True,True,0.09375,0.10000000000000001,0.54285714285714282,-0.0062500000000000003,0.050892857142857142,-0.057142857142857141,0.10526315789473684,3,4,0,0,0.52985074626865669,0,0,0,0,0,0,0.0062500000000000003,-0.050892857142857142,0.057142857142857141,-0.09375,-0.10000000000000001,7.4872348782403767e-05,0.0061751276512175962
primary,v3_measuring_the_crowd_within_probabilistic,rpp.116,RPP,successful,True,38,32,71,63,lowercase_modal_tokens,41,True,True,0.125,0.085714285714285715,0.54285714285714282,0.039285714285714285,0.067857142857142852,-0.028571428571428571,0.052631578947368418,4,2,0.1111111111111111,0.089552238805970144,0.52985074626865669,0.021558872305140961,0.05887230514096186,-0.037313432835820892,0.070422535211267609,7,5,-0.017726841980573324,-0.0089848377161809989,-0.0087420042643923234,-0.013888888888888888,0.0038379530916844351,-0.00073523206973357996,-0.016991609910839745
primary,v3_multidimensional_visual_statistical_lear,rpp.29,RPP,successful,True,28,22,50,21,epistemic_adverb_tokens,31,True,True,0,0,0.56000000000000005,0,0,0,0,0,0,0,0,0.70422535211267601,0,0,0,0,0,0,0,0,0,0,0,0,0
primary,v3_multidimensional_visual_statistical_lear,rpp.29,RPP,successful,True,28,22,50,21,replication_word_tokens,31,True,True,0,0,0.56000000000000005,0,0,0,0,0,0,0.14285714285714285,0.098591549295774641,0.70422535211267601,0.044265593561368208,0.1006036217303823,-0.056338028169014086,0.080000000000000002,3,4,0.044265593561368208,0.1006036217303823,-0.056338028169014086,0.14285714285714285,0.098591549295774641,0.0045327967806841046,0.039732796780684101
primary,v3_multidimensional_visual_statistical_lear,rpp.29,RPP,successful,True,28,22,50,21,lowercase_modal_tokens,31,True,True,0.090909090909090912,0.10000000000000001,0.56000000000000005,-0.0090909090909090905,0.050909090909090911,-0.059999999999999998,0.10714285714285714,2,3,0.19047619047619047,0.14084507042253522,0.70422535211267601,0.049631120053655262,0.1341381623071764,-0.084507042253521125,0.12,4,6,0.058722029144564356,0.083229071398085483,-0.024507042253521127,0.099567099567099568,0.040845070422535212,0.0039115663679043962,0.054810462776659963
primary,v3_multiple_roles_for_time_in_short_term_me,rpp.33,RPP,successful,True,82,62,45,50,epistemic_adverb_tokens,45,True,True,0,0,0.56944444444444442,0,0,0,0,0,0,0,0,0.47368421052631576,0,0,0,0,0,0,0,0,0,0,0,0,0
primary,v3_multiple_roles_for_time_in_short_term_me,rpp.33,RPP,successful,True,82,62,45,50,replication_word_tokens,45,True,True,0.016129032258064516,0.013888888888888888,0.56944444444444442,0.0022401433691756271,0.0091845878136200716,-0.0069444444444444441,0.012195121951219513,1,1,0.040000000000000001,0.021052631578947368,0.47368421052631576,0.018947368421052633,0.018947368421052633,0,0,2,0,0.016707225051877005,0.0097627806074325595,0.0069444444444444441,0.023870967741935485,0.0071637426900584798,-0.0021035607639607805,0.018810785815837786
primary,v3_multiple_roles_for_time_in_short_term_me,rpp.33,RPP,successful,True,82,62,45,50,lowercase_modal_tokens,45,True,True,0.064516129032258063,0.041666666666666664,0.56944444444444442,0.022849462365591398,0.036738351254480286,-0.013888888888888888,0.024390243902439025,4,2,0.059999999999999998,0.052631578947368418,0.47368421052631576,0.0073684210526315788,0.028421052631578948,-0.021052631578947368,0.044444444444444446,3,2,-0.015481041312959819,-0.0083172986229013389,-0.0071637426900584798,-0.0045161290322580649,0.010964912280701754,-0.0026660338924649387,-0.01281500742049488
primary,v3_not_so_innocent_does_seeing_one_s_own_ca,rpp.65,RPP,failed,True,22,53,29,46,epistemic_adverb_tokens,46,True,True,0.018867924528301886,0.013333333333333334,0.29333333333333333,0.0055345911949685536,0.0055345911949685536,0,0,1,0,0,0,0.38666666666666666,0,0,0,0,0,0,-0.0055345911949685536,-0.0055345911949685536,0,-0.018867924528301886,-0.013333333333333334,0.00088050314465408801,-0.0064150943396226413
primary,v3_not_so_innocent_does_seeing_one_s_own_ca,rpp.65,RPP,failed,True,22,53,29,46,replication_word_tokens,46,True,True,0.056603773584905662,0.040000000000000001,0.29333333333333333,0.016603773584905661,0.016603773584905661,0,0,3,0,0,0.013333333333333334,0.38666666666666666,-0.013333333333333334,0,-0.013333333333333334,0.034482758620689655,0,1,-0.029937106918238993,-0.016603773584905661,-0.013333333333333334,-0.056603773584905662,-0.026666666666666668,0.0010323140316634135,-0.030969420949902408
primary,v3_not_so_innocent_does_seeing_one_s_own_ca,rpp.65,RPP,failed,True,22,53,29,46,lowercase_modal_tokens,46,True,True,0.20754716981132076,0.16,0.29333333333333333,0.047547169811320754,0.06088050314465409,-0.013333333333333334,0.045454545454545456,11,1,0.17391304347826086,0.16,0.38666666666666666,0.01391304347826087,0.067246376811594205,-0.053333333333333337,0.13793103448275862,8,4,-0.033634126333059886,0.0063658736669401144,-0.040000000000000001,-0.033634126333059886,0,0.0092434828897729523,-0.04287760922283284
primary,v3_on_the_additive_effects_of_stimulus_qual,rpp.27,RPP,successful,True,26,10,37,27,epistemic_adverb_tokens,47,True,True,0,0,0.72222222222222221,0,0,0,0,0,0,0.037037037037037035,0.015625,0.578125,0.021412037037037038,0.021412037037037038,0,0,1,0,0.021412037037037038,0.021412037037037038,0,0.037037037037037035,0.015625,-0.0026684670781893004,0.024080504115226338
primary,v3_on_the_additive_effects_of_stimulus_qual,rpp.27,RPP,successful,True,26,10,37,27,replication_word_tokens,47,True,True,0,0.055555555555555552,0.72222222222222221,-0.055555555555555552,0,-0.055555555555555552,0.076923076923076927,0,2,0.037037037037037035,0.015625,0.578125,0.021412037037037038,0.021412037037037038,0,0,1,0,0.076967592592592587,0.021412037037037038,0.055555555555555552,0.037037037037037035,-0.039930555555555552,0.0028737337765115541,0.074093858816081035
primary,v3_on_the_additive_effects_of_stimulus_qual,rpp.27,RPP,successful,True,26,10,37,27,lowercase_modal_tokens,47,True,True,0,0.027777777777777776,0.72222222222222221,-0.027777777777777776,0,-0.027777777777777776,0.038461538461538464,0,1,0.1111111111111111,0.0625,0.578125,0.048611111111111112,0.064236111111111105,-0.015625,0.027027027027027029,3,1,0.076388888888888895,0.064236111111111105,0.012152777777777778,0.1111111111111111,0.034722222222222224,-0.0032870410474577141,0.079675929936346604
primary,v3_opening_the_mind_to_close_it_considering,rpp.72,RPP,failed,True,7,10,9,17,epistemic_adverb_tokens,50,True,False,0,0,0.41176470588235292,0,0,0,0,0,0,0,0,0.34615384615384615,0,0,0,0,0,0,0,0,0,0,0,0,0
primary,v3_opening_the_mind_to_close_it_considering,rpp.72,RPP,failed,True,7,10,9,17,replication_word_tokens,50,True,False,0,0,0.41176470588235292,0,0,0,0,0,0,0,0,0.34615384615384615,0,0,0,0,0,0,0,0,0,0,0,0,0
primary,v3_opening_the_mind_to_close_it_considering,rpp.72,RPP,failed,True,7,10,9,17,lowercase_modal_tokens,50,True,False,0.10000000000000001,0.058823529411764705,0.41176470588235292,0.041176470588235294,0.041176470588235294,0,0,1,0,0.11764705882352941,0.11538461538461539,0.34615384615384615,0.0022624434389140274,0.04072398190045249,-0.038461538461538464,0.1111111111111111,2,1,-0.038914027149321267,-0.00045248868778280545,-0.038461538461538464,0.017647058823529412,0.056561085972850679,-0.0034949575607015055,-0.035419069588619762
primary,v3_orienting_attention_in_visual_working_me,rpp.37,RPP,failed,True,56,98,45,60,epistemic_adverb_tokens,52,True,True,0,0,0.36363636363636365,0,0,0,0,0,0,0.033333333333333333,0.019047619047619049,0.42857142857142855,0.014285714285714285,0.014285714285714285,0,0,2,0,0.014285714285714285,0.014285714285714285,0,0.033333333333333333,0.019047619047619049,0.0010822510822510823,0.013203463203463203
primary,v3_orienting_attention_in_visual_working_me,rpp.37,RPP,failed,True,56,98,45,60,replication_word_tokens,52,True,True,0.020408163265306121,0.012987012987012988,0.36363636363636365,0.0074211502782931356,0.0074211502782931356,0,0,2,0,0,0,0.42857142857142855,0,0,0,0,0,0,-0.0074211502782931356,-0.0074211502782931356,0,-0.020408163265306121,-0.012987012987012988,0.00066260270341902993,-0.008083752981712166
primary,v3_orienting_attention_in_visual_working_me,rpp.37,RPP,failed,True,56,98,45,60,lowercase_modal_tokens,52,True,True,0.061224489795918366,0.03896103896103896,0.36363636363636365,0.022263450834879406,0.022263450834879406,0,0,6,0,0.13333333333333333,0.085714285714285715,0.42857142857142855,0.047619047619047616,0.057142857142857141,-0.0095238095238095247,0.022222222222222223,8,1,0.025355596784168214,0.034879406307977735,-0.0095238095238095247,0.072108843537414966,0.046753246753246755,0.0055953117177606976,0.019760285066407514
primary,v3_perceptual_mechanisms_that_characterize_,rpp.110,RPP,failed,True,9,19,17,40,epistemic_adverb_tokens,53,True,False,0,0,0.32142857142857145,0,0,0,0,0,0,0.025000000000000001,0.017543859649122806,0.2982456140350877,0.0074561403508771927,0.0074561403508771927,0,0,1,0,0.0074561403508771927,0.0074561403508771927,0,0.025000000000000001,0.017543859649122806,-0.00028978696741854636,0.0077459273182957393
primary,v3_perceptual_mechanisms_that_characterize_,rpp.110,RPP,failed,True,9,19,17,40,replication_word_tokens,53,True,False,0,0,0.32142857142857145,0,0,0,0,0,0,0.025000000000000001,0.035087719298245612,0.2982456140350877,-0.010087719298245614,0.0074561403508771927,-0.017543859649122806,0.058823529411764705,1,1,-0.010087719298245614,0.0074561403508771927,-0.017543859649122806,0.025000000000000001,0.035087719298245612,0.00039206472062509212,-0.010479784018870706
primary,v3_perceptual_mechanisms_that_characterize_,rpp.110,RPP,failed,True,9,19,17,40,lowercase_modal_tokens,53,True,False,0.31578947368421051,0.21428571428571427,0.32142857142857145,0.10150375939849623,0.10150375939849623,0,0,6,0,0.32500000000000001,0.2807017543859649,0.2982456140350877,0.044298245614035087,0.096929824561403505,-0.052631578947368418,0.17647058823529413,13,3,-0.057205513784461155,-0.0045739348370927319,-0.052631578947368418,0.0092105263157894728,0.066416040100250623,-0.005382142469176036,-0.051823371315285117
primary,v3_poignancy_mixed_emotional_experience_in_,rpp.61,RPP,failed,True,23,31,42,54,epistemic_adverb_tokens,55,True,True,0,0,0.42592592592592593,0,0,0,0,0,0,0.018518518518518517,0.010416666666666666,0.4375,0.0081018518518518514,0.0081018518518518514,0,0,1,0,0.0081018518518518514,0.0081018518518518514,0,0.018518518518518517,0.010416666666666666,0.0001071673525377229,0.0079946844993141284
primary,v3_poignancy_mixed_emotional_experience_in_,rpp.61,RPP,failed,True,23,31,42,54,replication_word_tokens,55,True,True,0,0,0.42592592592592593,0,0,0,0,0,0,0,0,0.4375,0,0,0,0,0,0,0,0,0,0,0,0,0
primary,v3_poignancy_mixed_emotional_experience_in_,rpp.61,RPP,failed,True,23,31,42,54,lowercase_modal_tokens,55,True,True,0.096774193548387094,0.07407407407407407,0.42592592592592593,0.022700119474313024,0.041218637992831542,-0.018518518518518517,0.043478260869565216,3,1,0.22222222222222221,0.16666666666666666,0.4375,0.055555555555555552,0.097222222222222224,-0.041666666666666664,0.095238095238095233,12,4,0.032855436081242535,0.056003584229390682,-0.023148148148148147,0.12544802867383512,0.092592592592592587,0.0010432873823087319,0.031812148698933798
primary,v3_precision_of_the_anchor_influences_the_a,rpp.111,RPP,successful,True,12,24,26,59,epistemic_adverb_tokens,56,True,True,0,0,0.33333333333333331,0,0,0,0,0,0,0.016949152542372881,0.011764705882352941,0.30588235294117649,0.0051844466600199403,0.0051844466600199403,0,0,1,0,0.0051844466600199403,0.0051844466600199403,0,0.016949152542372881,0.011764705882352941,-0.0002326354270521768,0.005417082087072117
primary,v3_precision_of_the_anchor_influences_the_a,rpp.111,RPP,successful,True,12,24,26,59,replication_word_tokens,56,True,True,0.041666666666666664,0.027777777777777776,0.33333333333333331,0.013888888888888888,0.013888888888888888,0,0,1,0,0.016949152542372881,0.023529411764705882,0.30588235294117649,-0.0065802592223330007,0.0051844466600199403,-0.011764705882352941,0.038461538461538464,1,1,-0.020469148111221889,-0.0087044422288689496,-0.011764705882352941,-0.024717514124293787,-0.0042483660130718951,-0.00027662738280883844,-0.020192520728413051
primary,v3_precision_of_the_anchor_influences_the_a,rpp.111,RPP,successful,True,12,24,26,59,lowercase_modal_tokens,56,True,True,0.041666666666666664,0.027777777777777776,0.33333333333333331,0.013888888888888888,0.013888888888888888,0,0,1,0,0.050847457627118647,0.047058823529411764,0.30588235294117649,0.0037886340977068794,0.015553339980059821,-0.011764705882352941,0.038461538461538464,3,1,-0.01010025479118201,0.0016644510911709316,-0.011764705882352941,0.0091807909604519778,0.019281045751633988,-0.00074189823691319203,-0.0093583565542688183
primary,v3_priming_addition_facts_with_semantic_rel,rpp.24,RPP,successful,True,7,14,18,27,epistemic_adverb_tokens,60,True,False,0,0,0.33333333333333331,0,0,0,0,0,0,0,0,0.40000000000000002,0,0,0,0,0,0,0,0,0,0,0,0,0
primary,v3_priming_addition_facts_with_semantic_rel,rpp.24,RPP,successful,True,7,14,18,27,replication_word_tokens,60,True,False,0,0,0.33333333333333331,0,0,0,0,0,0,0,0.022222222222222223,0.40000000000000002,-0.022222222222222223,0,-0.022222222222222223,0.055555555555555552,0,1,-0.022222222222222223,0,-0.022222222222222223,0,0.022222222222222223,-0.0018518518518518519,-0.020370370370370372
primary,v3_priming_addition_facts_with_semantic_rel,rpp.24,RPP,successful,True,7,14,18,27,lowercase_modal_tokens,60,True,False,0.071428571428571425,0.095238095238095233,0.33333333333333331,-0.023809523809523808,0.023809523809523808,-0.047619047619047616,0.14285714285714285,1,1,0.07407407407407407,0.066666666666666666,0.40000000000000002,0.0074074074074074077,0.029629629629629631,-0.022222222222222223,0.055555555555555552,2,1,0.031216931216931216,0.00582010582010582,0.025396825396825397,0.0026455026455026454,-0.028571428571428571,-0.0017636684303350969,0.032980599647266316
primary,v3_response_scales_effects_of_category_rang,ml1.8,ML1,successful,True,44,52,44,38,epistemic_adverb_tokens,26,True,True,0,0,0.45833333333333331,0,0,0,0,0,0,0,0,0.53658536585365857,0,0,0,0,0,0,0,0,0,0,0,0,0
primary,v3_response_scales_effects_of_category_rang,ml1.8,ML1,successful,True,44,52,44,38,replication_word_tokens,26,True,True,0.038461538461538464,0.03125,0.45833333333333331,0.0072115384615384619,0.017628205128205128,-0.010416666666666666,0.022727272727272728,2,1,0,0.036585365853658534,0.53658536585365857,-0.036585365853658534,0,-0.036585365853658534,0.068181818181818177,0,3,-0.043796904315196998,-0.017628205128205128,-0.02616869918699187,-0.038461538461538464,0.005335365853658537,-0.0020520637898686681,-0.041744840525328328
primary,v3_response_scales_effects_of_category_rang,ml1.8,ML1,successful,True,44,52,44,38,lowercase_modal_tokens,26,True,True,0.15384615384615385,0.125,0.45833333333333331,0.028846153846153848,0.070512820512820512,-0.041666666666666664,0.090909090909090912,8,4,0.18421052631578946,0.10975609756097561,0.53658536585365857,0.074454428754813867,0.098844672657252886,-0.024390243902439025,0.045454545454545456,7,2,0.045608274908660019,0.028331852144432377,0.017276422764227643,0.030364372469635626,-0.01524390243902439,0.0078914453112142458,0.037716829597445774
primary,v3_running_on_empty_neural_signals_for_self,ml3.5,ML3,successful,True,5,22,11,25,epistemic_adverb_tokens,61,True,False,0,0,0.18518518518518517,0,0,0,0,0,0,0,0,0.30555555555555558,0,0,0,0,0,0,0,0,0,0,0,0,0
primary,v3_running_on_empty_neural_signals_for_self,ml3.5,ML3,successful,True,5,22,11,25,replication_word_tokens,61,True,False,0,0,0.18518518518518517,0,0,0,0,0,0,0,0,0.30555555555555558,0,0,0,0,0,0,0,0,0,0,0,0,0
primary,v3_running_on_empty_neural_signals_for_self,ml3.5,ML3,successful,True,5,22,11,25,lowercase_modal_tokens,61,True,False,0.045454545454545456,0.07407407407407407,0.18518518518518517,-0.028619528619528621,0.0084175084175084174,-0.037037037037037035,0.20000000000000001,1,1,0.23999999999999999,0.16666666666666666,0.30555555555555558,0.073333333333333334,0.073333333333333334,0,0,6,0,0.10195286195286195,0.064915824915824913,0.037037037037037035,0.19454545454545455,0.092592592592592587,0.005143097643097643,0.096809764309764304
primary,v3_screening_competition_and_job_design_eco,ee.3,EERP,successful,True,18,21,39,22,epistemic_adverb_tokens,62,True,True,0,0,0.46153846153846156,0,0,0,0,0,0,0,0,0.63934426229508201,0,0,0,0,0,0,0,0,0,0,0,0,0
primary,v3_screening_competition_and_job_design_eco,ee.3,EERP,successful,True,18,21,39,22,replication_word_tokens,62,True,True,0,0,0.46153846153846156,0,0,0,0,0,0,0,0,0.63934426229508201,0,0,0,0,0,0,0,0,0,0,0,0,0
primary,v3_screening_competition_and_job_design_eco,ee.3,EERP,successful,True,18,21,39,22,lowercase_modal_tokens,62,True,True,0.095238095238095233,0.076923076923076927,0.46153846153846156,0.018315018315018316,0.043956043956043959,-0.02564102564102564,0.055555555555555552,2,1,0.18181818181818182,0.13114754098360656,0.63934426229508201,0.050670640834575259,0.11624441132637854,-0.065573770491803282,0.10256410256410256,4,4,0.032355622519556947,0.072288367370334589,-0.039932744850777635,0.086580086580086577,0.054224464060529637,0.010573810384655278,0.021781812134901667
primary,v3_selective_exposure_and_information_quant,rpp.84,RPP,successful,True,10,10,21,46,epistemic_adverb_tokens,63,True,True,0,0,0.5,0,0,0,0,0,0,0,0,0.31343283582089554,0,0,0,0,0,0,0,0,0,0,0,0,0
primary,v3_selective_exposure_and_information_quant,rpp.84,RPP,successful,True,10,10,21,46,replication_word_tokens,63,True,True,0,0,0.5,0,0,0,0,0,0,0,0.014925373134328358,0.31343283582089554,-0.014925373134328358,0,-0.014925373134328358,0.047619047619047616,0,1,-0.014925373134328358,0,-0.014925373134328358,0,0.014925373134328358,0.004442075337597726,-0.019367448471926084
primary,v3_selective_exposure_and_information_quant,rpp.84,RPP,successful,True,10,10,21,46,lowercase_modal_tokens,63,True,True,0.10000000000000001,0.050000000000000003,0.5,0.050000000000000003,0.050000000000000003,0,0,1,0,0.10869565217391304,0.089552238805970144,0.31343283582089554,0.019143413367942893,0.034068786502271249,-0.014925373134328358,0.047619047619047616,5,1,-0.030856586632057106,-0.015931213497728747,-0.014925373134328358,0.0086956521739130436,0.039552238805970148,-0.015025802663700133,-0.015830783968356972
primary,v3_self_handicapping_excuse_making_and_coun,rpp.94,RPP,successful,True,18,36,15,47,epistemic_adverb_tokens,64,True,True,0,0,0.33333333333333331,0,0,0,0,0,0,0,0,0.24193548387096775,0,0,0,0,0,0,0,0,0,0,0,0,0
primary,v3_self_handicapping_excuse_making_and_coun,rpp.94,RPP,successful,True,18,36,15,47,replication_word_tokens,64,True,True,0,0,0.33333333333333331,0,0,0,0,0,0,0,0,0.24193548387096775,0,0,0,0,0,0,0,0,0,0,0,0,0
primary,v3_self_handicapping_excuse_making_and_coun,rpp.94,RPP,successful,True,18,36,15,47,lowercase_modal_tokens,64,True,True,0.25,0.24074074074074073,0.33333333333333331,0.0092592592592592587,0.083333333333333329,-0.07407407407407407,0.22222222222222221,9,4,0.23404255319148937,0.17741935483870969,0.24193548387096775,0.056623198352779687,0.056623198352779687,0,0,11,0,0.047363939093520428,-0.026710134980553649,0.07407407407407407,-0.015957446808510637,-0.063321385902031069,-0.011964907598057907,0.059328846691578334
primary,v3_self_regulation_and_selective_exposure_t,rpp.86,RPP,failed,True,24,17,21,30,epistemic_adverb_tokens,63,True,True,0,0,0.58536585365853655,0,0,0,0,0,0,0,0,0.41176470588235292,0,0,0,0,0,0,0,0,0,0,0,0,0
primary,v3_self_regulation_and_selective_exposure_t,rpp.86,RPP,failed,True,24,17,21,30,replication_word_tokens,63,True,True,0,0,0.58536585365853655,0,0,0,0,0,0,0.033333333333333333,0.019607843137254902,0.41176470588235292,0.013725490196078431,0.013725490196078431,0,0,1,0,0.013725490196078431,0.013725490196078431,0,0.033333333333333333,0.019607843137254902,-0.0028933524629363942,0.016618842659014827
primary,v3_self_regulation_and_selective_exposure_t,rpp.86,RPP,failed,True,24,17,21,30,lowercase_modal_tokens,63,True,True,0.11764705882352941,0.097560975609756101,0.58536585365853655,0.020086083213773313,0.06886657101865136,-0.04878048780487805,0.083333333333333329,2,2,0.066666666666666666,0.039215686274509803,0.41176470588235292,0.027450980392156862,0.027450980392156862,0,0,2,0,0.0073648971783835488,-0.041415590626494497,0.04878048780487805,-0.050980392156862744,-0.058345289335246291,-0.0087651559906602519,0.016130053169043802
primary,v3_semantic_interference_in_a_delayed_namin,rpp.28,RPP,failed,True,58,45,17,18,epistemic_adverb_tokens,65,True,True,0.022222222222222223,0.0097087378640776691,0.56310679611650483,0.012513484358144552,0.012513484358144552,0,0,1,0,0,0,0.48571428571428571,0,0,0,0,0,0,-0.012513484358144552,-0.012513484358144552,0,-0.022222222222222223,-0.0097087378640776691,-0.00085991678224687932,-0.011653567575897673
primary,v3_semantic_interference_in_a_delayed_namin,rpp.28,RPP,failed,True,58,45,17,18,replication_word_tokens,65,True,True,0.1111111111111111,0.087378640776699032,0.56310679611650483,0.023732470334412083,0.062567421790722763,-0.038834951456310676,0.068965517241379309,5,4,0,0,0.48571428571428571,0,0,0,0,0,0,-0.023732470334412083,-0.062567421790722763,0.038834951456310676,-0.1111111111111111,-0.087378640776699032,-0.0016308766559854609,-0.02210159367842662
primary,v3_semantic_interference_in_a_delayed_namin,rpp.28,RPP,failed,True,58,45,17,18,lowercase_modal_tokens,65,True,True,0.044444444444444446,0.029126213592233011,0.56310679611650483,0.015318230852211435,0.025026968716289105,-0.0097087378640776691,0.017241379310344827,2,1,0.1111111111111111,0.057142857142857141,0.48571428571428571,0.053968253968253971,0.053968253968253971,0,0,2,0,0.038650023116042535,0.028941285251964863,0.0097087378640776691,0.066666666666666666,0.028016643550624134,-0.0053522406619159217,0.044002263777958454
primary,v3_slow_to_anger_and_fast_to_forgive_cooper,ee.12,EERP,successful,True,64,30,124,61,epistemic_adverb_tokens,25,True,True,0,0,0.68085106382978722,0,0,0,0,0,0,0,0,0.67027027027027031,0,0,0,0,0,0,0,0,0,0,0,0,0
primary,v3_slow_to_anger_and_fast_to_forgive_cooper,ee.12,EERP,successful,True,64,30,124,61,replication_word_tokens,25,True,True,0,0,0.68085106382978722,0,0,0,0,0,0,0,0.010810810810810811,0.67027027027027031,-0.010810810810810811,0,-0.010810810810810811,0.016129032258064516,0,2,-0.010810810810810811,0,-0.010810810810810811,0,0.010810810810810811,8.532898031868519e-05,-0.010896139791129496
primary,v3_slow_to_anger_and_fast_to_forgive_cooper,ee.12,EERP,successful,True,64,30,124,61,lowercase_modal_tokens,25,True,True,0.033333333333333333,0.031914893617021274,0.68085106382978722,0.0014184397163120568,0.022695035460992909,-0.021276595744680851,0.03125,1,2,0.049180327868852458,0.021621621621621623,0.67027027027027031,0.027558706247230839,0.032964111652636241,-0.0054054054054054057,0.0080645161290322578,3,1,0.02614026653091878,0.010269076191643335,0.015871190339275445,0.015846994535519125,-0.010293271995399655,-0.00022854061798333093,0.02636880714890211
primary,v3_terror_management_and_adults_attachment_,rpp.48,RPP,failed,True,10,43,16,69,epistemic_adverb_tokens,67,True,True,0.023255813953488372,0.018867924528301886,0.18867924528301888,0.0043878894251864857,0.0043878894251864857,0,0,1,0,0,0,0.18823529411764706,0,0,0,0,0,0,-0.0043878894251864857,-0.0043878894251864857,0,-0.023255813953488372,-0.018867924528301886,-5.1622228531605713e-06,-0.0043827272023333249
primary,v3_terror_management_and_adults_attachment_,rpp.48,RPP,failed,True,10,43,16,69,replication_word_tokens,67,True,True,0,0,0.18867924528301888,0,0,0,0,0,0,0,0,0.18823529411764706,0,0,0,0,0,0,0,0,0,0,0,0,0
primary,v3_terror_management_and_adults_attachment_,rpp.48,RPP,failed,True,10,43,16,69,lowercase_modal_tokens,67,True,True,0.093023255813953487,0.094339622641509441,0.18867924528301888,-0.0013163668275559457,0.017551557700745943,-0.018867924528301886,0.10000000000000001,4,1,0.10144927536231885,0.10588235294117647,0.18823529411764706,-0.0044330775788576299,0.019096334185848253,-0.023529411764705882,0.125,7,2,-0.0031167107513016845,0.0015447764851023111,-0.004661487236403996,0.008426019548365353,0.011542730299667037,6.7763526800727351e-06,-0.0031234871039817571
primary,v3_thar_she_bursts_reducing_confusion_reduc,ee.16,EERP,successful,True,66,62,77,69,epistemic_adverb_tokens,68,True,True,0,0,0.515625,0,0,0,0,0,0,0,0,0.5273972602739726,0,0,0,0,0,0,0,0,0,0,0,0,0
primary,v3_thar_she_bursts_reducing_confusion_reduc,ee.16,EERP,successful,True,66,62,77,69,replication_word_tokens,68,True,True,0,0.015625,0.515625,-0.015625,0,-0.015625,0.030303030303030304,0,2,0,0.0068493150684931503,0.5273972602739726,-0.0068493150684931503,0,-0.0068493150684931503,0.012987012987012988,0,1,0.0087756849315068497,0,0.0087756849315068497,0,-0.0087756849315068497,-0.00025481082844096541,0.0090304957599478142
primary,v3_thar_she_bursts_reducing_confusion_reduc,ee.16,EERP,successful,True,66,62,77,69,lowercase_modal_tokens,68,True,True,0.11290322580645161,0.078125,0.515625,0.03477822580645161,0.05821572580645161,-0.0234375,0.045454545454545456,7,3,0.14492753623188406,0.089041095890410954,0.5273972602739726,0.055886440341473102,0.076434385546952546,-0.020547945205479451,0.03896103896103896,10,3,0.021108214535021486,0.018218659740500937,0.0028895547945205478,0.032024310425432446,0.010916095890410959,0.0010207443032161085,0.020087470231805377
primary,v3_the_economics_of_credence_goods_an_exper,ee.8,EERP,successful,True,33,27,154,90,epistemic_adverb_tokens,70,True,True,0,0,0.55000000000000004,0,0,0,0,0,0,0,0.0081967213114754103,0.63114754098360659,-0.0081967213114754103,0,-0.0081967213114754103,0.012987012987012988,0,2,-0.0081967213114754103,0,-0.0081967213114754103,0,0.0081967213114754103,-0.00052693208430913349,-0.007669789227166276
primary,v3_the_economics_of_credence_goods_an_exper,ee.8,EERP,successful,True,33,27,154,90,replication_word_tokens,70,True,True,0,0,0.55000000000000004,0,0,0,0,0,0,0,0,0.63114754098360659,0,0,0,0,0,0,0,0,0,0,0,0,0
primary,v3_the_economics_of_credence_goods_an_exper,ee.8,EERP,successful,True,33,27,154,90,lowercase_modal_tokens,70,True,True,0.07407407407407407,0.066666666666666666,0.55000000000000004,0.0074074074074074077,0.040740740740740744,-0.033333333333333333,0.060606060606060608,2,2,0.15555555555555556,0.090163934426229511,0.63114754098360659,0.065391621129326047,0.098178506375227681,-0.032786885245901641,0.051948051948051951,14,8,0.057984213721918643,0.057437765634486944,0.00054644808743169399,0.081481481481481488,0.023497267759562842,0.0047501951600312257,0.053234018561887413
primary,v3_the_effect_of_global_versus_local_proces,rpp.64,RPP,failed,True,41,67,24,32,epistemic_adverb_tokens,71,True,True,0,0,0.37962962962962965,0,0,0,0,0,0,0,0,0.42857142857142855,0,0,0,0,0,0,0,0,0,0,0,0,0
primary,v3_the_effect_of_global_versus_local_proces,rpp.64,RPP,failed,True,41,67,24,32,replication_word_tokens,71,True,True,0,0,0.37962962962962965,0,0,0,0,0,0,0,0.035714285714285712,0.42857142857142855,-0.035714285714285712,0,-0.035714285714285712,0.083333333333333329,0,2,-0.035714285714285712,0,-0.035714285714285712,0,0.035714285714285712,-0.0020392416225749558,-0.033675044091710758
primary,v3_the_effect_of_global_versus_local_proces,rpp.64,RPP,failed,True,41,67,24,32,lowercase_modal_tokens,71,True,True,0.22388059701492538,0.1388888888888889,0.37962962962962965,0.084991708126036486,0.084991708126036486,0,0,15,0,0.0625,0.035714285714285712,0.42857142857142855,0.026785714285714284,0.026785714285714284,0,0,2,0,-0.058205993840322198,-0.058205993840322198,0,-0.16138059701492538,-0.10317460317460317,0.0070079907999684122,-0.065213984640290615
primary,v3_the_face_of_success_inferences_from_chie,rpp.82,RPP,failed,True,33,48,46,47,epistemic_adverb_tokens,73,True,True,0,0.012345679012345678,0.40740740740740738,-0.012345679012345678,0,-0.012345679012345678,0.030303030303030304,0,1,0,0,0.4946236559139785,0,0,0,0,0,0,0.012345679012345678,0,0.012345679012345678,0,-0.012345679012345678,-0.0013214583107056224,0.013667137323051302
primary,v3_the_face_of_success_inferences_from_chie,rpp.82,RPP,failed,True,33,48,46,47,replication_word_tokens,73,True,True,0,0.012345679012345678,0.40740740740740738,-0.012345679012345678,0,-0.012345679012345678,0.030303030303030304,0,1,0,0,0.4946236559139785,0,0,0,0,0,0,0.012345679012345678,0,0.012345679012345678,0,-0.012345679012345678,-0.0013214583107056224,0.013667137323051302
primary,v3_the_face_of_success_inferences_from_chie,rpp.82,RPP,failed,True,33,48,46,47,lowercase_modal_tokens,73,True,True,0.14583333333333334,0.12345679012345678,0.40740740740740738,0.022376543209876542,0.05941358024691358,-0.037037037037037035,0.090909090909090912,7,3,0.063829787234042548,0.053763440860215055,0.4946236559139785,0.010066346373827499,0.031571722717913524,-0.021505376344086023,0.043478260869565216,3,2,-0.012310196836049043,-0.02784185752900006,0.015531660692951015,-0.082003546099290781,-0.069693349263241736,0.0032826350786000851,-0.015592831914649129
primary,v3_the_framing_of_decisions_and_the_psychol,ml1.2,ML1,successful,True,28,36,32,52,epistemic_adverb_tokens,26,True,True,0,0,0.4375,0,0,0,0,0,0,0,0.011904761904761904,0.38095238095238093,-0.011904761904761904,0,-0.011904761904761904,0.03125,0,1,-0.011904761904761904,0,-0.011904761904761904,0,0.011904761904761904,0.00088355654761904762,-0.012788318452380952
primary,v3_the_framing_of_decisions_and_the_psychol,ml1.2,ML1,successful,True,28,36,32,52,replication_word_tokens,26,True,True,0,0.015625,0.4375,-0.015625,0,-0.015625,0.035714285714285712,0,1,0.019230769230769232,0.011904761904761904,0.38095238095238093,0.007326007326007326,0.007326007326007326,0,0,1,0,0.022951007326007328,0.007326007326007326,0.015625,0.019230769230769232,-0.003720238095238095,0.00046605180533751964,0.022484955520669807
primary,v3_the_framing_of_decisions_and_the_psychol,ml1.2,ML1,successful,True,28,36,32,52,lowercase_modal_tokens,26,True,True,0.1111111111111111,0.0625,0.4375,0.048611111111111112,0.048611111111111112,0,0,4,0,0.076923076923076927,0.083333333333333329,0.38095238095238093,-0.00641025641025641,0.029304029304029304,-0.035714285714285712,0.09375,4,3,-0.05502136752136752,-0.019307081807081808,-0.035714285714285712,-0.034188034188034191,0.020833333333333332,-0.0026657731735856738,-0.05235559434778185
primary,v3_the_lure_of_authority_motivation_and_inc,ee.10,EERP,successful,True,16,13,72,89,epistemic_adverb_tokens,75,True,True,0.076923076923076927,0.034482758620689655,0.55172413793103448,0.042440318302387266,0.042440318302387266,0,0,1,0,0.02247191011235955,0.012422360248447204,0.44720496894409939,0.010049549863912346,0.010049549863912346,0,0,2,0,-0.032390768438474923,-0.032390768438474923,0,-0.05445116681071737,-0.022060398372242451,-0.0051943407232055046,-0.027196427715269419
primary,v3_the_lure_of_authority_motivation_and_inc,ee.10,EERP,successful,True,16,13,72,89,replication_word_tokens,75,True,True,0,0,0.55172413793103448,0,0,0,0,0,0,0.011235955056179775,0.012422360248447204,0.44720496894409939,-0.0011864051922674296,0.0050247749319561729,-0.0062111801242236021,0.013888888888888888,1,1,-0.0011864051922674296,0.0050247749319561729,-0.0062111801242236021,0.011235955056179775,0.012422360248447204,0.00013864121978604063,-0.0013250464120534704
primary,v3_the_lure_of_authority_motivation_and_inc,ee.10,EERP,successful,True,16,13,72,89,lowercase_modal_tokens,75,True,True,0.15384615384615385,0.068965517241379309,0.55172413793103448,0.084880636604774531,0.084880636604774531,0,0,2,0,0.20224719101123595,0.15527950310559005,0.44720496894409939,0.046967687905645893,0.090445948775211116,-0.043478260869565216,0.097222222222222224,18,7,-0.037912948699128646,0.0055653121704365748,-0.043478260869565216,0.048401037165082109,0.086313985864210754,-0.01352849730627134,-0.024384451392857304
primary,v3_the_nonverbal_expression_of_pride_eviden,rpp.69,RPP,successful,True,39,78,36,77,epistemic_adverb_tokens,76,True,True,0.02564102564102564,0.017094017094017096,0.33333333333333331,0.0085470085470085479,0.0085470085470085479,0,0,2,0,0.012987012987012988,0.0088495575221238937,0.31858407079646017,0.0041374554648890933,0.0041374554648890933,0,0,1,0,-0.0044095530821194537,-0.0044095530821194537,0,-0.012654012654012654,-0.0082444595718932003,-0.00028486754150470962,-0.0041246855406147443
primary,v3_the_nonverbal_expression_of_pride_eviden,rpp.69,RPP,successful,True,39,78,36,77,replication_word_tokens,76,True,True,0.01282051282051282,0.017094017094017096,0.33333333333333331,-0.0042735042735042739,0.0042735042735042739,-0.0085470085470085479,0.02564102564102564,1,1,0,0,0.31858407079646017,0,0,0,0,0,0,0.0042735042735042739,-0.0042735042735042739,0.0085470085470085479,-0.01282051282051282,-0.017094017094017096,9.4546554723545879e-05,0.0041789577187807273
primary,v3_the_nonverbal_expression_of_pride_eviden,rpp.69,RPP,successful,True,39,78,36,77,lowercase_modal_tokens,76,True,True,0.15384615384615385,0.10256410256410256,0.33333333333333331,0.05128205128205128,0.05128205128205128,0,0,12,0,0.025974025974025976,0.026548672566371681,0.31858407079646017,-0.00057464659234570737,0.0082749109297781866,-0.0088495575221238937,0.027777777777777776,2,1,-0.051856697874396993,-0.043007140352273099,-0.0088495575221238937,-0.12787212787212787,-0.076015429997730879,-0.0011212566522301036,-0.050735441222166888
primary,v3_the_potential_of_social_identity_for_equ,ee.5,EERP,failed,True,57,35,138,100,epistemic_adverb_tokens,77,True,True,0,0.010869565217391304,0.61956521739130432,-0.010869565217391304,0,-0.010869565217391304,0.017543859649122806,0,1,0,0,0.57983193277310929,0,0,0,0,0,0,0.010869565217391304,0,0.010869565217391304,0,-0.010869565217391304,0.00034853758437013247,0.010521027633021172
primary,v3_the_potential_of_social_identity_for_equ,ee.5,EERP,failed,True,57,35,138,100,replication_word_tokens,77,True,True,0,0,0.61956521739130432,0,0,0,0,0,0,0.02,0.042016806722689079,0.57983193277310929,-0.022016806722689075,0.011596638655462186,-0.033613445378151259,0.057971014492753624,2,8,-0.022016806722689075,0.011596638655462186,-0.033613445378151259,0.02,0.042016806722689079,0.00075435656304109549,-0.022771163285730173
primary,v3_the_potential_of_social_identity_for_equ,ee.5,EERP,failed,True,57,35,138,100,lowercase_modal_tokens,77,True,True,0.11428571428571428,0.05434782608695652,0.61956521739130432,0.059937888198757762,0.070807453416149066,-0.010869565217391304,0.017543859649122806,4,1,0.089999999999999997,0.067226890756302518,0.57983193277310929,0.022773109243697479,0.052184873949579831,-0.029411764705882353,0.050724637681159424,9,7,-0.037164778955060283,-0.018622579466569235,-0.018542199488491048,-0.024285714285714285,0.012879064669346,-0.0027022053971324875,-0.034462573557927798
primary,v3_the_representation_of_simple_ensemble_vi,rpp.122,RPP,successful,True,50,34,101,110,epistemic_adverb_tokens,78,True,True,0,0,0.59523809523809523,0,0,0,0,0,0,0.018181818181818181,0.014218009478672985,0.47867298578199052,0.0039638087031451958,0.0087031451960361914,-0.0047393364928909956,0.0099009900990099011,2,1,0.0039638087031451958,0.0087031451960361914,-0.0047393364928909956,0.018181818181818181,0.014218009478672985,-0.00048262781592986649,0.0044464365190750622
primary,v3_the_representation_of_simple_ensemble_vi,rpp.122,RPP,successful,True,50,34,101,110,replication_word_tokens,78,True,True,0.029411764705882353,0.011904761904761904,0.59523809523809523,0.017507002801120448,0.017507002801120448,0,0,1,0,0,0,0.47867298578199052,0,0,0,0,0,0,-0.017507002801120448,-0.017507002801120448,0,-0.029411764705882353,-0.011904761904761904,-0.0017141927861191869,-0.015792810015001262
primary,v3_the_representation_of_simple_ensemble_vi,rpp.122,RPP,successful,True,50,34,101,110,lowercase_modal_tokens,78,True,True,0.11764705882352941,0.083333333333333329,0.59523809523809523,0.034313725490196081,0.070028011204481794,-0.035714285714285712,0.059999999999999998,4,3,0.10000000000000001,0.066350710900473939,0.47867298578199052,0.033649289099526067,0.047867298578199054,-0.014218009478672985,0.029702970297029702,11,3,-0.00066443639067001209,-0.02216071262628274,0.021496276235612729,-0.017647058823529412,-0.0169826224328594,-0.0074569083416764952,0.0067924719510064832
primary,v3_the_space_between_us_stereotype_threat_a,rpp.87,RPP,failed,True,21,38,54,94,epistemic_adverb_tokens,80,True,True,0.052631578947368418,0.033898305084745763,0.3559322033898305,0.018733273862622659,0.018733273862622659,0,0,2,0,0,0,0.36486486486486486,0,0,0,0,0,0,-0.018733273862622659,-0.018733273862622659,0,-0.052631578947368418,-0.033898305084745763,0.00023507003881669358,-0.018968343901439352
primary,v3_the_space_between_us_stereotype_threat_a,rpp.87,RPP,failed,True,21,38,54,94,replication_word_tokens,80,True,True,0,0,0.3559322033898305,0,0,0,0,0,0,0,0,0.36486486486486486,0,0,0,0,0,0,0,0,0,0,0,0,0
primary,v3_the_space_between_us_stereotype_threat_a,rpp.87,RPP,failed,True,21,38,54,94,lowercase_modal_tokens,80,True,True,0.13157894736842105,0.13559322033898305,0.3559322033898305,-0.0040142729705619981,0.046833184656556649,-0.050847457627118647,0.14285714285714285,5,3,0.15957446808510639,0.14864864864864866,0.36486486486486486,0.010925819436457734,0.058223116733755034,-0.0472972972972973,0.12962962962962962,15,7,0.014940092407019732,0.011389932077198385,0.0035501603298213466,0.027995520716685332,0.013055428309665598,8.3371401248676482e-05,0.014856721005771055
primary,v3_the_stroop_effect_why_proportion_congrue,rpp.15,RPP,successful,True,67,90,121,177,epistemic_adverb_tokens,25,True,True,0,0,0.42675159235668791,0,0,0,0,0,0,0.016949152542372881,0.010067114093959731,0.40604026845637586,0.0068820384484131495,0.0068820384484131495,0,0,3,0,0.0068820384484131495,0.0068820384484131495,0,0.016949152542372881,0.010067114093959731,-0.00017551969407044119,0.0070575581424835911
primary,v3_the_stroop_effect_why_proportion_congrue,rpp.15,RPP,successful,True,67,90,121,177,replication_word_tokens,25,True,True,0,0,0.42675159235668791,0,0,0,0,0,0,0.016949152542372881,0.016778523489932886,0.40604026845637586,0.00017062905243999546,0.0068820384484131495,-0.0067114093959731542,0.016528925619834711,3,2,0.00017062905243999546,0.0068820384484131495,-0.0067114093959731542,0.016949152542372881,0.016778523489932886,-4.3517279521596987e-06,0.00017498078039215515
primary,v3_the_stroop_effect_why_proportion_congrue,rpp.15,RPP,successful,True,67,90,121,177,lowercase_modal_tokens,25,True,True,0.12222222222222222,0.10191082802547771,0.42675159235668791,0.020311394196744516,0.052158527954706296,-0.031847133757961783,0.074626865671641784,11,5,0.22033898305084745,0.16778523489932887,0.40604026845637586,0.052553748151518601,0.089466499829370952,-0.036912751677852351,0.090909090909090912,39,11,0.032242353954774081,0.037307971874664649,-0.0050656179198905653,0.098116760828625235,0.065874406873851155,-0.0018332136321001424,0.034075567586874224
primary,v3_the_threat_of_appearing_prejudiced_and_r,rpp.129,RPP,failed,True,25,37,19,45,epistemic_adverb_tokens,33,True,True,0,0,0.40322580645161288,0,0,0,0,0,0,0.022222222222222223,0.015625,0.296875,0.0065972222222222222,0.0065972222222222222,0,0,1,0,0.0065972222222222222,0.0065972222222222222,0,0.022222222222222223,0.015625,-0.0011816756272401434,0.0077788978494623658
primary,v3_the_threat_of_appearing_prejudiced_and_r,rpp.129,RPP,failed,True,25,37,19,45,replication_word_tokens,33,True,True,0,0,0.40322580645161288,0,0,0,0,0,0,0,0,0.296875,0,0,0,0,0,0,0,0,0,0,0,0,0
primary,v3_the_threat_of_appearing_prejudiced_and_r,rpp.129,RPP,failed,True,25,37,19,45,lowercase_modal_tokens,33,True,True,0.13513513513513514,0.11290322580645161,0.40322580645161288,0.022231909328683522,0.054489973844812557,-0.032258064516129031,0.080000000000000002,5,2,0.28888888888888886,0.203125,0.296875,0.08576388888888889,0.08576388888888889,0,0,13,0,0.063531979560205371,0.031273915044076332,0.032258064516129031,0.15375375375375375,0.09022177419354839,-0.018293616196842003,0.08182559575704737
primary,v3_the_ultimate_sampling_dilemma_in_experie,rpp.17,RPP,successful,True,9,10,14,21,epistemic_adverb_tokens,31,True,False,0,0,0.47368421052631576,0,0,0,0,0,0,0,0.028571428571428571,0.40000000000000002,-0.028571428571428571,0,-0.028571428571428571,0.071428571428571425,0,1,-0.028571428571428571,0,-0.028571428571428571,0,0.028571428571428571,0.002631578947368421,-0.031203007518796993
primary,v3_the_ultimate_sampling_dilemma_in_experie,rpp.17,RPP,successful,True,9,10,14,21,replication_word_tokens,31,True,False,0,0,0.47368421052631576,0,0,0,0,0,0,0,0,0.40000000000000002,0,0,0,0,0,0,0,0,0,0,0,0,0
primary,v3_the_ultimate_sampling_dilemma_in_experie,rpp.17,RPP,successful,True,9,10,14,21,lowercase_modal_tokens,31,True,False,0.10000000000000001,0.15789473684210525,0.47368421052631576,-0.057894736842105263,0.04736842105263158,-0.10526315789473684,0.22222222222222221,1,2,0.14285714285714285,0.11428571428571428,0.40000000000000002,0.028571428571428571,0.057142857142857141,-0.028571428571428571,0.071428571428571425,3,1,0.08646616541353383,0.0097744360902255641,0.076691729323308269,0.042857142857142858,-0.043609022556390979,0.0018713450292397662,0.08459482038429407
primary,v3_toward_a_physiology_of_dual_process_reas,rpp.118,RPP,failed,True,42,65,47,73,epistemic_adverb_tokens,82,True,True,0,0,0.3925233644859813,0,0,0,0,0,0,0,0,0.39166666666666666,0,0,0,0,0,0,0,0,0,0,0,0,0
primary,v3_toward_a_physiology_of_dual_process_reas,rpp.118,RPP,failed,True,42,65,47,73,replication_word_tokens,82,True,True,0.030769230769230771,0.037383177570093455,0.3925233644859813,-0.0066139468008626886,0.01207764198418404,-0.018691588785046728,0.047619047619047616,2,2,0.013698630136986301,0.016666666666666666,0.39166666666666666,-0.0029680365296803654,0.0053652968036529683,-0.0083333333333333332,0.021276595744680851,1,1,0.0036459102711823236,-0.0067123451805310725,0.010358255451713396,-0.017070600632244467,-0.020716510903426792,1.0463613981021238e-05,0.0036354466572013021
primary,v3_toward_a_physiology_of_dual_process_reas,rpp.118,RPP,failed,True,42,65,47,73,lowercase_modal_tokens,82,True,True,0.12307692307692308,0.07476635514018691,0.3925233644859813,0.04831056793673616,0.04831056793673616,0,0,8,0,0.054794520547945202,0.041666666666666664,0.39166666666666666,0.013127853881278538,0.021461187214611873,-0.0083333333333333332,0.021276595744680851,4,1,-0.035182714055457621,-0.02684938072212429,-0.0083333333333333332,-0.068282402528977867,-0.033099688473520246,-6.7077232347432305e-05,-0.03511563682311019
primary,v3_tracing_attention_and_the_activation_flo,rpp.1,RPP,failed,True,48,73,35,42,epistemic_adverb_tokens,83,True,True,0,0.0082644628099173556,0.39669421487603307,-0.0082644628099173556,0,-0.0082644628099173556,0.020833333333333332,0,1,0,0,0.45454545454545453,0,0,0,0,0,0,0.0082644628099173556,0,0.0082644628099173556,0,-0.0082644628099173556,-0.00060261707988980718,0.0088670798898071619
primary,v3_tracing_attention_and_the_activation_flo,rpp.1,RPP,failed,True,48,73,35,42,replication_word_tokens,83,True,True,0.054794520547945202,0.033057851239669422,0.39669421487603307,0.021736669308275784,0.021736669308275784,0,0,4,0,0.071428571428571425,0.064935064935064929,0.45454545454545453,0.0064935064935064939,0.032467532467532464,-0.025974025974025976,0.057142857142857141,3,2,-0.015243162814769291,0.010730863159256683,-0.025974025974025976,0.016634050880626222,0.031877213695395513,0.0019981886108909768,-0.017241351425660266
primary,v3_tracing_attention_and_the_activation_flo,rpp.1,RPP,failed,True,48,73,35,42,lowercase_modal_tokens,83,True,True,0.082191780821917804,0.066115702479338845,0.39669421487603307,0.016076078342578966,0.032605003962413677,-0.016528925619834711,0.041666666666666664,6,2,0.047619047619047616,0.03896103896103896,0.45454545454545453,0.008658008658008658,0.021645021645021644,-0.012987012987012988,0.028571428571428571,2,1,-0.0074180696845703069,-0.010959982317392031,0.0035419126328217238,-0.034572733202870187,-0.027154663518299881,0.0017231782331408733,-0.0091412479177111813
primary,v3_walking_on_eggshells_how_expressing_rela,rpp.58,RPP,failed,True,3,11,10,15,epistemic_adverb_tokens,16,True,False,0.090909090909090912,0.071428571428571425,0.21428571428571427,0.01948051948051948,0.01948051948051948,0,0,1,0,0,0,0.40000000000000002,0,0,0,0,0,0,-0.01948051948051948,-0.01948051948051948,0,-0.090909090909090912,-0.071428571428571425,0.0084415584415584409,-0.027922077922077921
primary,v3_walking_on_eggshells_how_expressing_rela,rpp.58,RPP,failed,True,3,11,10,15,replication_word_tokens,16,True,False,0,0,0.21428571428571427,0,0,0,0,0,0,0,0,0.40000000000000002,0,0,0,0,0,0,0,0,0,0,0,0,0
primary,v3_walking_on_eggshells_how_expressing_rela,rpp.58,RPP,failed,True,3,11,10,15,lowercase_modal_tokens,16,True,False,0.27272727272727271,0.21428571428571427,0.21428571428571427,0.05844155844155844,0.05844155844155844,0,0,3,0,0.26666666666666666,0.20000000000000001,0.40000000000000002,0.066666666666666666,0.10666666666666667,-0.040000000000000001,0.10000000000000001,4,1,0.0082251082251082255,0.048225108225108226,-0.040000000000000001,-0.0060606060606060606,-0.014285714285714285,0.040800865800865803,-0.032575757575757577
primary,v3_weight_as_an_embodiment_of_importance,ml3.10,ML3,failed,True,31,58,52,81,epistemic_adverb_tokens,84,True,True,0,0,0.34831460674157305,0,0,0,0,0,0,0.012345679012345678,0.015037593984962405,0.39097744360902253,-0.0026919149726167269,0.0048268820198644757,-0.0075187969924812026,0.019230769230769232,1,1,-0.0026919149726167269,0.0048268820198644757,-0.0075187969924812026,0.012345679012345678,0.015037593984962405,-0.00014686874040313819,-0.0025450462322135887
primary,v3_weight_as_an_embodiment_of_importance,ml3.10,ML3,failed,True,31,58,52,81,replication_word_tokens,84,True,True,0.017241379310344827,0.011235955056179775,0.34831460674157305,0.0060054242541650524,0.0060054242541650524,0,0,1,0,0.024691358024691357,0.022556390977443608,0.39097744360902253,0.0021349670472477489,0.0096537640397289515,-0.0075187969924812026,0.019230769230769232,2,1,-0.0038704572069173035,0.0036483397855638995,-0.0075187969924812026,0.0074499787143465302,0.011320435921263835,0.0004842651809011917,-0.0043547223878184953
primary,v3_weight_as_an_embodiment_of_importance,ml3.10,ML3,failed,True,31,58,52,81,lowercase_modal_tokens,84,True,True,0.086206896551724144,0.06741573033707865,0.34831460674157305,0.018791166214645487,0.030027121270825262,-0.011235955056179775,0.032258064516129031,5,1,0.13580246913580246,0.10526315789473684,0.39097744360902253,0.030539311241065625,0.053095702218509233,-0.022556390977443608,0.057692307692307696,11,3,0.01174814502642014,0.023068580947683975,-0.011320435921263835,0.049595572584078332,0.037847427557658193,0.002817005647838996,0.008931139378581145
primary,v3_when_does_between_sequence_phonological_,rpp.12,RPP,failed,True,5,24,19,50,epistemic_adverb_tokens,85,True,False,0,0,0.17241379310344829,0,0,0,0,0,0,0.059999999999999998,0.043478260869565216,0.27536231884057971,0.016521739130434782,0.016521739130434782,0,0,3,0,0.016521739130434782,0.016521739130434782,0,0.059999999999999998,0.043478260869565216,0.003088455772113943,0.013433283358320839
primary,v3_when_does_between_sequence_phonological_,rpp.12,RPP,failed,True,5,24,19,50,replication_word_tokens,85,True,False,0,0,0.17241379310344829,0,0,0,0,0,0,0,0,0.27536231884057971,0,0,0,0,0,0,0,0,0,0,0,0,0
primary,v3_when_does_between_sequence_phonological_,rpp.12,RPP,failed,True,5,24,19,50,lowercase_modal_tokens,85,True,False,0.083333333333333329,0.068965517241379309,0.17241379310344829,0.014367816091954023,0.014367816091954023,0,0,2,0,0.080000000000000002,0.11594202898550725,0.27536231884057971,-0.035942028985507246,0.022028985507246378,-0.057971014492753624,0.21052631578947367,4,4,-0.050309845077461272,0.0076611694152923541,-0.057971014492753624,-0.0033333333333333335,0.046976511744127938,-0.0024292239844989788,-0.047880621092962289
primary,v3_where_do_we_look_during_potentially_offe,rpp.132,RPP,failed,True,4,17,3,15,epistemic_adverb_tokens,86,True,False,0.11764705882352941,0.095238095238095233,0.19047619047619047,0.022408963585434174,0.022408963585434174,0,0,2,0,0,0,0.16666666666666666,0,0,0,0,0,0,-0.022408963585434174,-0.022408963585434174,0,-0.11764705882352941,-0.095238095238095233,-0.0014005602240896359,-0.02100840336134454
primary,v3_where_do_we_look_during_potentially_offe,rpp.132,RPP,failed,True,4,17,3,15,replication_word_tokens,86,True,False,0,0,0.19047619047619047,0,0,0,0,0,0,0,0,0.16666666666666666,0,0,0,0,0,0,0,0,0,0,0,0,0
primary,v3_where_do_we_look_during_potentially_offe,rpp.132,RPP,failed,True,4,17,3,15,lowercase_modal_tokens,86,True,False,0.058823529411764705,0.047619047619047616,0.19047619047619047,0.011204481792717087,0.011204481792717087,0,0,1,0,0.53333333333333333,0.44444444444444442,0.16666666666666666,0.088888888888888892,0.088888888888888892,0,0,8,0,0.077684407096171804,0.077684407096171804,0,0.47450980392156861,0.3968253968253968,-0.0070494864612511672,0.084733893557422973
primary,v3_why_do_implicit_and_explicit_attitude_te,rpp.44,RPP,successful,True,33,27,74,52,epistemic_adverb_tokens,87,True,True,0,0,0.55000000000000004,0,0,0,0,0,0,0,0,0.58730158730158732,0,0,0,0,0,0,0,0,0,0,0,0,0
primary,v3_why_do_implicit_and_explicit_attitude_te,rpp.44,RPP,successful,True,33,27,74,52,replication_word_tokens,87,True,True,0,0,0.55000000000000004,0,0,0,0,0,0,0.019230769230769232,0.03968253968253968,0.58730158730158732,-0.020451770451770452,0.011294261294261294,-0.031746031746031744,0.054054054054054057,1,4,-0.020451770451770452,0.011294261294261294,-0.031746031746031744,0.019230769230769232,0.03968253968253968,-0.00064948189948189948,-0.019802288552288553
primary,v3_why_do_implicit_and_explicit_attitude_te,rpp.44,RPP,successful,True,33,27,74,52,lowercase_modal_tokens,87,True,True,0.1111111111111111,0.066666666666666666,0.55000000000000004,0.044444444444444446,0.061111111111111109,-0.016666666666666666,0.030303030303030304,3,1,0.17307692307692307,0.12698412698412698,0.58730158730158732,0.046092796092796096,0.10164835164835165,-0.055555555555555552,0.0945945945945946,9,7,0.0016483516483516484,0.040537240537240539,-0.03888888888888889,0.061965811965811968,0.060317460317460318,0.0029708925542258876,-0.0013225409058742392
primary,v3_why_people_are_reluctant_to_tempt_fate,rpp.68,RPP,failed,True,19,29,45,38,epistemic_adverb_tokens,88,True,True,0,0,0.39583333333333331,0,0,0,0,0,0,0,0,0.54216867469879515,0,0,0,0,0,0,0,0,0,0,0,0,0
primary,v3_why_people_are_reluctant_to_tempt_fate,rpp.68,RPP,failed,True,19,29,45,38,replication_word_tokens,88,True,True,0.13793103448275862,0.125,0.39583333333333331,0.012931034482758621,0.05459770114942529,-0.041666666666666664,0.10526315789473684,4,2,0,0.14457831325301204,0.54216867469879515,-0.14457831325301204,0,-0.14457831325301204,0.26666666666666666,0,12,-0.15750934773577066,-0.05459770114942529,-0.10291164658634538,-0.13793103448275862,0.019578313253012049,-0.017121146412631773,-0.14038820132313889
primary,v3_why_people_are_reluctant_to_tempt_fate,rpp.68,RPP,failed,True,19,29,45,38,lowercase_modal_tokens,88,True,True,0.20689655172413793,0.16666666666666666,0.39583333333333331,0.040229885057471264,0.081896551724137928,-0.041666666666666664,0.10526315789473684,6,2,0.026315789473684209,0.024096385542168676,0.54216867469879515,0.0022194039315155357,0.014267596702599873,-0.012048192771084338,0.022222222222222223,1,1,-0.038010481125955731,-0.067628955021538054,0.02961847389558233,-0.18058076225045372,-0.14257028112449799,0.0077357954706504988,-0.045746276596606225
primary,v3_working_memory_costs_of_task_switching,rpp.3,RPP,failed,True,13,24,19,42,epistemic_adverb_tokens,89,True,True,0,0,0.35135135135135137,0,0,0,0,0,0,0,0,0.31147540983606559,0,0,0,0,0,0,0,0,0,0,0,0,0
primary,v3_working_memory_costs_of_task_switching,rpp.3,RPP,failed,True,13,24,19,42,replication_word_tokens,89,True,True,0,0,0.35135135135135137,0,0,0,0,0,0,0,0,0.31147540983606559,0,0,0,0,0,0,0,0,0,0,0,0,0
primary,v3_working_memory_costs_of_task_switching,rpp.3,RPP,failed,True,13,24,19,42,lowercase_modal_tokens,89,True,True,0.083333333333333329,0.054054054054054057,0.35135135135135137,0.029279279279279279,0.029279279279279279,0,0,2,0,0.21428571428571427,0.14754098360655737,0.31147540983606559,0.066744730679156913,0.066744730679156913,0,0,9,0,0.037465451399877628,0.037465451399877628,0,0.13095238095238096,0.093486929552503317,-0.0059339198683460975,0.043399371268223727
recorded_manuscript_upload_years,v3_1_f_noise_and_effort_on_implicit_measure,rpp.63,RPP,failed,True,23,28,23,15,epistemic_adverb_tokens,1,True,True,0,0,0.45098039215686275,0,0,0,0,0,0,0.066666666666666666,0.026315789473684209,0.60526315789473684,0.040350877192982457,0.040350877192982457,0,0,1,0,0.040350877192982457,0.040350877192982457,0,0.066666666666666666,0.026315789473684209,0.0051427588579291365,0.035208118335053322
recorded_manuscript_upload_years,v3_1_f_noise_and_effort_on_implicit_measure,rpp.63,RPP,failed,True,23,28,23,15,replication_word_tokens,1,True,True,0.071428571428571425,0.078431372549019607,0.45098039215686275,-0.0070028011204481795,0.032212885154061621,-0.039215686274509803,0.086956521739130432,2,2,0,0.13157894736842105,0.60526315789473684,-0.13157894736842105,0,-0.13157894736842105,0.21739130434782608,0,5,-0.12457614624797288,-0.032212885154061621,-0.092363261093911242,-0.071428571428571425,0.053147574819401446,-0.017967713401149932,-0.10660843284682293
recorded_manuscript_upload_years,v3_1_f_noise_and_effort_on_implicit_measure,rpp.63,RPP,failed,True,23,28,23,15,lowercase_modal_tokens,1,True,True,0.21428571428571427,0.17647058823529413,0.45098039215686275,0.037815126050420166,0.096638655462184878,-0.058823529411764705,0.13043478260869565,6,3,0,0,0.60526315789473684,0,0,0,0,0,0,-0.037815126050420166,-0.096638655462184878,0.058823529411764705,-0.21428571428571427,-0.17647058823529413,0.006468376824413976,-0.044283502874834145
recorded_manuscript_upload_years,v3_a_motion_aftereffect_from_still_photogra,rpp.127,RPP,successful,True,14,20,11,14,epistemic_adverb_tokens,2,True,True,0,0,0.41176470588235292,0,0,0,0,0,0,0,0,0.44,0,0,0,0,0,0,0,0,0,0,0,0,0
recorded_manuscript_upload_years,v3_a_motion_aftereffect_from_still_photogra,rpp.127,RPP,successful,True,14,20,11,14,replication_word_tokens,2,True,True,0.050000000000000003,0.058823529411764705,0.41176470588235292,-0.0088235294117647058,0.020588235294117647,-0.029411764705882353,0.071428571428571425,1,1,0,0,0.44,0,0,0,0,0,0,0.0088235294117647058,-0.020588235294117647,0.029411764705882353,-0.050000000000000003,-0.058823529411764705,-0.00030252100840336133,0.0091260504201680671
recorded_manuscript_upload_years,v3_a_motion_aftereffect_from_still_photogra,rpp.127,RPP,successful,True,14,20,11,14,lowercase_modal_tokens,2,True,True,0.20000000000000001,0.14705882352941177,0.41176470588235292,0.052941176470588235,0.082352941176470587,-0.029411764705882353,0.071428571428571425,4,1,0,0.12,0.44,-0.12,0,-0.12,0.27272727272727271,0,3,-0.17294117647058824,-0.082352941176470587,-0.09058823529411765,-0.20000000000000001,-0.027058823529411764,-0.0020351413292589763,-0.17090603514132927
recorded_manuscript_upload_years,v3_a_single_exposure_to_the_american_flag_s,ml1.12,ML1,failed,True,4,18,47,58,epistemic_adverb_tokens,4,True,False,0,0,0.18181818181818182,0,0,0,0,0,0,0,0.0095238095238095247,0.44761904761904764,-0.0095238095238095247,0,-0.0095238095238095247,0.021276595744680851,0,1,-0.0095238095238095247,0,-0.0095238095238095247,0,0.0095238095238095247,-0.0028276687851155938,-0.0066961407386939304
recorded_manuscript_upload_years,v3_a_single_exposure_to_the_american_flag_s,ml1.12,ML1,failed,True,4,18,47,58,replication_word_tokens,4,True,False,0,0,0.18181818181818182,0,0,0,0,0,0,0.068965517241379309,0.076190476190476197,0.44761904761904764,-0.0072249589490968802,0.030870279146141214,-0.038095238095238099,0.085106382978723402,4,4,-0.0072249589490968802,0.030870279146141214,-0.038095238095238099,0.068965517241379309,0.076190476190476197,-0.0021451280438807953,-0.0050798309052160848
recorded_manuscript_upload_years,v3_a_single_exposure_to_the_american_flag_s,ml1.12,ML1,failed,True,4,18,47,58,lowercase_modal_tokens,4,True,False,0.16666666666666666,0.13636363636363635,0.18181818181818182,0.030303030303030304,0.030303030303030304,0,0,3,0,0.18965517241379309,0.12380952380952381,0.44761904761904764,0.065845648604269294,0.084893267651888343,-0.019047619047619049,0.042553191489361701,11,2,0.03554261830123899,0.054590237348858039,-0.019047619047619049,0.022988505747126436,-0.012554112554112554,0.041699989095440308,-0.0061573707942013155
recorded_manuscript_upload_years,v3_a_social_functional_approach_to_emotions,rpp.56,RPP,failed,True,26,35,25,48,epistemic_adverb_tokens,6,True,True,0,0,0.42622950819672129,0,0,0,0,0,0,0,0,0.34246575342465752,0,0,0,0,0,0,0,0,0,0,0,0,0
recorded_manuscript_upload_years,v3_a_social_functional_approach_to_emotions,rpp.56,RPP,failed,True,26,35,25,48,replication_word_tokens,6,True,True,0,0,0.42622950819672129,0,0,0,0,0,0,0.020833333333333332,0.013698630136986301,0.34246575342465752,0.0071347031963470316,0.0071347031963470316,0,0,1,0,0.0071347031963470316,0.0071347031963470316,0,0.020833333333333332,0.013698630136986301,-0.00087253911220899771,0.0080072423085560292
recorded_manuscript_upload_years,v3_a_social_functional_approach_to_emotions,rpp.56,RPP,failed,True,26,35,25,48,lowercase_modal_tokens,6,True,True,0.17142857142857143,0.11475409836065574,0.42622950819672129,0.05667447306791569,0.073067915690866514,-0.016393442622950821,0.038461538461538464,6,1,0.125,0.095890410958904104,0.34246575342465752,0.029109589041095889,0.042808219178082189,-0.013698630136986301,0.040000000000000001,6,1,-0.027564884026819801,-0.030259696512784318,0.0026948124859645182,-0.04642857142857143,-0.018863687401751629,-0.0091288685489224457,-0.018436015477897354
recorded_manuscript_upload_years,v3_accelerated_relearning_after_retrieval_i,rpp.4,RPP,failed,True,17,17,12,32,epistemic_adverb_tokens,8,True,True,0,0,0.5,0,0,0,0,0,0,0,0,0.27272727272727271,0,0,0,0,0,0,0,0,0,0,0,0,0
recorded_manuscript_upload_years,v3_accelerated_relearning_after_retrieval_i,rpp.4,RPP,failed,True,17,17,12,32,replication_word_tokens,8,True,True,0.11764705882352941,0.088235294117647065,0.5,0.029411764705882353,0.058823529411764705,-0.029411764705882353,0.058823529411764705,2,1,0.0625,0.045454545454545456,0.27272727272727271,0.017045454545454544,0.017045454545454544,0,0,2,0,-0.012366310160427808,-0.041778074866310161,0.029411764705882353,-0.05514705882352941,-0.042780748663101602,-0.013786764705882353,0.0014204545454545455
recorded_manuscript_upload_years,v3_accelerated_relearning_after_retrieval_i,rpp.4,RPP,failed,True,17,17,12,32,lowercase_modal_tokens,8,True,True,0.11764705882352941,0.088235294117647065,0.5,0.029411764705882353,0.058823529411764705,-0.029411764705882353,0.058823529411764705,2,1,0.25,0.20454545454545456,0.27272727272727271,0.045454545454545456,0.068181818181818177,-0.022727272727272728,0.083333333333333329,8,1,0.016042780748663103,0.0093582887700534752,0.0066844919786096255,0.13235294117647059,0.11631016042780749,-0.025623885918003565,0.041666666666666664
recorded_manuscript_upload_years,v3_action_dynamics_reveal_parallel_competit,rpp.112,RPP,successful,True,33,25,74,38,epistemic_adverb_tokens,10,True,True,0,0,0.56896551724137934,0,0,0,0,0,0,0,0,0.6607142857142857,0,0,0,0,0,0,0,0,0,0,0,0,0
recorded_manuscript_upload_years,v3_action_dynamics_reveal_parallel_competit,rpp.112,RPP,successful,True,33,25,74,38,replication_word_tokens,10,True,True,0.040000000000000001,0.034482758620689655,0.56896551724137934,0.0055172413793103444,0.022758620689655173,-0.017241379310344827,0.030303030303030304,1,1,0.026315789473684209,0.0089285714285714281,0.6607142857142857,0.017387218045112781,0.017387218045112781,0,0,1,0,0.011869976665802437,-0.0053714026445423908,0.017241379310344827,-0.01368421052631579,-0.025554187192118227,0.001652063151609431,0.010217913514193006
recorded_manuscript_upload_years,v3_action_dynamics_reveal_parallel_competit,rpp.112,RPP,successful,True,33,25,74,38,lowercase_modal_tokens,10,True,True,0.20000000000000001,0.15517241379310345,0.56896551724137934,0.044827586206896551,0.11379310344827587,-0.068965517241379309,0.12121212121212122,5,4,0.078947368421052627,0.035714285714285712,0.6607142857142857,0.043233082706766915,0.052161654135338346,-0.0089285714285714281,0.013513513513513514,3,1,-0.0015945035001296345,-0.061631449312937514,0.060036945812807885,-0.12105263157894737,-0.11945812807881774,0.0066160832267910304,-0.0082105867269206649
recorded_manuscript_upload_years,v3_affective_incoherence_when_affective_con,rpp.52,RPP,failed,True,16,20,5,17,epistemic_adverb_tokens,11,True,False,0,0,0.44444444444444442,0,0,0,0,0,0,0,0,0.22727272727272727,0,0,0,0,0,0,0,0,0,0,0,0,0
recorded_manuscript_upload_years,v3_affective_incoherence_when_affective_con,rpp.52,RPP,failed,True,16,20,5,17,replication_word_tokens,11,True,False,0.14999999999999999,0.083333333333333329,0.44444444444444442,0.066666666666666666,0.066666666666666666,0,0,3,0,0,0,0.22727272727272727,0,0,0,0,0,0,-0.066666666666666666,-0.066666666666666666,0,-0.14999999999999999,-0.083333333333333329,-0.016287878787878789,-0.050378787878787877
recorded_manuscript_upload_years,v3_affective_incoherence_when_affective_con,rpp.52,RPP,failed,True,16,20,5,17,lowercase_modal_tokens,11,True,False,0.050000000000000003,0.027777777777777776,0.44444444444444442,0.022222222222222223,0.022222222222222223,0,0,1,0,0.058823529411764705,0.045454545454545456,0.22727272727272727,0.013368983957219251,0.013368983957219251,0,0,1,0,-0.0088532382650029703,-0.0088532382650029703,0,0.0088235294117647058,0.017676767676767676,-0.011816696375519905,0.0029634581105169341
recorded_manuscript_upload_years,v3_attractor_dynamics_and_semantic_neighbor,rpp.11,RPP,successful,True,24,22,20,32,epistemic_adverb_tokens,13,True,True,0,0,0.52173913043478259,0,0,0,0,0,0,0,0,0.38461538461538464,0,0,0,0,0,0,0,0,0,0,0,0,0
recorded_manuscript_upload_years,v3_attractor_dynamics_and_semantic_neighbor,rpp.11,RPP,successful,True,24,22,20,32,replication_word_tokens,13,True,True,0,0,0.52173913043478259,0,0,0,0,0,0,0,0,0.38461538461538464,0,0,0,0,0,0,0,0,0,0,0,0,0
recorded_manuscript_upload_years,v3_attractor_dynamics_and_semantic_neighbor,rpp.11,RPP,successful,True,24,22,20,32,lowercase_modal_tokens,13,True,True,0.090909090909090912,0.10869565217391304,0.52173913043478259,-0.017786561264822136,0.047430830039525688,-0.065217391304347824,0.125,2,3,0.0625,0.057692307692307696,0.38461538461538464,0.004807692307692308,0.02403846153846154,-0.019230769230769232,0.050000000000000003,2,1,0.022594253572514444,-0.023392368501064152,0.045986622073578592,-0.028409090909090908,-0.051003344481605352,0.0014803131650957739,0.021113940407418669
recorded_manuscript_upload_years,v3_auditory_change_detection_simple_sounds_,rpp.139,RPP,successful,True,15,15,16,16,epistemic_adverb_tokens,14,True,True,0,0,0.5,0,0,0,0,0,0,0,0,0.5,0,0,0,0,0,0,0,0,0,0,0,0,0
recorded_manuscript_upload_years,v3_auditory_change_detection_simple_sounds_,rpp.139,RPP,successful,True,15,15,16,16,replication_word_tokens,14,True,True,0,0,0.5,0,0,0,0,0,0,0,0.03125,0.5,-0.03125,0,-0.03125,0.0625,0,1,-0.03125,0,-0.03125,0,0.03125,0,-0.03125
recorded_manuscript_upload_years,v3_auditory_change_detection_simple_sounds_,rpp.139,RPP,successful,True,15,15,16,16,lowercase_modal_tokens,14,True,True,0.20000000000000001,0.23333333333333334,0.5,-0.033333333333333333,0.10000000000000001,-0.13333333333333333,0.26666666666666666,3,4,0.25,0.21875,0.5,0.03125,0.125,-0.09375,0.1875,4,3,0.06458333333333334,0.025000000000000001,0.039583333333333331,0.050000000000000003,-0.014583333333333334,0,0.06458333333333334
recorded_manuscript_upload_years,v3_availability_a_heuristic_for_judging_fre,ml3.4,ML3,successful,True,54,57,8,33,epistemic_adverb_tokens,15,True,False,0.035087719298245612,0.027027027027027029,0.48648648648648651,0.008060692271218587,0.017069701280227598,-0.0090090090090090089,0.018518518518518517,2,1,0,0,0.1951219512195122,0,0,0,0,0,0,-0.008060692271218587,-0.017069701280227598,0.0090090090090090089,-0.035087719298245612,-0.027027027027027029,-0.0024138387424651867,-0.0056468535287534007
recorded_manuscript_upload_years,v3_availability_a_heuristic_for_judging_fre,ml3.4,ML3,successful,True,54,57,8,33,replication_word_tokens,15,True,False,0,0,0.48648648648648651,0,0,0,0,0,0,0,0,0.1951219512195122,0,0,0,0,0,0,0,0,0,0,0,0,0
recorded_manuscript_upload_years,v3_availability_a_heuristic_for_judging_fre,ml3.4,ML3,successful,True,54,57,8,33,lowercase_modal_tokens,15,True,False,0.14035087719298245,0.14414414414414414,0.48648648648648651,-0.003793266951161688,0.068278805120910391,-0.072072072072072071,0.14814814814814814,8,8,0.060606060606060608,0.073170731707317069,0.1951219512195122,-0.012564671101256468,0.011825572801182557,-0.024390243902439025,0.125,2,1,-0.0087714041500947786,-0.056453232319727827,0.047681828169633046,-0.079744816586921854,-0.070973412436827074,0.010516979226863694,-0.019288383376958474
recorded_manuscript_upload_years,v3_balancing_connectedness_and_self_protect,rpp.93,RPP,failed,True,35,93,51,98,epistemic_adverb_tokens,16,True,True,0.010752688172043012,0.0078125,0.2734375,0.0029401881720430107,0.0029401881720430107,0,0,1,0,0.01020408163265306,0.0067114093959731542,0.34228187919463088,0.0034926722366799071,0.0034926722366799071,0,0,1,0,0.0005524840646368961,0.0005524840646368961,0,-0.00054860653938994957,-0.0011010906040268456,0.00072137790356454332,-0.00016889383892764728
recorded_manuscript_upload_years,v3_balancing_connectedness_and_self_protect,rpp.93,RPP,failed,True,35,93,51,98,replication_word_tokens,16,True,True,0.010752688172043012,0.0078125,0.2734375,0.0029401881720430107,0.0029401881720430107,0,0,1,0,0,0,0.34228187919463088,0,0,0,0,0,0,-0.0029401881720430107,-0.0029401881720430107,0,-0.010752688172043012,-0.0078125,0.00037013107093887565,-0.0033103192429818863
recorded_manuscript_upload_years,v3_balancing_connectedness_and_self_protect,rpp.93,RPP,failed,True,35,93,51,98,lowercase_modal_tokens,16,True,True,0.13978494623655913,0.1171875,0.2734375,0.022597446236559141,0.038222446236559141,-0.015625,0.057142857142857141,13,2,0.19387755102040816,0.16107382550335569,0.34228187919463088,0.032803725517052455,0.066360772496918227,-0.033557046979865772,0.098039215686274508,19,5,0.010206279280493318,0.02813832626035909,-0.017932046979865772,0.054092604783849023,0.043886325503355708,0.0061436870090642885,0.0040625922714290306
recorded_manuscript_upload_years,v3_cloningertextquotesingles_psychobiologic,ml3.8,ML3,failed,True,16,37,63,87,epistemic_adverb_tokens,17,True,True,0.027027027027027029,0.018867924528301886,0.30188679245283018,0.0081591024987251407,0.0081591024987251407,0,0,1,0,0.011494252873563218,0.0066666666666666671,0.41999999999999998,0.004827586206896552,0.004827586206896552,0,0,1,0,-0.0033315162918285887,-0.0033315162918285887,0,-0.015532774153463809,-0.01220125786163522,0.0022749359639405182,-0.0056064522557691069
recorded_manuscript_upload_years,v3_cloningertextquotesingles_psychobiologic,ml3.8,ML3,failed,True,16,37,63,87,replication_word_tokens,17,True,True,0,0,0.30188679245283018,0,0,0,0,0,0,0.011494252873563218,0.0066666666666666671,0.41999999999999998,0.004827586206896552,0.004827586206896552,0,0,1,0,0.004827586206896552,0.004827586206896552,0,0.011494252873563218,0.0066666666666666671,0.00067881153762741273,0.0041487746692691393
recorded_manuscript_upload_years,v3_cloningertextquotesingles_psychobiologic,ml3.8,ML3,failed,True,16,37,63,87,lowercase_modal_tokens,17,True,True,0.027027027027027029,0.018867924528301886,0.30188679245283018,0.0081591024987251407,0.0081591024987251407,0,0,1,0,0.045977011494252873,0.046666666666666669,0.41999999999999998,-0.00068965517241379305,0.019310344827586208,-0.02,0.047619047619047616,4,3,-0.0088487576711389331,0.011151242328861067,-0.02,0.018949984467225848,0.027798742138364779,0.0014991513495091894,-0.010347909020648123
recorded_manuscript_upload_years,v3_conflict_triggered_goal_shielding_respon,rpp.158,RPP,successful,True,6,10,15,20,epistemic_adverb_tokens,18,True,False,0,0.0625,0.375,-0.0625,0,-0.0625,0.16666666666666666,0,1,0,0,0.42857142857142855,0,0,0,0,0,0,0.0625,0,0.0625,0,-0.0625,-0.004464285714285714,0.066964285714285712
recorded_manuscript_upload_years,v3_conflict_triggered_goal_shielding_respon,rpp.158,RPP,successful,True,6,10,15,20,replication_word_tokens,18,True,False,0,0,0.375,0,0,0,0,0,0,0.14999999999999999,0.085714285714285715,0.42857142857142855,0.064285714285714279,0.064285714285714279,0,0,3,0,0.064285714285714279,0.064285714285714279,0,0.14999999999999999,0.085714285714285715,0.0040178571428571425,0.060267857142857144
recorded_manuscript_upload_years,v3_conflict_triggered_goal_shielding_respon,rpp.158,RPP,successful,True,6,10,15,20,lowercase_modal_tokens,18,True,False,0.20000000000000001,0.125,0.375,0.074999999999999997,0.074999999999999997,0,0,2,0,0.25,0.20000000000000001,0.42857142857142855,0.050000000000000003,0.10714285714285714,-0.057142857142857141,0.13333333333333333,5,2,-0.025000000000000001,0.03214285714285714,-0.057142857142857141,0.050000000000000003,0.074999999999999997,0.0084821428571428565,-0.033482142857142856
recorded_manuscript_upload_years,v3_decision_making_and_learning_while_takin,rpp.39,RPP,failed,True,46,24,98,30,epistemic_adverb_tokens,20,True,True,0,0,0.65714285714285714,0,0,0,0,0,0,0,0,0.765625,0,0,0,0,0,0,0,0,0,0,0,0,0
recorded_manuscript_upload_years,v3_decision_making_and_learning_while_takin,rpp.39,RPP,failed,True,46,24,98,30,replication_word_tokens,20,True,True,0,0,0.65714285714285714,0,0,0,0,0,0,0,0,0.765625,0,0,0,0,0,0,0,0,0,0,0,0,0
recorded_manuscript_upload_years,v3_decision_making_and_learning_while_takin,rpp.39,RPP,failed,True,46,24,98,30,lowercase_modal_tokens,20,True,True,0.041666666666666664,0.057142857142857141,0.65714285714285714,-0.015476190476190477,0.027380952380952381,-0.042857142857142858,0.065217391304347824,1,3,0.26666666666666666,0.1171875,0.765625,0.14947916666666666,0.20416666666666666,-0.0546875,0.071428571428571425,8,7,0.16495535714285714,0.1767857142857143,-0.011830357142857142,0.22500000000000001,0.060044642857142859,0.009312506932120674,0.15564285021073646
recorded_manuscript_upload_years,v3_effects_of_fluency_on_psychological_dist,rpp.104,RPP,failed,True,34,41,66,107,epistemic_adverb_tokens,22,True,True,0,0.013333333333333334,0.45333333333333331,-0.013333333333333334,0,-0.013333333333333334,0.029411764705882353,0,1,0,0,0.38150289017341038,0,0,0,0,0,0,0.013333333333333334,0,0.013333333333333334,0,-0.013333333333333334,0.0010563300464694549,0.012277003286863878
recorded_manuscript_upload_years,v3_effects_of_fluency_on_psychological_dist,rpp.104,RPP,failed,True,34,41,66,107,replication_word_tokens,22,True,True,0,0,0.45333333333333331,0,0,0,0,0,0,0.046728971962616821,0.028901734104046242,0.38150289017341038,0.017827237858570578,0.017827237858570578,0,0,5,0,0.017827237858570578,0.017827237858570578,0,0.046728971962616821,0.028901734104046242,-0.0016782813822411899,0.019505519240811769
recorded_manuscript_upload_years,v3_effects_of_fluency_on_psychological_dist,rpp.104,RPP,failed,True,34,41,66,107,lowercase_modal_tokens,22,True,True,0.097560975609756101,0.10666666666666667,0.45333333333333331,-0.0091056910569105691,0.044227642276422764,-0.053333333333333337,0.11764705882352941,4,4,0.13084112149532709,0.10404624277456648,0.38150289017341038,0.026794878720760629,0.049916266003997622,-0.023121387283236993,0.060606060606060608,14,4,0.035900569777671199,0.0056886237275748592,0.03021194605009634,0.033280145885571003,-0.0026204238921001925,-0.0018011116452238784,0.037701681422895074
recorded_manuscript_upload_years,v3_elaboration_enhances_the_imagined_contac,ml1.14,ML1,successful,True,53,47,152,132,epistemic_adverb_tokens,24,True,True,0.021276595744680851,0.01,0.53000000000000003,0.01127659574468085,0.01127659574468085,0,0,1,0,0.015151515151515152,0.0070422535211267607,0.53521126760563376,0.0081092616303883903,0.0081092616303883903,0,0,2,0,-0.00316733411429246,-0.00316733411429246,0,-0.0061250805931656995,-0.0029577464788732395,9.4918317123890992e-05,-0.0032622524314163512
recorded_manuscript_upload_years,v3_elaboration_enhances_the_imagined_contac,ml1.14,ML1,successful,True,53,47,152,132,replication_word_tokens,24,True,True,0.021276595744680851,0.02,0.53000000000000003,0.001276595744680851,0.01127659574468085,-0.01,0.018867924528301886,1,1,0.007575757575757576,0.02464788732394366,0.53521126760563376,-0.017072129748186088,0.0040546308151941952,-0.021126760563380281,0.039473684210526314,1,6,-0.018348725492866938,-0.0072219649294866552,-0.011126760563380281,-0.013700838168923275,0.0046478873239436617,-7.6838200738057861e-05,-0.018271887292128881
recorded_manuscript_upload_years,v3_elaboration_enhances_the_imagined_contac,ml1.14,ML1,successful,True,53,47,152,132,lowercase_modal_tokens,24,True,True,0.021276595744680851,0.029999999999999999,0.53000000000000003,-0.0087234042553191483,0.01127659574468085,-0.02,0.037735849056603772,1,2,0.15151515151515152,0.10211267605633803,0.53521126760563376,0.049402475458813488,0.08109261630388391,-0.031690140845070422,0.05921052631578947,20,9,0.058125879714132633,0.069816020559203065,-0.011690140845070423,0.13023855577047067,0.072112676056338032,0.00019762526477713009,0.057928254449355503
recorded_manuscript_upload_years,v3_expectations_as_endowments_evidence_on_r,ee.9,EERP,failed,True,22,25,82,56,epistemic_adverb_tokens,25,True,True,0,0,0.46808510638297873,0,0,0,0,0,0,0,0,0.59420289855072461,0,0,0,0,0,0,0,0,0,0,0,0,0
recorded_manuscript_upload_years,v3_expectations_as_endowments_evidence_on_r,ee.9,EERP,failed,True,22,25,82,56,replication_word_tokens,25,True,True,0.040000000000000001,0.021276595744680851,0.46808510638297873,0.01872340425531915,0.01872340425531915,0,0,1,0,0.017857142857142856,0.007246376811594203,0.59420289855072461,0.010610766045548654,0.010610766045548654,0,0,1,0,-0.0081126382097704945,-0.0081126382097704945,0,-0.022142857142857141,-0.014030218933086648,0.0036484075591383639,-0.011761045768908858
recorded_manuscript_upload_years,v3_expectations_as_endowments_evidence_on_r,ee.9,EERP,failed,True,22,25,82,56,lowercase_modal_tokens,25,True,True,0.23999999999999999,0.1702127659574468,0.46808510638297873,0.069787234042553187,0.11234042553191489,-0.042553191489361701,0.090909090909090912,6,2,0.125,0.065217391304347824,0.59420289855072461,0.059782608695652176,0.074275362318840576,-0.014492753623188406,0.024390243902439025,7,2,-0.010004625346901018,-0.038065063213074311,0.028060437866173297,-0.115,-0.10499537465309898,0.015745848298193688,-0.025750473645094706
recorded_manuscript_upload_years,v3_experiments_in_wording_questions_ii,ml1.10,ML1,successful,True,26,20,18,25,epistemic_adverb_tokens,26,True,True,0,0.021739130434782608,0.56521739130434778,-0.021739130434782608,0,-0.021739130434782608,0.038461538461538464,0,1,0,0,0.41860465116279072,0,0,0,0,0,0,0.021739130434782608,0,0.021739130434782608,0,-0.021739130434782608,0.0028194757719530216,0.018919654662829587
recorded_manuscript_upload_years,v3_experiments_in_wording_questions_ii,ml1.10,ML1,successful,True,26,20,18,25,replication_word_tokens,26,True,True,0,0,0.56521739130434778,0,0,0,0,0,0,0,0,0.41860465116279072,0,0,0,0,0,0,0,0,0,0,0,0,0
recorded_manuscript_upload_years,v3_experiments_in_wording_questions_ii,ml1.10,ML1,successful,True,26,20,18,25,lowercase_modal_tokens,26,True,True,0.050000000000000003,0.065217391304347824,0.56521739130434778,-0.015217391304347827,0.028260869565217391,-0.043478260869565216,0.076923076923076927,1,2,0.080000000000000002,0.046511627906976744,0.41860465116279072,0.033488372093023258,0.033488372093023258,0,0,2,0,0.04870576339737108,0.0052275025278058643,0.043478260869565216,0.029999999999999999,-0.018705763397371081,-0.0038908765652951698,0.052596639962666253
recorded_manuscript_upload_years,v3_happiness_and_time_preference_the_effect,ee.14,EERP,failed,True,34,30,60,88,epistemic_adverb_tokens,28,True,True,0,0,0.53125,0,0,0,0,0,0,0,0,0.40540540540540543,0,0,0,0,0,0,0,0,0,0,0,0,0
recorded_manuscript_upload_years,v3_happiness_and_time_preference_the_effect,ee.14,EERP,failed,True,34,30,60,88,replication_word_tokens,28,True,True,0.10000000000000001,0.046875,0.53125,0.053124999999999999,0.053124999999999999,0,0,3,0,0,0.0067567567567567571,0.40540540540540543,-0.0067567567567567571,0,-0.0067567567567567571,0.016666666666666666,0,1,-0.059881756756756756,-0.053124999999999999,-0.0067567567567567571,-0.10000000000000001,-0.040118243243243243,-0.005243524774774775,-0.054638231981981984
recorded_manuscript_upload_years,v3_happiness_and_time_preference_the_effect,ee.14,EERP,failed,True,34,30,60,88,lowercase_modal_tokens,28,True,True,0.033333333333333333,0.03125,0.53125,0.0020833333333333333,0.017708333333333333,-0.015625,0.029411764705882353,1,1,0.090909090909090912,0.087837837837837843,0.40540540540540543,0.0030712530712530711,0.036855036855036855,-0.033783783783783786,0.083333333333333329,8,5,0.00098791973791973798,0.019146703521703522,-0.018158783783783782,0.057575757575757579,0.056587837837837836,-0.0007234381774822951,0.001711357915402033
recorded_manuscript_upload_years,v3_head_up_foot_down_object_words_orient_at,rpp.167,RPP,failed,True,27,25,49,43,epistemic_adverb_tokens,29,True,True,0,0,0.51923076923076927,0,0,0,0,0,0,0,0,0.53260869565217395,0,0,0,0,0,0,0,0,0,0,0,0,0
recorded_manuscript_upload_years,v3_head_up_foot_down_object_words_orient_at,rpp.167,RPP,failed,True,27,25,49,43,replication_word_tokens,29,True,True,0.040000000000000001,0.038461538461538464,0.51923076923076927,0.0015384615384615385,0.020769230769230769,-0.019230769230769232,0.037037037037037035,1,1,0.046511627906976744,0.043478260869565216,0.53260869565217395,0.0030333670374115269,0.024772497472194135,-0.021739130434782608,0.040816326530612242,2,2,0.0014949054989499882,0.0040032667029633665,-0.002508361204013378,0.0065116279069767444,0.005016722408026756,5.7914811634297404e-05,0.0014369906873156909
recorded_manuscript_upload_years,v3_head_up_foot_down_object_words_orient_at,rpp.167,RPP,failed,True,27,25,49,43,lowercase_modal_tokens,29,True,True,0.23999999999999999,0.17307692307692307,0.51923076923076927,0.066923076923076918,0.12461538461538461,-0.057692307692307696,0.1111111111111111,6,3,0.023255813953488372,0.05434782608695652,0.53260869565217395,-0.031092012133468148,0.012386248736097068,-0.043478260869565216,0.081632653061224483,1,4,-0.098015089056545074,-0.11222913587928755,0.014214046822742474,-0.21674418604651163,-0.11872909698996656,0.00047165250689734298,-0.09848674156344242
recorded_manuscript_upload_years,v3_hedonic_and_instrumental_motives_in_ange,rpp.142,RPP,successful,True,17,39,50,94,epistemic_adverb_tokens,30,True,True,0,0,0.30357142857142855,0,0,0,0,0,0,0,0,0.34722222222222221,0,0,0,0,0,0,0,0,0,0,0,0,0
recorded_manuscript_upload_years,v3_hedonic_and_instrumental_motives_in_ange,rpp.142,RPP,successful,True,17,39,50,94,replication_word_tokens,30,True,True,0,0,0.30357142857142855,0,0,0,0,0,0,0.021276595744680851,0.013888888888888888,0.34722222222222221,0.0073877068557919624,0.0073877068557919624,0,0,2,0,0.0073877068557919624,0.0073877068557919624,0,0.021276595744680851,0.013888888888888888,0.00046437014522120906,0.0069233367105707528
recorded_manuscript_upload_years,v3_hedonic_and_instrumental_motives_in_ange,rpp.142,RPP,successful,True,17,39,50,94,lowercase_modal_tokens,30,True,True,0.076923076923076927,0.089285714285714288,0.30357142857142855,-0.012362637362637362,0.023351648351648352,-0.035714285714285712,0.11764705882352941,3,2,0.20212765957446807,0.15972222222222221,0.34722222222222221,0.042405437352245862,0.070183215130023638,-0.027777777777777776,0.080000000000000002,19,4,0.054768074714883229,0.046831566778375286,0.0079365079365079361,0.12520458265139117,0.070436507936507936,0.0017766675682820863,0.052991407146601138
recorded_manuscript_upload_years,v3_how_does_bilingualism_improve_executive_,rpp.22,RPP,failed,True,82,95,67,91,epistemic_adverb_tokens,31,True,True,0.010526315789473684,0.0056497175141242938,0.4632768361581921,0.0048765982753493902,0.0048765982753493902,0,0,1,0,0,0,0.42405063291139239,0,0,0,0,0,0,-0.0048765982753493902,-0.0048765982753493902,0,-0.010526315789473684,-0.0056497175141242938,-0.00020645370129894572,-0.0046701445740504445
recorded_manuscript_upload_years,v3_how_does_bilingualism_improve_executive_,rpp.22,RPP,failed,True,82,95,67,91,replication_word_tokens,31,True,True,0.094736842105263161,0.067796610169491525,0.4632768361581921,0.026940231935771632,0.043889384478144514,-0.016949152542372881,0.036585365853658534,9,3,0.01098901098901099,0.031645569620253167,0.42405063291139239,-0.020656558631242175,0.0046598970649603562,-0.025316455696202531,0.059701492537313432,1,4,-0.047596790567013811,-0.039229487413184161,-0.00836730315382965,-0.083747831116252169,-0.036151040549238359,-0.00018512796233859845,-0.047411662604675213
recorded_manuscript_upload_years,v3_how_does_bilingualism_improve_executive_,rpp.22,RPP,failed,True,82,95,67,91,lowercase_modal_tokens,31,True,True,0.14736842105263157,0.11864406779661017,0.4632768361581921,0.02872435325602141,0.068272375854891459,-0.03954802259887006,0.085365853658536592,14,7,0.24175824175824176,0.189873417721519,0.42405063291139239,0.051884824036722774,0.10251773542912783,-0.050632911392405063,0.11940298507462686,22,8,0.02316047078070136,0.03424535957423637,-0.011084888793535006,0.094389820705610181,0.071229349924908814,-0.0036158287387049945,0.026776299519406355
recorded_manuscript_upload_years,v3_how_the_head_liberates_the_heart_project,rpp.59,RPP,successful,True,11,31,12,62,epistemic_adverb_tokens,16,True,True,0,0,0.26190476190476192,0,0,0,0,0,0,0.016129032258064516,0.013513513513513514,0.16216216216216217,0.0026155187445510027,0.0026155187445510027,0,0,1,0,0.0026155187445510027,0.0026155187445510027,0,0.016129032258064516,0.013513513513513514,-0.00080437580437580432,0.0034198945489268069
recorded_manuscript_upload_years,v3_how_the_head_liberates_the_heart_project,rpp.59,RPP,successful,True,11,31,12,62,replication_word_tokens,16,True,True,0,0,0.26190476190476192,0,0,0,0,0,0,0,0.013513513513513514,0.16216216216216217,-0.013513513513513514,0,-0.013513513513513514,0.083333333333333329,0,1,-0.013513513513513514,0,-0.013513513513513514,0,0.013513513513513514,0.0041559416559416558,-0.017669455169455169
recorded_manuscript_upload_years,v3_how_the_head_liberates_the_heart_project,rpp.59,RPP,successful,True,11,31,12,62,lowercase_modal_tokens,16,True,True,0.064516129032258063,0.071428571428571425,0.26190476190476192,-0.0069124423963133645,0.016897081413210446,-0.023809523809523808,0.090909090909090912,2,1,0.16129032258064516,0.13513513513513514,0.16216216216216217,0.026155187445510025,0.026155187445510025,0,0,10,0,0.03306762984182339,0.00925810603229958,0.023809523809523808,0.096774193548387094,0.063706563706563704,-0.0067275067275067279,0.03979513656933012
recorded_manuscript_upload_years,v3_imperfect_public_monitoring_with_costly_,ee.2,EERP,successful,True,25,25,51,49,epistemic_adverb_tokens,25,True,True,0,0,0.5,0,0,0,0,0,0,0.040816326530612242,0.02,0.51000000000000001,0.020816326530612245,0.020816326530612245,0,0,2,0,0.020816326530612245,0.020816326530612245,0,0.040816326530612242,0.02,0.00020408163265306123,0.020612244897959184
recorded_manuscript_upload_years,v3_imperfect_public_monitoring_with_costly_,ee.2,EERP,successful,True,25,25,51,49,replication_word_tokens,25,True,True,0,0,0.5,0,0,0,0,0,0,0.020408163265306121,0.070000000000000007,0.51000000000000001,-0.049591836734693875,0.010408163265306122,-0.059999999999999998,0.11764705882352941,1,6,-0.049591836734693875,0.010408163265306122,-0.059999999999999998,0.020408163265306121,0.070000000000000007,-0.00048619447779111647,-0.049105642256902761
recorded_manuscript_upload_years,v3_imperfect_public_monitoring_with_costly_,ee.2,EERP,successful,True,25,25,51,49,lowercase_modal_tokens,25,True,True,0.12,0.10000000000000001,0.5,0.02,0.059999999999999998,-0.040000000000000001,0.080000000000000002,3,2,0.18367346938775511,0.13,0.51000000000000001,0.0536734693877551,0.093673469387755101,-0.040000000000000001,0.078431372549019607,9,4,0.033673469387755103,0.033673469387755103,0,0.063673469387755102,0.029999999999999999,0.00072621048419367748,0.032947258903561427
recorded_manuscript_upload_years,v3_increasing_and_decreasing_motor_and_cogn,rpp.49,RPP,failed,True,66,98,49,38,epistemic_adverb_tokens,32,True,True,0.030612244897959183,0.018292682926829267,0.40243902439024393,0.012319561971129916,0.012319561971129916,0,0,3,0,0,0,0.56321839080459768,0,0,0,0,0,0,-0.012319561971129916,-0.012319561971129916,0,-0.030612244897959183,-0.018292682926829267,0.0024609086696074562,-0.014780470640737372
recorded_manuscript_upload_years,v3_increasing_and_decreasing_motor_and_cogn,rpp.49,RPP,failed,True,66,98,49,38,replication_word_tokens,32,True,True,0,0,0.40243902439024393,0,0,0,0,0,0,0.052631578947368418,0.080459770114942528,0.56321839080459768,-0.027828191167574106,0.029643073200241985,-0.057471264367816091,0.10204081632653061,2,5,-0.027828191167574106,0.029643073200241985,-0.057471264367816091,0.052631578947368418,0.080459770114942528,-0.0039719929404190522,-0.023856198227155057
recorded_manuscript_upload_years,v3_increasing_and_decreasing_motor_and_cogn,rpp.49,RPP,failed,True,66,98,49,38,lowercase_modal_tokens,32,True,True,0.12244897959183673,0.097560975609756101,0.40243902439024393,0.024888003982080638,0.049278247884519663,-0.024390243902439025,0.060606060606060608,12,4,0.052631578947368418,0.080459770114942528,0.56321839080459768,-0.027828191167574106,0.029643073200241985,-0.057471264367816091,0.10204081632653061,2,5,-0.052716195149654747,-0.019635174684277678,-0.033081020465377066,-0.069817400644468314,-0.01710120549481357,0.00099953972545459681,-0.05371573487510934
recorded_manuscript_upload_years,v3_individual_differences_in_the_regulation,rpp.53,RPP,failed,True,17,44,29,40,epistemic_adverb_tokens,33,True,True,0,0,0.27868852459016391,0,0,0,0,0,0,0.025000000000000001,0.028985507246376812,0.42028985507246375,-0.0039855072463768114,0.010507246376811594,-0.014492753623188406,0.034482758620689655,1,1,-0.0039855072463768114,0.010507246376811594,-0.014492753623188406,0.025000000000000001,0.028985507246376812,-0.00067138561866607685,-0.0033141216277107347
recorded_manuscript_upload_years,v3_individual_differences_in_the_regulation,rpp.53,RPP,failed,True,17,44,29,40,replication_word_tokens,33,True,True,0.022727272727272728,0.016393442622950821,0.27868852459016391,0.0063338301043219074,0.0063338301043219074,0,0,1,0,0.025000000000000001,0.028985507246376812,0.42028985507246375,-0.0039855072463768114,0.010507246376811594,-0.014492753623188406,0.034482758620689655,1,1,-0.01031933735069872,0.0041734162724896863,-0.014492753623188406,0.0022727272727272726,0.012592064623425991,0.00093772040954187585,-0.011257057760240595
recorded_manuscript_upload_years,v3_individual_differences_in_the_regulation,rpp.53,RPP,failed,True,17,44,29,40,lowercase_modal_tokens,33,True,True,0.20454545454545456,0.18032786885245902,0.27868852459016391,0.024217585692995529,0.05700447093889717,-0.032786885245901641,0.11764705882352941,9,2,0.29999999999999999,0.21739130434782608,0.42028985507246375,0.082608695652173908,0.12608695652173912,-0.043478260869565216,0.10344827586206896,12,3,0.058391109959178386,0.069082485582841968,-0.010691375623663579,0.095454545454545459,0.037063435495367072,0.020068457048761496,0.038322652910416886
recorded_manuscript_upload_years,v3_it_feels_like_yesterday_self_esteem_vale,ml3.3,ML3,failed,True,62,106,63,113,epistemic_adverb_tokens,37,True,True,0,0.0059523809523809521,0.36904761904761907,-0.0059523809523809521,0,-0.0059523809523809521,0.016129032258064516,0,1,0.017699115044247787,0.011363636363636364,0.35795454545454547,0.0063354786806114243,0.0063354786806114243,0,0,2,0,0.012287859632992377,0.0063354786806114243,0.0059523809523809521,0.017699115044247787,0.005411255411255411,-8.708521947174531e-06,0.012296568154939552
recorded_manuscript_upload_years,v3_it_feels_like_yesterday_self_esteem_vale,ml3.3,ML3,failed,True,62,106,63,113,replication_word_tokens,37,True,True,0,0,0.36904761904761907,0,0,0,0,0,0,0,0,0.35795454545454547,0,0,0,0,0,0,0,0,0,0,0,0,0
recorded_manuscript_upload_years,v3_it_feels_like_yesterday_self_esteem_vale,ml3.3,ML3,failed,True,62,106,63,113,lowercase_modal_tokens,37,True,True,0.16037735849056603,0.16071428571428573,0.36904761904761907,-0.00033692722371967657,0.059186882300089845,-0.059523809523809521,0.16129032258064516,17,10,0.13274336283185842,0.125,0.35795454545454547,0.007743362831858407,0.047516090104585677,-0.039772727272727272,0.1111111111111111,15,7,0.0080802900555780842,-0.011670792195504168,0.019751082251082252,-0.027633995658707632,-0.035714285714285712,-0.00011492029124153072,0.0081952103468196143
recorded_manuscript_upload_years,v3_last_place_aversion_evidence_and_redistr,ee.18,EERP,failed,True,11,17,80,156,epistemic_adverb_tokens,25,True,True,0,0,0.39285714285714285,0,0,0,0,0,0,0.00641025641025641,0.0042372881355932203,0.33898305084745761,0.0021729682746631897,0.0021729682746631897,0,0,1,0,0.0021729682746631897,0.0021729682746631897,0,0.00641025641025641,0.0042372881355932203,-0.00017267337182591419,0.0023456416464891043
recorded_manuscript_upload_years,v3_last_place_aversion_evidence_and_redistr,ee.18,EERP,failed,True,11,17,80,156,replication_word_tokens,25,True,True,0,0,0.39285714285714285,0,0,0,0,0,0,0,0.012711864406779662,0.33898305084745761,-0.012711864406779662,0,-0.012711864406779662,0.037499999999999999,0,3,-0.012711864406779662,0,-0.012711864406779662,0,0.012711864406779662,0.0010101392251815982,-0.013722003631961259
recorded_manuscript_upload_years,v3_last_place_aversion_evidence_and_redistr,ee.18,EERP,failed,True,11,17,80,156,lowercase_modal_tokens,25,True,True,0.17647058823529413,0.25,0.39285714285714285,-0.073529411764705885,0.069327731092436978,-0.14285714285714285,0.36363636363636365,3,4,0.23076923076923078,0.17796610169491525,0.33898305084745761,0.052803129074315516,0.07822685788787484,-0.025423728813559324,0.074999999999999997,36,6,0.1263325408390214,0.0088991267954378617,0.11743341404358354,0.054298642533936653,-0.072033898305084748,0.00084573016714093482,0.12548681067188047
recorded_manuscript_upload_years,v3_left_frontal_cortical_activation_and_spr,rpp.55,RPP,failed,True,13,25,24,37,epistemic_adverb_tokens,31,True,True,0,0,0.34210526315789475,0,0,0,0,0,0,0,0,0.39344262295081966,0,0,0,0,0,0,0,0,0,0,0,0,0
recorded_manuscript_upload_years,v3_left_frontal_cortical_activation_and_spr,rpp.55,RPP,failed,True,13,25,24,37,replication_word_tokens,31,True,True,0,0.026315789473684209,0.34210526315789475,-0.026315789473684209,0,-0.026315789473684209,0.076923076923076927,0,1,0.027027027027027029,0.016393442622950821,0.39344262295081966,0.010633584404076208,0.010633584404076208,0,0,1,0,0.036949373877760421,0.010633584404076208,0.026315789473684209,0.027027027027027029,-0.0099223468507333903,-0.0012807657328796241,0.038230139610640042
recorded_manuscript_upload_years,v3_left_frontal_cortical_activation_and_spr,rpp.55,RPP,failed,True,13,25,24,37,lowercase_modal_tokens,31,True,True,0.080000000000000002,0.052631578947368418,0.34210526315789475,0.02736842105263158,0.02736842105263158,0,0,2,0,0.027027027027027029,0.016393442622950821,0.39344262295081966,0.010633584404076208,0.010633584404076208,0,0,1,0,-0.016734836648555372,-0.016734836648555372,0,-0.052972972972972973,-0.036238136324417601,0.0027472424970267939,-0.019482079145582164
recorded_manuscript_upload_years,v3_measuring_the_crowd_within_probabilistic,rpp.116,RPP,successful,True,38,32,71,63,epistemic_adverb_tokens,41,True,True,0,0,0.54285714285714282,0,0,0,0,0,0,0.015873015873015872,0.014925373134328358,0.52985074626865669,0.00094764273868751486,0.008410329305851694,-0.007462686567164179,0.014084507042253521,1,1,0.00094764273868751486,0.008410329305851694,-0.007462686567164179,0.015873015873015872,0.014925373134328358,-1.1631027577452396e-05,0.00095927376626496724
recorded_manuscript_upload_years,v3_measuring_the_crowd_within_probabilistic,rpp.116,RPP,successful,True,38,32,71,63,replication_word_tokens,41,True,True,0.09375,0.10000000000000001,0.54285714285714282,-0.0062500000000000003,0.050892857142857142,-0.057142857142857141,0.10526315789473684,3,4,0,0,0.52985074626865669,0,0,0,0,0,0,0.0062500000000000003,-0.050892857142857142,0.057142857142857141,-0.09375,-0.10000000000000001,7.4872348782403767e-05,0.0061751276512175962
recorded_manuscript_upload_years,v3_measuring_the_crowd_within_probabilistic,rpp.116,RPP,successful,True,38,32,71,63,lowercase_modal_tokens,41,True,True,0.125,0.085714285714285715,0.54285714285714282,0.039285714285714285,0.067857142857142852,-0.028571428571428571,0.052631578947368418,4,2,0.1111111111111111,0.089552238805970144,0.52985074626865669,0.021558872305140961,0.05887230514096186,-0.037313432835820892,0.070422535211267609,7,5,-0.017726841980573324,-0.0089848377161809989,-0.0087420042643923234,-0.013888888888888888,0.0038379530916844351,-0.00073523206973357996,-0.016991609910839745
recorded_manuscript_upload_years,v3_multidimensional_visual_statistical_lear,rpp.29,RPP,successful,True,28,22,50,21,epistemic_adverb_tokens,31,True,True,0,0,0.56000000000000005,0,0,0,0,0,0,0,0,0.70422535211267601,0,0,0,0,0,0,0,0,0,0,0,0,0
recorded_manuscript_upload_years,v3_multidimensional_visual_statistical_lear,rpp.29,RPP,successful,True,28,22,50,21,replication_word_tokens,31,True,True,0,0,0.56000000000000005,0,0,0,0,0,0,0.14285714285714285,0.098591549295774641,0.70422535211267601,0.044265593561368208,0.1006036217303823,-0.056338028169014086,0.080000000000000002,3,4,0.044265593561368208,0.1006036217303823,-0.056338028169014086,0.14285714285714285,0.098591549295774641,0.0045327967806841046,0.039732796780684101
recorded_manuscript_upload_years,v3_multidimensional_visual_statistical_lear,rpp.29,RPP,successful,True,28,22,50,21,lowercase_modal_tokens,31,True,True,0.090909090909090912,0.10000000000000001,0.56000000000000005,-0.0090909090909090905,0.050909090909090911,-0.059999999999999998,0.10714285714285714,2,3,0.19047619047619047,0.14084507042253522,0.70422535211267601,0.049631120053655262,0.1341381623071764,-0.084507042253521125,0.12,4,6,0.058722029144564356,0.083229071398085483,-0.024507042253521127,0.099567099567099568,0.040845070422535212,0.0039115663679043962,0.054810462776659963
recorded_manuscript_upload_years,v3_multiple_roles_for_time_in_short_term_me,rpp.33,RPP,successful,True,82,62,45,50,epistemic_adverb_tokens,45,True,True,0,0,0.56944444444444442,0,0,0,0,0,0,0,0,0.47368421052631576,0,0,0,0,0,0,0,0,0,0,0,0,0
recorded_manuscript_upload_years,v3_multiple_roles_for_time_in_short_term_me,rpp.33,RPP,successful,True,82,62,45,50,replication_word_tokens,45,True,True,0.016129032258064516,0.013888888888888888,0.56944444444444442,0.0022401433691756271,0.0091845878136200716,-0.0069444444444444441,0.012195121951219513,1,1,0.040000000000000001,0.021052631578947368,0.47368421052631576,0.018947368421052633,0.018947368421052633,0,0,2,0,0.016707225051877005,0.0097627806074325595,0.0069444444444444441,0.023870967741935485,0.0071637426900584798,-0.0021035607639607805,0.018810785815837786
recorded_manuscript_upload_years,v3_multiple_roles_for_time_in_short_term_me,rpp.33,RPP,successful,True,82,62,45,50,lowercase_modal_tokens,45,True,True,0.064516129032258063,0.041666666666666664,0.56944444444444442,0.022849462365591398,0.036738351254480286,-0.013888888888888888,0.024390243902439025,4,2,0.059999999999999998,0.052631578947368418,0.47368421052631576,0.0073684210526315788,0.028421052631578948,-0.021052631578947368,0.044444444444444446,3,2,-0.015481041312959819,-0.0083172986229013389,-0.0071637426900584798,-0.0045161290322580649,0.010964912280701754,-0.0026660338924649387,-0.01281500742049488
recorded_manuscript_upload_years,v3_not_so_innocent_does_seeing_one_s_own_ca,rpp.65,RPP,failed,True,22,53,29,46,epistemic_adverb_tokens,46,True,True,0.018867924528301886,0.013333333333333334,0.29333333333333333,0.0055345911949685536,0.0055345911949685536,0,0,1,0,0,0,0.38666666666666666,0,0,0,0,0,0,-0.0055345911949685536,-0.0055345911949685536,0,-0.018867924528301886,-0.013333333333333334,0.00088050314465408801,-0.0064150943396226413
recorded_manuscript_upload_years,v3_not_so_innocent_does_seeing_one_s_own_ca,rpp.65,RPP,failed,True,22,53,29,46,replication_word_tokens,46,True,True,0.056603773584905662,0.040000000000000001,0.29333333333333333,0.016603773584905661,0.016603773584905661,0,0,3,0,0,0.013333333333333334,0.38666666666666666,-0.013333333333333334,0,-0.013333333333333334,0.034482758620689655,0,1,-0.029937106918238993,-0.016603773584905661,-0.013333333333333334,-0.056603773584905662,-0.026666666666666668,0.0010323140316634135,-0.030969420949902408
recorded_manuscript_upload_years,v3_not_so_innocent_does_seeing_one_s_own_ca,rpp.65,RPP,failed,True,22,53,29,46,lowercase_modal_tokens,46,True,True,0.20754716981132076,0.16,0.29333333333333333,0.047547169811320754,0.06088050314465409,-0.013333333333333334,0.045454545454545456,11,1,0.17391304347826086,0.16,0.38666666666666666,0.01391304347826087,0.067246376811594205,-0.053333333333333337,0.13793103448275862,8,4,-0.033634126333059886,0.0063658736669401144,-0.040000000000000001,-0.033634126333059886,0,0.0092434828897729523,-0.04287760922283284
recorded_manuscript_upload_years,v3_on_the_additive_effects_of_stimulus_qual,rpp.27,RPP,successful,True,26,10,37,27,epistemic_adverb_tokens,47,True,True,0,0,0.72222222222222221,0,0,0,0,0,0,0.037037037037037035,0.015625,0.578125,0.021412037037037038,0.021412037037037038,0,0,1,0,0.021412037037037038,0.021412037037037038,0,0.037037037037037035,0.015625,-0.0026684670781893004,0.024080504115226338
recorded_manuscript_upload_years,v3_on_the_additive_effects_of_stimulus_qual,rpp.27,RPP,successful,True,26,10,37,27,replication_word_tokens,47,True,True,0,0.055555555555555552,0.72222222222222221,-0.055555555555555552,0,-0.055555555555555552,0.076923076923076927,0,2,0.037037037037037035,0.015625,0.578125,0.021412037037037038,0.021412037037037038,0,0,1,0,0.076967592592592587,0.021412037037037038,0.055555555555555552,0.037037037037037035,-0.039930555555555552,0.0028737337765115541,0.074093858816081035
recorded_manuscript_upload_years,v3_on_the_additive_effects_of_stimulus_qual,rpp.27,RPP,successful,True,26,10,37,27,lowercase_modal_tokens,47,True,True,0,0.027777777777777776,0.72222222222222221,-0.027777777777777776,0,-0.027777777777777776,0.038461538461538464,0,1,0.1111111111111111,0.0625,0.578125,0.048611111111111112,0.064236111111111105,-0.015625,0.027027027027027029,3,1,0.076388888888888895,0.064236111111111105,0.012152777777777778,0.1111111111111111,0.034722222222222224,-0.0032870410474577141,0.079675929936346604
recorded_manuscript_upload_years,v3_opening_the_mind_to_close_it_considering,rpp.72,RPP,failed,True,7,10,9,17,epistemic_adverb_tokens,50,True,False,0,0,0.41176470588235292,0,0,0,0,0,0,0,0,0.34615384615384615,0,0,0,0,0,0,0,0,0,0,0,0,0
recorded_manuscript_upload_years,v3_opening_the_mind_to_close_it_considering,rpp.72,RPP,failed,True,7,10,9,17,replication_word_tokens,50,True,False,0,0,0.41176470588235292,0,0,0,0,0,0,0,0,0.34615384615384615,0,0,0,0,0,0,0,0,0,0,0,0,0
recorded_manuscript_upload_years,v3_opening_the_mind_to_close_it_considering,rpp.72,RPP,failed,True,7,10,9,17,lowercase_modal_tokens,50,True,False,0.10000000000000001,0.058823529411764705,0.41176470588235292,0.041176470588235294,0.041176470588235294,0,0,1,0,0.11764705882352941,0.11538461538461539,0.34615384615384615,0.0022624434389140274,0.04072398190045249,-0.038461538461538464,0.1111111111111111,2,1,-0.038914027149321267,-0.00045248868778280545,-0.038461538461538464,0.017647058823529412,0.056561085972850679,-0.0034949575607015055,-0.035419069588619762
recorded_manuscript_upload_years,v3_orienting_attention_in_visual_working_me,rpp.37,RPP,failed,True,56,98,45,60,epistemic_adverb_tokens,52,True,True,0,0,0.36363636363636365,0,0,0,0,0,0,0.033333333333333333,0.019047619047619049,0.42857142857142855,0.014285714285714285,0.014285714285714285,0,0,2,0,0.014285714285714285,0.014285714285714285,0,0.033333333333333333,0.019047619047619049,0.0010822510822510823,0.013203463203463203
recorded_manuscript_upload_years,v3_orienting_attention_in_visual_working_me,rpp.37,RPP,failed,True,56,98,45,60,replication_word_tokens,52,True,True,0.020408163265306121,0.012987012987012988,0.36363636363636365,0.0074211502782931356,0.0074211502782931356,0,0,2,0,0,0,0.42857142857142855,0,0,0,0,0,0,-0.0074211502782931356,-0.0074211502782931356,0,-0.020408163265306121,-0.012987012987012988,0.00066260270341902993,-0.008083752981712166
recorded_manuscript_upload_years,v3_orienting_attention_in_visual_working_me,rpp.37,RPP,failed,True,56,98,45,60,lowercase_modal_tokens,52,True,True,0.061224489795918366,0.03896103896103896,0.36363636363636365,0.022263450834879406,0.022263450834879406,0,0,6,0,0.13333333333333333,0.085714285714285715,0.42857142857142855,0.047619047619047616,0.057142857142857141,-0.0095238095238095247,0.022222222222222223,8,1,0.025355596784168214,0.034879406307977735,-0.0095238095238095247,0.072108843537414966,0.046753246753246755,0.0055953117177606976,0.019760285066407514
recorded_manuscript_upload_years,v3_perceptual_mechanisms_that_characterize_,rpp.110,RPP,failed,True,9,19,17,40,epistemic_adverb_tokens,53,True,False,0,0,0.32142857142857145,0,0,0,0,0,0,0.025000000000000001,0.017543859649122806,0.2982456140350877,0.0074561403508771927,0.0074561403508771927,0,0,1,0,0.0074561403508771927,0.0074561403508771927,0,0.025000000000000001,0.017543859649122806,-0.00028978696741854636,0.0077459273182957393
recorded_manuscript_upload_years,v3_perceptual_mechanisms_that_characterize_,rpp.110,RPP,failed,True,9,19,17,40,replication_word_tokens,53,True,False,0,0,0.32142857142857145,0,0,0,0,0,0,0.025000000000000001,0.035087719298245612,0.2982456140350877,-0.010087719298245614,0.0074561403508771927,-0.017543859649122806,0.058823529411764705,1,1,-0.010087719298245614,0.0074561403508771927,-0.017543859649122806,0.025000000000000001,0.035087719298245612,0.00039206472062509212,-0.010479784018870706
recorded_manuscript_upload_years,v3_perceptual_mechanisms_that_characterize_,rpp.110,RPP,failed,True,9,19,17,40,lowercase_modal_tokens,53,True,False,0.31578947368421051,0.21428571428571427,0.32142857142857145,0.10150375939849623,0.10150375939849623,0,0,6,0,0.32500000000000001,0.2807017543859649,0.2982456140350877,0.044298245614035087,0.096929824561403505,-0.052631578947368418,0.17647058823529413,13,3,-0.057205513784461155,-0.0045739348370927319,-0.052631578947368418,0.0092105263157894728,0.066416040100250623,-0.005382142469176036,-0.051823371315285117
recorded_manuscript_upload_years,v3_poignancy_mixed_emotional_experience_in_,rpp.61,RPP,failed,True,23,31,42,54,epistemic_adverb_tokens,55,True,True,0,0,0.42592592592592593,0,0,0,0,0,0,0.018518518518518517,0.010416666666666666,0.4375,0.0081018518518518514,0.0081018518518518514,0,0,1,0,0.0081018518518518514,0.0081018518518518514,0,0.018518518518518517,0.010416666666666666,0.0001071673525377229,0.0079946844993141284
recorded_manuscript_upload_years,v3_poignancy_mixed_emotional_experience_in_,rpp.61,RPP,failed,True,23,31,42,54,replication_word_tokens,55,True,True,0,0,0.42592592592592593,0,0,0,0,0,0,0,0,0.4375,0,0,0,0,0,0,0,0,0,0,0,0,0
recorded_manuscript_upload_years,v3_poignancy_mixed_emotional_experience_in_,rpp.61,RPP,failed,True,23,31,42,54,lowercase_modal_tokens,55,True,True,0.096774193548387094,0.07407407407407407,0.42592592592592593,0.022700119474313024,0.041218637992831542,-0.018518518518518517,0.043478260869565216,3,1,0.22222222222222221,0.16666666666666666,0.4375,0.055555555555555552,0.097222222222222224,-0.041666666666666664,0.095238095238095233,12,4,0.032855436081242535,0.056003584229390682,-0.023148148148148147,0.12544802867383512,0.092592592592592587,0.0010432873823087319,0.031812148698933798
recorded_manuscript_upload_years,v3_precision_of_the_anchor_influences_the_a,rpp.111,RPP,successful,True,12,24,26,59,epistemic_adverb_tokens,56,True,True,0,0,0.33333333333333331,0,0,0,0,0,0,0.016949152542372881,0.011764705882352941,0.30588235294117649,0.0051844466600199403,0.0051844466600199403,0,0,1,0,0.0051844466600199403,0.0051844466600199403,0,0.016949152542372881,0.011764705882352941,-0.0002326354270521768,0.005417082087072117
recorded_manuscript_upload_years,v3_precision_of_the_anchor_influences_the_a,rpp.111,RPP,successful,True,12,24,26,59,replication_word_tokens,56,True,True,0.041666666666666664,0.027777777777777776,0.33333333333333331,0.013888888888888888,0.013888888888888888,0,0,1,0,0.016949152542372881,0.023529411764705882,0.30588235294117649,-0.0065802592223330007,0.0051844466600199403,-0.011764705882352941,0.038461538461538464,1,1,-0.020469148111221889,-0.0087044422288689496,-0.011764705882352941,-0.024717514124293787,-0.0042483660130718951,-0.00027662738280883844,-0.020192520728413051
recorded_manuscript_upload_years,v3_precision_of_the_anchor_influences_the_a,rpp.111,RPP,successful,True,12,24,26,59,lowercase_modal_tokens,56,True,True,0.041666666666666664,0.027777777777777776,0.33333333333333331,0.013888888888888888,0.013888888888888888,0,0,1,0,0.050847457627118647,0.047058823529411764,0.30588235294117649,0.0037886340977068794,0.015553339980059821,-0.011764705882352941,0.038461538461538464,3,1,-0.01010025479118201,0.0016644510911709316,-0.011764705882352941,0.0091807909604519778,0.019281045751633988,-0.00074189823691319203,-0.0093583565542688183
recorded_manuscript_upload_years,v3_priming_addition_facts_with_semantic_rel,rpp.24,RPP,successful,True,7,14,18,27,epistemic_adverb_tokens,60,True,False,0,0,0.33333333333333331,0,0,0,0,0,0,0,0,0.40000000000000002,0,0,0,0,0,0,0,0,0,0,0,0,0
recorded_manuscript_upload_years,v3_priming_addition_facts_with_semantic_rel,rpp.24,RPP,successful,True,7,14,18,27,replication_word_tokens,60,True,False,0,0,0.33333333333333331,0,0,0,0,0,0,0,0.022222222222222223,0.40000000000000002,-0.022222222222222223,0,-0.022222222222222223,0.055555555555555552,0,1,-0.022222222222222223,0,-0.022222222222222223,0,0.022222222222222223,-0.0018518518518518519,-0.020370370370370372
recorded_manuscript_upload_years,v3_priming_addition_facts_with_semantic_rel,rpp.24,RPP,successful,True,7,14,18,27,lowercase_modal_tokens,60,True,False,0.071428571428571425,0.095238095238095233,0.33333333333333331,-0.023809523809523808,0.023809523809523808,-0.047619047619047616,0.14285714285714285,1,1,0.07407407407407407,0.066666666666666666,0.40000000000000002,0.0074074074074074077,0.029629629629629631,-0.022222222222222223,0.055555555555555552,2,1,0.031216931216931216,0.00582010582010582,0.025396825396825397,0.0026455026455026454,-0.028571428571428571,-0.0017636684303350969,0.032980599647266316
recorded_manuscript_upload_years,v3_response_scales_effects_of_category_rang,ml1.8,ML1,successful,True,41,50,47,40,epistemic_adverb_tokens,26,True,True,0,0,0.45054945054945056,0,0,0,0,0,0,0,0,0.54022988505747127,0,0,0,0,0,0,0,0,0,0,0,0,0
recorded_manuscript_upload_years,v3_response_scales_effects_of_category_rang,ml1.8,ML1,successful,True,41,50,47,40,replication_word_tokens,26,True,True,0.040000000000000001,0.032967032967032968,0.45054945054945056,0.007032967032967033,0.018021978021978021,-0.01098901098901099,0.024390243902439025,2,1,0,0.034482758620689655,0.54022988505747127,-0.034482758620689655,0,-0.034482758620689655,0.063829787234042548,0,3,-0.041515725653656688,-0.018021978021978021,-0.023493747631678667,-0.040000000000000001,0.0015157256536566881,-0.0021621966721549779,-0.039353528981501712
recorded_manuscript_upload_years,v3_response_scales_effects_of_category_rang,ml1.8,ML1,successful,True,41,50,47,40,lowercase_modal_tokens,26,True,True,0.14000000000000001,0.12087912087912088,0.45054945054945056,0.01912087912087912,0.063076923076923072,-0.043956043956043959,0.097560975609756101,7,4,0.20000000000000001,0.11494252873563218,0.54022988505747127,0.085057471264367815,0.10804597701149425,-0.022988505747126436,0.042553191489361701,8,2,0.065936592143488695,0.044969053934571179,0.02096753820891752,0.059999999999999998,-0.005936592143488695,0.0089629241732743694,0.056973667970214324
recorded_manuscript_upload_years,v3_running_on_empty_neural_signals_for_self,ml3.5,ML3,successful,True,5,17,11,30,epistemic_adverb_tokens,61,True,False,0,0,0.22727272727272727,0,0,0,0,0,0,0,0,0.26829268292682928,0,0,0,0,0,0,0,0,0,0,0,0,0
recorded_manuscript_upload_years,v3_running_on_empty_neural_signals_for_self,ml3.5,ML3,successful,True,5,17,11,30,replication_word_tokens,61,True,False,0,0,0.22727272727272727,0,0,0,0,0,0,0,0,0.26829268292682928,0,0,0,0,0,0,0,0,0,0,0,0,0
recorded_manuscript_upload_years,v3_running_on_empty_neural_signals_for_self,ml3.5,ML3,successful,True,5,17,11,30,lowercase_modal_tokens,61,True,False,0.058823529411764705,0.090909090909090912,0.22727272727272727,-0.032085561497326207,0.013368983957219251,-0.045454545454545456,0.20000000000000001,1,1,0.20000000000000001,0.14634146341463414,0.26829268292682928,0.053658536585365853,0.053658536585365853,0,0,6,0,0.085744098082692052,0.040289552628146603,0.045454545454545456,0.14117647058823529,0.05543237250554324,0.0012064692839441763,0.084537628798747877
recorded_manuscript_upload_years,v3_screening_competition_and_job_design_eco,ee.3,EERP,successful,True,18,21,39,22,epistemic_adverb_tokens,62,True,True,0,0,0.46153846153846156,0,0,0,0,0,0,0,0,0.63934426229508201,0,0,0,0,0,0,0,0,0,0,0,0,0
recorded_manuscript_upload_years,v3_screening_competition_and_job_design_eco,ee.3,EERP,successful,True,18,21,39,22,replication_word_tokens,62,True,True,0,0,0.46153846153846156,0,0,0,0,0,0,0,0,0.63934426229508201,0,0,0,0,0,0,0,0,0,0,0,0,0
recorded_manuscript_upload_years,v3_screening_competition_and_job_design_eco,ee.3,EERP,successful,True,18,21,39,22,lowercase_modal_tokens,62,True,True,0.095238095238095233,0.076923076923076927,0.46153846153846156,0.018315018315018316,0.043956043956043959,-0.02564102564102564,0.055555555555555552,2,1,0.18181818181818182,0.13114754098360656,0.63934426229508201,0.050670640834575259,0.11624441132637854,-0.065573770491803282,0.10256410256410256,4,4,0.032355622519556947,0.072288367370334589,-0.039932744850777635,0.086580086580086577,0.054224464060529637,0.010573810384655278,0.021781812134901667
recorded_manuscript_upload_years,v3_selective_exposure_and_information_quant,rpp.84,RPP,successful,True,10,10,21,46,epistemic_adverb_tokens,63,True,True,0,0,0.5,0,0,0,0,0,0,0,0,0.31343283582089554,0,0,0,0,0,0,0,0,0,0,0,0,0
recorded_manuscript_upload_years,v3_selective_exposure_and_information_quant,rpp.84,RPP,successful,True,10,10,21,46,replication_word_tokens,63,True,True,0,0,0.5,0,0,0,0,0,0,0,0.014925373134328358,0.31343283582089554,-0.014925373134328358,0,-0.014925373134328358,0.047619047619047616,0,1,-0.014925373134328358,0,-0.014925373134328358,0,0.014925373134328358,0.004442075337597726,-0.019367448471926084
recorded_manuscript_upload_years,v3_selective_exposure_and_information_quant,rpp.84,RPP,successful,True,10,10,21,46,lowercase_modal_tokens,63,True,True,0.10000000000000001,0.050000000000000003,0.5,0.050000000000000003,0.050000000000000003,0,0,1,0,0.10869565217391304,0.089552238805970144,0.31343283582089554,0.019143413367942893,0.034068786502271249,-0.014925373134328358,0.047619047619047616,5,1,-0.030856586632057106,-0.015931213497728747,-0.014925373134328358,0.0086956521739130436,0.039552238805970148,-0.015025802663700133,-0.015830783968356972
recorded_manuscript_upload_years,v3_self_handicapping_excuse_making_and_coun,rpp.94,RPP,successful,True,18,36,15,47,epistemic_adverb_tokens,64,True,True,0,0,0.33333333333333331,0,0,0,0,0,0,0,0,0.24193548387096775,0,0,0,0,0,0,0,0,0,0,0,0,0
recorded_manuscript_upload_years,v3_self_handicapping_excuse_making_and_coun,rpp.94,RPP,successful,True,18,36,15,47,replication_word_tokens,64,True,True,0,0,0.33333333333333331,0,0,0,0,0,0,0,0,0.24193548387096775,0,0,0,0,0,0,0,0,0,0,0,0,0
recorded_manuscript_upload_years,v3_self_handicapping_excuse_making_and_coun,rpp.94,RPP,successful,True,18,36,15,47,lowercase_modal_tokens,64,True,True,0.25,0.24074074074074073,0.33333333333333331,0.0092592592592592587,0.083333333333333329,-0.07407407407407407,0.22222222222222221,9,4,0.23404255319148937,0.17741935483870969,0.24193548387096775,0.056623198352779687,0.056623198352779687,0,0,11,0,0.047363939093520428,-0.026710134980553649,0.07407407407407407,-0.015957446808510637,-0.063321385902031069,-0.011964907598057907,0.059328846691578334
recorded_manuscript_upload_years,v3_self_regulation_and_selective_exposure_t,rpp.86,RPP,failed,True,24,17,21,30,epistemic_adverb_tokens,63,True,True,0,0,0.58536585365853655,0,0,0,0,0,0,0,0,0.41176470588235292,0,0,0,0,0,0,0,0,0,0,0,0,0
recorded_manuscript_upload_years,v3_self_regulation_and_selective_exposure_t,rpp.86,RPP,failed,True,24,17,21,30,replication_word_tokens,63,True,True,0,0,0.58536585365853655,0,0,0,0,0,0,0.033333333333333333,0.019607843137254902,0.41176470588235292,0.013725490196078431,0.013725490196078431,0,0,1,0,0.013725490196078431,0.013725490196078431,0,0.033333333333333333,0.019607843137254902,-0.0028933524629363942,0.016618842659014827
recorded_manuscript_upload_years,v3_self_regulation_and_selective_exposure_t,rpp.86,RPP,failed,True,24,17,21,30,lowercase_modal_tokens,63,True,True,0.11764705882352941,0.097560975609756101,0.58536585365853655,0.020086083213773313,0.06886657101865136,-0.04878048780487805,0.083333333333333329,2,2,0.066666666666666666,0.039215686274509803,0.41176470588235292,0.027450980392156862,0.027450980392156862,0,0,2,0,0.0073648971783835488,-0.041415590626494497,0.04878048780487805,-0.050980392156862744,-0.058345289335246291,-0.0087651559906602519,0.016130053169043802
recorded_manuscript_upload_years,v3_semantic_interference_in_a_delayed_namin,rpp.28,RPP,failed,True,58,45,17,18,epistemic_adverb_tokens,65,True,True,0.022222222222222223,0.0097087378640776691,0.56310679611650483,0.012513484358144552,0.012513484358144552,0,0,1,0,0,0,0.48571428571428571,0,0,0,0,0,0,-0.012513484358144552,-0.012513484358144552,0,-0.022222222222222223,-0.0097087378640776691,-0.00085991678224687932,-0.011653567575897673
recorded_manuscript_upload_years,v3_semantic_interference_in_a_delayed_namin,rpp.28,RPP,failed,True,58,45,17,18,replication_word_tokens,65,True,True,0.1111111111111111,0.087378640776699032,0.56310679611650483,0.023732470334412083,0.062567421790722763,-0.038834951456310676,0.068965517241379309,5,4,0,0,0.48571428571428571,0,0,0,0,0,0,-0.023732470334412083,-0.062567421790722763,0.038834951456310676,-0.1111111111111111,-0.087378640776699032,-0.0016308766559854609,-0.02210159367842662
recorded_manuscript_upload_years,v3_semantic_interference_in_a_delayed_namin,rpp.28,RPP,failed,True,58,45,17,18,lowercase_modal_tokens,65,True,True,0.044444444444444446,0.029126213592233011,0.56310679611650483,0.015318230852211435,0.025026968716289105,-0.0097087378640776691,0.017241379310344827,2,1,0.1111111111111111,0.057142857142857141,0.48571428571428571,0.053968253968253971,0.053968253968253971,0,0,2,0,0.038650023116042535,0.028941285251964863,0.0097087378640776691,0.066666666666666666,0.028016643550624134,-0.0053522406619159217,0.044002263777958454
recorded_manuscript_upload_years,v3_slow_to_anger_and_fast_to_forgive_cooper,ee.12,EERP,successful,True,64,30,124,61,epistemic_adverb_tokens,25,True,True,0,0,0.68085106382978722,0,0,0,0,0,0,0,0,0.67027027027027031,0,0,0,0,0,0,0,0,0,0,0,0,0
recorded_manuscript_upload_years,v3_slow_to_anger_and_fast_to_forgive_cooper,ee.12,EERP,successful,True,64,30,124,61,replication_word_tokens,25,True,True,0,0,0.68085106382978722,0,0,0,0,0,0,0,0.010810810810810811,0.67027027027027031,-0.010810810810810811,0,-0.010810810810810811,0.016129032258064516,0,2,-0.010810810810810811,0,-0.010810810810810811,0,0.010810810810810811,8.532898031868519e-05,-0.010896139791129496
recorded_manuscript_upload_years,v3_slow_to_anger_and_fast_to_forgive_cooper,ee.12,EERP,successful,True,64,30,124,61,lowercase_modal_tokens,25,True,True,0.033333333333333333,0.031914893617021274,0.68085106382978722,0.0014184397163120568,0.022695035460992909,-0.021276595744680851,0.03125,1,2,0.049180327868852458,0.021621621621621623,0.67027027027027031,0.027558706247230839,0.032964111652636241,-0.0054054054054054057,0.0080645161290322578,3,1,0.02614026653091878,0.010269076191643335,0.015871190339275445,0.015846994535519125,-0.010293271995399655,-0.00022854061798333093,0.02636880714890211
recorded_manuscript_upload_years,v3_terror_management_and_adults_attachment_,rpp.48,RPP,failed,True,10,43,16,69,epistemic_adverb_tokens,67,True,True,0.023255813953488372,0.018867924528301886,0.18867924528301888,0.0043878894251864857,0.0043878894251864857,0,0,1,0,0,0,0.18823529411764706,0,0,0,0,0,0,-0.0043878894251864857,-0.0043878894251864857,0,-0.023255813953488372,-0.018867924528301886,-5.1622228531605713e-06,-0.0043827272023333249
recorded_manuscript_upload_years,v3_terror_management_and_adults_attachment_,rpp.48,RPP,failed,True,10,43,16,69,replication_word_tokens,67,True,True,0,0,0.18867924528301888,0,0,0,0,0,0,0,0,0.18823529411764706,0,0,0,0,0,0,0,0,0,0,0,0,0
recorded_manuscript_upload_years,v3_terror_management_and_adults_attachment_,rpp.48,RPP,failed,True,10,43,16,69,lowercase_modal_tokens,67,True,True,0.093023255813953487,0.094339622641509441,0.18867924528301888,-0.0013163668275559457,0.017551557700745943,-0.018867924528301886,0.10000000000000001,4,1,0.10144927536231885,0.10588235294117647,0.18823529411764706,-0.0044330775788576299,0.019096334185848253,-0.023529411764705882,0.125,7,2,-0.0031167107513016845,0.0015447764851023111,-0.004661487236403996,0.008426019548365353,0.011542730299667037,6.7763526800727351e-06,-0.0031234871039817571
recorded_manuscript_upload_years,v3_thar_she_bursts_reducing_confusion_reduc,ee.16,EERP,successful,True,66,62,77,69,epistemic_adverb_tokens,68,True,True,0,0,0.515625,0,0,0,0,0,0,0,0,0.5273972602739726,0,0,0,0,0,0,0,0,0,0,0,0,0
recorded_manuscript_upload_years,v3_thar_she_bursts_reducing_confusion_reduc,ee.16,EERP,successful,True,66,62,77,69,replication_word_tokens,68,True,True,0,0.015625,0.515625,-0.015625,0,-0.015625,0.030303030303030304,0,2,0,0.0068493150684931503,0.5273972602739726,-0.0068493150684931503,0,-0.0068493150684931503,0.012987012987012988,0,1,0.0087756849315068497,0,0.0087756849315068497,0,-0.0087756849315068497,-0.00025481082844096541,0.0090304957599478142
recorded_manuscript_upload_years,v3_thar_she_bursts_reducing_confusion_reduc,ee.16,EERP,successful,True,66,62,77,69,lowercase_modal_tokens,68,True,True,0.11290322580645161,0.078125,0.515625,0.03477822580645161,0.05821572580645161,-0.0234375,0.045454545454545456,7,3,0.14492753623188406,0.089041095890410954,0.5273972602739726,0.055886440341473102,0.076434385546952546,-0.020547945205479451,0.03896103896103896,10,3,0.021108214535021486,0.018218659740500937,0.0028895547945205478,0.032024310425432446,0.010916095890410959,0.0010207443032161085,0.020087470231805377
recorded_manuscript_upload_years,v3_the_economics_of_credence_goods_an_exper,ee.8,EERP,successful,True,33,27,154,90,epistemic_adverb_tokens,70,True,True,0,0,0.55000000000000004,0,0,0,0,0,0,0,0.0081967213114754103,0.63114754098360659,-0.0081967213114754103,0,-0.0081967213114754103,0.012987012987012988,0,2,-0.0081967213114754103,0,-0.0081967213114754103,0,0.0081967213114754103,-0.00052693208430913349,-0.007669789227166276
recorded_manuscript_upload_years,v3_the_economics_of_credence_goods_an_exper,ee.8,EERP,successful,True,33,27,154,90,replication_word_tokens,70,True,True,0,0,0.55000000000000004,0,0,0,0,0,0,0,0,0.63114754098360659,0,0,0,0,0,0,0,0,0,0,0,0,0
recorded_manuscript_upload_years,v3_the_economics_of_credence_goods_an_exper,ee.8,EERP,successful,True,33,27,154,90,lowercase_modal_tokens,70,True,True,0.07407407407407407,0.066666666666666666,0.55000000000000004,0.0074074074074074077,0.040740740740740744,-0.033333333333333333,0.060606060606060608,2,2,0.15555555555555556,0.090163934426229511,0.63114754098360659,0.065391621129326047,0.098178506375227681,-0.032786885245901641,0.051948051948051951,14,8,0.057984213721918643,0.057437765634486944,0.00054644808743169399,0.081481481481481488,0.023497267759562842,0.0047501951600312257,0.053234018561887413
recorded_manuscript_upload_years,v3_the_effect_of_global_versus_local_proces,rpp.64,RPP,failed,True,41,67,24,32,epistemic_adverb_tokens,71,True,True,0,0,0.37962962962962965,0,0,0,0,0,0,0,0,0.42857142857142855,0,0,0,0,0,0,0,0,0,0,0,0,0
recorded_manuscript_upload_years,v3_the_effect_of_global_versus_local_proces,rpp.64,RPP,failed,True,41,67,24,32,replication_word_tokens,71,True,True,0,0,0.37962962962962965,0,0,0,0,0,0,0,0.035714285714285712,0.42857142857142855,-0.035714285714285712,0,-0.035714285714285712,0.083333333333333329,0,2,-0.035714285714285712,0,-0.035714285714285712,0,0.035714285714285712,-0.0020392416225749558,-0.033675044091710758
recorded_manuscript_upload_years,v3_the_effect_of_global_versus_local_proces,rpp.64,RPP,failed,True,41,67,24,32,lowercase_modal_tokens,71,True,True,0.22388059701492538,0.1388888888888889,0.37962962962962965,0.084991708126036486,0.084991708126036486,0,0,15,0,0.0625,0.035714285714285712,0.42857142857142855,0.026785714285714284,0.026785714285714284,0,0,2,0,-0.058205993840322198,-0.058205993840322198,0,-0.16138059701492538,-0.10317460317460317,0.0070079907999684122,-0.065213984640290615
recorded_manuscript_upload_years,v3_the_face_of_success_inferences_from_chie,rpp.82,RPP,failed,True,33,48,46,47,epistemic_adverb_tokens,73,True,True,0,0.012345679012345678,0.40740740740740738,-0.012345679012345678,0,-0.012345679012345678,0.030303030303030304,0,1,0,0,0.4946236559139785,0,0,0,0,0,0,0.012345679012345678,0,0.012345679012345678,0,-0.012345679012345678,-0.0013214583107056224,0.013667137323051302
recorded_manuscript_upload_years,v3_the_face_of_success_inferences_from_chie,rpp.82,RPP,failed,True,33,48,46,47,replication_word_tokens,73,True,True,0,0.012345679012345678,0.40740740740740738,-0.012345679012345678,0,-0.012345679012345678,0.030303030303030304,0,1,0,0,0.4946236559139785,0,0,0,0,0,0,0.012345679012345678,0,0.012345679012345678,0,-0.012345679012345678,-0.0013214583107056224,0.013667137323051302
recorded_manuscript_upload_years,v3_the_face_of_success_inferences_from_chie,rpp.82,RPP,failed,True,33,48,46,47,lowercase_modal_tokens,73,True,True,0.14583333333333334,0.12345679012345678,0.40740740740740738,0.022376543209876542,0.05941358024691358,-0.037037037037037035,0.090909090909090912,7,3,0.063829787234042548,0.053763440860215055,0.4946236559139785,0.010066346373827499,0.031571722717913524,-0.021505376344086023,0.043478260869565216,3,2,-0.012310196836049043,-0.02784185752900006,0.015531660692951015,-0.082003546099290781,-0.069693349263241736,0.0032826350786000851,-0.015592831914649129
recorded_manuscript_upload_years,v3_the_framing_of_decisions_and_the_psychol,ml1.2,ML1,successful,True,28,36,32,52,epistemic_adverb_tokens,26,True,True,0,0,0.4375,0,0,0,0,0,0,0,0.011904761904761904,0.38095238095238093,-0.011904761904761904,0,-0.011904761904761904,0.03125,0,1,-0.011904761904761904,0,-0.011904761904761904,0,0.011904761904761904,0.00088355654761904762,-0.012788318452380952
recorded_manuscript_upload_years,v3_the_framing_of_decisions_and_the_psychol,ml1.2,ML1,successful,True,28,36,32,52,replication_word_tokens,26,True,True,0,0.015625,0.4375,-0.015625,0,-0.015625,0.035714285714285712,0,1,0.019230769230769232,0.011904761904761904,0.38095238095238093,0.007326007326007326,0.007326007326007326,0,0,1,0,0.022951007326007328,0.007326007326007326,0.015625,0.019230769230769232,-0.003720238095238095,0.00046605180533751964,0.022484955520669807
recorded_manuscript_upload_years,v3_the_framing_of_decisions_and_the_psychol,ml1.2,ML1,successful,True,28,36,32,52,lowercase_modal_tokens,26,True,True,0.1111111111111111,0.0625,0.4375,0.048611111111111112,0.048611111111111112,0,0,4,0,0.076923076923076927,0.083333333333333329,0.38095238095238093,-0.00641025641025641,0.029304029304029304,-0.035714285714285712,0.09375,4,3,-0.05502136752136752,-0.019307081807081808,-0.035714285714285712,-0.034188034188034191,0.020833333333333332,-0.0026657731735856738,-0.05235559434778185
recorded_manuscript_upload_years,v3_the_lure_of_authority_motivation_and_inc,ee.10,EERP,successful,True,16,13,72,89,epistemic_adverb_tokens,75,True,True,0.076923076923076927,0.034482758620689655,0.55172413793103448,0.042440318302387266,0.042440318302387266,0,0,1,0,0.02247191011235955,0.012422360248447204,0.44720496894409939,0.010049549863912346,0.010049549863912346,0,0,2,0,-0.032390768438474923,-0.032390768438474923,0,-0.05445116681071737,-0.022060398372242451,-0.0051943407232055046,-0.027196427715269419
recorded_manuscript_upload_years,v3_the_lure_of_authority_motivation_and_inc,ee.10,EERP,successful,True,16,13,72,89,replication_word_tokens,75,True,True,0,0,0.55172413793103448,0,0,0,0,0,0,0.011235955056179775,0.012422360248447204,0.44720496894409939,-0.0011864051922674296,0.0050247749319561729,-0.0062111801242236021,0.013888888888888888,1,1,-0.0011864051922674296,0.0050247749319561729,-0.0062111801242236021,0.011235955056179775,0.012422360248447204,0.00013864121978604063,-0.0013250464120534704
recorded_manuscript_upload_years,v3_the_lure_of_authority_motivation_and_inc,ee.10,EERP,successful,True,16,13,72,89,lowercase_modal_tokens,75,True,True,0.15384615384615385,0.068965517241379309,0.55172413793103448,0.084880636604774531,0.084880636604774531,0,0,2,0,0.20224719101123595,0.15527950310559005,0.44720496894409939,0.046967687905645893,0.090445948775211116,-0.043478260869565216,0.097222222222222224,18,7,-0.037912948699128646,0.0055653121704365748,-0.043478260869565216,0.048401037165082109,0.086313985864210754,-0.01352849730627134,-0.024384451392857304
recorded_manuscript_upload_years,v3_the_nonverbal_expression_of_pride_eviden,rpp.69,RPP,successful,True,39,78,36,77,epistemic_adverb_tokens,76,True,True,0.02564102564102564,0.017094017094017096,0.33333333333333331,0.0085470085470085479,0.0085470085470085479,0,0,2,0,0.012987012987012988,0.0088495575221238937,0.31858407079646017,0.0041374554648890933,0.0041374554648890933,0,0,1,0,-0.0044095530821194537,-0.0044095530821194537,0,-0.012654012654012654,-0.0082444595718932003,-0.00028486754150470962,-0.0041246855406147443
recorded_manuscript_upload_years,v3_the_nonverbal_expression_of_pride_eviden,rpp.69,RPP,successful,True,39,78,36,77,replication_word_tokens,76,True,True,0.01282051282051282,0.017094017094017096,0.33333333333333331,-0.0042735042735042739,0.0042735042735042739,-0.0085470085470085479,0.02564102564102564,1,1,0,0,0.31858407079646017,0,0,0,0,0,0,0.0042735042735042739,-0.0042735042735042739,0.0085470085470085479,-0.01282051282051282,-0.017094017094017096,9.4546554723545879e-05,0.0041789577187807273
recorded_manuscript_upload_years,v3_the_nonverbal_expression_of_pride_eviden,rpp.69,RPP,successful,True,39,78,36,77,lowercase_modal_tokens,76,True,True,0.15384615384615385,0.10256410256410256,0.33333333333333331,0.05128205128205128,0.05128205128205128,0,0,12,0,0.025974025974025976,0.026548672566371681,0.31858407079646017,-0.00057464659234570737,0.0082749109297781866,-0.0088495575221238937,0.027777777777777776,2,1,-0.051856697874396993,-0.043007140352273099,-0.0088495575221238937,-0.12787212787212787,-0.076015429997730879,-0.0011212566522301036,-0.050735441222166888
recorded_manuscript_upload_years,v3_the_potential_of_social_identity_for_equ,ee.5,EERP,failed,True,57,35,138,100,epistemic_adverb_tokens,77,True,True,0,0.010869565217391304,0.61956521739130432,-0.010869565217391304,0,-0.010869565217391304,0.017543859649122806,0,1,0,0,0.57983193277310929,0,0,0,0,0,0,0.010869565217391304,0,0.010869565217391304,0,-0.010869565217391304,0.00034853758437013247,0.010521027633021172
recorded_manuscript_upload_years,v3_the_potential_of_social_identity_for_equ,ee.5,EERP,failed,True,57,35,138,100,replication_word_tokens,77,True,True,0,0,0.61956521739130432,0,0,0,0,0,0,0.02,0.042016806722689079,0.57983193277310929,-0.022016806722689075,0.011596638655462186,-0.033613445378151259,0.057971014492753624,2,8,-0.022016806722689075,0.011596638655462186,-0.033613445378151259,0.02,0.042016806722689079,0.00075435656304109549,-0.022771163285730173
recorded_manuscript_upload_years,v3_the_potential_of_social_identity_for_equ,ee.5,EERP,failed,True,57,35,138,100,lowercase_modal_tokens,77,True,True,0.11428571428571428,0.05434782608695652,0.61956521739130432,0.059937888198757762,0.070807453416149066,-0.010869565217391304,0.017543859649122806,4,1,0.089999999999999997,0.067226890756302518,0.57983193277310929,0.022773109243697479,0.052184873949579831,-0.029411764705882353,0.050724637681159424,9,7,-0.037164778955060283,-0.018622579466569235,-0.018542199488491048,-0.024285714285714285,0.012879064669346,-0.0027022053971324875,-0.034462573557927798
recorded_manuscript_upload_years,v3_the_representation_of_simple_ensemble_vi,rpp.122,RPP,successful,True,50,34,101,110,epistemic_adverb_tokens,78,True,True,0,0,0.59523809523809523,0,0,0,0,0,0,0.018181818181818181,0.014218009478672985,0.47867298578199052,0.0039638087031451958,0.0087031451960361914,-0.0047393364928909956,0.0099009900990099011,2,1,0.0039638087031451958,0.0087031451960361914,-0.0047393364928909956,0.018181818181818181,0.014218009478672985,-0.00048262781592986649,0.0044464365190750622
recorded_manuscript_upload_years,v3_the_representation_of_simple_ensemble_vi,rpp.122,RPP,successful,True,50,34,101,110,replication_word_tokens,78,True,True,0.029411764705882353,0.011904761904761904,0.59523809523809523,0.017507002801120448,0.017507002801120448,0,0,1,0,0,0,0.47867298578199052,0,0,0,0,0,0,-0.017507002801120448,-0.017507002801120448,0,-0.029411764705882353,-0.011904761904761904,-0.0017141927861191869,-0.015792810015001262
recorded_manuscript_upload_years,v3_the_representation_of_simple_ensemble_vi,rpp.122,RPP,successful,True,50,34,101,110,lowercase_modal_tokens,78,True,True,0.11764705882352941,0.083333333333333329,0.59523809523809523,0.034313725490196081,0.070028011204481794,-0.035714285714285712,0.059999999999999998,4,3,0.10000000000000001,0.066350710900473939,0.47867298578199052,0.033649289099526067,0.047867298578199054,-0.014218009478672985,0.029702970297029702,11,3,-0.00066443639067001209,-0.02216071262628274,0.021496276235612729,-0.017647058823529412,-0.0169826224328594,-0.0074569083416764952,0.0067924719510064832
recorded_manuscript_upload_years,v3_the_space_between_us_stereotype_threat_a,rpp.87,RPP,failed,True,21,38,54,94,epistemic_adverb_tokens,80,True,True,0.052631578947368418,0.033898305084745763,0.3559322033898305,0.018733273862622659,0.018733273862622659,0,0,2,0,0,0,0.36486486486486486,0,0,0,0,0,0,-0.018733273862622659,-0.018733273862622659,0,-0.052631578947368418,-0.033898305084745763,0.00023507003881669358,-0.018968343901439352
recorded_manuscript_upload_years,v3_the_space_between_us_stereotype_threat_a,rpp.87,RPP,failed,True,21,38,54,94,replication_word_tokens,80,True,True,0,0,0.3559322033898305,0,0,0,0,0,0,0,0,0.36486486486486486,0,0,0,0,0,0,0,0,0,0,0,0,0
recorded_manuscript_upload_years,v3_the_space_between_us_stereotype_threat_a,rpp.87,RPP,failed,True,21,38,54,94,lowercase_modal_tokens,80,True,True,0.13157894736842105,0.13559322033898305,0.3559322033898305,-0.0040142729705619981,0.046833184656556649,-0.050847457627118647,0.14285714285714285,5,3,0.15957446808510639,0.14864864864864866,0.36486486486486486,0.010925819436457734,0.058223116733755034,-0.0472972972972973,0.12962962962962962,15,7,0.014940092407019732,0.011389932077198385,0.0035501603298213466,0.027995520716685332,0.013055428309665598,8.3371401248676482e-05,0.014856721005771055
recorded_manuscript_upload_years,v3_the_stroop_effect_why_proportion_congrue,rpp.15,RPP,successful,True,67,90,121,177,epistemic_adverb_tokens,25,True,True,0,0,0.42675159235668791,0,0,0,0,0,0,0.016949152542372881,0.010067114093959731,0.40604026845637586,0.0068820384484131495,0.0068820384484131495,0,0,3,0,0.0068820384484131495,0.0068820384484131495,0,0.016949152542372881,0.010067114093959731,-0.00017551969407044119,0.0070575581424835911
recorded_manuscript_upload_years,v3_the_stroop_effect_why_proportion_congrue,rpp.15,RPP,successful,True,67,90,121,177,replication_word_tokens,25,True,True,0,0,0.42675159235668791,0,0,0,0,0,0,0.016949152542372881,0.016778523489932886,0.40604026845637586,0.00017062905243999546,0.0068820384484131495,-0.0067114093959731542,0.016528925619834711,3,2,0.00017062905243999546,0.0068820384484131495,-0.0067114093959731542,0.016949152542372881,0.016778523489932886,-4.3517279521596987e-06,0.00017498078039215515
recorded_manuscript_upload_years,v3_the_stroop_effect_why_proportion_congrue,rpp.15,RPP,successful,True,67,90,121,177,lowercase_modal_tokens,25,True,True,0.12222222222222222,0.10191082802547771,0.42675159235668791,0.020311394196744516,0.052158527954706296,-0.031847133757961783,0.074626865671641784,11,5,0.22033898305084745,0.16778523489932887,0.40604026845637586,0.052553748151518601,0.089466499829370952,-0.036912751677852351,0.090909090909090912,39,11,0.032242353954774081,0.037307971874664649,-0.0050656179198905653,0.098116760828625235,0.065874406873851155,-0.0018332136321001424,0.034075567586874224
recorded_manuscript_upload_years,v3_the_threat_of_appearing_prejudiced_and_r,rpp.129,RPP,failed,True,25,37,19,45,epistemic_adverb_tokens,33,True,True,0,0,0.40322580645161288,0,0,0,0,0,0,0.022222222222222223,0.015625,0.296875,0.0065972222222222222,0.0065972222222222222,0,0,1,0,0.0065972222222222222,0.0065972222222222222,0,0.022222222222222223,0.015625,-0.0011816756272401434,0.0077788978494623658
recorded_manuscript_upload_years,v3_the_threat_of_appearing_prejudiced_and_r,rpp.129,RPP,failed,True,25,37,19,45,replication_word_tokens,33,True,True,0,0,0.40322580645161288,0,0,0,0,0,0,0,0,0.296875,0,0,0,0,0,0,0,0,0,0,0,0,0
recorded_manuscript_upload_years,v3_the_threat_of_appearing_prejudiced_and_r,rpp.129,RPP,failed,True,25,37,19,45,lowercase_modal_tokens,33,True,True,0.13513513513513514,0.11290322580645161,0.40322580645161288,0.022231909328683522,0.054489973844812557,-0.032258064516129031,0.080000000000000002,5,2,0.28888888888888886,0.203125,0.296875,0.08576388888888889,0.08576388888888889,0,0,13,0,0.063531979560205371,0.031273915044076332,0.032258064516129031,0.15375375375375375,0.09022177419354839,-0.018293616196842003,0.08182559575704737
recorded_manuscript_upload_years,v3_the_ultimate_sampling_dilemma_in_experie,rpp.17,RPP,successful,True,9,10,14,21,epistemic_adverb_tokens,31,True,False,0,0,0.47368421052631576,0,0,0,0,0,0,0,0.028571428571428571,0.40000000000000002,-0.028571428571428571,0,-0.028571428571428571,0.071428571428571425,0,1,-0.028571428571428571,0,-0.028571428571428571,0,0.028571428571428571,0.002631578947368421,-0.031203007518796993
recorded_manuscript_upload_years,v3_the_ultimate_sampling_dilemma_in_experie,rpp.17,RPP,successful,True,9,10,14,21,replication_word_tokens,31,True,False,0,0,0.47368421052631576,0,0,0,0,0,0,0,0,0.40000000000000002,0,0,0,0,0,0,0,0,0,0,0,0,0
recorded_manuscript_upload_years,v3_the_ultimate_sampling_dilemma_in_experie,rpp.17,RPP,successful,True,9,10,14,21,lowercase_modal_tokens,31,True,False,0.10000000000000001,0.15789473684210525,0.47368421052631576,-0.057894736842105263,0.04736842105263158,-0.10526315789473684,0.22222222222222221,1,2,0.14285714285714285,0.11428571428571428,0.40000000000000002,0.028571428571428571,0.057142857142857141,-0.028571428571428571,0.071428571428571425,3,1,0.08646616541353383,0.0097744360902255641,0.076691729323308269,0.042857142857142858,-0.043609022556390979,0.0018713450292397662,0.08459482038429407
recorded_manuscript_upload_years,v3_toward_a_physiology_of_dual_process_reas,rpp.118,RPP,failed,True,42,65,47,73,epistemic_adverb_tokens,82,True,True,0,0,0.3925233644859813,0,0,0,0,0,0,0,0,0.39166666666666666,0,0,0,0,0,0,0,0,0,0,0,0,0
recorded_manuscript_upload_years,v3_toward_a_physiology_of_dual_process_reas,rpp.118,RPP,failed,True,42,65,47,73,replication_word_tokens,82,True,True,0.030769230769230771,0.037383177570093455,0.3925233644859813,-0.0066139468008626886,0.01207764198418404,-0.018691588785046728,0.047619047619047616,2,2,0.013698630136986301,0.016666666666666666,0.39166666666666666,-0.0029680365296803654,0.0053652968036529683,-0.0083333333333333332,0.021276595744680851,1,1,0.0036459102711823236,-0.0067123451805310725,0.010358255451713396,-0.017070600632244467,-0.020716510903426792,1.0463613981021238e-05,0.0036354466572013021
recorded_manuscript_upload_years,v3_toward_a_physiology_of_dual_process_reas,rpp.118,RPP,failed,True,42,65,47,73,lowercase_modal_tokens,82,True,True,0.12307692307692308,0.07476635514018691,0.3925233644859813,0.04831056793673616,0.04831056793673616,0,0,8,0,0.054794520547945202,0.041666666666666664,0.39166666666666666,0.013127853881278538,0.021461187214611873,-0.0083333333333333332,0.021276595744680851,4,1,-0.035182714055457621,-0.02684938072212429,-0.0083333333333333332,-0.068282402528977867,-0.033099688473520246,-6.7077232347432305e-05,-0.03511563682311019
recorded_manuscript_upload_years,v3_tracing_attention_and_the_activation_flo,rpp.1,RPP,failed,True,48,73,35,42,epistemic_adverb_tokens,83,True,True,0,0.0082644628099173556,0.39669421487603307,-0.0082644628099173556,0,-0.0082644628099173556,0.020833333333333332,0,1,0,0,0.45454545454545453,0,0,0,0,0,0,0.0082644628099173556,0,0.0082644628099173556,0,-0.0082644628099173556,-0.00060261707988980718,0.0088670798898071619
recorded_manuscript_upload_years,v3_tracing_attention_and_the_activation_flo,rpp.1,RPP,failed,True,48,73,35,42,replication_word_tokens,83,True,True,0.054794520547945202,0.033057851239669422,0.39669421487603307,0.021736669308275784,0.021736669308275784,0,0,4,0,0.071428571428571425,0.064935064935064929,0.45454545454545453,0.0064935064935064939,0.032467532467532464,-0.025974025974025976,0.057142857142857141,3,2,-0.015243162814769291,0.010730863159256683,-0.025974025974025976,0.016634050880626222,0.031877213695395513,0.0019981886108909768,-0.017241351425660266
recorded_manuscript_upload_years,v3_tracing_attention_and_the_activation_flo,rpp.1,RPP,failed,True,48,73,35,42,lowercase_modal_tokens,83,True,True,0.082191780821917804,0.066115702479338845,0.39669421487603307,0.016076078342578966,0.032605003962413677,-0.016528925619834711,0.041666666666666664,6,2,0.047619047619047616,0.03896103896103896,0.45454545454545453,0.008658008658008658,0.021645021645021644,-0.012987012987012988,0.028571428571428571,2,1,-0.0074180696845703069,-0.010959982317392031,0.0035419126328217238,-0.034572733202870187,-0.027154663518299881,0.0017231782331408733,-0.0091412479177111813
recorded_manuscript_upload_years,v3_walking_on_eggshells_how_expressing_rela,rpp.58,RPP,failed,True,3,11,10,15,epistemic_adverb_tokens,16,True,False,0.090909090909090912,0.071428571428571425,0.21428571428571427,0.01948051948051948,0.01948051948051948,0,0,1,0,0,0,0.40000000000000002,0,0,0,0,0,0,-0.01948051948051948,-0.01948051948051948,0,-0.090909090909090912,-0.071428571428571425,0.0084415584415584409,-0.027922077922077921
recorded_manuscript_upload_years,v3_walking_on_eggshells_how_expressing_rela,rpp.58,RPP,failed,True,3,11,10,15,replication_word_tokens,16,True,False,0,0,0.21428571428571427,0,0,0,0,0,0,0,0,0.40000000000000002,0,0,0,0,0,0,0,0,0,0,0,0,0
recorded_manuscript_upload_years,v3_walking_on_eggshells_how_expressing_rela,rpp.58,RPP,failed,True,3,11,10,15,lowercase_modal_tokens,16,True,False,0.27272727272727271,0.21428571428571427,0.21428571428571427,0.05844155844155844,0.05844155844155844,0,0,3,0,0.26666666666666666,0.20000000000000001,0.40000000000000002,0.066666666666666666,0.10666666666666667,-0.040000000000000001,0.10000000000000001,4,1,0.0082251082251082255,0.048225108225108226,-0.040000000000000001,-0.0060606060606060606,-0.014285714285714285,0.040800865800865803,-0.032575757575757577
recorded_manuscript_upload_years,v3_weight_as_an_embodiment_of_importance,ml3.10,ML3,failed,True,14,30,69,109,epistemic_adverb_tokens,84,True,True,0,0,0.31818181818181818,0,0,0,0,0,0,0.0091743119266055051,0.011235955056179775,0.38764044943820225,-0.0020616431295742707,0.0035563343985156167,-0.0056179775280898875,0.014492753623188406,1,1,-0.0020616431295742707,0.0035563343985156167,-0.0056179775280898875,0.0091743119266055051,0.011235955056179775,-0.0001847058403307647,-0.0018769372892435061
recorded_manuscript_upload_years,v3_weight_as_an_embodiment_of_importance,ml3.10,ML3,failed,True,14,30,69,109,replication_word_tokens,84,True,True,0.033333333333333333,0.022727272727272728,0.31818181818181818,0.010606060606060607,0.010606060606060607,0,0,1,0,0.01834862385321101,0.016853932584269662,0.38764044943820225,0.0014946912689413462,0.0071126687970312335,-0.0056179775280898875,0.014492753623188406,2,1,-0.009111369337119259,-0.0034933918090293723,-0.0056179775280898875,-0.014984709480122324,-0.0058733401430030646,0.0012915555885128721,-0.010402924925632133
recorded_manuscript_upload_years,v3_weight_as_an_embodiment_of_importance,ml3.10,ML3,failed,True,14,30,69,109,lowercase_modal_tokens,84,True,True,0.10000000000000001,0.068181818181818177,0.31818181818181818,0.031818181818181815,0.031818181818181815,0,0,3,0,0.11926605504587157,0.095505617977528087,0.38764044943820225,0.023760437068343469,0.046232347180703022,-0.02247191011235955,0.057971014492753624,13,4,-0.008057744749838348,0.014414165362521202,-0.02247191011235955,0.019266055045871561,0.027323799795709907,0.0056016663726312661,-0.013659411122469614
recorded_manuscript_upload_years,v3_when_does_between_sequence_phonological_,rpp.12,RPP,failed,True,5,24,19,50,epistemic_adverb_tokens,85,True,False,0,0,0.17241379310344829,0,0,0,0,0,0,0.059999999999999998,0.043478260869565216,0.27536231884057971,0.016521739130434782,0.016521739130434782,0,0,3,0,0.016521739130434782,0.016521739130434782,0,0.059999999999999998,0.043478260869565216,0.003088455772113943,0.013433283358320839
recorded_manuscript_upload_years,v3_when_does_between_sequence_phonological_,rpp.12,RPP,failed,True,5,24,19,50,replication_word_tokens,85,True,False,0,0,0.17241379310344829,0,0,0,0,0,0,0,0,0.27536231884057971,0,0,0,0,0,0,0,0,0,0,0,0,0
recorded_manuscript_upload_years,v3_when_does_between_sequence_phonological_,rpp.12,RPP,failed,True,5,24,19,50,lowercase_modal_tokens,85,True,False,0.083333333333333329,0.068965517241379309,0.17241379310344829,0.014367816091954023,0.014367816091954023,0,0,2,0,0.080000000000000002,0.11594202898550725,0.27536231884057971,-0.035942028985507246,0.022028985507246378,-0.057971014492753624,0.21052631578947367,4,4,-0.050309845077461272,0.0076611694152923541,-0.057971014492753624,-0.0033333333333333335,0.046976511744127938,-0.0024292239844989788,-0.047880621092962289
recorded_manuscript_upload_years,v3_where_do_we_look_during_potentially_offe,rpp.132,RPP,failed,True,4,17,3,15,epistemic_adverb_tokens,86,True,False,0.11764705882352941,0.095238095238095233,0.19047619047619047,0.022408963585434174,0.022408963585434174,0,0,2,0,0,0,0.16666666666666666,0,0,0,0,0,0,-0.022408963585434174,-0.022408963585434174,0,-0.11764705882352941,-0.095238095238095233,-0.0014005602240896359,-0.02100840336134454
recorded_manuscript_upload_years,v3_where_do_we_look_during_potentially_offe,rpp.132,RPP,failed,True,4,17,3,15,replication_word_tokens,86,True,False,0,0,0.19047619047619047,0,0,0,0,0,0,0,0,0.16666666666666666,0,0,0,0,0,0,0,0,0,0,0,0,0
recorded_manuscript_upload_years,v3_where_do_we_look_during_potentially_offe,rpp.132,RPP,failed,True,4,17,3,15,lowercase_modal_tokens,86,True,False,0.058823529411764705,0.047619047619047616,0.19047619047619047,0.011204481792717087,0.011204481792717087,0,0,1,0,0.53333333333333333,0.44444444444444442,0.16666666666666666,0.088888888888888892,0.088888888888888892,0,0,8,0,0.077684407096171804,0.077684407096171804,0,0.47450980392156861,0.3968253968253968,-0.0070494864612511672,0.084733893557422973
recorded_manuscript_upload_years,v3_why_do_implicit_and_explicit_attitude_te,rpp.44,RPP,successful,True,33,27,74,52,epistemic_adverb_tokens,87,True,True,0,0,0.55000000000000004,0,0,0,0,0,0,0,0,0.58730158730158732,0,0,0,0,0,0,0,0,0,0,0,0,0
recorded_manuscript_upload_years,v3_why_do_implicit_and_explicit_attitude_te,rpp.44,RPP,successful,True,33,27,74,52,replication_word_tokens,87,True,True,0,0,0.55000000000000004,0,0,0,0,0,0,0.019230769230769232,0.03968253968253968,0.58730158730158732,-0.020451770451770452,0.011294261294261294,-0.031746031746031744,0.054054054054054057,1,4,-0.020451770451770452,0.011294261294261294,-0.031746031746031744,0.019230769230769232,0.03968253968253968,-0.00064948189948189948,-0.019802288552288553
recorded_manuscript_upload_years,v3_why_do_implicit_and_explicit_attitude_te,rpp.44,RPP,successful,True,33,27,74,52,lowercase_modal_tokens,87,True,True,0.1111111111111111,0.066666666666666666,0.55000000000000004,0.044444444444444446,0.061111111111111109,-0.016666666666666666,0.030303030303030304,3,1,0.17307692307692307,0.12698412698412698,0.58730158730158732,0.046092796092796096,0.10164835164835165,-0.055555555555555552,0.0945945945945946,9,7,0.0016483516483516484,0.040537240537240539,-0.03888888888888889,0.061965811965811968,0.060317460317460318,0.0029708925542258876,-0.0013225409058742392
recorded_manuscript_upload_years,v3_why_people_are_reluctant_to_tempt_fate,rpp.68,RPP,failed,True,19,29,45,38,epistemic_adverb_tokens,88,True,True,0,0,0.39583333333333331,0,0,0,0,0,0,0,0,0.54216867469879515,0,0,0,0,0,0,0,0,0,0,0,0,0
recorded_manuscript_upload_years,v3_why_people_are_reluctant_to_tempt_fate,rpp.68,RPP,failed,True,19,29,45,38,replication_word_tokens,88,True,True,0.13793103448275862,0.125,0.39583333333333331,0.012931034482758621,0.05459770114942529,-0.041666666666666664,0.10526315789473684,4,2,0,0.14457831325301204,0.54216867469879515,-0.14457831325301204,0,-0.14457831325301204,0.26666666666666666,0,12,-0.15750934773577066,-0.05459770114942529,-0.10291164658634538,-0.13793103448275862,0.019578313253012049,-0.017121146412631773,-0.14038820132313889
recorded_manuscript_upload_years,v3_why_people_are_reluctant_to_tempt_fate,rpp.68,RPP,failed,True,19,29,45,38,lowercase_modal_tokens,88,True,True,0.20689655172413793,0.16666666666666666,0.39583333333333331,0.040229885057471264,0.081896551724137928,-0.041666666666666664,0.10526315789473684,6,2,0.026315789473684209,0.024096385542168676,0.54216867469879515,0.0022194039315155357,0.014267596702599873,-0.012048192771084338,0.022222222222222223,1,1,-0.038010481125955731,-0.067628955021538054,0.02961847389558233,-0.18058076225045372,-0.14257028112449799,0.0077357954706504988,-0.045746276596606225
recorded_manuscript_upload_years,v3_working_memory_costs_of_task_switching,rpp.3,RPP,failed,True,13,24,19,42,epistemic_adverb_tokens,89,True,True,0,0,0.35135135135135137,0,0,0,0,0,0,0,0,0.31147540983606559,0,0,0,0,0,0,0,0,0,0,0,0,0
recorded_manuscript_upload_years,v3_working_memory_costs_of_task_switching,rpp.3,RPP,failed,True,13,24,19,42,replication_word_tokens,89,True,True,0,0,0.35135135135135137,0,0,0,0,0,0,0,0,0.31147540983606559,0,0,0,0,0,0,0,0,0,0,0,0,0
recorded_manuscript_upload_years,v3_working_memory_costs_of_task_switching,rpp.3,RPP,failed,True,13,24,19,42,lowercase_modal_tokens,89,True,True,0.083333333333333329,0.054054054054054057,0.35135135135135137,0.029279279279279279,0.029279279279279279,0,0,2,0,0.21428571428571427,0.14754098360655737,0.31147540983606559,0.066744730679156913,0.066744730679156913,0,0,9,0,0.037465451399877628,0.037465451399877628,0,0.13095238095238096,0.093486929552503317,-0.0059339198683460975,0.043399371268223727
omit_event_year,v3_1_f_noise_and_effort_on_implicit_measure,rpp.63,RPP,failed,True,23,28,20,14,epistemic_adverb_tokens,1,True,True,0,0,0.45098039215686275,0,0,0,0,0,0,0.071428571428571425,0.029411764705882353,0.58823529411764708,0.042016806722689079,0.042016806722689079,0,0,1,0,0.042016806722689079,0.042016806722689079,0,0.071428571428571425,0.029411764705882353,0.0049019607843137254,0.03711484593837535
omit_event_year,v3_1_f_noise_and_effort_on_implicit_measure,rpp.63,RPP,failed,True,23,28,20,14,replication_word_tokens,1,True,True,0.071428571428571425,0.078431372549019607,0.45098039215686275,-0.0070028011204481795,0.032212885154061621,-0.039215686274509803,0.086956521739130432,2,2,0,0.14705882352941177,0.58823529411764708,-0.14705882352941177,0,-0.14705882352941177,0.25,0,5,-0.14005602240896359,-0.032212885154061621,-0.10784313725490197,-0.071428571428571425,0.068627450980392163,-0.018222506393861894,-0.12183351601510169
omit_event_year,v3_1_f_noise_and_effort_on_implicit_measure,rpp.63,RPP,failed,True,23,28,20,14,lowercase_modal_tokens,1,True,True,0.21428571428571427,0.17647058823529413,0.45098039215686275,0.037815126050420166,0.096638655462184878,-0.058823529411764705,0.13043478260869565,6,3,0,0,0.58823529411764708,0,0,0,0,0,0,-0.037815126050420166,-0.096638655462184878,0.058823529411764705,-0.21428571428571427,-0.17647058823529413,0.0057544757033248083,-0.043569601753744976
omit_event_year,v3_a_single_exposure_to_the_american_flag_s,ml1.12,ML1,failed,True,8,23,26,32,epistemic_adverb_tokens,4,True,False,0,0,0.25806451612903225,0,0,0,0,0,0,0,0.017241379310344827,0.44827586206896552,-0.017241379310344827,0,-0.017241379310344827,0.038461538461538464,0,1,-0.017241379310344827,0,-0.017241379310344827,0,0.017241379310344827,-0.0036579104988448703,-0.013583468811499957
omit_event_year,v3_a_single_exposure_to_the_american_flag_s,ml1.12,ML1,failed,True,8,23,26,32,replication_word_tokens,4,True,False,0,0,0.25806451612903225,0,0,0,0,0,0,0.0625,0.10344827586206896,0.44827586206896552,-0.040948275862068964,0.028017241379310345,-0.068965517241379309,0.15384615384615385,2,4,-0.040948275862068964,0.028017241379310345,-0.068965517241379309,0.0625,0.10344827586206896,-0.0086875374347565679,-0.032260738427312398
omit_event_year,v3_a_single_exposure_to_the_american_flag_s,ml1.12,ML1,failed,True,8,23,26,32,lowercase_modal_tokens,4,True,False,0.13043478260869565,0.096774193548387094,0.25806451612903225,0.033660589060308554,0.033660589060308554,0,0,3,0,0.25,0.15517241379310345,0.44827586206896552,0.094827586206896547,0.11206896551724138,-0.017241379310344827,0.038461538461538464,8,1,0.061166997146587999,0.078408376456932827,-0.017241379310344827,0.11956521739130435,0.058398220244716352,0.032523595522338085,0.028643401624249911
omit_event_year,v3_a_social_functional_approach_to_emotions,rpp.56,RPP,failed,True,26,35,24,48,epistemic_adverb_tokens,6,True,True,0,0,0.42622950819672129,0,0,0,0,0,0,0,0,0.33333333333333331,0,0,0,0,0,0,0,0,0,0,0,0,0
omit_event_year,v3_a_social_functional_approach_to_emotions,rpp.56,RPP,failed,True,26,35,24,48,replication_word_tokens,6,True,True,0,0,0.42622950819672129,0,0,0,0,0,0,0.020833333333333332,0.013888888888888888,0.33333333333333331,0.0069444444444444441,0.0069444444444444441,0,0,1,0,0.0069444444444444441,0.0069444444444444441,0,0.020833333333333332,0.013888888888888888,-0.00096766848816029147,0.0079121129326047354
omit_event_year,v3_a_social_functional_approach_to_emotions,rpp.56,RPP,failed,True,26,35,24,48,lowercase_modal_tokens,6,True,True,0.17142857142857143,0.11475409836065574,0.42622950819672129,0.05667447306791569,0.073067915690866514,-0.016393442622950821,0.038461538461538464,6,1,0.125,0.097222222222222224,0.33333333333333331,0.027777777777777776,0.041666666666666664,-0.013888888888888888,0.041666666666666664,6,1,-0.028896695290137914,-0.031401249024199843,0.0025045537340619307,-0.04642857142857143,-0.017531876138433516,-0.01004673832542685,-0.018849956964711062
omit_event_year,v3_accelerated_relearning_after_retrieval_i,rpp.4,RPP,failed,True,17,17,10,29,epistemic_adverb_tokens,8,True,True,0,0,0.5,0,0,0,0,0,0,0,0,0.25641025641025639,0,0,0,0,0,0,0,0,0,0,0,0,0
omit_event_year,v3_accelerated_relearning_after_retrieval_i,rpp.4,RPP,failed,True,17,17,10,29,replication_word_tokens,8,True,True,0.11764705882352941,0.088235294117647065,0.5,0.029411764705882353,0.058823529411764705,-0.029411764705882353,0.058823529411764705,2,1,0.068965517241379309,0.05128205128205128,0.25641025641025639,0.017683465959328029,0.017683465959328029,0,0,2,0,-0.011728298746554325,-0.041140063452436676,0.029411764705882353,-0.048681541582150101,-0.036953242835595777,-0.015564050553908566,0.0038357518073542413
omit_event_year,v3_accelerated_relearning_after_retrieval_i,rpp.4,RPP,failed,True,17,17,10,29,lowercase_modal_tokens,8,True,True,0.11764705882352941,0.088235294117647065,0.5,0.029411764705882353,0.058823529411764705,-0.029411764705882353,0.058823529411764705,2,1,0.20689655172413793,0.17948717948717949,0.25641025641025639,0.027409372236958444,0.053050397877984087,-0.02564102564102564,0.10000000000000001,6,1,-0.0020023924689239092,-0.0057731315337806212,0.003770739064856712,0.089249492900608518,0.091251885369532423,-0.020183856035783012,0.018181463566859103
omit_event_year,v3_action_dynamics_reveal_parallel_competit,rpp.112,RPP,successful,True,33,25,67,29,epistemic_adverb_tokens,10,True,True,0,0,0.56896551724137934,0,0,0,0,0,0,0,0,0.69791666666666663,0,0,0,0,0,0,0,0,0,0,0,0,0
omit_event_year,v3_action_dynamics_reveal_parallel_competit,rpp.112,RPP,successful,True,33,25,67,29,replication_word_tokens,10,True,True,0.040000000000000001,0.034482758620689655,0.56896551724137934,0.0055172413793103444,0.022758620689655173,-0.017241379310344827,0.030303030303030304,1,1,0.034482758620689655,0.010416666666666666,0.69791666666666663,0.024066091954022987,0.024066091954022987,0,0,1,0,0.018548850574712644,0.001307471264367816,0.017241379310344827,-0.0055172413793103444,-0.024066091954022987,0.0028485133739295453,0.0157003372007831
omit_event_year,v3_action_dynamics_reveal_parallel_competit,rpp.112,RPP,successful,True,33,25,67,29,lowercase_modal_tokens,10,True,True,0.20000000000000001,0.15517241379310345,0.56896551724137934,0.044827586206896551,0.11379310344827587,-0.068965517241379309,0.12121212121212122,5,4,0.10344827586206896,0.041666666666666664,0.69791666666666663,0.0617816091954023,0.072198275862068964,-0.010416666666666666,0.014925373134328358,3,1,0.016954022988505749,-0.041594827586206896,0.058548850574712645,-0.096551724137931033,-0.11350574712643678,0.010787458793841121,0.0061665641946646258
omit_event_year,v3_affective_incoherence_when_affective_con,rpp.52,RPP,failed,True,16,20,4,16,epistemic_adverb_tokens,11,True,False,0,0,0.44444444444444442,0,0,0,0,0,0,0,0,0.20000000000000001,0,0,0,0,0,0,0,0,0,0,0,0,0
omit_event_year,v3_affective_incoherence_when_affective_con,rpp.52,RPP,failed,True,16,20,4,16,replication_word_tokens,11,True,False,0.14999999999999999,0.083333333333333329,0.44444444444444442,0.066666666666666666,0.066666666666666666,0,0,3,0,0,0,0.20000000000000001,0,0,0,0,0,0,-0.066666666666666666,-0.066666666666666666,0,-0.14999999999999999,-0.083333333333333329,-0.018333333333333333,-0.048333333333333332
omit_event_year,v3_affective_incoherence_when_affective_con,rpp.52,RPP,failed,True,16,20,4,16,lowercase_modal_tokens,11,True,False,0.050000000000000003,0.027777777777777776,0.44444444444444442,0.022222222222222223,0.022222222222222223,0,0,1,0,0.0625,0.050000000000000003,0.20000000000000001,0.012500000000000001,0.012500000000000001,0,0,1,0,-0.0097222222222222224,-0.0097222222222222224,0,0.012500000000000001,0.022222222222222223,-0.01375,0.0040277777777777777
omit_event_year,v3_attractor_dynamics_and_semantic_neighbor,rpp.11,RPP,successful,True,24,22,19,31,epistemic_adverb_tokens,13,True,True,0,0,0.52173913043478259,0,0,0,0,0,0,0,0,0.38,0,0,0,0,0,0,0,0,0,0,0,0,0
omit_event_year,v3_attractor_dynamics_and_semantic_neighbor,rpp.11,RPP,successful,True,24,22,19,31,replication_word_tokens,13,True,True,0,0,0.52173913043478259,0,0,0,0,0,0,0,0,0.38,0,0,0,0,0,0,0,0,0,0,0,0,0
omit_event_year,v3_attractor_dynamics_and_semantic_neighbor,rpp.11,RPP,successful,True,24,22,19,31,lowercase_modal_tokens,13,True,True,0.090909090909090912,0.10869565217391304,0.52173913043478259,-0.017786561264822136,0.047430830039525688,-0.065217391304347824,0.125,2,3,0.064516129032258063,0.059999999999999998,0.38,0.0045161290322580649,0.024516129032258065,-0.02,0.052631578947368418,2,1,0.022302690297080197,-0.022914701007267627,0.045217391304347827,-0.026392961876832845,-0.048695652173913043,0.0015737550078179,0.020728935289262299
omit_event_year,v3_auditory_change_detection_simple_sounds_,rpp.139,RPP,successful,True,15,15,16,16,epistemic_adverb_tokens,14,True,True,0,0,0.5,0,0,0,0,0,0,0,0,0.5,0,0,0,0,0,0,0,0,0,0,0,0,0
omit_event_year,v3_auditory_change_detection_simple_sounds_,rpp.139,RPP,successful,True,15,15,16,16,replication_word_tokens,14,True,True,0,0,0.5,0,0,0,0,0,0,0,0.03125,0.5,-0.03125,0,-0.03125,0.0625,0,1,-0.03125,0,-0.03125,0,0.03125,0,-0.03125
omit_event_year,v3_auditory_change_detection_simple_sounds_,rpp.139,RPP,successful,True,15,15,16,16,lowercase_modal_tokens,14,True,True,0.20000000000000001,0.23333333333333334,0.5,-0.033333333333333333,0.10000000000000001,-0.13333333333333333,0.26666666666666666,3,4,0.25,0.21875,0.5,0.03125,0.125,-0.09375,0.1875,4,3,0.06458333333333334,0.025000000000000001,0.039583333333333331,0.050000000000000003,-0.014583333333333334,0,0.06458333333333334
omit_event_year,v3_availability_a_heuristic_for_judging_fre,ml3.4,ML3,successful,True,54,57,8,33,epistemic_adverb_tokens,15,True,False,0.035087719298245612,0.027027027027027029,0.48648648648648651,0.008060692271218587,0.017069701280227598,-0.0090090090090090089,0.018518518518518517,2,1,0,0,0.1951219512195122,0,0,0,0,0,0,-0.008060692271218587,-0.017069701280227598,0.0090090090090090089,-0.035087719298245612,-0.027027027027027029,-0.0024138387424651867,-0.0056468535287534007
omit_event_year,v3_availability_a_heuristic_for_judging_fre,ml3.4,ML3,successful,True,54,57,8,33,replication_word_tokens,15,True,False,0,0,0.48648648648648651,0,0,0,0,0,0,0,0,0.1951219512195122,0,0,0,0,0,0,0,0,0,0,0,0,0
omit_event_year,v3_availability_a_heuristic_for_judging_fre,ml3.4,ML3,successful,True,54,57,8,33,lowercase_modal_tokens,15,True,False,0.14035087719298245,0.14414414414414414,0.48648648648648651,-0.003793266951161688,0.068278805120910391,-0.072072072072072071,0.14814814814814814,8,8,0.060606060606060608,0.073170731707317069,0.1951219512195122,-0.012564671101256468,0.011825572801182557,-0.024390243902439025,0.125,2,1,-0.0087714041500947786,-0.056453232319727827,0.047681828169633046,-0.079744816586921854,-0.070973412436827074,0.010516979226863694,-0.019288383376958474
omit_event_year,v3_balancing_connectedness_and_self_protect,rpp.93,RPP,failed,True,35,93,44,77,epistemic_adverb_tokens,16,True,True,0.010752688172043012,0.0078125,0.2734375,0.0029401881720430107,0.0029401881720430107,0,0,1,0,0.012987012987012988,0.0082644628099173556,0.36363636363636365,0.0047225501770956314,0.0047225501770956314,0,0,1,0,0.0017823620050526209,0.0017823620050526209,0,0.0022343248149699763,0.00045196280991735538,0.0010706470338068578,0.00071171497124576308
omit_event_year,v3_balancing_connectedness_and_self_protect,rpp.93,RPP,failed,True,35,93,44,77,replication_word_tokens,16,True,True,0.010752688172043012,0.0078125,0.2734375,0.0029401881720430107,0.0029401881720430107,0,0,1,0,0,0,0.36363636363636365,0,0,0,0,0,0,-0.0029401881720430107,-0.0029401881720430107,0,-0.010752688172043012,-0.0078125,0.00048494012707722385,-0.0034251282991202346
omit_event_year,v3_balancing_connectedness_and_self_protect,rpp.93,RPP,failed,True,35,93,44,77,lowercase_modal_tokens,16,True,True,0.13978494623655913,0.1171875,0.2734375,0.022597446236559141,0.038222446236559141,-0.015625,0.057142857142857141,13,2,0.16883116883116883,0.1487603305785124,0.36363636363636365,0.020070838252656435,0.061393152302243209,-0.041322314049586778,0.11363636363636363,13,5,-0.0025266079839027051,0.023170706065684072,-0.025697314049586778,0.029046222594609691,0.031572830578512394,0.0062163656159944652,-0.0087429735998971695
omit_event_year,v3_cloningertextquotesingles_psychobiologic,ml3.8,ML3,failed,True,22,49,55,69,epistemic_adverb_tokens,17,True,True,0.020408163265306121,0.014084507042253521,0.30985915492957744,0.0063236562230526011,0.0063236562230526011,0,0,1,0,0.014492753623188406,0.0080645161290322578,0.44354838709677419,0.0064282374941561481,0.0064282374941561481,0,0,1,0,0.00010458127110354641,0.00010458127110354641,0,-0.0059154096421177166,-0.0060199909132212627,0.0023329383903769913,-0.0022283571192734447
omit_event_year,v3_cloningertextquotesingles_psychobiologic,ml3.8,ML3,failed,True,22,49,55,69,replication_word_tokens,17,True,True,0,0,0.30985915492957744,0,0,0,0,0,0,0.014492753623188406,0.0080645161290322578,0.44354838709677419,0.0064282374941561481,0.0064282374941561481,0,0,1,0,0.0064282374941561481,0.0064282374941561481,0,0.014492753623188406,0.0080645161290322578,0.00096876255193620818,0.0054594749422199398
omit_event_year,v3_cloningertextquotesingles_psychobiologic,ml3.8,ML3,failed,True,22,49,55,69,lowercase_modal_tokens,17,True,True,0.020408163265306121,0.014084507042253521,0.30985915492957744,0.0063236562230526011,0.0063236562230526011,0,0,1,0,0.057971014492753624,0.056451612903225805,0.44354838709677419,0.0015194015895278168,0.025712949976624593,-0.024193548387096774,0.054545454545454543,4,3,-0.0048042546335247847,0.019389293753571988,-0.024193548387096774,0.0375628512274475,0.042367105860972289,0.0015931560779893412,-0.0063974107115141255
omit_event_year,v3_conflict_triggered_goal_shielding_respon,rpp.158,RPP,successful,True,6,10,13,18,epistemic_adverb_tokens,18,True,False,0,0.0625,0.375,-0.0625,0,-0.0625,0.16666666666666666,0,1,0,0,0.41935483870967744,0,0,0,0,0,0,0.0625,0,0.0625,0,-0.0625,-0.0036962365591397851,0.066196236559139782
omit_event_year,v3_conflict_triggered_goal_shielding_respon,rpp.158,RPP,successful,True,6,10,13,18,replication_word_tokens,18,True,False,0,0,0.375,0,0,0,0,0,0,0.16666666666666666,0.096774193548387094,0.41935483870967744,0.069892473118279563,0.069892473118279563,0,0,3,0,0.069892473118279563,0.069892473118279563,0,0.16666666666666666,0.096774193548387094,0.0036962365591397851,0.066196236559139782
omit_event_year,v3_conflict_triggered_goal_shielding_respon,rpp.158,RPP,successful,True,6,10,13,18,lowercase_modal_tokens,18,True,False,0.20000000000000001,0.125,0.375,0.074999999999999997,0.074999999999999997,0,0,2,0,0.22222222222222221,0.16129032258064516,0.41935483870967744,0.06093189964157706,0.093189964157706098,-0.032258064516129031,0.076923076923076927,4,1,-0.014068100358422939,0.018189964157706094,-0.032258064516129031,0.022222222222222223,0.036290322580645164,0.0076578439481665289,-0.02172594430658947
omit_event_year,v3_decision_making_and_learning_while_takin,rpp.39,RPP,failed,True,46,24,88,29,epistemic_adverb_tokens,20,True,True,0,0,0.65714285714285714,0,0,0,0,0,0,0,0,0.75213675213675213,0,0,0,0,0,0,0,0,0,0,0,0,0
omit_event_year,v3_decision_making_and_learning_while_takin,rpp.39,RPP,failed,True,46,24,88,29,replication_word_tokens,20,True,True,0,0,0.65714285714285714,0,0,0,0,0,0,0,0,0.75213675213675213,0,0,0,0,0,0,0,0,0,0,0,0,0
omit_event_year,v3_decision_making_and_learning_while_takin,rpp.39,RPP,failed,True,46,24,88,29,lowercase_modal_tokens,20,True,True,0.041666666666666664,0.057142857142857141,0.65714285714285714,-0.015476190476190477,0.027380952380952381,-0.042857142857142858,0.065217391304347824,1,3,0.27586206896551724,0.12820512820512819,0.75213675213675213,0.14765694076038904,0.20748600058944885,-0.059829059829059832,0.079545454545454544,8,7,0.16313313123657952,0.18010504820849649,-0.016971916971916971,0.23419540229885058,0.07106227106227106,0.0082058523962571933,0.15492727884032231
omit_event_year,v3_effects_of_fluency_on_psychological_dist,rpp.104,RPP,failed,True,34,41,50,86,epistemic_adverb_tokens,22,True,True,0,0.013333333333333334,0.45333333333333331,-0.013333333333333334,0,-0.013333333333333334,0.029411764705882353,0,1,0,0,0.36764705882352944,0,0,0,0,0,0,0.013333333333333334,0,0.013333333333333334,0,-0.013333333333333334,0.0012600922722029988,0.012073241061130335
omit_event_year,v3_effects_of_fluency_on_psychological_dist,rpp.104,RPP,failed,True,34,41,50,86,replication_word_tokens,22,True,True,0,0,0.45333333333333331,0,0,0,0,0,0,0.058139534883720929,0.036764705882352942,0.36764705882352944,0.02137482900136799,0.02137482900136799,0,0,5,0,0.02137482900136799,0.02137482900136799,0,0.058139534883720929,0.036764705882352942,-0.0024908800729594163,0.023865709074327404
omit_event_year,v3_effects_of_fluency_on_psychological_dist,rpp.104,RPP,failed,True,34,41,50,86,lowercase_modal_tokens,22,True,True,0.097560975609756101,0.10666666666666667,0.45333333333333331,-0.0091056910569105691,0.044227642276422764,-0.053333333333333337,0.11764705882352941,4,4,0.10465116279069768,0.088235294117647065,0.36764705882352944,0.016415868673050615,0.038474692202462378,-0.022058823529411766,0.059999999999999998,9,3,0.025521559729961184,-0.0057529500739603836,0.031274509803921567,0.0070901871809415772,-0.018431372549019609,-0.0010524450759917593,0.026574004805952945
omit_event_year,v3_effects_of_need_for_cognition_on_message,ml3.7,ML3,failed,True,7,13,57,80,epistemic_adverb_tokens,23,True,False,0,0,0.34999999999999998,0,0,0,0,0,0,0,0,0.41605839416058393,0,0,0,0,0,0,0,0,0,0,0,0,0
omit_event_year,v3_effects_of_need_for_cognition_on_message,ml3.7,ML3,failed,True,7,13,57,80,replication_word_tokens,23,True,False,0,0,0.34999999999999998,0,0,0,0,0,0,0.025000000000000001,0.051094890510948905,0.41605839416058393,-0.026094890510948904,0.010401459854014599,-0.036496350364963501,0.08771929824561403,2,5,-0.026094890510948904,0.010401459854014599,-0.036496350364963501,0.025000000000000001,0.051094890510948905,-0.0020715680624919966,-0.02402332244845691
omit_event_year,v3_effects_of_need_for_cognition_on_message,ml3.7,ML3,failed,True,7,13,57,80,lowercase_modal_tokens,23,True,False,0,0,0.34999999999999998,0,0,0,0,0,0,0.074999999999999997,0.080291970802919707,0.41605839416058393,-0.0052919708029197082,0.031204379562043794,-0.036496350364963501,0.08771929824561403,6,5,-0.0052919708029197082,0.031204379562043794,-0.036496350364963501,0.074999999999999997,0.080291970802919707,-0.00042010820847739787,-0.0048718625944423099
omit_event_year,v3_elaboration_enhances_the_imagined_contac,ml1.14,ML1,successful,True,67,63,125,99,epistemic_adverb_tokens,24,True,True,0.015873015873015872,0.0076923076923076927,0.51538461538461533,0.0081807081807081811,0.0081807081807081811,0,0,1,0,0.020202020202020204,0.0089285714285714281,0.5580357142857143,0.011273448773448774,0.011273448773448774,0,0,2,0,0.0030927405927405928,0.0030927405927405928,0,0.004329004329004329,0.0012362637362637362,0.00076931996574853721,0.0023234206269920556
omit_event_year,v3_elaboration_enhances_the_imagined_contac,ml1.14,ML1,successful,True,67,63,125,99,replication_word_tokens,24,True,True,0.015873015873015872,0.015384615384615385,0.51538461538461533,0.0004884004884004884,0.0081807081807081811,-0.0076923076923076927,0.014925373134328358,1,1,0.010101010101010102,0.022321428571428572,0.5580357142857143,-0.01222041847041847,0.005636724386724387,-0.017857142857142856,0.032000000000000001,1,4,-0.012708818958818958,-0.0025439837939837942,-0.010164835164835165,-0.005772005772005772,0.0069368131868131865,-0.00044679898992265729,-0.012262019968896301
omit_event_year,v3_elaboration_enhances_the_imagined_contac,ml1.14,ML1,successful,True,67,63,125,99,lowercase_modal_tokens,24,True,True,0.063492063492063489,0.053846153846153849,0.51538461538461533,0.0096459096459096463,0.032722832722832725,-0.023076923076923078,0.044776119402985072,4,3,0.15151515151515152,0.10267857142857142,0.5580357142857143,0.048836580086580088,0.084550865800865807,-0.035714285714285712,0.064000000000000001,15,8,0.039190670440670441,0.051828033078033076,-0.012637362637362638,0.088023088023088017,0.048832417582417582,0.0022654364824940517,0.036925233958176387
omit_event_year,v3_expectations_as_endowments_evidence_on_r,ee.9,EERP,failed,True,22,25,72,44,epistemic_adverb_tokens,25,True,True,0,0,0.46808510638297873,0,0,0,0,0,0,0,0,0.62068965517241381,0,0,0,0,0,0,0,0,0,0,0,0,0
omit_event_year,v3_expectations_as_endowments_evidence_on_r,ee.9,EERP,failed,True,22,25,72,44,replication_word_tokens,25,True,True,0.040000000000000001,0.021276595744680851,0.46808510638297873,0.01872340425531915,0.01872340425531915,0,0,1,0,0.022727272727272728,0.0086206896551724137,0.62068965517241381,0.014106583072100314,0.014106583072100314,0,0,1,0,-0.0046168211832188352,-0.0046168211832188352,0,-0.017272727272727273,-0.012655906089508437,0.0047862335756686455,-0.0094030547588874816
omit_event_year,v3_expectations_as_endowments_evidence_on_r,ee.9,EERP,failed,True,22,25,72,44,lowercase_modal_tokens,25,True,True,0.23999999999999999,0.1702127659574468,0.46808510638297873,0.069787234042553187,0.11234042553191489,-0.042553191489361701,0.090909090909090912,6,2,0.11363636363636363,0.060344827586206899,0.62068965517241381,0.05329153605015674,0.070532915360501561,-0.017241379310344827,0.027777777777777776,5,2,-0.016495697992396453,-0.041807510171413327,0.025311812179016874,-0.12636363636363637,-0.10986793837123991,0.017927180832536666,-0.034422878824933119
omit_event_year,v3_experiments_in_wording_questions_ii,ml1.10,ML1,successful,True,27,21,16,22,epistemic_adverb_tokens,26,True,True,0,0.020833333333333332,0.5625,-0.020833333333333332,0,-0.020833333333333332,0.037037037037037035,0,1,0,0,0.42105263157894735,0,0,0,0,0,0,0.020833333333333332,0,0.020833333333333332,0,-0.020833333333333332,0.0026193957115009745,0.018213937621832359
omit_event_year,v3_experiments_in_wording_questions_ii,ml1.10,ML1,successful,True,27,21,16,22,replication_word_tokens,26,True,True,0,0,0.5625,0,0,0,0,0,0,0,0,0.42105263157894735,0,0,0,0,0,0,0,0,0,0,0,0,0
omit_event_year,v3_experiments_in_wording_questions_ii,ml1.10,ML1,successful,True,27,21,16,22,lowercase_modal_tokens,26,True,True,0.047619047619047616,0.0625,0.5625,-0.01488095238095238,0.026785714285714284,-0.041666666666666664,0.07407407407407407,1,2,0.090909090909090912,0.052631578947368418,0.42105263157894735,0.038277511961722487,0.038277511961722487,0,0,2,0,0.05315846434267487,0.011491797676008202,0.041666666666666664,0.043290043290043288,-0.0098684210526315784,-0.0045584289005341635,0.057716893243209035
omit_event_year,v3_happiness_and_time_preference_the_effect,ee.14,EERP,failed,True,34,30,56,82,epistemic_adverb_tokens,28,True,True,0,0,0.53125,0,0,0,0,0,0,0,0,0.40579710144927539,0,0,0,0,0,0,0,0,0,0,0,0,0
omit_event_year,v3_happiness_and_time_preference_the_effect,ee.14,EERP,failed,True,34,30,56,82,replication_word_tokens,28,True,True,0.10000000000000001,0.046875,0.53125,0.053124999999999999,0.053124999999999999,0,0,3,0,0,0.007246376811594203,0.40579710144927539,-0.007246376811594203,0,-0.007246376811594203,0.017857142857142856,0,1,-0.060371376811594206,-0.053124999999999999,-0.007246376811594203,-0.10000000000000001,-0.0396286231884058,-0.0051525297619047618,-0.055218847049689442
omit_event_year,v3_happiness_and_time_preference_the_effect,ee.14,EERP,failed,True,34,30,56,82,lowercase_modal_tokens,28,True,True,0.033333333333333333,0.03125,0.53125,0.0020833333333333333,0.017708333333333333,-0.015625,0.029411764705882353,1,1,0.085365853658536592,0.086956521739130432,0.40579710144927539,-0.0015906680805938495,0.034641215977377168,-0.036231884057971016,0.089285714285714288,7,5,-0.0036740014139271826,0.016932882644043832,-0.020606884057971016,0.052032520325203252,0.055706521739130432,-1.0713679250420564e-07,-0.0036738942771346785
omit_event_year,v3_head_up_foot_down_object_words_orient_at,rpp.167,RPP,failed,True,27,25,35,29,epistemic_adverb_tokens,29,True,True,0,0,0.51923076923076927,0,0,0,0,0,0,0,0,0.546875,0,0,0,0,0,0,0,0,0,0,0,0,0
omit_event_year,v3_head_up_foot_down_object_words_orient_at,rpp.167,RPP,failed,True,27,25,35,29,replication_word_tokens,29,True,True,0.040000000000000001,0.038461538461538464,0.51923076923076927,0.0015384615384615385,0.020769230769230769,-0.019230769230769232,0.037037037037037035,1,1,0.068965517241379309,0.046875,0.546875,0.022090517241379309,0.037715517241379309,-0.015625,0.028571428571428571,2,1,0.020552055702917772,0.01694628647214854,0.003605769230769231,0.028965517241379312,0.0084134615384615381,0.00059928617040686004,0.019952769532510913
omit_event_year,v3_head_up_foot_down_object_words_orient_at,rpp.167,RPP,failed,True,27,25,35,29,lowercase_modal_tokens,29,True,True,0.23999999999999999,0.17307692307692307,0.51923076923076927,0.066923076923076918,0.12461538461538461,-0.057692307692307696,0.1111111111111111,6,3,0,0.0625,0.546875,-0.0625,0,-0.0625,0.11428571428571428,0,4,-0.12942307692307692,-0.12461538461538461,-0.004807692307692308,-0.23999999999999999,-0.11057692307692307,0.00020184676434676434,-0.12962492368742368
omit_event_year,v3_hedonic_and_instrumental_motives_in_ange,rpp.142,RPP,successful,True,17,39,42,86,epistemic_adverb_tokens,30,True,True,0,0,0.30357142857142855,0,0,0,0,0,0,0,0,0.328125,0,0,0,0,0,0,0,0,0,0,0,0,0
omit_event_year,v3_hedonic_and_instrumental_motives_in_ange,rpp.142,RPP,successful,True,17,39,42,86,replication_word_tokens,30,True,True,0,0,0.30357142857142855,0,0,0,0,0,0,0.023255813953488372,0.015625,0.328125,0.0076308139534883718,0.0076308139534883718,0,0,2,0,0.0076308139534883718,0.0076308139534883718,0,0.023255813953488372,0.015625,0.00028550664451827245,0.0073453073089701001
omit_event_year,v3_hedonic_and_instrumental_motives_in_ange,rpp.142,RPP,successful,True,17,39,42,86,lowercase_modal_tokens,30,True,True,0.076923076923076927,0.089285714285714288,0.30357142857142855,-0.012362637362637362,0.023351648351648352,-0.035714285714285712,0.11764705882352941,3,2,0.22093023255813954,0.171875,0.328125,0.049055232558139532,0.072492732558139539,-0.0234375,0.071428571428571425,19,3,0.061417869920776899,0.04914108420649118,0.012276785714285714,0.14400715563506261,0.082589285714285712,0.0013354402583931604,0.060082429662383738
omit_event_year,v3_how_does_bilingualism_improve_executive_,rpp.22,RPP,failed,True,82,95,48,75,epistemic_adverb_tokens,31,True,True,0.010526315789473684,0.0056497175141242938,0.4632768361581921,0.0048765982753493902,0.0048765982753493902,0,0,1,0,0,0,0.3902439024390244,0,0,0,0,0,0,-0.0048765982753493902,-0.0048765982753493902,0,-0.010526315789473684,-0.0056497175141242938,-0.00038438386167983,-0.00449221441366956
omit_event_year,v3_how_does_bilingualism_improve_executive_,rpp.22,RPP,failed,True,82,95,48,75,replication_word_tokens,31,True,True,0.094736842105263161,0.067796610169491525,0.4632768361581921,0.026940231935771632,0.043889384478144514,-0.016949152542372881,0.036585365853658534,9,3,0.013333333333333334,0.04065040650406504,0.3902439024390244,-0.027317073170731707,0.0052032520325203252,-0.032520325203252036,0.083333333333333329,1,4,-0.05425730510650334,-0.038686132445624188,-0.015571172660879151,-0.081403508771929825,-0.027146203665426485,0.00043266622479327206,-0.054689971331296612
omit_event_year,v3_how_does_bilingualism_improve_executive_,rpp.22,RPP,failed,True,82,95,48,75,lowercase_modal_tokens,31,True,True,0.14736842105263157,0.11864406779661017,0.4632768361581921,0.02872435325602141,0.068272375854891459,-0.03954802259887006,0.085365853658536592,14,7,0.22666666666666666,0.17886178861788618,0.3902439024390244,0.047804878048780489,0.088455284552845528,-0.04065040650406504,0.10416666666666667,17,5,0.019080524792759079,0.020182908697954062,-0.0011023839051949843,0.07929824561403509,0.060217720821276008,-0.0067373818877546057,0.025817906680513685
omit_event_year,v3_how_the_head_liberates_the_heart_project,rpp.59,RPP,successful,True,11,31,8,50,epistemic_adverb_tokens,16,True,False,0,0,0.26190476190476192,0,0,0,0,0,0,0.02,0.017241379310344827,0.13793103448275862,0.0027586206896551722,0.0027586206896551722,0,0,1,0,0.0027586206896551722,0.0027586206896551722,0,0.02,0.017241379310344827,-0.0012397372742200328,0.0039983579638752055
omit_event_year,v3_how_the_head_liberates_the_heart_project,rpp.59,RPP,successful,True,11,31,8,50,replication_word_tokens,16,True,False,0,0,0.26190476190476192,0,0,0,0,0,0,0,0,0.13793103448275862,0,0,0,0,0,0,0,0,0,0,0,0,0
omit_event_year,v3_how_the_head_liberates_the_heart_project,rpp.59,RPP,successful,True,11,31,8,50,lowercase_modal_tokens,16,True,False,0.064516129032258063,0.071428571428571425,0.26190476190476192,-0.0069124423963133645,0.016897081413210446,-0.023809523809523808,0.090909090909090912,2,1,0.20000000000000001,0.17241379310344829,0.13793103448275862,0.027586206896551724,0.027586206896551724,0,0,10,0,0.034498649292865086,0.010689125483341279,0.023809523809523808,0.13548387096774195,0.10098522167487685,-0.01076135581141143,0.045260005104276517
omit_event_year,v3_imperfect_public_monitoring_with_costly_,ee.2,EERP,successful,True,25,25,47,45,epistemic_adverb_tokens,25,True,True,0,0,0.5,0,0,0,0,0,0,0.044444444444444446,0.021739130434782608,0.51086956521739135,0.022705314009661835,0.022705314009661835,0,0,2,0,0.022705314009661835,0.022705314009661835,0,0.044444444444444446,0.021739130434782608,0.00024154589371980676,0.022463768115942029
omit_event_year,v3_imperfect_public_monitoring_with_costly_,ee.2,EERP,successful,True,25,25,47,45,replication_word_tokens,25,True,True,0,0,0.5,0,0,0,0,0,0,0.022222222222222223,0.076086956521739135,0.51086956521739135,-0.053864734299516909,0.011352657004830917,-0.065217391304347824,0.1276595744680851,1,6,-0.053864734299516909,0.011352657004830917,-0.065217391304347824,0.022222222222222223,0.076086956521739135,-0.00057302908829273312,-0.053291705211224172
omit_event_year,v3_imperfect_public_monitoring_with_costly_,ee.2,EERP,successful,True,25,25,47,45,lowercase_modal_tokens,25,True,True,0.12,0.10000000000000001,0.5,0.02,0.059999999999999998,-0.040000000000000001,0.080000000000000002,3,2,0.20000000000000001,0.14130434782608695,0.51086956521739135,0.058695652173913045,0.10217391304347827,-0.043478260869565216,0.085106382978723402,9,4,0.038695652173913041,0.042173913043478263,-0.0034782608695652175,0.080000000000000002,0.041304347826086954,0.00084181313598519886,0.037853839037927842
omit_event_year,v3_increasing_and_decreasing_motor_and_cogn,rpp.49,RPP,failed,True,66,98,49,38,epistemic_adverb_tokens,32,True,True,0.030612244897959183,0.018292682926829267,0.40243902439024393,0.012319561971129916,0.012319561971129916,0,0,3,0,0,0,0.56321839080459768,0,0,0,0,0,0,-0.012319561971129916,-0.012319561971129916,0,-0.030612244897959183,-0.018292682926829267,0.0024609086696074562,-0.014780470640737372
omit_event_year,v3_increasing_and_decreasing_motor_and_cogn,rpp.49,RPP,failed,True,66,98,49,38,replication_word_tokens,32,True,True,0,0,0.40243902439024393,0,0,0,0,0,0,0.052631578947368418,0.080459770114942528,0.56321839080459768,-0.027828191167574106,0.029643073200241985,-0.057471264367816091,0.10204081632653061,2,5,-0.027828191167574106,0.029643073200241985,-0.057471264367816091,0.052631578947368418,0.080459770114942528,-0.0039719929404190522,-0.023856198227155057
omit_event_year,v3_increasing_and_decreasing_motor_and_cogn,rpp.49,RPP,failed,True,66,98,49,38,lowercase_modal_tokens,32,True,True,0.12244897959183673,0.097560975609756101,0.40243902439024393,0.024888003982080638,0.049278247884519663,-0.024390243902439025,0.060606060606060608,12,4,0.052631578947368418,0.080459770114942528,0.56321839080459768,-0.027828191167574106,0.029643073200241985,-0.057471264367816091,0.10204081632653061,2,5,-0.052716195149654747,-0.019635174684277678,-0.033081020465377066,-0.069817400644468314,-0.01710120549481357,0.00099953972545459681,-0.05371573487510934
omit_event_year,v3_individual_differences_in_the_regulation,rpp.53,RPP,failed,True,17,44,16,24,epistemic_adverb_tokens,33,True,True,0,0,0.27868852459016391,0,0,0,0,0,0,0.041666666666666664,0.025000000000000001,0.40000000000000002,0.016666666666666666,0.016666666666666666,0,0,1,0,0.016666666666666666,0.016666666666666666,0,0.041666666666666664,0.025000000000000001,0.0025273224043715846,0.014139344262295081
omit_event_year,v3_individual_differences_in_the_regulation,rpp.53,RPP,failed,True,17,44,16,24,replication_word_tokens,33,True,True,0.022727272727272728,0.016393442622950821,0.27868852459016391,0.0063338301043219074,0.0063338301043219074,0,0,1,0,0.041666666666666664,0.050000000000000003,0.40000000000000002,-0.0083333333333333332,0.016666666666666666,-0.025000000000000001,0.0625,1,1,-0.014667163437655241,0.010332836562344759,-0.025000000000000001,0.01893939393939394,0.033606557377049179,0.0001148782911077993,-0.01478204172876304
omit_event_year,v3_individual_differences_in_the_regulation,rpp.53,RPP,failed,True,17,44,16,24,lowercase_modal_tokens,33,True,True,0.20454545454545456,0.18032786885245902,0.27868852459016391,0.024217585692995529,0.05700447093889717,-0.032786885245901641,0.11764705882352941,9,2,0.375,0.22500000000000001,0.40000000000000002,0.14999999999999999,0.14999999999999999,0,0,9,0,0.12578241430700446,0.092995529061102838,0.032786885245901641,0.17045454545454544,0.044672131147540983,0.028016787937231523,0.097765626369772943
omit_event_year,v3_it_feels_like_yesterday_self_esteem_vale,ml3.3,ML3,failed,True,67,118,46,87,epistemic_adverb_tokens,37,True,True,0,0.0054054054054054057,0.36216216216216218,-0.0054054054054054057,0,-0.0054054054054054057,0.014925373134328358,0,1,0.022988505747126436,0.015037593984962405,0.34586466165413532,0.0079509117621640313,0.0079509117621640313,0,0,2,0,0.013356317167569437,0.0079509117621640313,0.0054054054054054057,0.022988505747126436,0.0096321885795570012,-6.5704453926682165e-05,0.013422021621496118
omit_event_year,v3_it_feels_like_yesterday_self_esteem_vale,ml3.3,ML3,failed,True,67,118,46,87,replication_word_tokens,37,True,True,0,0,0.36216216216216218,0,0,0,0,0,0,0,0,0.34586466165413532,0,0,0,0,0,0,0,0,0,0,0,0,0
omit_event_year,v3_it_feels_like_yesterday_self_esteem_vale,ml3.3,ML3,failed,True,67,118,46,87,lowercase_modal_tokens,37,True,True,0.15254237288135594,0.15675675675675677,0.36216216216216218,-0.0042143838754008242,0.055245075584058632,-0.059459459459459463,0.16417910447761194,18,11,0.11494252873563218,0.097744360902255634,0.34586466165413532,0.017198167833376545,0.039754558810820156,-0.022556390977443608,0.065217391304347824,10,3,0.021412551708777369,-0.015490516773238481,0.036903068482015848,-0.037599844145723746,-0.059012395854501118,-0.00031037290672315316,0.021722924615500523
omit_event_year,v3_last_place_aversion_evidence_and_redistr,ee.18,EERP,failed,True,11,17,70,150,epistemic_adverb_tokens,25,True,True,0,0,0.39285714285714285,0,0,0,0,0,0,0.0066666666666666671,0.0045454545454545452,0.31818181818181818,0.0021212121212121214,0.0021212121212121214,0,0,1,0,0.0021212121212121214,0.0021212121212121214,0,0.0066666666666666671,0.0045454545454545452,-0.00024891774891774892,0.00237012987012987
omit_event_year,v3_last_place_aversion_evidence_and_redistr,ee.18,EERP,failed,True,11,17,70,150,replication_word_tokens,25,True,True,0,0,0.39285714285714285,0,0,0,0,0,0,0,0.013636363636363636,0.31818181818181818,-0.013636363636363636,0,-0.013636363636363636,0.042857142857142858,0,3,-0.013636363636363636,0,-0.013636363636363636,0,0.013636363636363636,0.0016001855287569573,-0.015236549165120595
omit_event_year,v3_last_place_aversion_evidence_and_redistr,ee.18,EERP,failed,True,11,17,70,150,lowercase_modal_tokens,25,True,True,0.17647058823529413,0.25,0.39285714285714285,-0.073529411764705885,0.069327731092436978,-0.14285714285714285,0.36363636363636365,3,4,0.23333333333333334,0.18181818181818182,0.31818181818181818,0.051515151515151514,0.074242424242424249,-0.022727272727272728,0.071428571428571425,35,5,0.12504456327985738,0.0049146931499872678,0.12012987012987013,0.056862745098039215,-0.068181818181818177,0.00094318719223226478,0.12410137608762513
omit_event_year,v3_left_frontal_cortical_activation_and_spr,rpp.55,RPP,failed,True,13,25,21,34,epistemic_adverb_tokens,31,True,True,0,0,0.34210526315789475,0,0,0,0,0,0,0,0,0.38181818181818183,0,0,0,0,0,0,0,0,0,0,0,0,0
omit_event_year,v3_left_frontal_cortical_activation_and_spr,rpp.55,RPP,failed,True,13,25,21,34,replication_word_tokens,31,True,True,0,0.026315789473684209,0.34210526315789475,-0.026315789473684209,0,-0.026315789473684209,0.076923076923076927,0,1,0.029411764705882353,0.018181818181818181,0.38181818181818183,0.011229946524064172,0.011229946524064172,0,0,1,0,0.037545735997748381,0.011229946524064172,0.026315789473684209,0.029411764705882353,-0.0081339712918660281,-0.00094340643876247594,0.038489142436510859
omit_event_year,v3_left_frontal_cortical_activation_and_spr,rpp.55,RPP,failed,True,13,25,21,34,lowercase_modal_tokens,31,True,True,0.080000000000000002,0.052631578947368418,0.34210526315789475,0.02736842105263158,0.02736842105263158,0,0,2,0,0.029411764705882353,0.018181818181818181,0.38181818181818183,0.011229946524064172,0.011229946524064172,0,0,1,0,-0.016138474528567408,-0.016138474528567408,0,-0.050588235294117649,-0.034449760765550237,0.0021725302561215873,-0.018311004784688997
omit_event_year,v3_measuring_the_crowd_within_probabilistic,rpp.116,RPP,successful,True,38,32,66,54,epistemic_adverb_tokens,41,True,True,0,0,0.54285714285714282,0,0,0,0,0,0,0,0.0083333333333333332,0.55000000000000004,-0.0083333333333333332,0,-0.0083333333333333332,0.015151515151515152,0,1,-0.0083333333333333332,0,-0.0083333333333333332,0,0.0083333333333333332,-5.4112554112554113e-05,-0.0082792207792207785
omit_event_year,v3_measuring_the_crowd_within_probabilistic,rpp.116,RPP,successful,True,38,32,66,54,replication_word_tokens,41,True,True,0.09375,0.10000000000000001,0.54285714285714282,-0.0062500000000000003,0.050892857142857142,-0.057142857142857141,0.10526315789473684,3,4,0,0,0.55000000000000004,0,0,0,0,0,0,0.0062500000000000003,-0.050892857142857142,0.057142857142857141,-0.09375,-0.10000000000000001,-4.1118421052631578e-05,0.0062911184210526312
omit_event_year,v3_measuring_the_crowd_within_probabilistic,rpp.116,RPP,successful,True,38,32,66,54,lowercase_modal_tokens,41,True,True,0.125,0.085714285714285715,0.54285714285714282,0.039285714285714285,0.067857142857142852,-0.028571428571428571,0.052631578947368418,4,2,0.12962962962962962,0.10000000000000001,0.55000000000000004,0.029629629629629631,0.071296296296296302,-0.041666666666666664,0.07575757575757576,7,5,-0.0096560846560846559,0.0034391534391534392,-0.013095238095238096,0.0046296296296296294,0.014285714285714285,0.00045085883901673375,-0.010106943495101391
omit_event_year,v3_multidimensional_visual_statistical_lear,rpp.29,RPP,successful,True,28,22,35,20,epistemic_adverb_tokens,31,True,True,0,0,0.56000000000000005,0,0,0,0,0,0,0,0,0.63636363636363635,0,0,0,0,0,0,0,0,0,0,0,0,0
omit_event_year,v3_multidimensional_visual_statistical_lear,rpp.29,RPP,successful,True,28,22,35,20,replication_word_tokens,31,True,True,0,0,0.56000000000000005,0,0,0,0,0,0,0.10000000000000001,0.036363636363636362,0.63636363636363635,0.06363636363636363,0.06363636363636363,0,0,2,0,0.06363636363636363,0.06363636363636363,0,0.10000000000000001,0.036363636363636362,0.0038181818181818182,0.059818181818181819
omit_event_year,v3_multidimensional_visual_statistical_lear,rpp.29,RPP,successful,True,28,22,35,20,lowercase_modal_tokens,31,True,True,0.090909090909090912,0.10000000000000001,0.56000000000000005,-0.0090909090909090905,0.050909090909090911,-0.059999999999999998,0.10714285714285714,2,3,0.20000000000000001,0.16363636363636364,0.63636363636363635,0.036363636363636362,0.12727272727272726,-0.090909090909090912,0.14285714285714285,4,5,0.045454545454545456,0.07636363636363637,-0.03090909090909091,0.10909090909090909,0.06363636363636363,0.0015619834710743801,0.043892561983471072
omit_event_year,v3_multiple_roles_for_time_in_short_term_me,rpp.33,RPP,successful,True,82,62,45,48,epistemic_adverb_tokens,45,True,True,0,0,0.56944444444444442,0,0,0,0,0,0,0,0,0.4838709677419355,0,0,0,0,0,0,0,0,0,0,0,0,0
omit_event_year,v3_multiple_roles_for_time_in_short_term_me,rpp.33,RPP,successful,True,82,62,45,48,replication_word_tokens,45,True,True,0.016129032258064516,0.013888888888888888,0.56944444444444442,0.0022401433691756271,0.0091845878136200716,-0.0069444444444444441,0.012195121951219513,1,1,0.041666666666666664,0.021505376344086023,0.4838709677419355,0.020161290322580645,0.020161290322580645,0,0,2,0,0.017921146953405017,0.010976702508960573,0.0069444444444444441,0.025537634408602152,0.0076164874551971325,-0.0019510999556318837,0.019872246909036901
omit_event_year,v3_multiple_roles_for_time_in_short_term_me,rpp.33,RPP,successful,True,82,62,45,48,lowercase_modal_tokens,45,True,True,0.064516129032258063,0.041666666666666664,0.56944444444444442,0.022849462365591398,0.036738351254480286,-0.013888888888888888,0.024390243902439025,4,2,0.0625,0.053763440860215055,0.4838709677419355,0.0087365591397849454,0.030241935483870969,-0.021505376344086023,0.044444444444444446,3,2,-0.014112903225806451,-0.0064964157706093187,-0.0076164874551971325,-0.0020161290322580645,0.012096774193548387,-0.0024893940795041548,-0.011623509146302297
omit_event_year,v3_not_so_innocent_does_seeing_one_s_own_ca,rpp.65,RPP,failed,True,22,53,25,42,epistemic_adverb_tokens,46,True,True,0.018867924528301886,0.013333333333333334,0.29333333333333333,0.0055345911949685536,0.0055345911949685536,0,0,1,0,0,0,0.37313432835820898,0,0,0,0,0,0,-0.0055345911949685536,-0.0055345911949685536,0,-0.018867924528301886,-0.013333333333333334,0.00075283957570637379,-0.0062874307706749276
omit_event_year,v3_not_so_innocent_does_seeing_one_s_own_ca,rpp.65,RPP,failed,True,22,53,25,42,replication_word_tokens,46,True,True,0.056603773584905662,0.040000000000000001,0.29333333333333333,0.016603773584905661,0.016603773584905661,0,0,3,0,0,0.014925373134328358,0.37313432835820898,-0.014925373134328358,0,-0.014925373134328358,0.040000000000000001,0,1,-0.031529146719234021,-0.016603773584905661,-0.014925373134328358,-0.056603773584905662,-0.025074626865671641,0.00066249882662160892,-0.032191645545855629
omit_event_year,v3_not_so_innocent_does_seeing_one_s_own_ca,rpp.65,RPP,failed,True,22,53,25,42,lowercase_modal_tokens,46,True,True,0.20754716981132076,0.16,0.29333333333333333,0.047547169811320754,0.06088050314465409,-0.013333333333333334,0.045454545454545456,11,1,0.16666666666666666,0.13432835820895522,0.37313432835820898,0.032338308457711441,0.062189054726368161,-0.029850746268656716,0.080000000000000002,7,2,-0.015208861353609313,0.0013085515817140713,-0.016517412935323383,-0.040880503144654086,-0.025671641791044777,0.0099256194726766393,-0.02513448082628595
omit_event_year,v3_on_the_additive_effects_of_stimulus_qual,rpp.27,RPP,successful,True,26,10,28,24,epistemic_adverb_tokens,47,True,True,0,0,0.72222222222222221,0,0,0,0,0,0,0.041666666666666664,0.019230769230769232,0.53846153846153844,0.022435897435897436,0.022435897435897436,0,0,1,0,0.022435897435897436,0.022435897435897436,0,0.041666666666666664,0.019230769230769232,-0.0038283475783475783,0.026264245014245013
omit_event_year,v3_on_the_additive_effects_of_stimulus_qual,rpp.27,RPP,successful,True,26,10,28,24,replication_word_tokens,47,True,True,0,0.055555555555555552,0.72222222222222221,-0.055555555555555552,0,-0.055555555555555552,0.076923076923076927,0,2,0.041666666666666664,0.019230769230769232,0.53846153846153844,0.022435897435897436,0.022435897435897436,0,0,1,0,0.077991452991452992,0.022435897435897436,0.055555555555555552,0.041666666666666664,-0.036324786324786328,0.0032393710278325661,0.074752081963620431
omit_event_year,v3_on_the_additive_effects_of_stimulus_qual,rpp.27,RPP,successful,True,26,10,28,24,lowercase_modal_tokens,47,True,True,0,0.027777777777777776,0.72222222222222221,-0.027777777777777776,0,-0.027777777777777776,0.038461538461538464,0,1,0.125,0.076923076923076927,0.53846153846153844,0.04807692307692308,0.067307692307692304,-0.019230769230769232,0.035714285714285712,3,1,0.075854700854700849,0.067307692307692304,0.0085470085470085479,0.125,0.049145299145299144,-0.0046697426505118815,0.080524443505212734
omit_event_year,v3_opening_the_mind_to_close_it_considering,rpp.72,RPP,failed,True,7,10,8,16,epistemic_adverb_tokens,50,True,False,0,0,0.41176470588235292,0,0,0,0,0,0,0,0,0.33333333333333331,0,0,0,0,0,0,0,0,0,0,0,0,0
omit_event_year,v3_opening_the_mind_to_close_it_considering,rpp.72,RPP,failed,True,7,10,8,16,replication_word_tokens,50,True,False,0,0,0.41176470588235292,0,0,0,0,0,0,0,0,0.33333333333333331,0,0,0,0,0,0,0,0,0,0,0,0,0
omit_event_year,v3_opening_the_mind_to_close_it_considering,rpp.72,RPP,failed,True,7,10,8,16,lowercase_modal_tokens,50,True,False,0.10000000000000001,0.058823529411764705,0.41176470588235292,0.041176470588235294,0.041176470588235294,0,0,1,0,0.125,0.125,0.33333333333333331,0,0.041666666666666664,-0.041666666666666664,0.125,2,1,-0.041176470588235294,0.00049019607843137254,-0.041666666666666664,0.025000000000000001,0.066176470588235295,-0.0039215686274509803,-0.037254901960784313
omit_event_year,v3_orienting_attention_in_visual_working_me,rpp.37,RPP,failed,True,56,98,32,41,epistemic_adverb_tokens,52,True,True,0,0,0.36363636363636365,0,0,0,0,0,0,0.04878048780487805,0.027397260273972601,0.43835616438356162,0.021383227530905446,0.021383227530905446,0,0,2,0,0.021383227530905446,0.021383227530905446,0,0.04878048780487805,0.027397260273972601,0.0018224341645658052,0.019560793366339643
omit_event_year,v3_orienting_attention_in_visual_working_me,rpp.37,RPP,failed,True,56,98,32,41,replication_word_tokens,52,True,True,0.020408163265306121,0.012987012987012988,0.36363636363636365,0.0074211502782931356,0.0074211502782931356,0,0,2,0,0,0,0.43835616438356162,0,0,0,0,0,0,-0.0074211502782931356,-0.0074211502782931356,0,-0.020408163265306121,-0.012987012987012988,0.00076244694639997972,-0.0081835972246931156
omit_event_year,v3_orienting_attention_in_visual_working_me,rpp.37,RPP,failed,True,56,98,32,41,lowercase_modal_tokens,52,True,True,0.061224489795918366,0.03896103896103896,0.36363636363636365,0.022263450834879406,0.022263450834879406,0,0,6,0,0.17073170731707318,0.1095890410958904,0.43835616438356162,0.061142666221182758,0.074841296358169065,-0.013698630136986301,0.03125,7,1,0.038879215386303352,0.052577845523289653,-0.013698630136986301,0.1095072175211548,0.070628002134851445,0.0074983635285052882,0.031380851857798063
omit_event_year,v3_perceptual_mechanisms_that_characterize_,rpp.110,RPP,failed,True,9,19,16,37,epistemic_adverb_tokens,53,True,False,0,0,0.32142857142857145,0,0,0,0,0,0,0.027027027027027029,0.018867924528301886,0.30188679245283018,0.0081591024987251407,0.0081591024987251407,0,0,1,0,0.0081591024987251407,0.0081591024987251407,0,0.027027027027027029,0.018867924528301886,-0.00026407809426677353,0.0084231805929919131
omit_event_year,v3_perceptual_mechanisms_that_characterize_,rpp.110,RPP,failed,True,9,19,16,37,replication_word_tokens,53,True,False,0,0,0.32142857142857145,0,0,0,0,0,0,0.027027027027027029,0.037735849056603772,0.30188679245283018,-0.010708822029576747,0.0081591024987251407,-0.018867924528301886,0.0625,1,1,-0.010708822029576747,0.0081591024987251407,-0.018867924528301886,0.027027027027027029,0.037735849056603772,0.00034660249872514023,-0.011055424528301886
omit_event_year,v3_perceptual_mechanisms_that_characterize_,rpp.110,RPP,failed,True,9,19,16,37,lowercase_modal_tokens,53,True,False,0.31578947368421051,0.21428571428571427,0.32142857142857145,0.10150375939849623,0.10150375939849623,0,0,6,0,0.35135135135135137,0.30188679245283018,0.30188679245283018,0.049464558898521166,0.10606833248342683,-0.056603773584905662,0.1875,13,3,-0.052039200499975076,0.0045645730849305823,-0.056603773584905662,0.035561877667140827,0.087601078167115903,-0.0046865174952935625,-0.047352683004681512
omit_event_year,v3_poignancy_mixed_emotional_experience_in_,rpp.61,RPP,failed,True,23,31,35,46,epistemic_adverb_tokens,55,True,True,0,0,0.42592592592592593,0,0,0,0,0,0,0.021739130434782608,0.012345679012345678,0.43209876543209874,0.0093934514224369298,0.0093934514224369298,0,0,1,0,0.0093934514224369298,0.0093934514224369298,0,0.021739130434782608,0.012345679012345678,6.7096081588835212e-05,0.0093263553408480943
omit_event_year,v3_poignancy_mixed_emotional_experience_in_,rpp.61,RPP,failed,True,23,31,35,46,replication_word_tokens,55,True,True,0,0,0.42592592592592593,0,0,0,0,0,0,0,0,0.43209876543209874,0,0,0,0,0,0,0,0,0,0,0,0,0
omit_event_year,v3_poignancy_mixed_emotional_experience_in_,rpp.61,RPP,failed,True,23,31,35,46,lowercase_modal_tokens,55,True,True,0.096774193548387094,0.07407407407407407,0.42592592592592593,0.022700119474313024,0.041218637992831542,-0.018518518518518517,0.043478260869565216,3,1,0.19565217391304349,0.14814814814814814,0.43209876543209874,0.047504025764895333,0.084541062801932368,-0.037037037037037035,0.085714285714285715,9,3,0.024803906290582309,0.043322424809100826,-0.018518518518518517,0.098877980364656379,0.07407407407407407,0.00050380808912833222,0.024300098201453974
omit_event_year,v3_precision_of_the_anchor_influences_the_a,rpp.111,RPP,successful,True,12,24,23,49,epistemic_adverb_tokens,56,True,True,0,0,0.33333333333333331,0,0,0,0,0,0,0.020408163265306121,0.013888888888888888,0.31944444444444442,0.0065192743764172336,0.0065192743764172336,0,0,1,0,0.0065192743764172336,0.0065192743764172336,0,0.020408163265306121,0.013888888888888888,-0.0001417233560090703,0.0066609977324263037
omit_event_year,v3_precision_of_the_anchor_influences_the_a,rpp.111,RPP,successful,True,12,24,23,49,replication_word_tokens,56,True,True,0.041666666666666664,0.027777777777777776,0.33333333333333331,0.013888888888888888,0.013888888888888888,0,0,1,0,0.020408163265306121,0.027777777777777776,0.31944444444444442,-0.0073696145124716554,0.0065192743764172336,-0.013888888888888888,0.043478260869565216,1,1,-0.021258503401360544,-0.0073696145124716554,-0.013888888888888888,-0.021258503401360544,0,-0.00012914284071116369,-0.021129360560649381
omit_event_year,v3_precision_of_the_anchor_influences_the_a,rpp.111,RPP,successful,True,12,24,23,49,lowercase_modal_tokens,56,True,True,0.041666666666666664,0.027777777777777776,0.33333333333333331,0.013888888888888888,0.013888888888888888,0,0,1,0,0.061224489795918366,0.055555555555555552,0.31944444444444442,0.0056689342403628117,0.019557823129251702,-0.013888888888888888,0.043478260869565216,3,1,-0.0082199546485260764,0.0056689342403628117,-0.013888888888888888,0.019557823129251702,0.027777777777777776,-0.00041258955272930426,-0.0078073650957967726
omit_event_year,v3_priming_addition_facts_with_semantic_rel,rpp.24,RPP,successful,True,7,14,18,20,epistemic_adverb_tokens,60,True,False,0,0,0.33333333333333331,0,0,0,0,0,0,0,0,0.47368421052631576,0,0,0,0,0,0,0,0,0,0,0,0,0
omit_event_year,v3_priming_addition_facts_with_semantic_rel,rpp.24,RPP,successful,True,7,14,18,20,replication_word_tokens,60,True,False,0,0,0.33333333333333331,0,0,0,0,0,0,0,0.026315789473684209,0.47368421052631576,-0.026315789473684209,0,-0.026315789473684209,0.055555555555555552,0,1,-0.026315789473684209,0,-0.026315789473684209,0,0.026315789473684209,-0.0038986354775828458,-0.022417153996101363
omit_event_year,v3_priming_addition_facts_with_semantic_rel,rpp.24,RPP,successful,True,7,14,18,20,lowercase_modal_tokens,60,True,False,0.071428571428571425,0.095238095238095233,0.33333333333333331,-0.023809523809523808,0.023809523809523808,-0.047619047619047616,0.14285714285714285,1,1,0.050000000000000003,0.052631578947368418,0.47368421052631576,-0.002631578947368421,0.02368421052631579,-0.026315789473684209,0.055555555555555552,1,1,0.021177944862155389,-0.00012531328320802005,0.021303258145363407,-0.021428571428571429,-0.042606516290726815,-0.0054023948760790865,0.026580339738234475
omit_event_year,v3_response_scales_effects_of_category_rang,ml1.8,ML1,successful,True,44,52,31,31,epistemic_adverb_tokens,26,True,True,0,0,0.45833333333333331,0,0,0,0,0,0,0,0,0.5,0,0,0,0,0,0,0,0,0,0,0,0,0
omit_event_year,v3_response_scales_effects_of_category_rang,ml1.8,ML1,successful,True,44,52,31,31,replication_word_tokens,26,True,True,0.038461538461538464,0.03125,0.45833333333333331,0.0072115384615384619,0.017628205128205128,-0.010416666666666666,0.022727272727272728,2,1,0,0,0.5,0,0,0,0,0,0,-0.0072115384615384619,-0.017628205128205128,0.010416666666666666,-0.038461538461538464,-0.03125,0.00032779720279720281,-0.007539335664335664
omit_event_year,v3_response_scales_effects_of_category_rang,ml1.8,ML1,successful,True,44,52,31,31,lowercase_modal_tokens,26,True,True,0.15384615384615385,0.125,0.45833333333333331,0.028846153846153848,0.070512820512820512,-0.041666666666666664,0.090909090909090912,8,4,0.19354838709677419,0.11290322580645161,0.5,0.080645161290322578,0.096774193548387094,-0.016129032258064516,0.032258064516129031,6,1,0.051799007444168738,0.026261373035566585,0.025537634408602152,0.039702233250620347,-0.012096774193548387,0.0046714038649522524,0.047127603579216484
omit_event_year,v3_running_on_empty_neural_signals_for_self,ml3.5,ML3,successful,True,5,22,9,23,epistemic_adverb_tokens,61,True,False,0,0,0.18518518518518517,0,0,0,0,0,0,0,0,0.28125,0,0,0,0,0,0,0,0,0,0,0,0,0
omit_event_year,v3_running_on_empty_neural_signals_for_self,ml3.5,ML3,successful,True,5,22,9,23,replication_word_tokens,61,True,False,0,0,0.18518518518518517,0,0,0,0,0,0,0,0,0.28125,0,0,0,0,0,0,0,0,0,0,0,0,0
omit_event_year,v3_running_on_empty_neural_signals_for_self,ml3.5,ML3,successful,True,5,22,9,23,lowercase_modal_tokens,61,True,False,0.045454545454545456,0.07407407407407407,0.18518518518518517,-0.028619528619528621,0.0084175084175084174,-0.037037037037037035,0.20000000000000001,1,1,0.2608695652173913,0.1875,0.28125,0.073369565217391311,0.073369565217391311,0,0,6,0,0.10198909383691993,0.06495205679988289,0.037037037037037035,0.21541501976284586,0.11342592592592593,0.0051070030010247399,0.09688209083589519
omit_event_year,v3_screening_competition_and_job_design_eco,ee.3,EERP,successful,True,18,21,30,19,epistemic_adverb_tokens,62,True,True,0,0,0.46153846153846156,0,0,0,0,0,0,0,0,0.61224489795918369,0,0,0,0,0,0,0,0,0,0,0,0,0
omit_event_year,v3_screening_competition_and_job_design_eco,ee.3,EERP,successful,True,18,21,30,19,replication_word_tokens,62,True,True,0,0,0.46153846153846156,0,0,0,0,0,0,0,0,0.61224489795918369,0,0,0,0,0,0,0,0,0,0,0,0,0
omit_event_year,v3_screening_competition_and_job_design_eco,ee.3,EERP,successful,True,18,21,30,19,lowercase_modal_tokens,62,True,True,0.095238095238095233,0.076923076923076927,0.46153846153846156,0.018315018315018316,0.043956043956043959,-0.02564102564102564,0.055555555555555552,2,1,0.21052631578947367,0.14285714285714285,0.61224489795918369,0.067669172932330823,0.1288936627282492,-0.061224489795918366,0.10000000000000001,4,3,0.049354154617312511,0.084937618772205237,-0.035583464154892726,0.11528822055137844,0.065934065934065936,0.011318720663511212,0.038035433953801302
omit_event_year,v3_selective_exposure_and_information_quant,rpp.84,RPP,successful,True,10,10,20,43,epistemic_adverb_tokens,63,True,True,0,0,0.5,0,0,0,0,0,0,0,0,0.31746031746031744,0,0,0,0,0,0,0,0,0,0,0,0,0
omit_event_year,v3_selective_exposure_and_information_quant,rpp.84,RPP,successful,True,10,10,20,43,replication_word_tokens,63,True,True,0,0,0.5,0,0,0,0,0,0,0,0.015873015873015872,0.31746031746031744,-0.015873015873015872,0,-0.015873015873015872,0.050000000000000003,0,1,-0.015873015873015872,0,-0.015873015873015872,0,0.015873015873015872,0.0045634920634920638,-0.020436507936507937
omit_event_year,v3_selective_exposure_and_information_quant,rpp.84,RPP,successful,True,10,10,20,43,lowercase_modal_tokens,63,True,True,0.10000000000000001,0.050000000000000003,0.5,0.050000000000000003,0.050000000000000003,0,0,1,0,0.11627906976744186,0.095238095238095233,0.31746031746031744,0.021040974529346623,0.036913990402362498,-0.015873015873015872,0.050000000000000003,5,1,-0.028959025470653377,-0.013086009597637505,-0.015873015873015872,0.01627906976744186,0.045238095238095237,-0.01517626430417128,-0.013782761166482096
omit_event_year,v3_self_handicapping_excuse_making_and_coun,rpp.94,RPP,successful,True,18,36,12,41,epistemic_adverb_tokens,64,True,True,0,0,0.33333333333333331,0,0,0,0,0,0,0,0,0.22641509433962265,0,0,0,0,0,0,0,0,0,0,0,0,0
omit_event_year,v3_self_handicapping_excuse_making_and_coun,rpp.94,RPP,successful,True,18,36,12,41,replication_word_tokens,64,True,True,0,0,0.33333333333333331,0,0,0,0,0,0,0,0,0.22641509433962265,0,0,0,0,0,0,0,0,0,0,0,0,0
omit_event_year,v3_self_handicapping_excuse_making_and_coun,rpp.94,RPP,successful,True,18,36,12,41,lowercase_modal_tokens,64,True,True,0.25,0.24074074074074073,0.33333333333333331,0.0092592592592592587,0.083333333333333329,-0.07407407407407407,0.22222222222222221,9,4,0.21951219512195122,0.16981132075471697,0.22641509433962265,0.049700874367234235,0.049700874367234235,0,0,9,0,0.040441615107974976,-0.033632458966099094,0.07407407407407407,-0.03048780487804878,-0.070929419986023756,-0.013219904211620732,0.053661519319595709
omit_event_year,v3_self_regulation_and_selective_exposure_t,rpp.86,RPP,failed,True,24,17,15,26,epistemic_adverb_tokens,63,True,True,0,0,0.58536585365853655,0,0,0,0,0,0,0,0,0.36585365853658536,0,0,0,0,0,0,0,0,0,0,0,0,0
omit_event_year,v3_self_regulation_and_selective_exposure_t,rpp.86,RPP,failed,True,24,17,15,26,replication_word_tokens,63,True,True,0,0,0.58536585365853655,0,0,0,0,0,0,0,0,0.36585365853658536,0,0,0,0,0,0,0,0,0,0,0,0,0
omit_event_year,v3_self_regulation_and_selective_exposure_t,rpp.86,RPP,failed,True,24,17,15,26,lowercase_modal_tokens,63,True,True,0.11764705882352941,0.097560975609756101,0.58536585365853655,0.020086083213773313,0.06886657101865136,-0.04878048780487805,0.083333333333333329,2,2,0.076923076923076927,0.04878048780487805,0.36585365853658536,0.028142589118198873,0.028142589118198873,0,0,2,0,0.0080565059044255607,-0.04072398190045249,0.04878048780487805,-0.04072398190045249,-0.04878048780487805,-0.012208917338042158,0.020265423242467717
omit_event_year,v3_semantic_interference_in_a_delayed_namin,rpp.28,RPP,failed,True,58,45,16,14,epistemic_adverb_tokens,65,True,True,0.022222222222222223,0.0097087378640776691,0.56310679611650483,0.012513484358144552,0.012513484358144552,0,0,1,0,0,0,0.53333333333333333,0,0,0,0,0,0,-0.012513484358144552,-0.012513484358144552,0,-0.022222222222222223,-0.0097087378640776691,-0.00033081625314635023,-0.012182668104998202
omit_event_year,v3_semantic_interference_in_a_delayed_namin,rpp.28,RPP,failed,True,58,45,16,14,replication_word_tokens,65,True,True,0.1111111111111111,0.087378640776699032,0.56310679611650483,0.023732470334412083,0.062567421790722763,-0.038834951456310676,0.068965517241379309,5,4,0,0,0.53333333333333333,0,0,0,0,0,0,-0.023732470334412083,-0.062567421790722763,0.038834951456310676,-0.1111111111111111,-0.087378640776699032,-0.00062741013527756076,-0.023105060199134522
omit_event_year,v3_semantic_interference_in_a_delayed_namin,rpp.28,RPP,failed,True,58,45,16,14,lowercase_modal_tokens,65,True,True,0.044444444444444446,0.029126213592233011,0.56310679611650483,0.015318230852211435,0.025026968716289105,-0.0097087378640776691,0.017241379310344827,2,1,0.071428571428571425,0.033333333333333333,0.53333333333333333,0.038095238095238099,0.038095238095238099,0,0,1,0,0.02277700724302666,0.013068269378948991,0.0097087378640776691,0.026984126984126985,0.004207119741100324,-0.0014683026802209929,0.024245309923247655
omit_event_year,v3_slow_to_anger_and_fast_to_forgive_cooper,ee.12,EERP,successful,True,64,30,104,49,epistemic_adverb_tokens,25,True,True,0,0,0.68085106382978722,0,0,0,0,0,0,0,0,0.6797385620915033,0,0,0,0,0,0,0,0,0,0,0,0,0
omit_event_year,v3_slow_to_anger_and_fast_to_forgive_cooper,ee.12,EERP,successful,True,64,30,104,49,replication_word_tokens,25,True,True,0,0,0.68085106382978722,0,0,0,0,0,0,0,0.013071895424836602,0.6797385620915033,-0.013071895424836602,0,-0.013071895424836602,0.019230769230769232,0,2,-0.013071895424836602,0,-0.013071895424836602,0,0.013071895424836602,1.0697132098884289e-05,-0.013082592556935486
omit_event_year,v3_slow_to_anger_and_fast_to_forgive_cooper,ee.12,EERP,successful,True,64,30,104,49,lowercase_modal_tokens,25,True,True,0.033333333333333333,0.031914893617021274,0.68085106382978722,0.0014184397163120568,0.022695035460992909,-0.021276595744680851,0.03125,1,2,0.040816326530612242,0.019607843137254902,0.6797385620915033,0.021208483393357343,0.027744431105775645,-0.0065359477124183009,0.0096153846153846159,2,1,0.019790043677045285,0.0050493956447827358,0.014740648032262551,0.0074829931972789114,-0.012307050479766374,-1.851440703577303e-05,0.019808558084081059
omit_event_year,v3_terror_management_and_adults_attachment_,rpp.48,RPP,failed,True,10,43,14,62,epistemic_adverb_tokens,67,True,True,0.023255813953488372,0.018867924528301886,0.18867924528301888,0.0043878894251864857,0.0043878894251864857,0,0,1,0,0,0,0.18421052631578946,0,0,0,0,0,0,-0.0043878894251864857,-0.0043878894251864857,0,-0.023255813953488372,-0.018867924528301886,-5.1961848456155749e-05,-0.0043359275767303291
omit_event_year,v3_terror_management_and_adults_attachment_,rpp.48,RPP,failed,True,10,43,14,62,replication_word_tokens,67,True,True,0,0,0.18867924528301888,0,0,0,0,0,0,0,0,0.18421052631578946,0,0,0,0,0,0,0,0,0,0,0,0,0
omit_event_year,v3_terror_management_and_adults_attachment_,rpp.48,RPP,failed,True,10,43,14,62,lowercase_modal_tokens,67,True,True,0.093023255813953487,0.094339622641509441,0.18867924528301888,-0.0013163668275559457,0.017551557700745943,-0.018867924528301886,0.10000000000000001,4,1,0.11290322580645161,0.11842105263157894,0.18421052631578946,-0.0055178268251273345,0.020797962648556875,-0.026315789473684209,0.14285714285714285,7,2,-0.0042014599975713886,0.0032464049478109348,-0.0074478649453823239,0.019879969992498126,0.024081429990069514,8.251637317046669e-05,-0.0042839763707418557
omit_event_year,v3_thar_she_bursts_reducing_confusion_reduc,ee.16,EERP,successful,True,66,62,69,63,epistemic_adverb_tokens,68,True,True,0,0,0.515625,0,0,0,0,0,0,0,0,0.52272727272727271,0,0,0,0,0,0,0,0,0,0,0,0,0
omit_event_year,v3_thar_she_bursts_reducing_confusion_reduc,ee.16,EERP,successful,True,66,62,69,63,replication_word_tokens,68,True,True,0,0.015625,0.515625,-0.015625,0,-0.015625,0.030303030303030304,0,2,0,0.007575757575757576,0.52272727272727271,-0.007575757575757576,0,-0.007575757575757576,0.014492753623188406,0,1,0.008049242424242424,0,0.008049242424242424,0,-0.008049242424242424,-0.00015907593723799257,0.008208318361480416
omit_event_year,v3_thar_she_bursts_reducing_confusion_reduc,ee.16,EERP,successful,True,66,62,69,63,lowercase_modal_tokens,68,True,True,0.11290322580645161,0.078125,0.515625,0.03477822580645161,0.05821572580645161,-0.0234375,0.045454545454545456,7,3,0.15873015873015872,0.098484848484848481,0.52272727272727271,0.060245310245310248,0.082972582972582976,-0.022727272727272728,0.043478260869565216,10,3,0.025467084438858631,0.024756857166131359,0.00071022727272727275,0.045826932923707119,0.020359848484848484,0.00064879466694779708,0.024818289771910834
omit_event_year,v3_the_economics_of_credence_goods_an_exper,ee.8,EERP,successful,True,33,27,115,67,epistemic_adverb_tokens,70,True,True,0,0,0.55000000000000004,0,0,0,0,0,0,0,0.01098901098901099,0.63186813186813184,-0.01098901098901099,0,-0.01098901098901099,0.017391304347826087,0,2,-0.01098901098901099,0,-0.01098901098901099,0,0.01098901098901099,-0.00071189679885332057,-0.010277114190157668
omit_event_year,v3_the_economics_of_credence_goods_an_exper,ee.8,EERP,successful,True,33,27,115,67,replication_word_tokens,70,True,True,0,0,0.55000000000000004,0,0,0,0,0,0,0,0,0.63186813186813184,0,0,0,0,0,0,0,0,0,0,0,0,0
omit_event_year,v3_the_economics_of_credence_goods_an_exper,ee.8,EERP,successful,True,33,27,115,67,lowercase_modal_tokens,70,True,True,0.07407407407407407,0.066666666666666666,0.55000000000000004,0.0074074074074074077,0.040740740740740744,-0.033333333333333333,0.060606060606060608,2,2,0.17910447761194029,0.098901098901098897,0.63186813186813184,0.080203378710841391,0.11317041167787437,-0.032967032967032968,0.052173913043478258,12,6,0.072795971303433987,0.072429670937133622,0.0003663003663003663,0.10503040353786622,0.032234432234432238,0.0057470846503941894,0.067048886653039805
omit_event_year,v3_the_effect_of_global_versus_local_proces,rpp.64,RPP,failed,True,41,67,22,26,epistemic_adverb_tokens,71,True,True,0,0,0.37962962962962965,0,0,0,0,0,0,0,0,0.45833333333333331,0,0,0,0,0,0,0,0,0,0,0,0,0
omit_event_year,v3_the_effect_of_global_versus_local_proces,rpp.64,RPP,failed,True,41,67,22,26,replication_word_tokens,71,True,True,0,0,0.37962962962962965,0,0,0,0,0,0,0,0.041666666666666664,0.45833333333333331,-0.041666666666666664,0,-0.041666666666666664,0.090909090909090912,0,2,-0.041666666666666664,0,-0.041666666666666664,0,0.041666666666666664,-0.0035774410774410776,-0.038089225589225589
omit_event_year,v3_the_effect_of_global_versus_local_proces,rpp.64,RPP,failed,True,41,67,22,26,lowercase_modal_tokens,71,True,True,0.22388059701492538,0.1388888888888889,0.37962962962962965,0.084991708126036486,0.084991708126036486,0,0,15,0,0.038461538461538464,0.020833333333333332,0.45833333333333331,0.017628205128205128,0.017628205128205128,0,0,1,0,-0.067363502997831351,-0.067363502997831351,0,-0.18541905855338692,-0.11805555555555555,0.010323648849768254,-0.077687151847599611
omit_event_year,v3_the_face_of_success_inferences_from_chie,rpp.82,RPP,failed,True,33,48,40,42,epistemic_adverb_tokens,73,True,True,0,0.012345679012345678,0.40740740740740738,-0.012345679012345678,0,-0.012345679012345678,0.030303030303030304,0,1,0,0,0.48780487804878048,0,0,0,0,0,0,0.012345679012345678,0,0.012345679012345678,0,-0.012345679012345678,-0.0012181434945662587,0.013563822506911937
omit_event_year,v3_the_face_of_success_inferences_from_chie,rpp.82,RPP,failed,True,33,48,40,42,replication_word_tokens,73,True,True,0,0.012345679012345678,0.40740740740740738,-0.012345679012345678,0,-0.012345679012345678,0.030303030303030304,0,1,0,0,0.48780487804878048,0,0,0,0,0,0,0.012345679012345678,0,0.012345679012345678,0,-0.012345679012345678,-0.0012181434945662587,0.013563822506911937
omit_event_year,v3_the_face_of_success_inferences_from_chie,rpp.82,RPP,failed,True,33,48,40,42,lowercase_modal_tokens,73,True,True,0.14583333333333334,0.12345679012345678,0.40740740740740738,0.022376543209876542,0.05941358024691358,-0.037037037037037035,0.090909090909090912,7,3,0.071428571428571425,0.04878048780487805,0.48780487804878048,0.022648083623693381,0.03484320557491289,-0.012195121951219513,0.025000000000000001,3,1,0.00027154041381683656,-0.024570374672000687,0.024841915085817526,-0.074404761904761904,-0.074676302318578747,0.0040742549380760763,-0.0038027145242592398
omit_event_year,v3_the_framing_of_decisions_and_the_psychol,ml1.2,ML1,successful,True,28,36,32,52,epistemic_adverb_tokens,26,True,True,0,0,0.4375,0,0,0,0,0,0,0,0.011904761904761904,0.38095238095238093,-0.011904761904761904,0,-0.011904761904761904,0.03125,0,1,-0.011904761904761904,0,-0.011904761904761904,0,0.011904761904761904,0.00088355654761904762,-0.012788318452380952
omit_event_year,v3_the_framing_of_decisions_and_the_psychol,ml1.2,ML1,successful,True,28,36,32,52,replication_word_tokens,26,True,True,0,0.015625,0.4375,-0.015625,0,-0.015625,0.035714285714285712,0,1,0.019230769230769232,0.011904761904761904,0.38095238095238093,0.007326007326007326,0.007326007326007326,0,0,1,0,0.022951007326007328,0.007326007326007326,0.015625,0.019230769230769232,-0.003720238095238095,0.00046605180533751964,0.022484955520669807
omit_event_year,v3_the_framing_of_decisions_and_the_psychol,ml1.2,ML1,successful,True,28,36,32,52,lowercase_modal_tokens,26,True,True,0.1111111111111111,0.0625,0.4375,0.048611111111111112,0.048611111111111112,0,0,4,0,0.076923076923076927,0.083333333333333329,0.38095238095238093,-0.00641025641025641,0.029304029304029304,-0.035714285714285712,0.09375,4,3,-0.05502136752136752,-0.019307081807081808,-0.035714285714285712,-0.034188034188034191,0.020833333333333332,-0.0026657731735856738,-0.05235559434778185
omit_event_year,v3_the_lure_of_authority_motivation_and_inc,ee.10,EERP,successful,True,16,13,63,79,epistemic_adverb_tokens,75,True,True,0.076923076923076927,0.034482758620689655,0.55172413793103448,0.042440318302387266,0.042440318302387266,0,0,1,0,0.025316455696202531,0.014084507042253521,0.44366197183098594,0.01123194865394901,0.01123194865394901,0,0,2,0,-0.031208369648438258,-0.031208369648438258,0,-0.051606621226874393,-0.020398251578436135,-0.005524112677947955,-0.025684256970490302
omit_event_year,v3_the_lure_of_authority_motivation_and_inc,ee.10,EERP,successful,True,16,13,63,79,replication_word_tokens,75,True,True,0,0,0.55172413793103448,0,0,0,0,0,0,0.012658227848101266,0.014084507042253521,0.44366197183098594,-0.0014262791941522554,0.0056159743269745049,-0.0070422535211267607,0.015873015873015872,1,1,-0.0014262791941522554,0.0056159743269745049,-0.0070422535211267607,0.012658227848101266,0.014084507042253521,0.00017369847876238468,-0.0015999776729146401
omit_event_year,v3_the_lure_of_authority_motivation_and_inc,ee.10,EERP,successful,True,16,13,63,79,lowercase_modal_tokens,75,True,True,0.15384615384615385,0.068965517241379309,0.55172413793103448,0.084880636604774531,0.084880636604774531,0,0,2,0,0.22784810126582278,0.1619718309859155,0.44366197183098594,0.065876270279907292,0.10108753788554109,-0.035211267605633804,0.079365079365079361,18,5,-0.019004366324867242,0.016206901280766559,-0.035211267605633804,0.074001947419668937,0.093006313744536176,-0.016335172803225995,-0.0026691935216412504
omit_event_year,v3_the_nonverbal_expression_of_pride_eviden,rpp.69,RPP,successful,True,39,78,33,67,epistemic_adverb_tokens,76,True,True,0.02564102564102564,0.017094017094017096,0.33333333333333331,0.0085470085470085479,0.0085470085470085479,0,0,2,0,0,0,0.33000000000000002,0,0,0,0,0,0,-0.0085470085470085479,-0.0085470085470085479,0,-0.02564102564102564,-0.017094017094017096,-4.2735042735042735e-05,-0.0085042735042735046
omit_event_year,v3_the_nonverbal_expression_of_pride_eviden,rpp.69,RPP,successful,True,39,78,33,67,replication_word_tokens,76,True,True,0.01282051282051282,0.017094017094017096,0.33333333333333331,-0.0042735042735042739,0.0042735042735042739,-0.0085470085470085479,0.02564102564102564,1,1,0,0,0.33000000000000002,0,0,0,0,0,0,0.0042735042735042739,-0.0042735042735042739,0.0085470085470085479,-0.01282051282051282,-0.017094017094017096,2.1367521367521368e-05,0.0042521367521367523
omit_event_year,v3_the_nonverbal_expression_of_pride_eviden,rpp.69,RPP,successful,True,39,78,33,67,lowercase_modal_tokens,76,True,True,0.15384615384615385,0.10256410256410256,0.33333333333333331,0.05128205128205128,0.05128205128205128,0,0,12,0,0.029850746268656716,0.029999999999999999,0.33000000000000002,-0.00014925373134328358,0.0098507462686567172,-0.01,0.030303030303030304,2,1,-0.051431305013394567,-0.041431305013394565,-0.01,-0.12399540757749714,-0.072564102564102562,-0.00025565644968630045,-0.051175648563708265
omit_event_year,v3_the_potential_of_social_identity_for_equ,ee.5,EERP,failed,True,57,35,118,87,epistemic_adverb_tokens,77,True,True,0,0.010869565217391304,0.61956521739130432,-0.010869565217391304,0,-0.010869565217391304,0.017543859649122806,0,1,0,0,0.57560975609756093,0,0,0,0,0,0,0.010869565217391304,0,0.010869565217391304,0,-0.010869565217391304,0.00038557422187494189,0.010483990995516362
omit_event_year,v3_the_potential_of_social_identity_for_equ,ee.5,EERP,failed,True,57,35,118,87,replication_word_tokens,77,True,True,0,0,0.61956521739130432,0,0,0,0,0,0,0.011494252873563218,0.043902439024390241,0.57560975609756093,-0.032408186150827023,0.0066162040930754134,-0.039024390243902439,0.067796610169491525,1,8,-0.032408186150827023,0.0066162040930754134,-0.039024390243902439,0.011494252873563218,0.043902439024390241,0.0012373980434338431,-0.03364558419426087
omit_event_year,v3_the_potential_of_social_identity_for_equ,ee.5,EERP,failed,True,57,35,118,87,lowercase_modal_tokens,77,True,True,0.11428571428571428,0.05434782608695652,0.61956521739130432,0.059937888198757762,0.070807453416149066,-0.010869565217391304,0.017543859649122806,4,1,0.091954022988505746,0.068292682926829273,0.57560975609756093,0.023661340061676479,0.052929632744603307,-0.029268292682926831,0.050847457627118647,8,6,-0.036276548137081283,-0.017877820671545759,-0.018398727465535523,-0.02233169129720854,0.013944856839872746,-0.0030295954448124138,-0.03324695269226887
omit_event_year,v3_the_representation_of_simple_ensemble_vi,rpp.122,RPP,successful,True,50,34,83,92,epistemic_adverb_tokens,78,True,True,0,0,0.59523809523809523,0,0,0,0,0,0,0.021739130434782608,0.017142857142857144,0.47428571428571431,0.0045962732919254661,0.01031055900621118,-0.0057142857142857143,0.012048192771084338,2,1,0.0045962732919254661,0.01031055900621118,-0.0057142857142857143,0.021739130434782608,0.017142857142857144,-0.00058607099204270499,0.0051823442839681712
omit_event_year,v3_the_representation_of_simple_ensemble_vi,rpp.122,RPP,successful,True,50,34,83,92,replication_word_tokens,78,True,True,0.029411764705882353,0.011904761904761904,0.59523809523809523,0.017507002801120448,0.017507002801120448,0,0,1,0,0,0,0.47428571428571431,0,0,0,0,0,0,-0.017507002801120448,-0.017507002801120448,0,-0.029411764705882353,-0.011904761904761904,-0.0017787114845938376,-0.015728291316526612
omit_event_year,v3_the_representation_of_simple_ensemble_vi,rpp.122,RPP,successful,True,50,34,83,92,lowercase_modal_tokens,78,True,True,0.11764705882352941,0.083333333333333329,0.59523809523809523,0.034313725490196081,0.070028011204481794,-0.035714285714285712,0.059999999999999998,4,3,0.097826086956521743,0.068571428571428575,0.47428571428571431,0.029254658385093169,0.046397515527950309,-0.017142857142857144,0.03614457831325301,9,3,-0.0050590671051029103,-0.023630495676531482,0.018571428571428572,-0.019820971867007674,-0.014761904761904763,-0.0072165371753730306,0.0021574700702701195
omit_event_year,v3_the_space_between_us_stereotype_threat_a,rpp.87,RPP,failed,True,21,38,52,91,epistemic_adverb_tokens,80,True,True,0.052631578947368418,0.033898305084745763,0.3559322033898305,0.018733273862622659,0.018733273862622659,0,0,2,0,0,0,0.36363636363636365,0,0,0,0,0,0,-0.018733273862622659,-0.018733273862622659,0,-0.052631578947368418,-0.033898305084745763,0.00020274105911929284,-0.018936014921741951
omit_event_year,v3_the_space_between_us_stereotype_threat_a,rpp.87,RPP,failed,True,21,38,52,91,replication_word_tokens,80,True,True,0,0,0.3559322033898305,0,0,0,0,0,0,0,0,0.36363636363636365,0,0,0,0,0,0,0,0,0,0,0,0,0
omit_event_year,v3_the_space_between_us_stereotype_threat_a,rpp.87,RPP,failed,True,21,38,52,91,lowercase_modal_tokens,80,True,True,0.13157894736842105,0.13559322033898305,0.3559322033898305,-0.0040142729705619981,0.046833184656556649,-0.050847457627118647,0.14285714285714285,5,3,0.16483516483516483,0.15384615384615385,0.36363636363636365,0.01098901098901099,0.059940059940059943,-0.048951048951048952,0.13461538461538461,15,7,0.015003283959572988,0.013106875283503294,0.0018964086760696931,0.03325621746674378,0.018252933507170794,7.2964502045679567e-05,0.014930319457527307
omit_event_year,v3_the_stroop_effect_why_proportion_congrue,rpp.15,RPP,successful,True,67,90,102,144,epistemic_adverb_tokens,25,True,True,0,0,0.42675159235668791,0,0,0,0,0,0,0.020833333333333332,0.012195121951219513,0.41463414634146339,0.0086382113821138213,0.0086382113821138213,0,0,3,0,0.0086382113821138213,0.0086382113821138213,0,0.020833333333333332,0.012195121951219513,-0.0001262233959919217,0.0087644347781057428
omit_event_year,v3_the_stroop_effect_why_proportion_congrue,rpp.15,RPP,successful,True,67,90,102,144,replication_word_tokens,25,True,True,0,0,0.42675159235668791,0,0,0,0,0,0,0.020833333333333332,0.02032520325203252,0.41463414634146339,0.00050813008130081306,0.0086382113821138213,-0.008130081300813009,0.019607843137254902,3,2,0.00050813008130081306,0.0086382113821138213,-0.008130081300813009,0.020833333333333332,0.02032520325203252,-7.4249056465836296e-06,0.00051555498694739663
omit_event_year,v3_the_stroop_effect_why_proportion_congrue,rpp.15,RPP,successful,True,67,90,102,144,lowercase_modal_tokens,25,True,True,0.12222222222222222,0.10191082802547771,0.42675159235668791,0.020311394196744516,0.052158527954706296,-0.031847133757961783,0.074626865671641784,11,5,0.2638888888888889,0.1951219512195122,0.41463414634146339,0.068766937669376693,0.10941734417344173,-0.04065040650406504,0.098039215686274508,38,10,0.04845554347263218,0.057258816218735437,-0.0088032727461032564,0.14166666666666666,0.09321112319403449,-0.0012932043126261609,0.04974874778525834
omit_event_year,v3_the_threat_of_appearing_prejudiced_and_r,rpp.129,RPP,failed,True,25,37,19,41,epistemic_adverb_tokens,33,True,True,0,0,0.40322580645161288,0,0,0,0,0,0,0.024390243902439025,0.016666666666666666,0.31666666666666665,0.0077235772357723579,0.0077235772357723579,0,0,1,0,0.0077235772357723579,0.0077235772357723579,0,0.024390243902439025,0.016666666666666666,-0.0010555992656700762,0.0087791765014424341
omit_event_year,v3_the_threat_of_appearing_prejudiced_and_r,rpp.129,RPP,failed,True,25,37,19,41,replication_word_tokens,33,True,True,0,0,0.40322580645161288,0,0,0,0,0,0,0,0,0.31666666666666665,0,0,0,0,0,0,0,0,0,0,0,0,0
omit_event_year,v3_the_threat_of_appearing_prejudiced_and_r,rpp.129,RPP,failed,True,25,37,19,41,lowercase_modal_tokens,33,True,True,0.13513513513513514,0.11290322580645161,0.40322580645161288,0.022231909328683522,0.054489973844812557,-0.032258064516129031,0.080000000000000002,5,2,0.31707317073170732,0.21666666666666667,0.31666666666666665,0.10040650406504065,0.10040650406504065,0,0,13,0,0.078174594736357128,0.045916530220228097,0.032258064516129031,0.18193803559657218,0.10376344086021505,-0.01610901538832302,0.094283610124680145
omit_event_year,v3_the_ultimate_sampling_dilemma_in_experie,rpp.17,RPP,successful,True,9,10,11,18,epistemic_adverb_tokens,31,True,False,0,0,0.47368421052631576,0,0,0,0,0,0,0,0.034482758620689655,0.37931034482758619,-0.034482758620689655,0,-0.034482758620689655,0.090909090909090912,0,1,-0.034482758620689655,0,-0.034482758620689655,0,0.034482758620689655,0.0042897211681240718,-0.038772479788813728
omit_event_year,v3_the_ultimate_sampling_dilemma_in_experie,rpp.17,RPP,successful,True,9,10,11,18,replication_word_tokens,31,True,False,0,0,0.47368421052631576,0,0,0,0,0,0,0,0,0.37931034482758619,0,0,0,0,0,0,0,0,0,0,0,0,0
omit_event_year,v3_the_ultimate_sampling_dilemma_in_experie,rpp.17,RPP,successful,True,9,10,11,18,lowercase_modal_tokens,31,True,False,0.10000000000000001,0.15789473684210525,0.47368421052631576,-0.057894736842105263,0.04736842105263158,-0.10526315789473684,0.22222222222222221,1,2,0.16666666666666666,0.13793103448275862,0.37931034482758619,0.028735632183908046,0.063218390804597707,-0.034482758620689655,0.090909090909090912,3,1,0.086630369026013315,0.015849969751966123,0.070780399274047182,0.066666666666666666,-0.019963702359346643,0.0021925241525967477,0.084437844873416559
omit_event_year,v3_toward_a_physiology_of_dual_process_reas,rpp.118,RPP,failed,True,42,65,40,61,epistemic_adverb_tokens,82,True,True,0,0,0.3925233644859813,0,0,0,0,0,0,0,0,0.39603960396039606,0,0,0,0,0,0,0,0,0,0,0,0,0
omit_event_year,v3_toward_a_physiology_of_dual_process_reas,rpp.118,RPP,failed,True,42,65,40,61,replication_word_tokens,82,True,True,0.030769230769230771,0.037383177570093455,0.3925233644859813,-0.0066139468008626886,0.01207764198418404,-0.018691588785046728,0.047619047619047616,2,2,0.016393442622950821,0.019801980198019802,0.39603960396039606,-0.0034085375750689821,0.0064924525239409185,-0.0099009900990099011,0.025000000000000001,1,1,0.0032054092257937064,-0.0055851894602431213,0.0087905986860368282,-0.01437578814627995,-0.017581197372073656,-4.4755353965990058e-05,0.0032501645797596967
omit_event_year,v3_toward_a_physiology_of_dual_process_reas,rpp.118,RPP,failed,True,42,65,40,61,lowercase_modal_tokens,82,True,True,0.12307692307692308,0.07476635514018691,0.3925233644859813,0.04831056793673616,0.04831056793673616,0,0,8,0,0.049180327868852458,0.039603960396039604,0.39603960396039606,0.0095763674728128554,0.019477357571822757,-0.0099009900990099011,0.025000000000000001,3,1,-0.038734200463923306,-0.028833210364913407,-0.0099009900990099011,-0.073896595208070612,-0.035162394744147313,0.00025889587933466599,-0.038993096343257969
omit_event_year,v3_tracing_attention_and_the_activation_flo,rpp.1,RPP,failed,True,48,73,31,39,epistemic_adverb_tokens,83,True,True,0,0.0082644628099173556,0.39669421487603307,-0.0082644628099173556,0,-0.0082644628099173556,0.020833333333333332,0,1,0,0,0.44285714285714284,0,0,0,0,0,0,0.0082644628099173556,0,0.0082644628099173556,0,-0.0082644628099173556,-0.00048086383313656039,0.0087453266430539151
omit_event_year,v3_tracing_attention_and_the_activation_flo,rpp.1,RPP,failed,True,48,73,31,39,replication_word_tokens,83,True,True,0.054794520547945202,0.033057851239669422,0.39669421487603307,0.021736669308275784,0.021736669308275784,0,0,4,0,0.076923076923076927,0.057142857142857141,0.44285714285714284,0.019780219780219779,0.034065934065934063,-0.014285714285714285,0.032258064516129031,3,1,-0.0019564495280560037,0.012329264757658281,-0.014285714285714285,0.022128556375131718,0.024085005903187722,0.0022956716284157734,-0.0042521211564717767
omit_event_year,v3_tracing_attention_and_the_activation_flo,rpp.1,RPP,failed,True,48,73,31,39,lowercase_modal_tokens,83,True,True,0.082191780821917804,0.066115702479338845,0.39669421487603307,0.016076078342578966,0.032605003962413677,-0.016528925619834711,0.041666666666666664,6,2,0.05128205128205128,0.042857142857142858,0.44285714285714284,0.0084249084249084245,0.02271062271062271,-0.014285714285714285,0.032258064516129031,2,1,-0.0076511699176705405,-0.0098943812517909655,0.0022432113341204251,-0.030909729539866527,-0.023258559622195987,0.0013744804285819832,-0.0090256503462525228
omit_event_year,v3_weight_as_an_embodiment_of_importance,ml3.10,ML3,failed,True,31,58,44,67,epistemic_adverb_tokens,84,True,True,0,0,0.34831460674157305,0,0,0,0,0,0,0.014925373134328358,0.018018018018018018,0.3963963963963964,-0.0030926448836896599,0.005916364125319349,-0.0090090090090090089,0.022727272727272728,1,1,-0.0030926448836896599,0.005916364125319349,-0.0090090090090090089,0.014925373134328358,0.018018018018018018,-0.00018756464756800159,-0.0029050802361216582
omit_event_year,v3_weight_as_an_embodiment_of_importance,ml3.10,ML3,failed,True,31,58,44,67,replication_word_tokens,84,True,True,0.017241379310344827,0.011235955056179775,0.34831460674157305,0.0060054242541650524,0.0060054242541650524,0,0,1,0,0.029850746268656716,0.027027027027027029,0.3963963963963964,0.0028237192416296895,0.011832728250638698,-0.0090090090090090089,0.022727272727272728,2,1,-0.0031817050125353629,0.0058273039964736465,-0.0090090090090090089,0.012609366958311889,0.01579107197084725,0.00058575286489377404,-0.0037674578774291368
omit_event_year,v3_weight_as_an_embodiment_of_importance,ml3.10,ML3,failed,True,31,58,44,67,lowercase_modal_tokens,84,True,True,0.086206896551724144,0.06741573033707865,0.34831460674157305,0.018791166214645487,0.030027121270825262,-0.011235955056179775,0.032258064516129031,5,1,0.16417910447761194,0.12612612612612611,0.3963963963963964,0.038052978351485814,0.065080005378512842,-0.027027027027027029,0.068181818181818177,11,3,0.019261812136840327,0.035052884107687581,-0.01579107197084725,0.077972207925887799,0.058710395789047472,0.0036048388605835462,0.015656973276256782
omit_event_year,v3_when_does_between_sequence_phonological_,rpp.12,RPP,failed,True,5,24,14,22,epistemic_adverb_tokens,85,True,False,0,0,0.17241379310344829,0,0,0,0,0,0,0.090909090909090912,0.055555555555555552,0.3888888888888889,0.035353535353535352,0.035353535353535352,0,0,2,0,0.035353535353535352,0.035353535353535352,0,0.090909090909090912,0.055555555555555552,0.0098397770811563916,0.025513758272378961
omit_event_year,v3_when_does_between_sequence_phonological_,rpp.12,RPP,failed,True,5,24,14,22,replication_word_tokens,85,True,False,0,0,0.17241379310344829,0,0,0,0,0,0,0,0,0.3888888888888889,0,0,0,0,0,0,0,0,0,0,0,0,0
omit_event_year,v3_when_does_between_sequence_phonological_,rpp.12,RPP,failed,True,5,24,14,22,lowercase_modal_tokens,85,True,False,0.083333333333333329,0.068965517241379309,0.17241379310344829,0.014367816091954023,0.014367816091954023,0,0,2,0,0.13636363636363635,0.16666666666666666,0.3888888888888889,-0.030303030303030304,0.053030303030303032,-0.083333333333333329,0.21428571428571427,3,3,-0.044670846394984323,0.038662486938349006,-0.083333333333333329,0.053030303030303032,0.097701149425287362,0.00058570101673549948,-0.045256547411719826
omit_event_year,v3_where_do_we_look_during_potentially_offe,rpp.132,RPP,failed,True,4,17,3,13,epistemic_adverb_tokens,86,True,False,0.11764705882352941,0.095238095238095233,0.19047619047619047,0.022408963585434174,0.022408963585434174,0,0,2,0,0,0,0.1875,0,0,0,0,0,0,-0.022408963585434174,-0.022408963585434174,0,-0.11764705882352941,-0.095238095238095233,-0.00017507002801120448,-0.02223389355742297
omit_event_year,v3_where_do_we_look_during_potentially_offe,rpp.132,RPP,failed,True,4,17,3,13,replication_word_tokens,86,True,False,0,0,0.19047619047619047,0,0,0,0,0,0,0,0,0.1875,0,0,0,0,0,0,0,0,0,0,0,0,0
omit_event_year,v3_where_do_we_look_during_potentially_offe,rpp.132,RPP,failed,True,4,17,3,13,lowercase_modal_tokens,86,True,False,0.058823529411764705,0.047619047619047616,0.19047619047619047,0.011204481792717087,0.011204481792717087,0,0,1,0,0.46153846153846156,0.375,0.1875,0.086538461538461536,0.086538461538461536,0,0,6,0,0.075333979745744448,0.075333979745744448,0,0.40271493212669685,0.32738095238095238,-0.00077434820081878901,0.076108327946563234
omit_event_year,v3_why_do_implicit_and_explicit_attitude_te,rpp.44,RPP,successful,True,33,27,72,50,epistemic_adverb_tokens,87,True,True,0,0,0.55000000000000004,0,0,0,0,0,0,0,0,0.5901639344262295,0,0,0,0,0,0,0,0,0,0,0,0,0
omit_event_year,v3_why_do_implicit_and_explicit_attitude_te,rpp.44,RPP,successful,True,33,27,72,50,replication_word_tokens,87,True,True,0,0,0.55000000000000004,0,0,0,0,0,0,0.02,0.040983606557377046,0.5901639344262295,-0.020983606557377049,0.01180327868852459,-0.032786885245901641,0.055555555555555552,1,4,-0.020983606557377049,0.01180327868852459,-0.032786885245901641,0.02,0.040983606557377046,-0.00071402550091074677,-0.020269581056466302
omit_event_year,v3_why_do_implicit_and_explicit_attitude_te,rpp.44,RPP,successful,True,33,27,72,50,lowercase_modal_tokens,87,True,True,0.1111111111111111,0.066666666666666666,0.55000000000000004,0.044444444444444446,0.061111111111111109,-0.016666666666666666,0.030303030303030304,3,1,0.17999999999999999,0.13114754098360656,0.5901639344262295,0.048852459016393443,0.10622950819672131,-0.05737704918032787,0.097222222222222224,9,7,0.0044080145719489986,0.045118397085610197,-0.0407103825136612,0.068888888888888888,0.064480874316939885,0.0032851258486504388,0.0011228887232985593
omit_event_year,v3_why_people_are_reluctant_to_tempt_fate,rpp.68,RPP,failed,True,19,29,44,36,epistemic_adverb_tokens,88,True,True,0,0,0.39583333333333331,0,0,0,0,0,0,0,0,0.55000000000000004,0,0,0,0,0,0,0,0,0,0,0,0,0
omit_event_year,v3_why_people_are_reluctant_to_tempt_fate,rpp.68,RPP,failed,True,19,29,44,36,replication_word_tokens,88,True,True,0.13793103448275862,0.125,0.39583333333333331,0.012931034482758621,0.05459770114942529,-0.041666666666666664,0.10526315789473684,4,2,0,0.14999999999999999,0.55000000000000004,-0.14999999999999999,0,-0.14999999999999999,0.27272727272727271,0,12,-0.16293103448275861,-0.05459770114942529,-0.10833333333333334,-0.13793103448275862,0.025000000000000001,-0.018504578452400593,-0.14442645603035803
omit_event_year,v3_why_people_are_reluctant_to_tempt_fate,rpp.68,RPP,failed,True,19,29,44,36,lowercase_modal_tokens,88,True,True,0.20689655172413793,0.16666666666666666,0.39583333333333331,0.040229885057471264,0.081896551724137928,-0.041666666666666664,0.10526315789473684,6,2,0.027777777777777776,0.025000000000000001,0.55000000000000004,0.0027777777777777779,0.015277777777777777,-0.012500000000000001,0.022727272727272728,1,1,-0.037452107279693489,-0.066618773946360149,0.029166666666666667,-0.17911877394636017,-0.14166666666666666,0.0082235505386594309,-0.045675657818352922
omit_event_year,v3_working_memory_costs_of_task_switching,rpp.3,RPP,failed,True,13,24,19,39,epistemic_adverb_tokens,89,True,True,0,0,0.35135135135135137,0,0,0,0,0,0,0,0,0.32758620689655171,0,0,0,0,0,0,0,0,0,0,0,0,0
omit_event_year,v3_working_memory_costs_of_task_switching,rpp.3,RPP,failed,True,13,24,19,39,replication_word_tokens,89,True,True,0,0,0.35135135135135137,0,0,0,0,0,0,0,0,0.32758620689655171,0,0,0,0,0,0,0,0,0,0,0,0,0
omit_event_year,v3_working_memory_costs_of_task_switching,rpp.3,RPP,failed,True,13,24,19,39,lowercase_modal_tokens,89,True,True,0.083333333333333329,0.054054054054054057,0.35135135135135137,0.029279279279279279,0.029279279279279279,0,0,2,0,0.17948717948717949,0.1206896551724138,0.32758620689655171,0.058797524314765696,0.058797524314765696,0,0,7,0,0.029518245035486414,0.029518245035486414,0,0.096153846153846159,0.066635601118359741,-0.0031229837264320024,0.032641228761918419
symmetric5_years_omit_event_year,v3_a_single_exposure_to_the_american_flag_s,ml1.12,ML1,failed,True,8,23,19,14,epistemic_adverb_tokens,4,True,False,0,0,0.25806451612903225,0,0,0,0,0,0,0,0.030303030303030304,0.5757575757575758,-0.030303030303030304,0,-0.030303030303030304,0.052631578947368418,0,1,-0.030303030303030304,0,-0.030303030303030304,0,0.030303030303030304,-0.0083603436744353558,-0.021942686628594946
symmetric5_years_omit_event_year,v3_a_single_exposure_to_the_american_flag_s,ml1.12,ML1,failed,True,8,23,19,14,replication_word_tokens,4,True,False,0,0,0.25806451612903225,0,0,0,0,0,0,0.14285714285714285,0.15151515151515152,0.5757575757575758,-0.008658008658008658,0.082251082251082255,-0.090909090909090912,0.15789473684210525,2,3,-0.008658008658008658,0.082251082251082255,-0.090909090909090912,0.14285714285714285,0.15151515151515152,-0.0023886696212672442,-0.0062693390367414134
symmetric5_years_omit_event_year,v3_a_single_exposure_to_the_american_flag_s,ml1.12,ML1,failed,True,8,23,19,14,lowercase_modal_tokens,4,True,False,0.13043478260869565,0.096774193548387094,0.25806451612903225,0.033660589060308554,0.033660589060308554,0,0,3,0,0.2857142857142857,0.12121212121212122,0.5757575757575758,0.16450216450216451,0.16450216450216451,0,0,4,0,0.13084157544185596,0.13084157544185596,0,0.15527950310559005,0.024437927663734114,0.066103835388547874,0.064737740053308082
symmetric5_years_omit_event_year,v3_a_social_functional_approach_to_emotions,rpp.56,RPP,failed,True,22,31,11,22,epistemic_adverb_tokens,6,True,True,0,0,0.41509433962264153,0,0,0,0,0,0,0,0,0.33333333333333331,0,0,0,0,0,0,0,0,0,0,0,0,0
symmetric5_years_omit_event_year,v3_a_social_functional_approach_to_emotions,rpp.56,RPP,failed,True,22,31,11,22,replication_word_tokens,6,True,True,0,0,0.41509433962264153,0,0,0,0,0,0,0.045454545454545456,0.030303030303030304,0.33333333333333331,0.015151515151515152,0.015151515151515152,0,0,1,0,0.015151515151515152,0.015151515151515152,0,0.045454545454545456,0.030303030303030304,-0.0018582046883933677,0.017009719839908521
symmetric5_years_omit_event_year,v3_a_social_functional_approach_to_emotions,rpp.56,RPP,failed,True,22,31,11,22,lowercase_modal_tokens,6,True,True,0.19354838709677419,0.11320754716981132,0.41509433962264153,0.080340839926962879,0.080340839926962879,0,0,6,0,0.045454545454545456,0.030303030303030304,0.33333333333333331,0.015151515151515152,0.015151515151515152,0,0,1,0,-0.065189324775447727,-0.065189324775447727,0,-0.14809384164222875,-0.08290451686678102,-0.0097705601357457716,-0.055418764639701946
symmetric5_years_omit_event_year,v3_accelerated_relearning_after_retrieval_i,rpp.4,RPP,failed,True,11,17,2,10,epistemic_adverb_tokens,8,True,False,0,0,0.39285714285714285,0,0,0,0,0,0,0,0,0.16666666666666666,0,0,0,0,0,0,0,0,0,0,0,0,0
symmetric5_years_omit_event_year,v3_accelerated_relearning_after_retrieval_i,rpp.4,RPP,failed,True,11,17,2,10,replication_word_tokens,8,True,False,0.11764705882352941,0.10714285714285714,0.39285714285714285,0.01050420168067227,0.046218487394957986,-0.035714285714285712,0.090909090909090912,2,1,0,0,0.16666666666666666,0,0,0,0,0,0,-0.01050420168067227,-0.046218487394957986,0.035714285714285712,-0.11764705882352941,-0.10714285714285714,-0.0030239368474662591,-0.0074802648332060098
symmetric5_years_omit_event_year,v3_accelerated_relearning_after_retrieval_i,rpp.4,RPP,failed,True,11,17,2,10,lowercase_modal_tokens,8,True,False,0.11764705882352941,0.10714285714285714,0.39285714285714285,0.01050420168067227,0.046218487394957986,-0.035714285714285712,0.090909090909090912,2,1,0.29999999999999999,0.25,0.16666666666666666,0.050000000000000003,0.050000000000000003,0,0,3,0,0.03949579831932773,0.0037815126050420168,0.035714285714285712,0.18235294117647058,0.14285714285714285,-0.036952508276037688,0.076448306595365417
symmetric5_years_omit_event_year,v3_action_dynamics_reveal_parallel_competit,rpp.112,RPP,successful,True,23,18,38,16,epistemic_adverb_tokens,10,True,True,0,0,0.56097560975609762,0,0,0,0,0,0,0,0,0.70370370370370372,0,0,0,0,0,0,0,0,0,0,0,0,0
symmetric5_years_omit_event_year,v3_action_dynamics_reveal_parallel_competit,rpp.112,RPP,successful,True,23,18,38,16,replication_word_tokens,10,True,True,0,0.024390243902439025,0.56097560975609762,-0.024390243902439025,0,-0.024390243902439025,0.043478260869565216,0,1,0.0625,0.018518518518518517,0.70370370370370372,0.043981481481481483,0.043981481481481483,0,0,1,0,0.068371725383920501,0.043981481481481483,0.024390243902439025,0.0625,-0.005871725383920506,0.0013574682848277759,0.067014257099092728
symmetric5_years_omit_event_year,v3_action_dynamics_reveal_parallel_competit,rpp.112,RPP,successful,True,23,18,38,16,lowercase_modal_tokens,10,True,True,0.055555555555555552,0.097560975609756101,0.56097560975609762,-0.042005420054200542,0.031165311653116531,-0.073170731707317069,0.13043478260869565,1,3,0.1875,0.07407407407407407,0.70370370370370372,0.11342592592592593,0.13194444444444445,-0.018518518518518517,0.026315789473684209,3,1,0.15543134598012648,0.10077913279132791,0.054652213188798551,0.13194444444444445,-0.023486901535682024,0.0061590728946530077,0.14927227308547347
symmetric5_years_omit_event_year,v3_affective_incoherence_when_affective_con,rpp.52,RPP,failed,True,14,18,4,12,epistemic_adverb_tokens,11,True,False,0,0,0.4375,0,0,0,0,0,0,0,0,0.25,0,0,0,0,0,0,0,0,0,0,0,0,0
symmetric5_years_omit_event_year,v3_affective_incoherence_when_affective_con,rpp.52,RPP,failed,True,14,18,4,12,replication_word_tokens,11,True,False,0.16666666666666666,0.09375,0.4375,0.072916666666666671,0.072916666666666671,0,0,3,0,0,0,0.25,0,0,0,0,0,0,-0.072916666666666671,-0.072916666666666671,0,-0.16666666666666666,-0.09375,-0.015625,-0.057291666666666664
symmetric5_years_omit_event_year,v3_affective_incoherence_when_affective_con,rpp.52,RPP,failed,True,14,18,4,12,lowercase_modal_tokens,11,True,False,0.055555555555555552,0.03125,0.4375,0.024305555555555556,0.024305555555555556,0,0,1,0,0,0,0.25,0,0,0,0,0,0,-0.024305555555555556,-0.024305555555555556,0,-0.055555555555555552,-0.03125,-0.005208333333333333,-0.019097222222222224
symmetric5_years_omit_event_year,v3_attractor_dynamics_and_semantic_neighbor,rpp.11,RPP,successful,True,22,21,10,16,epistemic_adverb_tokens,13,True,True,0,0,0.51162790697674421,0,0,0,0,0,0,0,0,0.38461538461538464,0,0,0,0,0,0,0,0,0,0,0,0,0
symmetric5_years_omit_event_year,v3_attractor_dynamics_and_semantic_neighbor,rpp.11,RPP,successful,True,22,21,10,16,replication_word_tokens,13,True,True,0,0,0.51162790697674421,0,0,0,0,0,0,0,0,0.38461538461538464,0,0,0,0,0,0,0,0,0,0,0,0,0
symmetric5_years_omit_event_year,v3_attractor_dynamics_and_semantic_neighbor,rpp.11,RPP,successful,True,22,21,10,16,lowercase_modal_tokens,13,True,True,0.095238095238095233,0.11627906976744186,0.51162790697674421,-0.021040974529346623,0.048726467331118496,-0.069767441860465115,0.13636363636363635,2,3,0.0625,0.076923076923076927,0.38461538461538464,-0.014423076923076924,0.02403846153846154,-0.038461538461538464,0.10000000000000001,1,1,0.0066178976062696996,-0.024688005792656956,0.031305903398926652,-0.03273809523809524,-0.039355992844364938,0.0049932141501908946,0.001624683456078805
symmetric5_years_omit_event_year,v3_auditory_change_detection_simple_sounds_,rpp.139,RPP,successful,True,14,15,15,15,epistemic_adverb_tokens,14,True,True,0,0,0.48275862068965519,0,0,0,0,0,0,0,0,0.5,0,0,0,0,0,0,0,0,0,0,0,0,0
symmetric5_years_omit_event_year,v3_auditory_change_detection_simple_sounds_,rpp.139,RPP,successful,True,14,15,15,15,replication_word_tokens,14,True,True,0,0,0.48275862068965519,0,0,0,0,0,0,0,0.033333333333333333,0.5,-0.033333333333333333,0,-0.033333333333333333,0.066666666666666666,0,1,-0.033333333333333333,0,-0.033333333333333333,0,0.033333333333333333,-0.00057471264367816091,-0.032758620689655175
symmetric5_years_omit_event_year,v3_auditory_change_detection_simple_sounds_,rpp.139,RPP,successful,True,14,15,15,15,lowercase_modal_tokens,14,True,True,0.20000000000000001,0.2413793103448276,0.48275862068965519,-0.041379310344827586,0.096551724137931033,-0.13793103448275862,0.2857142857142857,3,4,0.20000000000000001,0.16666666666666666,0.5,0.033333333333333333,0.10000000000000001,-0.066666666666666666,0.13333333333333333,3,2,0.074712643678160925,0.0034482758620689655,0.071264367816091953,0,-0.074712643678160925,-0.00016420361247947455,0.074876847290640397
symmetric5_years_omit_event_year,v3_balancing_connectedness_and_self_protect,rpp.93,RPP,failed,True,32,75,17,41,epistemic_adverb_tokens,16,True,True,0.013333333333333334,0.0093457943925233638,0.29906542056074764,0.0039875389408099687,0.0039875389408099687,0,0,1,0,0.024390243902439025,0.017241379310344827,0.29310344827586204,0.007148864592094197,0.007148864592094197,0,0,1,0,0.0031613256512842279,0.0031613256512842279,0,0.011056910569105691,0.0078955849178214636,-0.00011245346098320796,0.0032737791122674359
symmetric5_years_omit_event_year,v3_balancing_connectedness_and_self_protect,rpp.93,RPP,failed,True,32,75,17,41,replication_word_tokens,16,True,True,0.013333333333333334,0.0093457943925233638,0.29906542056074764,0.0039875389408099687,0.0039875389408099687,0,0,1,0,0,0,0.29310344827586204,0,0,0,0,0,0,-0.0039875389408099687,-0.0039875389408099687,0,-0.013333333333333334,-0.0093457943925233638,-3.97464818992373e-05,-0.0039477924589107318
symmetric5_years_omit_event_year,v3_balancing_connectedness_and_self_protect,rpp.93,RPP,failed,True,32,75,17,41,lowercase_modal_tokens,16,True,True,0.13333333333333333,0.11214953271028037,0.29906542056074764,0.021183800623052959,0.03987538940809969,-0.018691588785046728,0.0625,10,2,0.24390243902439024,0.18965517241379309,0.29310344827586204,0.054247266610597138,0.071488645920941965,-0.017241379310344827,0.058823529411764705,10,1,0.033063465987544179,0.031613256512842282,0.0014502094747019013,0.11056910569105691,0.077505639703512735,-0.00076287084990335789,0.03382633683744754
symmetric5_years_omit_event_year,v3_cloningertextquotesingles_psychobiologic,ml3.8,ML3,failed,True,21,47,36,51,epistemic_adverb_tokens,17,True,True,0.021276595744680851,0.014705882352941176,0.30882352941176472,0.0065707133917396743,0.0065707133917396743,0,0,1,0,0.019607843137254902,0.011494252873563218,0.41379310344827586,0.0081135902636916835,0.0081135902636916835,0,0,1,0,0.001542876871952009,0.001542876871952009,0,-0.0016687526074259491,-0.003211629479377958,0.0021458110670792853,-0.00060293419512727627
symmetric5_years_omit_event_year,v3_cloningertextquotesingles_psychobiologic,ml3.8,ML3,failed,True,21,47,36,51,replication_word_tokens,17,True,True,0,0,0.30882352941176472,0,0,0,0,0,0,0.019607843137254902,0.011494252873563218,0.41379310344827586,0.0081135902636916835,0.0081135902636916835,0,0,1,0,0.0081135902636916835,0.0081135902636916835,0,0.019607843137254902,0.011494252873563218,0.0010291134709461878,0.0070844767927454961
symmetric5_years_omit_event_year,v3_cloningertextquotesingles_psychobiologic,ml3.8,ML3,failed,True,21,47,36,51,lowercase_modal_tokens,17,True,True,0.021276595744680851,0.014705882352941176,0.30882352941176472,0.0065707133917396743,0.0065707133917396743,0,0,1,0,0.039215686274509803,0.057471264367816091,0.41379310344827586,-0.018255578093306288,0.016227180527383367,-0.034482758620689655,0.083333333333333329,2,3,-0.024826291485045962,0.0096564671356436926,-0.034482758620689655,0.017939090529828953,0.042765382014874918,-0.0011988077134958252,-0.023627483771550137
symmetric5_years_omit_event_year,v3_decision_making_and_learning_while_takin,rpp.39,RPP,failed,True,36,18,45,22,epistemic_adverb_tokens,20,True,True,0,0,0.66666666666666663,0,0,0,0,0,0,0,0,0.67164179104477617,0,0,0,0,0,0,0,0,0,0,0,0,0
symmetric5_years_omit_event_year,v3_decision_making_and_learning_while_takin,rpp.39,RPP,failed,True,36,18,45,22,replication_word_tokens,20,True,True,0,0,0.66666666666666663,0,0,0,0,0,0,0,0,0.67164179104477617,0,0,0,0,0,0,0,0,0,0,0,0,0
symmetric5_years_omit_event_year,v3_decision_making_and_learning_while_takin,rpp.39,RPP,failed,True,36,18,45,22,lowercase_modal_tokens,20,True,True,0.055555555555555552,0.07407407407407407,0.66666666666666663,-0.018518518518518517,0.037037037037037035,-0.055555555555555552,0.083333333333333329,1,3,0.36363636363636365,0.19402985074626866,0.67164179104477617,0.16960651289009498,0.24423337856173677,-0.074626865671641784,0.1111111111111111,8,5,0.1881250314086135,0.20719634152469973,-0.019071310116086235,0.30808080808080807,0.11995577667219458,0.00055907332026735007,0.18756595808834614
symmetric5_years_omit_event_year,v3_effects_of_fluency_on_psychological_dist,rpp.104,RPP,failed,True,26,36,36,59,epistemic_adverb_tokens,22,True,True,0,0,0.41935483870967744,0,0,0,0,0,0,0,0,0.37894736842105264,0,0,0,0,0,0,0,0,0,0,0,0,0
symmetric5_years_omit_event_year,v3_effects_of_fluency_on_psychological_dist,rpp.104,RPP,failed,True,26,36,36,59,replication_word_tokens,22,True,True,0,0,0.41935483870967744,0,0,0,0,0,0,0.067796610169491525,0.042105263157894736,0.37894736842105264,0.025691347011596789,0.025691347011596789,0,0,4,0,0.025691347011596789,0.025691347011596789,0,0.067796610169491525,0.042105263157894736,-0.0013697447555466029,0.027061091767143393
symmetric5_years_omit_event_year,v3_effects_of_fluency_on_psychological_dist,rpp.104,RPP,failed,True,26,36,36,59,lowercase_modal_tokens,22,True,True,0.1111111111111111,0.11290322580645161,0.41935483870967744,-0.0017921146953405018,0.046594982078853049,-0.048387096774193547,0.11538461538461539,4,3,0.067796610169491525,0.063157894736842107,0.37894736842105264,0.0046387154326494205,0.025691347011596789,-0.021052631578947368,0.055555555555555552,4,2,0.0064308301279899218,-0.020903635067256256,0.027334465195246179,-0.043314500941619587,-0.049745331069609509,-0.00016097427682705803,0.00659180440481698
symmetric5_years_omit_event_year,v3_effects_of_need_for_cognition_on_message,ml3.7,ML3,failed,True,7,13,37,48,epistemic_adverb_tokens,23,True,False,0,0,0.34999999999999998,0,0,0,0,0,0,0,0,0.43529411764705883,0,0,0,0,0,0,0,0,0,0,0,0,0
symmetric5_years_omit_event_year,v3_effects_of_need_for_cognition_on_message,ml3.7,ML3,failed,True,7,13,37,48,replication_word_tokens,23,True,False,0,0,0.34999999999999998,0,0,0,0,0,0,0.041666666666666664,0.058823529411764705,0.43529411764705883,-0.017156862745098041,0.018137254901960786,-0.035294117647058823,0.081081081081081086,2,3,-0.017156862745098041,0.018137254901960786,-0.035294117647058823,0.041666666666666664,0.058823529411764705,-0.0016809088500264972,-0.015475953895071542
symmetric5_years_omit_event_year,v3_effects_of_need_for_cognition_on_message,ml3.7,ML3,failed,True,7,13,37,48,lowercase_modal_tokens,23,True,False,0,0,0.34999999999999998,0,0,0,0,0,0,0.0625,0.058823529411764705,0.43529411764705883,0.0036764705882352941,0.027205882352941177,-0.023529411764705882,0.054054054054054057,3,2,0.0036764705882352941,0.027205882352941177,-0.023529411764705882,0.0625,0.058823529411764705,0.00036019475357710652,0.0033162758346581877
symmetric5_years_omit_event_year,v3_elaboration_enhances_the_imagined_contac,ml1.14,ML1,successful,True,67,63,91,62,epistemic_adverb_tokens,24,True,True,0.015873015873015872,0.0076923076923076927,0.51538461538461533,0.0081807081807081811,0.0081807081807081811,0,0,1,0,0.016129032258064516,0.0065359477124183009,0.59477124183006536,0.0095930845456462157,0.0095930845456462157,0,0,1,0,0.0014123763649380348,0.0014123763649380348,0,0.00025601638504864311,-0.0011563599798893917,0.0012702673202356948,0.00014210904470234007
symmetric5_years_omit_event_year,v3_elaboration_enhances_the_imagined_contac,ml1.14,ML1,successful,True,67,63,91,62,replication_word_tokens,24,True,True,0.015873015873015872,0.015384615384615385,0.51538461538461533,0.0004884004884004884,0.0081807081807081811,-0.0076923076923076927,0.014925373134328358,1,1,0.016129032258064516,0.032679738562091505,0.59477124183006536,-0.016550706304026986,0.0095930845456462157,-0.026143790849673203,0.043956043956043959,1,4,-0.017039106792427476,0.0014123763649380348,-0.018451483157365511,0.00025601638504864311,0.01729512317747612,-0.0010669312113303657,-0.01597217558109711
symmetric5_years_omit_event_year,v3_elaboration_enhances_the_imagined_contac,ml1.14,ML1,successful,True,67,63,91,62,lowercase_modal_tokens,24,True,True,0.063492063492063489,0.053846153846153849,0.51538461538461533,0.0096459096459096463,0.032722832722832725,-0.023076923076923078,0.044776119402985072,4,3,0.11290322580645161,0.078431372549019607,0.59477124183006536,0.034471853257432003,0.067151591819523515,-0.032679738562091505,0.054945054945054944,7,5,0.02482594361152236,0.034428759096690784,-0.0096028154851684269,0.049411162314388121,0.024585218702865761,0.0030434496608044283,0.021782493950717931
symmetric5_years_omit_event_year,v3_expectations_as_endowments_evidence_on_r,ee.9,EERP,failed,True,22,25,51,31,epistemic_adverb_tokens,25,True,True,0,0,0.46808510638297873,0,0,0,0,0,0,0,0,0.62195121951219512,0,0,0,0,0,0,0,0,0,0,0,0,0
symmetric5_years_omit_event_year,v3_expectations_as_endowments_evidence_on_r,ee.9,EERP,failed,True,22,25,51,31,replication_word_tokens,25,True,True,0.040000000000000001,0.021276595744680851,0.46808510638297873,0.01872340425531915,0.01872340425531915,0,0,1,0,0.032258064516129031,0.012195121951219513,0.62195121951219512,0.020062942564909519,0.020062942564909519,0,0,1,0,0.0013395383095903711,0.0013395383095903711,0,-0.0077419354838709677,-0.0090814737934613397,0.0055590337646684636,-0.0042194954550780926
symmetric5_years_omit_event_year,v3_expectations_as_endowments_evidence_on_r,ee.9,EERP,failed,True,22,25,51,31,lowercase_modal_tokens,25,True,True,0.23999999999999999,0.1702127659574468,0.46808510638297873,0.069787234042553187,0.11234042553191489,-0.042553191489361701,0.090909090909090912,6,2,0.096774193548387094,0.04878048780487805,0.62195121951219512,0.047993705743509051,0.06018882769472856,-0.012195121951219513,0.019607843137254902,3,1,-0.021793528299044143,-0.052151597837186335,0.030358069538142188,-0.1432258064516129,-0.12143227815256875,0.017406662543423778,-0.039200190842467925
symmetric5_years_omit_event_year,v3_happiness_and_time_preference_the_effect,ee.14,EERP,failed,True,34,30,31,57,epistemic_adverb_tokens,28,True,True,0,0,0.53125,0,0,0,0,0,0,0,0,0.35227272727272729,0,0,0,0,0,0,0,0,0,0,0,0,0
symmetric5_years_omit_event_year,v3_happiness_and_time_preference_the_effect,ee.14,EERP,failed,True,34,30,31,57,replication_word_tokens,28,True,True,0.10000000000000001,0.046875,0.53125,0.053124999999999999,0.053124999999999999,0,0,3,0,0,0.011363636363636364,0.35227272727272729,-0.011363636363636364,0,-0.011363636363636364,0.032258064516129031,0,1,-0.064488636363636359,-0.053124999999999999,-0.011363636363636364,-0.10000000000000001,-0.03551136363636364,-0.0060621334310850443,-0.058426502932551319
symmetric5_years_omit_event_year,v3_happiness_and_time_preference_the_effect,ee.14,EERP,failed,True,34,30,31,57,lowercase_modal_tokens,28,True,True,0.033333333333333333,0.03125,0.53125,0.0020833333333333333,0.017708333333333333,-0.015625,0.029411764705882353,1,1,0.10526315789473684,0.10227272727272728,0.35227272727272729,0.0029904306220095694,0.037081339712918659,-0.034090909090909088,0.096774193548387094,6,3,0.00090709728867623607,0.019373006379585327,-0.018465909090909092,0.07192982456140351,0.071022727272727279,-0.0011106016723713718,0.0020176989610476079
symmetric5_years_omit_event_year,v3_head_up_foot_down_object_words_orient_at,rpp.167,RPP,failed,True,25,21,25,19,epistemic_adverb_tokens,29,True,True,0,0,0.54347826086956519,0,0,0,0,0,0,0,0,0.56818181818181823,0,0,0,0,0,0,0,0,0,0,0,0,0
symmetric5_years_omit_event_year,v3_head_up_foot_down_object_words_orient_at,rpp.167,RPP,failed,True,25,21,25,19,replication_word_tokens,29,True,True,0.047619047619047616,0.043478260869565216,0.54347826086956519,0.004140786749482402,0.025879917184265012,-0.021739130434782608,0.040000000000000001,1,1,0.10526315789473684,0.068181818181818177,0.56818181818181823,0.037081339712918659,0.059808612440191387,-0.022727272727272728,0.040000000000000001,2,1,0.032940552963436259,0.033928695255926379,-0.00098814229249011851,0.05764411027568922,0.024703557312252964,0.00090022487047658668,0.032040328092959675
symmetric5_years_omit_event_year,v3_head_up_foot_down_object_words_orient_at,rpp.167,RPP,failed,True,25,21,25,19,lowercase_modal_tokens,29,True,True,0.19047619047619047,0.15217391304347827,0.54347826086956519,0.038302277432712216,0.10351966873706005,-0.065217391304347824,0.12,4,3,0,0.045454545454545456,0.56818181818181823,-0.045454545454545456,0,-0.045454545454545456,0.080000000000000002,0,2,-0.083756822887257665,-0.10351966873706005,0.019762845849802372,-0.19047619047619047,-0.1067193675889328,-0.00011763598720120459,-0.083639186900056464
symmetric5_years_omit_event_year,v3_hedonic_and_instrumental_motives_in_ange,rpp.142,RPP,successful,True,16,37,14,34,epistemic_adverb_tokens,30,True,True,0,0,0.30188679245283018,0,0,0,0,0,0,0,0,0.29166666666666669,0,0,0,0,0,0,0,0,0,0,0,0,0
symmetric5_years_omit_event_year,v3_hedonic_and_instrumental_motives_in_ange,rpp.142,RPP,successful,True,16,37,14,34,replication_word_tokens,30,True,True,0,0,0.30188679245283018,0,0,0,0,0,0,0.029411764705882353,0.020833333333333332,0.29166666666666669,0.0085784313725490204,0.0085784313725490204,0,0,1,0,0.0085784313725490204,0.0085784313725490204,0,0.029411764705882353,0.020833333333333332,-0.00015029596744358122,0.0087287273399926004
symmetric5_years_omit_event_year,v3_hedonic_and_instrumental_motives_in_ange,rpp.142,RPP,successful,True,16,37,14,34,lowercase_modal_tokens,30,True,True,0.081081081081081086,0.094339622641509441,0.30188679245283018,-0.013258541560428353,0.02447730749617542,-0.037735849056603772,0.125,3,2,0.23529411764705882,0.1875,0.29166666666666669,0.04779411764705882,0.068627450980392163,-0.020833333333333332,0.071428571428571425,8,1,0.061052659207487175,0.044150143484216739,0.01690251572327044,0.15421303656597773,0.093160377358490559,-0.00061293480931383262,0.061665594016801009
symmetric5_years_omit_event_year,v3_how_does_bilingualism_improve_executive_,rpp.22,RPP,failed,True,67,82,45,60,epistemic_adverb_tokens,31,True,True,0.012195121951219513,0.0067114093959731542,0.44966442953020136,0.0054837125552463575,0.0054837125552463575,0,0,1,0,0,0,0.42857142857142855,0,0,0,0,0,0,-0.0054837125552463575,-0.0054837125552463575,0,-0.012195121951219513,-0.0067114093959731542,-0.00012861585950471201,-0.0053550966957416459
symmetric5_years_omit_event_year,v3_how_does_bilingualism_improve_executive_,rpp.22,RPP,failed,True,67,82,45,60,replication_word_tokens,31,True,True,0.10975609756097561,0.080536912751677847,0.44966442953020136,0.029219184809297756,0.049353412997217218,-0.020134228187919462,0.044776119402985072,9,3,0.016666666666666666,0.047619047619047616,0.42857142857142855,-0.030952380952380953,0.0071428571428571426,-0.038095238095238099,0.088888888888888892,1,4,-0.060171565761678709,-0.04221055585436008,-0.017961009907318633,-0.093089430894308947,-0.032917865132630231,7.638033049525269e-05,-0.06024794609217396
symmetric5_years_omit_event_year,v3_how_does_bilingualism_improve_executive_,rpp.22,RPP,failed,True,67,82,45,60,lowercase_modal_tokens,31,True,True,0.15853658536585366,0.13422818791946309,0.44966442953020136,0.024308397446390573,0.071288263218202655,-0.046979865771812082,0.1044776119402985,13,7,0.23333333333333334,0.17142857142857143,0.42857142857142855,0.061904761904761907,0.10000000000000001,-0.038095238095238099,0.088888888888888892,14,4,0.037596364458371334,0.028711736781797347,0.0088846276765739852,0.074796747967479676,0.037200383509108342,-0.0020935163917257869,0.039689880850097121
symmetric5_years_omit_event_year,v3_how_the_head_liberates_the_heart_project,rpp.59,RPP,successful,True,11,29,6,28,epistemic_adverb_tokens,16,True,False,0,0,0.27500000000000002,0,0,0,0,0,0,0.035714285714285712,0.029411764705882353,0.17647058823529413,0.0063025210084033615,0.0063025210084033615,0,0,1,0,0.0063025210084033615,0.0063025210084033615,0,0.035714285714285712,0.029411764705882353,-0.0017594537815126051,0.0080619747899159672
symmetric5_years_omit_event_year,v3_how_the_head_liberates_the_heart_project,rpp.59,RPP,successful,True,11,29,6,28,replication_word_tokens,16,True,False,0,0,0.27500000000000002,0,0,0,0,0,0,0,0,0.17647058823529413,0,0,0,0,0,0,0,0,0,0,0,0,0
symmetric5_years_omit_event_year,v3_how_the_head_liberates_the_heart_project,rpp.59,RPP,successful,True,11,29,6,28,lowercase_modal_tokens,16,True,False,0.068965517241379309,0.074999999999999997,0.27500000000000002,-0.0060344827586206896,0.01896551724137931,-0.025000000000000001,0.090909090909090912,2,1,0.035714285714285712,0.029411764705882353,0.17647058823529413,0.0063025210084033615,0.0063025210084033615,0,0,1,0,0.012337003767024051,-0.012662996232975949,0.025000000000000001,-0.033251231527093597,-0.045588235294117645,-0.00067841007876504836,0.0130154138457891
symmetric5_years_omit_event_year,v3_imperfect_public_monitoring_with_costly_,ee.2,EERP,successful,True,25,25,31,36,epistemic_adverb_tokens,25,True,True,0,0,0.5,0,0,0,0,0,0,0.027777777777777776,0.014925373134328358,0.46268656716417911,0.01285240464344942,0.01285240464344942,0,0,1,0,0.01285240464344942,0.01285240464344942,0,0.027777777777777776,0.014925373134328358,-0.00051824212271973469,0.013370646766169154
symmetric5_years_omit_event_year,v3_imperfect_public_monitoring_with_costly_,ee.2,EERP,successful,True,25,25,31,36,replication_word_tokens,25,True,True,0,0,0.5,0,0,0,0,0,0,0,0.029850746268656716,0.46268656716417911,-0.029850746268656716,0,-0.029850746268656716,0.064516129032258063,0,2,-0.029850746268656716,0,-0.029850746268656716,0,0.029850746268656716,0.001203659123736158,-0.031054405392392875
symmetric5_years_omit_event_year,v3_imperfect_public_monitoring_with_costly_,ee.2,EERP,successful,True,25,25,31,36,lowercase_modal_tokens,25,True,True,0.12,0.10000000000000001,0.5,0.02,0.059999999999999998,-0.040000000000000001,0.080000000000000002,3,2,0.25,0.19402985074626866,0.46268656716417911,0.055970149253731345,0.11567164179104478,-0.059701492537313432,0.12903225806451613,9,4,0.035970149253731341,0.055671641791044779,-0.019701492537313434,0.13,0.094029850746268656,-0.0030031295137217138,0.03897327876745306
symmetric5_years_omit_event_year,v3_increasing_and_decreasing_motor_and_cogn,rpp.49,RPP,failed,True,64,93,31,28,epistemic_adverb_tokens,32,True,True,0.021505376344086023,0.012738853503184714,0.40764331210191085,0.0087665228409013075,0.0087665228409013075,0,0,2,0,0,0,0.52542372881355937,0,0,0,0,0,0,-0.0087665228409013075,-0.0087665228409013075,0,-0.021505376344086023,-0.012738853503184714,0.0012664560936736398,-0.010032978934574948
symmetric5_years_omit_event_year,v3_increasing_and_decreasing_motor_and_cogn,rpp.49,RPP,failed,True,64,93,31,28,replication_word_tokens,32,True,True,0,0,0.40764331210191085,0,0,0,0,0,0,0.071428571428571425,0.10169491525423729,0.52542372881355937,-0.03026634382566586,0.037530266343825669,-0.067796610169491525,0.12903225806451613,2,4,-0.03026634382566586,0.037530266343825669,-0.067796610169491525,0.071428571428571425,0.10169491525423729,-0.003392293108054392,-0.026874050717611467
symmetric5_years_omit_event_year,v3_increasing_and_decreasing_motor_and_cogn,rpp.49,RPP,failed,True,64,93,31,28,lowercase_modal_tokens,32,True,True,0.12903225806451613,0.095541401273885357,0.40764331210191085,0.033490856790630776,0.052599137045407848,-0.019108280254777069,0.046875,12,3,0.071428571428571425,0.084745762711864403,0.52542372881355937,-0.013317191283292978,0.037530266343825669,-0.050847457627118647,0.096774193548387094,2,3,-0.046808048073923754,-0.015068870701582183,-0.031739177372341575,-0.057603686635944701,-0.010795638562020943,0.0033456490778186443,-0.0501536971517424
symmetric5_years_omit_event_year,v3_individual_differences_in_the_regulation,rpp.53,RPP,failed,True,10,34,14,20,epistemic_adverb_tokens,33,True,True,0,0,0.22727272727272727,0,0,0,0,0,0,0.050000000000000003,0.029411764705882353,0.41176470588235292,0.020588235294117647,0.020588235294117647,0,0,1,0,0.020588235294117647,0.020588235294117647,0,0.050000000000000003,0.029411764705882353,0.0046122994652406414,0.015975935828877005
symmetric5_years_omit_event_year,v3_individual_differences_in_the_regulation,rpp.53,RPP,failed,True,10,34,14,20,replication_word_tokens,33,True,True,0,0,0.22727272727272727,0,0,0,0,0,0,0.050000000000000003,0.058823529411764705,0.41176470588235292,-0.0088235294117647058,0.020588235294117647,-0.029411764705882353,0.071428571428571425,1,1,-0.0088235294117647058,0.020588235294117647,-0.029411764705882353,0.050000000000000003,0.058823529411764705,-0.0019766997708174179,-0.0068468296409472879
symmetric5_years_omit_event_year,v3_individual_differences_in_the_regulation,rpp.53,RPP,failed,True,10,34,14,20,lowercase_modal_tokens,33,True,True,0.11764705882352941,0.11363636363636363,0.22727272727272727,0.0040106951871657758,0.026737967914438502,-0.022727272727272728,0.10000000000000001,4,1,0.34999999999999998,0.20588235294117646,0.41176470588235292,0.14411764705882352,0.14411764705882352,0,0,7,0,0.14010695187165775,0.11737967914438503,0.022727272727272728,0.2323529411764706,0.092245989304812828,0.033913966656181189,0.10619298521547657
symmetric5_years_omit_event_year,v3_it_feels_like_yesterday_self_esteem_vale,ml3.3,ML3,failed,True,24,50,33,67,epistemic_adverb_tokens,37,True,True,0,0,0.32432432432432434,0,0,0,0,0,0,0.014925373134328358,0.01,0.33000000000000002,0.0049253731343283586,0.0049253731343283586,0,0,1,0,0.0049253731343283586,0.0049253731343283586,0,0.014925373134328358,0.01,4.2355788624445339e-05,0.0048830173457039125
symmetric5_years_omit_event_year,v3_it_feels_like_yesterday_self_esteem_vale,ml3.3,ML3,failed,True,24,50,33,67,replication_word_tokens,37,True,True,0,0,0.32432432432432434,0,0,0,0,0,0,0,0,0.33000000000000002,0,0,0,0,0,0,0,0,0,0,0,0,0
symmetric5_years_omit_event_year,v3_it_feels_like_yesterday_self_esteem_vale,ml3.3,ML3,failed,True,24,50,33,67,lowercase_modal_tokens,37,True,True,0.16,0.16216216216216217,0.32432432432432434,-0.0021621621621621622,0.051891891891891889,-0.054054054054054057,0.16666666666666666,8,4,0.089552238805970144,0.080000000000000002,0.33000000000000002,0.0095522388059701493,0.02955223880597015,-0.02,0.060606060606060608,6,2,0.011714400968132312,-0.022339653085921743,0.034054054054054053,-0.070447761194029845,-0.082162162162162156,6.322564083758114e-05,0.011651175327294731
symmetric5_years_omit_event_year,v3_last_place_aversion_evidence_and_redistr,ee.18,EERP,failed,True,11,17,54,94,epistemic_adverb_tokens,25,True,True,0,0,0.39285714285714285,0,0,0,0,0,0,0.010638297872340425,0.0067567567567567571,0.36486486486486486,0.0038815411155836686,0.0038815411155836686,0,0,1,0,0.0038815411155836686,0.0038815411155836686,0,0.010638297872340425,0.0067567567567567571,-0.00014889509570360635,0.0040304362112872751
symmetric5_years_omit_event_year,v3_last_place_aversion_evidence_and_redistr,ee.18,EERP,failed,True,11,17,54,94,replication_word_tokens,25,True,True,0,0,0.39285714285714285,0,0,0,0,0,0,0,0.0067567567567567571,0.36486486486486486,-0.0067567567567567571,0,-0.0067567567567567571,0.018518518518518517,0,1,-0.0067567567567567571,0,-0.0067567567567567571,0,0.0067567567567567571,0.00025918775918775918,-0.0070159445159445159
symmetric5_years_omit_event_year,v3_last_place_aversion_evidence_and_redistr,ee.18,EERP,failed,True,11,17,54,94,lowercase_modal_tokens,25,True,True,0.17647058823529413,0.25,0.39285714285714285,-0.073529411764705885,0.069327731092436978,-0.14285714285714285,0.36363636363636365,3,4,0.23404255319148937,0.16216216216216217,0.36486486486486486,0.071880391029327195,0.08539390454284071,-0.013513513513513514,0.037037037037037035,22,2,0.14540980279403309,0.016066173450403738,0.12934362934362933,0.057571964956195244,-0.087837837837837843,-0.0001377183792703192,0.14554752117330341
symmetric5_years_omit_event_year,v3_left_frontal_cortical_activation_and_spr,rpp.55,RPP,failed,True,7,20,17,21,epistemic_adverb_tokens,31,True,False,0,0,0.25925925925925924,0,0,0,0,0,0,0,0,0.44736842105263158,0,0,0,0,0,0,0,0,0,0,0,0,0
symmetric5_years_omit_event_year,v3_left_frontal_cortical_activation_and_spr,rpp.55,RPP,failed,True,7,20,17,21,replication_word_tokens,31,True,False,0,0,0.25925925925925924,0,0,0,0,0,0,0.047619047619047616,0.026315789473684209,0.44736842105263158,0.021303258145363407,0.021303258145363407,0,0,1,0,0.021303258145363407,0.021303258145363407,0,0.047619047619047616,0.026315789473684209,0.0044787895665088645,0.016824468578854543
symmetric5_years_omit_event_year,v3_left_frontal_cortical_activation_and_spr,rpp.55,RPP,failed,True,7,20,17,21,lowercase_modal_tokens,31,True,False,0.10000000000000001,0.07407407407407407,0.25925925925925924,0.025925925925925925,0.025925925925925925,0,0,2,0,0.047619047619047616,0.026315789473684209,0.44736842105263158,0.021303258145363407,0.021303258145363407,0,0,1,0,-0.004622667780562517,-0.004622667780562517,0,-0.052380952380952382,-0.047758284600389861,0.013884247656177481,-0.018506915436739997
symmetric5_years_omit_event_year,v3_measuring_the_crowd_within_probabilistic,rpp.116,RPP,successful,True,38,31,33,26,epistemic_adverb_tokens,41,True,True,0,0,0.55072463768115942,0,0,0,0,0,0,0,0.016949152542372881,0.55932203389830504,-0.016949152542372881,0,-0.016949152542372881,0.030303030303030304,0,1,-0.016949152542372881,0,-0.016949152542372881,0,0.016949152542372881,-0.00013026357904766158,-0.016818888963325219
symmetric5_years_omit_event_year,v3_measuring_the_crowd_within_probabilistic,rpp.116,RPP,successful,True,38,31,33,26,replication_word_tokens,41,True,True,0.096774193548387094,0.10144927536231885,0.55072463768115942,-0.0046750818139317434,0.053295932678821878,-0.057971014492753624,0.10526315789473684,3,4,0,0,0.55932203389830504,0,0,0,0,0,0,0.0046750818139317434,-0.053295932678821878,0.057971014492753624,-0.096774193548387094,-0.10144927536231885,-3.6491494979395857e-05,0.0047115733089111399
symmetric5_years_omit_event_year,v3_measuring_the_crowd_within_probabilistic,rpp.116,RPP,successful,True,38,31,33,26,lowercase_modal_tokens,41,True,True,0.096774193548387094,0.072463768115942032,0.55072463768115942,0.024310425432445069,0.053295932678821878,-0.028985507246376812,0.052631578947368418,3,2,0.15384615384615385,0.10169491525423729,0.55932203389830504,0.05215123859191656,0.086049543676662316,-0.033898305084745763,0.060606060606060608,4,2,0.027840813159471491,0.032753610997840445,-0.0049127978383689515,0.057071960297766747,0.02923114713829526,0.00059056678634720181,0.027250246373124287
symmetric5_years_omit_event_year,v3_multidimensional_visual_statistical_lear,rpp.29,RPP,successful,True,20,18,20,13,epistemic_adverb_tokens,31,True,True,0,0,0.52631578947368418,0,0,0,0,0,0,0,0,0.60606060606060608,0,0,0,0,0,0,0,0,0,0,0,0,0
symmetric5_years_omit_event_year,v3_multidimensional_visual_statistical_lear,rpp.29,RPP,successful,True,20,18,20,13,replication_word_tokens,31,True,True,0,0,0.52631578947368418,0,0,0,0,0,0,0.15384615384615385,0.060606060606060608,0.60606060606060608,0.093240093240093247,0.093240093240093247,0,0,2,0,0.093240093240093247,0.093240093240093247,0,0.15384615384615385,0.060606060606060608,0.0061342166605324504,0.087105876579560787
symmetric5_years_omit_event_year,v3_multidimensional_visual_statistical_lear,rpp.29,RPP,successful,True,20,18,20,13,lowercase_modal_tokens,31,True,True,0.055555555555555552,0.078947368421052627,0.52631578947368418,-0.023391812865497075,0.029239766081871343,-0.052631578947368418,0.10000000000000001,1,2,0.15384615384615385,0.18181818181818182,0.60606060606060608,-0.027972027972027972,0.093240093240093247,-0.12121212121212122,0.20000000000000001,2,4,-0.0045802151065308964,0.06400032715822189,-0.068580542264752797,0.098290598290598288,0.10287081339712918,-0.0036123720334246649,-0.00096784307310623105
symmetric5_years_omit_event_year,v3_multiple_roles_for_time_in_short_term_me,rpp.33,RPP,successful,True,68,52,39,34,epistemic_adverb_tokens,45,True,True,0,0,0.56666666666666665,0,0,0,0,0,0,0,0,0.53424657534246578,0,0,0,0,0,0,0,0,0,0,0,0,0
symmetric5_years_omit_event_year,v3_multiple_roles_for_time_in_short_term_me,rpp.33,RPP,successful,True,68,52,39,34,replication_word_tokens,45,True,True,0,0,0.56666666666666665,0,0,0,0,0,0,0.029411764705882353,0.013698630136986301,0.53424657534246578,0.015713134568896052,0.015713134568896052,0,0,1,0,0.015713134568896052,0.015713134568896052,0,0.029411764705882353,0.013698630136986301,-0.00047676604888530753,0.016189900617781357
symmetric5_years_omit_event_year,v3_multiple_roles_for_time_in_short_term_me,rpp.33,RPP,successful,True,68,52,39,34,lowercase_modal_tokens,45,True,True,0.057692307692307696,0.041666666666666664,0.56666666666666665,0.016025641025641024,0.032692307692307694,-0.016666666666666666,0.029411764705882353,3,2,0.029411764705882353,0.041095890410958902,0.53424657534246578,-0.011684125705076551,0.015713134568896052,-0.027397260273972601,0.05128205128205128,1,2,-0.027709766730717577,-0.016979173123411642,-0.010730593607305937,-0.02828054298642534,-0.00057077625570776253,-0.00010391054911602857,-0.027605856181601548
symmetric5_years_omit_event_year,v3_not_so_innocent_does_seeing_one_s_own_ca,rpp.65,RPP,failed,True,11,38,25,37,epistemic_adverb_tokens,46,True,True,0.026315789473684209,0.020408163265306121,0.22448979591836735,0.0059076262083780882,0.0059076262083780882,0,0,1,0,0,0,0.40322580645161288,0,0,0,0,0,0,-0.0059076262083780882,-0.0059076262083780882,0,-0.026315789473684209,-0.020408163265306121,0.0023517896122795469,-0.0082594158206576347
symmetric5_years_omit_event_year,v3_not_so_innocent_does_seeing_one_s_own_ca,rpp.65,RPP,failed,True,11,38,25,37,replication_word_tokens,46,True,True,0.052631578947368418,0.040816326530612242,0.22448979591836735,0.011815252416756176,0.011815252416756176,0,0,2,0,0,0.016129032258064516,0.40322580645161288,-0.016129032258064516,0,-0.016129032258064516,0.040000000000000001,0,1,-0.027944284674820692,-0.011815252416756176,-0.016129032258064516,-0.052631578947368418,-0.024687294272547729,0.0011288590138941825,-0.029073143688714876
symmetric5_years_omit_event_year,v3_not_so_innocent_does_seeing_one_s_own_ca,rpp.65,RPP,failed,True,11,38,25,37,lowercase_modal_tokens,46,True,True,0.21052631578947367,0.18367346938775511,0.22448979591836735,0.026852846401718582,0.047261009667024706,-0.020408163265306121,0.090909090909090912,8,1,0.1891891891891892,0.14516129032258066,0.40322580645161288,0.044027898866608545,0.076285963382737576,-0.032258064516129031,0.080000000000000002,7,2,0.017175052464889963,0.02902495371571287,-0.011849901250822911,-0.021337126600284494,-0.038512179065174457,0.020447972817606578,-0.0032729203527166175
symmetric5_years_omit_event_year,v3_on_the_additive_effects_of_stimulus_qual,rpp.27,RPP,successful,True,22,10,23,17,epistemic_adverb_tokens,47,True,True,0,0,0.6875,0,0,0,0,0,0,0.058823529411764705,0.025000000000000001,0.57499999999999996,0.033823529411764704,0.033823529411764704,0,0,1,0,0.033823529411764704,0.033823529411764704,0,0.058823529411764705,0.025000000000000001,-0.0033088235294117647,0.037132352941176471
symmetric5_years_omit_event_year,v3_on_the_additive_effects_of_stimulus_qual,rpp.27,RPP,successful,True,22,10,23,17,replication_word_tokens,47,True,True,0,0.03125,0.6875,-0.03125,0,-0.03125,0.045454545454545456,0,1,0,0,0.57499999999999996,0,0,0,0,0,0,0.03125,0,0.03125,0,-0.03125,0.0025568181818181818,0.028693181818181819
symmetric5_years_omit_event_year,v3_on_the_additive_effects_of_stimulus_qual,rpp.27,RPP,successful,True,22,10,23,17,lowercase_modal_tokens,47,True,True,0,0,0.6875,0,0,0,0,0,0,0.11764705882352941,0.074999999999999997,0.57499999999999996,0.042647058823529413,0.067647058823529407,-0.025000000000000001,0.043478260869565216,2,1,0.042647058823529413,0.067647058823529407,-0.025000000000000001,0.11764705882352941,0.074999999999999997,-0.0041719948849104861,0.046819053708439896
symmetric5_years_omit_event_year,v3_orienting_attention_in_visual_working_me,rpp.37,RPP,failed,True,54,89,26,31,epistemic_adverb_tokens,52,True,True,0,0,0.3776223776223776,0,0,0,0,0,0,0.064516129032258063,0.035087719298245612,0.45614035087719296,0.029428409734012451,0.029428409734012451,0,0,2,0,0.029428409734012451,0.029428409734012451,0,0.064516129032258063,0.035087719298245612,0.0025328378469295278,0.026895571887082921
symmetric5_years_omit_event_year,v3_orienting_attention_in_visual_working_me,rpp.37,RPP,failed,True,54,89,26,31,replication_word_tokens,52,True,True,0.02247191011235955,0.013986013986013986,0.3776223776223776,0.0084858961263455639,0.0084858961263455639,0,0,2,0,0,0,0.45614035087719296,0,0,0,0,0,0,-0.0084858961263455639,-0.0084858961263455639,0,-0.02247191011235955,-0.013986013986013986,0.000882224418593431,-0.0093681205449389956
symmetric5_years_omit_event_year,v3_orienting_attention_in_visual_working_me,rpp.37,RPP,failed,True,54,89,26,31,lowercase_modal_tokens,52,True,True,0.06741573033707865,0.04195804195804196,0.3776223776223776,0.025457688379036694,0.025457688379036694,0,0,6,0,0.22580645161290322,0.14035087719298245,0.45614035087719296,0.085455574419920771,0.10299943406904358,-0.017543859649122806,0.038461538461538464,7,1,0.059997886040884074,0.07754174569000688,-0.017543859649122806,0.15839072127582457,0.098392835234940496,0.010001644695902576,0.049996241344981499
symmetric5_years_omit_event_year,v3_perceptual_mechanisms_that_characterize_,rpp.110,RPP,failed,True,8,18,15,24,epistemic_adverb_tokens,53,True,False,0,0,0.30769230769230771,0,0,0,0,0,0,0.041666666666666664,0.02564102564102564,0.38461538461538464,0.016025641025641024,0.016025641025641024,0,0,1,0,0.016025641025641024,0.016025641025641024,0,0.041666666666666664,0.02564102564102564,0.0016025641025641025,0.014423076923076924
symmetric5_years_omit_event_year,v3_perceptual_mechanisms_that_characterize_,rpp.110,RPP,failed,True,8,18,15,24,replication_word_tokens,53,True,False,0,0,0.30769230769230771,0,0,0,0,0,0,0,0.02564102564102564,0.38461538461538464,-0.02564102564102564,0,-0.02564102564102564,0.066666666666666666,0,1,-0.02564102564102564,0,-0.02564102564102564,0,0.02564102564102564,-0.0025641025641025641,-0.023076923076923078
symmetric5_years_omit_event_year,v3_perceptual_mechanisms_that_characterize_,rpp.110,RPP,failed,True,8,18,15,24,lowercase_modal_tokens,53,True,False,0.33333333333333331,0.23076923076923078,0.30769230769230771,0.10256410256410256,0.10256410256410256,0,0,6,0,0.41666666666666669,0.33333333333333331,0.38461538461538464,0.083333333333333329,0.16025641025641027,-0.076923076923076927,0.20000000000000001,10,3,-0.019230769230769232,0.057692307692307696,-0.076923076923076927,0.083333333333333329,0.10256410256410256,0.021153846153846155,-0.040384615384615387
symmetric5_years_omit_event_year,v3_poignancy_mixed_emotional_experience_in_,rpp.61,RPP,failed,True,16,21,12,18,epistemic_adverb_tokens,55,True,True,0,0,0.43243243243243246,0,0,0,0,0,0,0,0,0.40000000000000002,0,0,0,0,0,0,0,0,0,0,0,0,0
symmetric5_years_omit_event_year,v3_poignancy_mixed_emotional_experience_in_,rpp.61,RPP,failed,True,16,21,12,18,replication_word_tokens,55,True,True,0,0,0.43243243243243246,0,0,0,0,0,0,0,0,0.40000000000000002,0,0,0,0,0,0,0,0,0,0,0,0,0
symmetric5_years_omit_event_year,v3_poignancy_mixed_emotional_experience_in_,rpp.61,RPP,failed,True,16,21,12,18,lowercase_modal_tokens,55,True,True,0.095238095238095233,0.081081081081081086,0.43243243243243246,0.014157014157014158,0.041184041184041183,-0.027027027027027029,0.0625,2,1,0.16666666666666666,0.10000000000000001,0.40000000000000002,0.066666666666666666,0.066666666666666666,0,0,3,0,0.052509652509652512,0.025482625482625483,0.027027027027027029,0.071428571428571425,0.01891891891891892,-0.0032335907335907335,0.055743243243243243
symmetric5_years_omit_event_year,v3_precision_of_the_anchor_influences_the_a,rpp.111,RPP,successful,True,12,21,12,29,epistemic_adverb_tokens,56,True,True,0,0,0.36363636363636365,0,0,0,0,0,0,0,0,0.29268292682926828,0,0,0,0,0,0,0,0,0,0,0,0,0
symmetric5_years_omit_event_year,v3_precision_of_the_anchor_influences_the_a,rpp.111,RPP,successful,True,12,21,12,29,replication_word_tokens,56,True,True,0.047619047619047616,0.030303030303030304,0.36363636363636365,0.017316017316017316,0.017316017316017316,0,0,1,0,0,0,0.29268292682926828,0,0,0,0,0,0,-0.017316017316017316,-0.017316017316017316,0,-0.047619047619047616,-0.030303030303030304,-0.0016893675430260796,-0.015626649772991236
symmetric5_years_omit_event_year,v3_precision_of_the_anchor_influences_the_a,rpp.111,RPP,successful,True,12,21,12,29,lowercase_modal_tokens,56,True,True,0.047619047619047616,0.030303030303030304,0.36363636363636365,0.017316017316017316,0.017316017316017316,0,0,1,0,0.068965517241379309,0.073170731707317069,0.29268292682926828,-0.0042052144659377629,0.020185029436501262,-0.024390243902439025,0.083333333333333329,2,1,-0.021521231781955079,0.0028690121204839455,-0.024390243902439025,0.021346469622331693,0.042867701404286772,-0.0011796445774578659,-0.020341587204497212
symmetric5_years_omit_event_year,v3_priming_addition_facts_with_semantic_rel,rpp.24,RPP,successful,True,7,13,12,11,epistemic_adverb_tokens,60,True,False,0,0,0.34999999999999998,0,0,0,0,0,0,0,0,0.52173913043478259,0,0,0,0,0,0,0,0,0,0,0,0,0
symmetric5_years_omit_event_year,v3_priming_addition_facts_with_semantic_rel,rpp.24,RPP,successful,True,7,13,12,11,replication_word_tokens,60,True,False,0,0,0.34999999999999998,0,0,0,0,0,0,0,0.043478260869565216,0.52173913043478259,-0.043478260869565216,0,-0.043478260869565216,0.083333333333333329,0,1,-0.043478260869565216,0,-0.043478260869565216,0,0.043478260869565216,-0.0071557971014492754,-0.036322463768115945
symmetric5_years_omit_event_year,v3_priming_addition_facts_with_semantic_rel,rpp.24,RPP,successful,True,7,13,12,11,lowercase_modal_tokens,60,True,False,0.076923076923076927,0.10000000000000001,0.34999999999999998,-0.023076923076923078,0.026923076923076925,-0.050000000000000003,0.14285714285714285,1,1,0.090909090909090912,0.086956521739130432,0.52173913043478259,0.003952569169960474,0.047430830039525688,-0.043478260869565216,0.083333333333333329,1,1,0.027029492246883551,0.020507753116448767,0.0065217391304347823,0.013986013986013986,-0.013043478260869565,-0.0050112025655503914,0.032040694812433941
symmetric5_years_omit_event_year,v3_response_scales_effects_of_category_rang,ml1.8,ML1,successful,True,21,22,16,18,epistemic_adverb_tokens,26,True,True,0,0,0.48837209302325579,0,0,0,0,0,0,0,0,0.47058823529411764,0,0,0,0,0,0,0,0,0,0,0,0,0
symmetric5_years_omit_event_year,v3_response_scales_effects_of_category_rang,ml1.8,ML1,successful,True,21,22,16,18,replication_word_tokens,26,True,True,0.090909090909090912,0.069767441860465115,0.48837209302325579,0.021141649048625793,0.044397463002114168,-0.023255813953488372,0.047619047619047616,2,1,0,0,0.47058823529411764,0,0,0,0,0,0,-0.021141649048625793,-0.044397463002114168,0.023255813953488372,-0.090909090909090912,-0.069767441860465115,-0.00038493198547918109,-0.02075671706314661
symmetric5_years_omit_event_year,v3_response_scales_effects_of_category_rang,ml1.8,ML1,successful,True,21,22,16,18,lowercase_modal_tokens,26,True,True,0.18181818181818182,0.11627906976744186,0.48837209302325579,0.065539112050739964,0.088794926004228336,-0.023255813953488372,0.047619047619047616,4,1,0.22222222222222221,0.14705882352941177,0.47058823529411764,0.075163398692810454,0.10457516339869281,-0.029411764705882353,0.0625,4,1,0.0096242866420705002,0.015780237394464481,-0.0061559507523939808,0.040404040404040407,0.030779753761969904,-0.0026135277930763568,0.012237814435146856
symmetric5_years_omit_event_year,v3_running_on_empty_neural_signals_for_self,ml3.5,ML3,successful,True,1,13,5,14,epistemic_adverb_tokens,61,True,False,0,0,0.071428571428571425,0,0,0,0,0,0,0,0,0.26315789473684209,0,0,0,0,0,0,0,0,0,0,0,0,0
symmetric5_years_omit_event_year,v3_running_on_empty_neural_signals_for_self,ml3.5,ML3,successful,True,1,13,5,14,replication_word_tokens,61,True,False,0,0,0.071428571428571425,0,0,0,0,0,0,0,0,0.26315789473684209,0,0,0,0,0,0,0,0,0,0,0,0,0
symmetric5_years_omit_event_year,v3_running_on_empty_neural_signals_for_self,ml3.5,ML3,successful,True,1,13,5,14,lowercase_modal_tokens,61,True,False,0,0.071428571428571425,0.071428571428571425,-0.071428571428571425,0,-0.071428571428571425,1,0,1,0.21428571428571427,0.15789473684210525,0.26315789473684209,0.056390977443609019,0.056390977443609019,0,0,3,0,0.12781954887218044,0.056390977443609019,0.071428571428571425,0.21428571428571427,0.08646616541353383,-0.075322234156820628,0.20314178302900107
symmetric5_years_omit_event_year,v3_screening_competition_and_job_design_eco,ee.3,EERP,successful,True,18,17,29,17,epistemic_adverb_tokens,62,True,True,0,0,0.51428571428571423,0,0,0,0,0,0,0,0,0.63043478260869568,0,0,0,0,0,0,0,0,0,0,0,0,0
symmetric5_years_omit_event_year,v3_screening_competition_and_job_design_eco,ee.3,EERP,successful,True,18,17,29,17,replication_word_tokens,62,True,True,0,0,0.51428571428571423,0,0,0,0,0,0,0,0,0.63043478260869568,0,0,0,0,0,0,0,0,0,0,0,0,0
symmetric5_years_omit_event_year,v3_screening_competition_and_job_design_eco,ee.3,EERP,successful,True,18,17,29,17,lowercase_modal_tokens,62,True,True,0.11764705882352941,0.085714285714285715,0.51428571428571423,0.031932773109243695,0.060504201680672269,-0.028571428571428571,0.055555555555555552,2,1,0.17647058823529413,0.13043478260869565,0.63043478260869568,0.046035805626598467,0.11125319693094629,-0.065217391304347824,0.10344827586206896,3,3,0.014103032517354768,0.050748995250274022,-0.036645962732919257,0.058823529411764705,0.04472049689440994,0.0078466719021441662,0.006256360615210602
symmetric5_years_omit_event_year,v3_self_handicapping_excuse_making_and_coun,rpp.94,RPP,successful,True,18,33,3,15,epistemic_adverb_tokens,64,True,False,0,0,0.35294117647058826,0,0,0,0,0,0,0,0,0.16666666666666666,0,0,0,0,0,0,0,0,0,0,0,0,0
symmetric5_years_omit_event_year,v3_self_handicapping_excuse_making_and_coun,rpp.94,RPP,successful,True,18,33,3,15,replication_word_tokens,64,True,False,0,0,0.35294117647058826,0,0,0,0,0,0,0,0,0.16666666666666666,0,0,0,0,0,0,0,0,0,0,0,0,0
symmetric5_years_omit_event_year,v3_self_handicapping_excuse_making_and_coun,rpp.94,RPP,successful,True,18,33,3,15,lowercase_modal_tokens,64,True,False,0.24242424242424243,0.23529411764705882,0.35294117647058826,0.0071301247771836003,0.085561497326203204,-0.078431372549019607,0.22222222222222221,8,4,0,0,0.16666666666666666,0,0,0,0,0,0,-0.0071301247771836003,-0.085561497326203204,0.078431372549019607,-0.24242424242424243,-0.23529411764705882,-0.0018815607050901169,-0.0052485640720934838
symmetric5_years_omit_event_year,v3_self_regulation_and_selective_exposure_t,rpp.86,RPP,failed,True,23,15,11,15,epistemic_adverb_tokens,63,True,True,0,0,0.60526315789473684,0,0,0,0,0,0,0,0,0.42307692307692307,0,0,0,0,0,0,0,0,0,0,0,0,0
symmetric5_years_omit_event_year,v3_self_regulation_and_selective_exposure_t,rpp.86,RPP,failed,True,23,15,11,15,replication_word_tokens,63,True,True,0,0,0.60526315789473684,0,0,0,0,0,0,0,0,0.42307692307692307,0,0,0,0,0,0,0,0,0,0,0,0,0
symmetric5_years_omit_event_year,v3_self_regulation_and_selective_exposure_t,rpp.86,RPP,failed,True,23,15,11,15,lowercase_modal_tokens,63,True,True,0.13333333333333333,0.10526315789473684,0.60526315789473684,0.028070175438596492,0.080701754385964913,-0.052631578947368418,0.086956521739130432,2,2,0.066666666666666666,0.038461538461538464,0.42307692307692307,0.028205128205128206,0.028205128205128206,0,0,1,0,0.00013495276653171389,-0.052496626180836704,0.052631578947368418,-0.066666666666666666,-0.066801619433198386,-0.010297482837528604,0.010432435604060318
symmetric5_years_omit_event_year,v3_slow_to_anger_and_fast_to_forgive_cooper,ee.12,EERP,successful,True,61,29,72,30,epistemic_adverb_tokens,25,True,True,0,0,0.67777777777777781,0,0,0,0,0,0,0,0,0.70588235294117652,0,0,0,0,0,0,0,0,0,0,0,0,0
symmetric5_years_omit_event_year,v3_slow_to_anger_and_fast_to_forgive_cooper,ee.12,EERP,successful,True,61,29,72,30,replication_word_tokens,25,True,True,0,0,0.67777777777777781,0,0,0,0,0,0,0,0.019607843137254902,0.70588235294117652,-0.019607843137254902,0,-0.019607843137254902,0.027777777777777776,0,2,-0.019607843137254902,0,-0.019607843137254902,0,0.019607843137254902,-0.00039034132171387071,-0.019217501815541032
symmetric5_years_omit_event_year,v3_slow_to_anger_and_fast_to_forgive_cooper,ee.12,EERP,successful,True,61,29,72,30,lowercase_modal_tokens,25,True,True,0.034482758620689655,0.033333333333333333,0.67777777777777781,0.0011494252873563218,0.023371647509578545,-0.022222222222222223,0.032786885245901641,1,2,0.033333333333333333,0.019607843137254902,0.70588235294117652,0.013725490196078431,0.023529411764705882,-0.0098039215686274508,0.013888888888888888,1,1,0.012576064908722109,0.0001577642551273383,0.01241830065359477,-0.0011494252873563218,-0.013725490196078431,0.00029706982556437772,0.012278995083157732
symmetric5_years_omit_event_year,v3_terror_management_and_adults_attachment_,rpp.48,RPP,failed,True,9,38,11,42,epistemic_adverb_tokens,67,True,False,0.026315789473684209,0.021276595744680851,0.19148936170212766,0.0050391937290033594,0.0050391937290033594,0,0,1,0,0,0,0.20754716981132076,0,0,0,0,0,0,-0.0050391937290033594,-0.0050391937290033594,0,-0.026315789473684209,-0.021276595744680851,0.0002112869488051723,-0.0052504806778085316
symmetric5_years_omit_event_year,v3_terror_management_and_adults_attachment_,rpp.48,RPP,failed,True,9,38,11,42,replication_word_tokens,67,True,False,0,0,0.19148936170212766,0,0,0,0,0,0,0,0,0.20754716981132076,0,0,0,0,0,0,0,0,0,0,0,0,0
symmetric5_years_omit_event_year,v3_terror_management_and_adults_attachment_,rpp.48,RPP,failed,True,9,38,11,42,lowercase_modal_tokens,67,True,False,0.10526315789473684,0.10638297872340426,0.19148936170212766,-0.0011198208286674132,0.020156774916013438,-0.021276595744680851,0.1111111111111111,4,1,0.14285714285714285,0.13207547169811321,0.20754716981132076,0.01078167115902965,0.029649595687331536,-0.018867924528301886,0.090909090909090912,6,1,0.011901491987697063,0.0094928207713180987,0.0024086712163789645,0.037593984962406013,0.025692492974708953,0.00037013326962406806,0.011531358718072995
symmetric5_years_omit_event_year,v3_thar_she_bursts_reducing_confusion_reduc,ee.16,EERP,successful,True,66,62,59,49,epistemic_adverb_tokens,68,True,True,0,0,0.515625,0,0,0,0,0,0,0,0,0.54629629629629628,0,0,0,0,0,0,0,0,0,0,0,0,0
symmetric5_years_omit_event_year,v3_thar_she_bursts_reducing_confusion_reduc,ee.16,EERP,successful,True,66,62,59,49,replication_word_tokens,68,True,True,0,0.015625,0.515625,-0.015625,0,-0.015625,0.030303030303030304,0,2,0,0.0092592592592592587,0.54629629629629628,-0.0092592592592592587,0,-0.0092592592592592587,0.016949152542372881,0,1,0.0063657407407407404,0,0.0063657407407407404,0,-0.0063657407407407404,-0.00072464285034906499,0.007090383591089806
symmetric5_years_omit_event_year,v3_thar_she_bursts_reducing_confusion_reduc,ee.16,EERP,successful,True,66,62,59,49,lowercase_modal_tokens,68,True,True,0.11290322580645161,0.078125,0.515625,0.03477822580645161,0.05821572580645161,-0.0234375,0.045454545454545456,7,3,0.18367346938775511,0.1111111111111111,0.54629629629629628,0.072562358276643993,0.10034013605442177,-0.027777777777777776,0.050847457627118647,9,3,0.037784132470192376,0.042124410247970152,-0.004340277777777778,0.070770243581303488,0.032986111111111112,0.0030713422112166548,0.034712790258975723
symmetric5_years_omit_event_year,v3_the_economics_of_credence_goods_an_exper,ee.8,EERP,successful,True,33,27,88,52,epistemic_adverb_tokens,70,True,True,0,0,0.55000000000000004,0,0,0,0,0,0,0,0.014285714285714285,0.62857142857142856,-0.014285714285714285,0,-0.014285714285714285,0.022727272727272728,0,2,-0.014285714285714285,0,-0.014285714285714285,0,0.014285714285714285,-0.00089285714285714283,-0.013392857142857142
symmetric5_years_omit_event_year,v3_the_economics_of_credence_goods_an_exper,ee.8,EERP,successful,True,33,27,88,52,replication_word_tokens,70,True,True,0,0,0.55000000000000004,0,0,0,0,0,0,0,0,0.62857142857142856,0,0,0,0,0,0,0,0,0,0,0,0,0
symmetric5_years_omit_event_year,v3_the_economics_of_credence_goods_an_exper,ee.8,EERP,successful,True,33,27,88,52,lowercase_modal_tokens,70,True,True,0.07407407407407407,0.066666666666666666,0.55000000000000004,0.0074074074074074077,0.040740740740740744,-0.033333333333333333,0.060606060606060608,2,2,0.19230769230769232,0.10714285714285714,0.62857142857142856,0.085164835164835168,0.12087912087912088,-0.035714285714285712,0.056818181818181816,10,5,0.077757427757427763,0.080138380138380136,-0.0023809523809523812,0.11823361823361823,0.040476190476190478,0.0058519027269027272,0.071905525030525025
symmetric5_years_omit_event_year,v3_the_effect_of_global_versus_local_proces,rpp.64,RPP,failed,True,38,63,17,21,epistemic_adverb_tokens,71,True,True,0,0,0.37623762376237624,0,0,0,0,0,0,0,0,0.44736842105263158,0,0,0,0,0,0,0,0,0,0,0,0,0
symmetric5_years_omit_event_year,v3_the_effect_of_global_versus_local_proces,rpp.64,RPP,failed,True,38,63,17,21,replication_word_tokens,71,True,True,0,0,0.37623762376237624,0,0,0,0,0,0,0,0.026315789473684209,0.44736842105263158,-0.026315789473684209,0,-0.026315789473684209,0.058823529411764705,0,1,-0.026315789473684209,0,-0.026315789473684209,0,0.026315789473684209,-0.0020920822732428041,-0.024223707200441407
symmetric5_years_omit_event_year,v3_the_effect_of_global_versus_local_proces,rpp.64,RPP,failed,True,38,63,17,21,lowercase_modal_tokens,71,True,True,0.23809523809523808,0.14851485148514851,0.37623762376237624,0.089580386610089574,0.089580386610089574,0,0,15,0,0,0,0.44736842105263158,0,0,0,0,0,0,-0.089580386610089574,-0.089580386610089574,0,-0.23809523809523808,-0.14851485148514851,0.0084679520583637313,-0.098048338668453305
symmetric5_years_omit_event_year,v3_the_face_of_success_inferences_from_chie,rpp.82,RPP,failed,True,32,42,16,18,epistemic_adverb_tokens,73,True,True,0,0,0.43243243243243246,0,0,0,0,0,0,0,0,0.47058823529411764,0,0,0,0,0,0,0,0,0,0,0,0,0
symmetric5_years_omit_event_year,v3_the_face_of_success_inferences_from_chie,rpp.82,RPP,failed,True,32,42,16,18,replication_word_tokens,73,True,True,0,0.013513513513513514,0.43243243243243246,-0.013513513513513514,0,-0.013513513513513514,0.03125,0,1,0,0,0.47058823529411764,0,0,0,0,0,0,0.013513513513513514,0,0.013513513513513514,0,-0.013513513513513514,-0.00059618441971383144,0.014109697933227345
symmetric5_years_omit_event_year,v3_the_face_of_success_inferences_from_chie,rpp.82,RPP,failed,True,32,42,16,18,lowercase_modal_tokens,73,True,True,0.14285714285714285,0.10810810810810811,0.43243243243243246,0.034749034749034749,0.061776061776061778,-0.027027027027027029,0.0625,6,2,0.055555555555555552,0.058823529411764705,0.47058823529411764,-0.0032679738562091504,0.026143790849673203,-0.029411764705882353,0.0625,1,1,-0.038017008605243902,-0.035632270926388571,-0.0023847376788553257,-0.087301587301587297,-0.049284578696343402,0.0014005602240896359,-0.039417568829333532
symmetric5_years_omit_event_year,v3_the_framing_of_decisions_and_the_psychol,ml1.2,ML1,successful,True,28,36,23,35,epistemic_adverb_tokens,26,True,True,0,0,0.4375,0,0,0,0,0,0,0,0.017241379310344827,0.39655172413793105,-0.017241379310344827,0,-0.017241379310344827,0.043478260869565216,0,1,-0.017241379310344827,0,-0.017241379310344827,0,0.017241379310344827,0.00089017991004497748,-0.018131559220389806
symmetric5_years_omit_event_year,v3_the_framing_of_decisions_and_the_psychol,ml1.2,ML1,successful,True,28,36,23,35,replication_word_tokens,26,True,True,0,0.015625,0.4375,-0.015625,0,-0.015625,0.035714285714285712,0,1,0.028571428571428571,0.017241379310344827,0.39655172413793105,0.011330049261083743,0.011330049261083743,0,0,1,0,0.026955049261083743,0.011330049261083743,0.015625,0.028571428571428571,0.0016163793103448276,0.00014624384236453203,0.02680880541871921
symmetric5_years_omit_event_year,v3_the_framing_of_decisions_and_the_psychol,ml1.2,ML1,successful,True,28,36,23,35,lowercase_modal_tokens,26,True,True,0.1111111111111111,0.0625,0.4375,0.048611111111111112,0.048611111111111112,0,0,4,0,0.11428571428571428,0.10344827586206896,0.39655172413793105,0.01083743842364532,0.045320197044334973,-0.034482758620689655,0.086956521739130432,4,2,-0.037773672687465794,-0.0032909140667761357,-0.034482758620689655,0.0031746031746031746,0.040948275862068964,-0.0028344458723019443,-0.03493922681516385
symmetric5_years_omit_event_year,v3_the_lure_of_authority_motivation_and_inc,ee.10,EERP,successful,True,16,13,53,61,epistemic_adverb_tokens,75,True,True,0.076923076923076927,0.034482758620689655,0.55172413793103448,0.042440318302387266,0.042440318302387266,0,0,1,0,0.032786885245901641,0.017543859649122806,0.46491228070175439,0.015243025596778832,0.015243025596778832,0,0,2,0,-0.027197292705608434,-0.027197292705608434,0,-0.044136191677175286,-0.016938898971566849,-0.0047620627862215437,-0.022435229919386891
symmetric5_years_omit_event_year,v3_the_lure_of_authority_motivation_and_inc,ee.10,EERP,successful,True,16,13,53,61,replication_word_tokens,75,True,True,0,0,0.55172413793103448,0,0,0,0,0,0,0.016393442622950821,0.017543859649122806,0.46491228070175439,-0.0011504170261719873,0.0076215127983894158,-0.008771929824561403,0.018867924528301886,1,1,-0.0011504170261719873,0.0076215127983894158,-0.008771929824561403,0.016393442622950821,0.017543859649122806,0.00010740718494188692,-0.0012578242111138743
symmetric5_years_omit_event_year,v3_the_lure_of_authority_motivation_and_inc,ee.10,EERP,successful,True,16,13,53,61,lowercase_modal_tokens,75,True,True,0.15384615384615385,0.068965517241379309,0.55172413793103448,0.084880636604774531,0.084880636604774531,0,0,2,0,0.24590163934426229,0.17543859649122806,0.46491228070175439,0.07046304285303423,0.11432269197584125,-0.043859649122807015,0.094339622641509441,15,5,-0.014417593751740312,0.029442055371066707,-0.043859649122807015,0.09205548549810845,0.10647307924984876,-0.013256525249173657,-0.0011610685025666531
symmetric5_years_omit_event_year,v3_the_nonverbal_expression_of_pride_eviden,rpp.69,RPP,successful,True,30,55,25,53,epistemic_adverb_tokens,76,True,True,0.018181818181818181,0.011764705882352941,0.35294117647058826,0.0064171122994652408,0.0064171122994652408,0,0,1,0,0,0,0.32051282051282054,0,0,0,0,0,0,-0.0064171122994652408,-0.0064171122994652408,0,-0.018181818181818181,-0.011764705882352941,-0.00029480323597970659,-0.0061223090634855339
symmetric5_years_omit_event_year,v3_the_nonverbal_expression_of_pride_eviden,rpp.69,RPP,successful,True,30,55,25,53,replication_word_tokens,76,True,True,0.018181818181818181,0.023529411764705882,0.35294117647058826,-0.0053475935828877002,0.0064171122994652408,-0.011764705882352941,0.033333333333333333,1,1,0,0,0.32051282051282054,0,0,0,0,0,0,0.0053475935828877002,-0.0064171122994652408,0.011764705882352941,-0.018181818181818181,-0.023529411764705882,0.00024566936331642215,0.0051019242195712786
symmetric5_years_omit_event_year,v3_the_nonverbal_expression_of_pride_eviden,rpp.69,RPP,successful,True,30,55,25,53,lowercase_modal_tokens,76,True,True,0.12727272727272726,0.082352941176470587,0.35294117647058826,0.044919786096256686,0.044919786096256686,0,0,7,0,0.018867924528301886,0.02564102564102564,0.32051282051282054,-0.0067731011127237541,0.006047411707789066,-0.01282051282051282,0.040000000000000001,1,1,-0.051692887208980437,-0.03887237438846762,-0.01282051282051282,-0.10840480274442539,-0.056711915535444947,-0.0017209834190966267,-0.049971903789883809
symmetric5_years_omit_event_year,v3_the_potential_of_social_identity_for_equ,ee.5,EERP,failed,True,57,35,96,65,epistemic_adverb_tokens,77,True,True,0,0.010869565217391304,0.61956521739130432,-0.010869565217391304,0,-0.010869565217391304,0.017543859649122806,0,1,0,0,0.59627329192546585,0,0,0,0,0,0,0.010869565217391304,0,0.010869565217391304,0,-0.010869565217391304,0.00020431513566525008,0.010665250081726054
symmetric5_years_omit_event_year,v3_the_potential_of_social_identity_for_equ,ee.5,EERP,failed,True,57,35,96,65,replication_word_tokens,77,True,True,0,0,0.61956521739130432,0,0,0,0,0,0,0.015384615384615385,0.055900621118012424,0.59627329192546585,-0.040516005733397038,0.0091734352603917817,-0.049689440993788817,0.083333333333333329,1,8,-0.040516005733397038,0.0091734352603917817,-0.049689440993788817,0.015384615384615385,0.055900621118012424,0.00079132823698041088,-0.041307333970377447
symmetric5_years_omit_event_year,v3_the_potential_of_social_identity_for_equ,ee.5,EERP,failed,True,57,35,96,65,lowercase_modal_tokens,77,True,True,0.11428571428571428,0.05434782608695652,0.61956521739130432,0.059937888198757762,0.070807453416149066,-0.010869565217391304,0.017543859649122806,4,1,0.092307692307692313,0.068322981366459631,0.59627329192546585,0.023984710941232681,0.05504061156235069,-0.031055900621118012,0.052083333333333336,6,5,-0.03595317725752508,-0.015766841853798376,-0.020186335403726708,-0.02197802197802198,0.013975155279503106,-0.001595103419382187,-0.034358073838142898
symmetric5_years_omit_event_year,v3_the_representation_of_simple_ensemble_vi,rpp.122,RPP,successful,True,50,34,49,52,epistemic_adverb_tokens,78,True,True,0,0,0.59523809523809523,0,0,0,0,0,0,0.038461538461538464,0.029702970297029702,0.48514851485148514,0.0087585681645087586,0.018659558263518658,-0.0099009900990099011,0.020408163265306121,2,1,0.0087585681645087586,0.018659558263518658,-0.0099009900990099011,0.038461538461538464,0.029702970297029702,-0.00099374424995762639,0.0097523124144663857
symmetric5_years_omit_event_year,v3_the_representation_of_simple_ensemble_vi,rpp.122,RPP,successful,True,50,34,49,52,replication_word_tokens,78,True,True,0.029411764705882353,0.011904761904761904,0.59523809523809523,0.017507002801120448,0.017507002801120448,0,0,1,0,0,0,0.48514851485148514,0,0,0,0,0,0,-0.017507002801120448,-0.017507002801120448,0,-0.029411764705882353,-0.011904761904761904,-0.0016189644174501483,-0.015888038383670301
symmetric5_years_omit_event_year,v3_the_representation_of_simple_ensemble_vi,rpp.122,RPP,successful,True,50,34,49,52,lowercase_modal_tokens,78,True,True,0.11764705882352941,0.083333333333333329,0.59523809523809523,0.034313725490196081,0.070028011204481794,-0.035714285714285712,0.059999999999999998,4,3,0.076923076923076927,0.059405940594059403,0.48514851485148514,0.017517136329017517,0.037319116527037316,-0.019801980198019802,0.040816326530612242,4,2,-0.016796589161178561,-0.032708894677444471,0.015912305516265914,-0.04072398190045249,-0.023927392739273929,-0.0051606587581175438,-0.011635930403061018
symmetric5_years_omit_event_year,v3_the_space_between_us_stereotype_threat_a,rpp.87,RPP,failed,True,20,28,26,49,epistemic_adverb_tokens,80,True,True,0.071428571428571425,0.041666666666666664,0.41666666666666669,0.02976190476190476,0.02976190476190476,0,0,2,0,0,0,0.34666666666666668,0,0,0,0,0,0,-0.02976190476190476,-0.02976190476190476,0,-0.071428571428571425,-0.041666666666666664,-0.0025000000000000001,-0.027261904761904762
symmetric5_years_omit_event_year,v3_the_space_between_us_stereotype_threat_a,rpp.87,RPP,failed,True,20,28,26,49,replication_word_tokens,80,True,True,0,0,0.41666666666666669,0,0,0,0,0,0,0,0,0.34666666666666668,0,0,0,0,0,0,0,0,0,0,0,0,0
symmetric5_years_omit_event_year,v3_the_space_between_us_stereotype_threat_a,rpp.87,RPP,failed,True,20,28,26,49,lowercase_modal_tokens,80,True,True,0.071428571428571425,0.10416666666666667,0.41666666666666669,-0.03273809523809524,0.02976190476190476,-0.0625,0.14999999999999999,2,3,0.18367346938775511,0.16,0.34666666666666668,0.023673469387755101,0.063673469387755102,-0.040000000000000001,0.11538461538461539,9,3,0.056411564625850341,0.033911564625850342,0.022499999999999999,0.11224489795918367,0.055833333333333332,0.0003598901098901099,0.056051674515960229
symmetric5_years_omit_event_year,v3_the_stroop_effect_why_proportion_congrue,rpp.15,RPP,successful,True,63,84,60,93,epistemic_adverb_tokens,25,True,True,0,0,0.42857142857142855,0,0,0,0,0,0,0.021505376344086023,0.013071895424836602,0.39215686274509803,0.0084334809192494198,0.0084334809192494198,0,0,2,0,0.0084334809192494198,0.0084334809192494198,0,0.021505376344086023,0.013071895424836602,-0.00039155447125086592,0.0088250353905002868
symmetric5_years_omit_event_year,v3_the_stroop_effect_why_proportion_congrue,rpp.15,RPP,successful,True,63,84,60,93,replication_word_tokens,25,True,True,0,0,0.42857142857142855,0,0,0,0,0,0,0.021505376344086023,0.019607843137254902,0.39215686274509803,0.0018975332068311196,0.0084334809192494198,-0.0065359477124183009,0.016666666666666666,2,1,0.0018975332068311196,0.0084334809192494198,-0.0065359477124183009,0.021505376344086023,0.019607843137254902,-8.809975603144483e-05,0.0019856329628625642
symmetric5_years_omit_event_year,v3_the_stroop_effect_why_proportion_congrue,rpp.15,RPP,successful,True,63,84,60,93,lowercase_modal_tokens,25,True,True,0.13095238095238096,0.10884353741496598,0.42857142857142855,0.022108843537414966,0.056122448979591837,-0.034013605442176874,0.079365079365079361,11,5,0.30107526881720431,0.21568627450980393,0.39215686274509803,0.085388994307400379,0.11806873286949188,-0.032679738562091505,0.083333333333333329,28,5,0.063280150769985416,0.061946283889900047,0.0013338668800853674,0.17012288786482335,0.10684273709483794,-0.0049037536161417976,0.068183904386127217
symmetric5_years_omit_event_year,v3_the_threat_of_appearing_prejudiced_and_r,rpp.129,RPP,failed,True,19,27,13,23,epistemic_adverb_tokens,33,True,True,0,0,0.41304347826086957,0,0,0,0,0,0,0.043478260869565216,0.027777777777777776,0.3611111111111111,0.01570048309178744,0.01570048309178744,0,0,1,0,0.01570048309178744,0.01570048309178744,0,0.043478260869565216,0.027777777777777776,-0.0011289645032556185,0.016829447595043057
symmetric5_years_omit_event_year,v3_the_threat_of_appearing_prejudiced_and_r,rpp.129,RPP,failed,True,19,27,13,23,replication_word_tokens,33,True,True,0,0,0.41304347826086957,0,0,0,0,0,0,0,0,0.3611111111111111,0,0,0,0,0,0,0,0,0,0,0,0,0
symmetric5_years_omit_event_year,v3_the_threat_of_appearing_prejudiced_and_r,rpp.129,RPP,failed,True,19,27,13,23,lowercase_modal_tokens,33,True,True,0.1111111111111111,0.10869565217391304,0.41304347826086957,0.0024154589371980675,0.045893719806763288,-0.043478260869565216,0.10526315789473684,3,2,0.30434782608695654,0.19444444444444445,0.3611111111111111,0.10990338164251208,0.10990338164251208,0,0,7,0,0.10748792270531402,0.064009661835748799,0.043478260869565216,0.19323671497584541,0.085748792270531407,-0.0080546005495430104,0.11554252325485702
symmetric5_years_omit_event_year,v3_toward_a_physiology_of_dual_process_reas,rpp.118,RPP,failed,True,42,62,37,48,epistemic_adverb_tokens,82,True,True,0,0,0.40384615384615385,0,0,0,0,0,0,0,0,0.43529411764705883,0,0,0,0,0,0,0,0,0,0,0,0,0
symmetric5_years_omit_event_year,v3_toward_a_physiology_of_dual_process_reas,rpp.118,RPP,failed,True,42,62,37,48,replication_word_tokens,82,True,True,0.032258064516129031,0.038461538461538464,0.40384615384615385,-0.0062034739454094297,0.013027295285359801,-0.019230769230769232,0.047619047619047616,2,2,0,0.011764705882352941,0.43529411764705883,-0.011764705882352941,0,-0.011764705882352941,0.027027027027027029,0,1,-0.0055612319369435122,-0.013027295285359801,0.00746606334841629,-0.032258064516129031,-0.026696832579185519,-0.0006665083040794616,-0.0048947236328640504
symmetric5_years_omit_event_year,v3_toward_a_physiology_of_dual_process_reas,rpp.118,RPP,failed,True,42,62,37,48,lowercase_modal_tokens,82,True,True,0.12903225806451613,0.076923076923076927,0.40384615384615385,0.052109181141439205,0.052109181141439205,0,0,8,0,0.0625,0.047058823529411764,0.43529411764705883,0.015441176470588236,0.027205882352941177,-0.011764705882352941,0.027027027027027029,3,1,-0.036668004670850969,-0.024903298788498028,-0.011764705882352941,-0.066532258064516125,-0.02986425339366516,0.0025866772753632334,-0.039254681946214204
symmetric5_years_omit_event_year,v3_tracing_attention_and_the_activation_flo,rpp.1,RPP,failed,True,43,72,22,27,epistemic_adverb_tokens,83,True,True,0,0.0086956521739130436,0.37391304347826088,-0.0086956521739130436,0,-0.0086956521739130436,0.023255813953488372,0,1,0,0,0.44897959183673469,0,0,0,0,0,0,0.0086956521739130436,0,0.0086956521739130436,0,-0.0086956521739130436,-0.0008728668413776026,0.0095685190152906465
symmetric5_years_omit_event_year,v3_tracing_attention_and_the_activation_flo,rpp.1,RPP,failed,True,43,72,22,27,replication_word_tokens,83,True,True,0.055555555555555552,0.034782608695652174,0.37391304347826088,0.020772946859903382,0.020772946859903382,0,0,4,0,0.1111111111111111,0.061224489795918366,0.44897959183673469,0.049886621315192746,0.049886621315192746,0,0,3,0,0.029113674455289361,0.029113674455289361,0,0.055555555555555552,0.026441881100266195,0.0062555456965394853,0.022858128758749877
symmetric5_years_omit_event_year,v3_tracing_attention_and_the_activation_flo,rpp.1,RPP,failed,True,43,72,22,27,lowercase_modal_tokens,83,True,True,0.083333333333333329,0.069565217391304349,0.37391304347826088,0.013768115942028985,0.031159420289855074,-0.017391304347826087,0.046511627906976744,6,2,0.037037037037037035,0.040816326530612242,0.44897959183673469,-0.003779289493575208,0.016628873771730914,-0.020408163265306121,0.045454545454545456,1,1,-0.017547405435604194,-0.014530546518124158,-0.0030168589174800354,-0.046296296296296294,-0.028748890860692104,0.0010661025141741594,-0.018613507949778351
symmetric5_years_omit_event_year,v3_weight_as_an_embodiment_of_importance,ml3.10,ML3,failed,True,28,56,35,48,epistemic_adverb_tokens,84,True,True,0,0,0.33333333333333331,0,0,0,0,0,0,0.020833333333333332,0.024096385542168676,0.42168674698795183,-0.0032630522088353412,0.0087851405622489959,-0.012048192771084338,0.028571428571428571,1,1,-0.0032630522088353412,0.0087851405622489959,-0.012048192771084338,0.020833333333333332,0.024096385542168676,-0.00034184356473513099,-0.0029212086441002105
symmetric5_years_omit_event_year,v3_weight_as_an_embodiment_of_importance,ml3.10,ML3,failed,True,28,56,35,48,replication_word_tokens,84,True,True,0.017857142857142856,0.011904761904761904,0.33333333333333331,0.0059523809523809521,0.0059523809523809521,0,0,1,0,0.041666666666666664,0.03614457831325301,0.42168674698795183,0.0055220883534136548,0.017570281124497992,-0.012048192771084338,0.028571428571428571,2,1,-0.00043029259896729778,0.01161790017211704,-0.012048192771084338,0.023809523809523808,0.024239816408491106,0.0013673742589405239,-0.0017976668579078217
symmetric5_years_omit_event_year,v3_weight_as_an_embodiment_of_importance,ml3.10,ML3,failed,True,28,56,35,48,lowercase_modal_tokens,84,True,True,0.053571428571428568,0.047619047619047616,0.33333333333333331,0.0059523809523809521,0.017857142857142856,-0.011904761904761904,0.035714285714285712,3,1,0.16666666666666666,0.12048192771084337,0.42168674698795183,0.046184738955823292,0.070281124497991967,-0.024096385542168676,0.057142857142857141,8,2,0.040232358003442339,0.052423981640849111,-0.01219162363740677,0.1130952380952381,0.072862880091795756,0.0056272709887167718,0.034605087014725568
symmetric5_years_omit_event_year,v3_when_does_between_sequence_phonological_,rpp.12,RPP,failed,True,5,23,10,15,epistemic_adverb_tokens,85,True,False,0,0,0.17857142857142858,0,0,0,0,0,0,0.13333333333333333,0.080000000000000002,0.40000000000000002,0.053333333333333337,0.053333333333333337,0,0,2,0,0.053333333333333337,0.053333333333333337,0,0.13333333333333333,0.080000000000000002,0.014761904761904763,0.038571428571428569
symmetric5_years_omit_event_year,v3_when_does_between_sequence_phonological_,rpp.12,RPP,failed,True,5,23,10,15,replication_word_tokens,85,True,False,0,0,0.17857142857142858,0,0,0,0,0,0,0,0,0.40000000000000002,0,0,0,0,0,0,0,0,0,0,0,0,0
symmetric5_years_omit_event_year,v3_when_does_between_sequence_phonological_,rpp.12,RPP,failed,True,5,23,10,15,lowercase_modal_tokens,85,True,False,0.086956521739130432,0.071428571428571425,0.17857142857142858,0.015527950310559006,0.015527950310559006,0,0,2,0,0.20000000000000001,0.16,0.40000000000000002,0.040000000000000001,0.080000000000000002,-0.040000000000000001,0.10000000000000001,3,1,0.024472049689440993,0.064472049689440994,-0.040000000000000001,0.11304347826086956,0.088571428571428565,0.020698757763975156,0.0037732919254658383
symmetric5_years_omit_event_year,v3_why_do_implicit_and_explicit_attitude_te,rpp.44,RPP,successful,True,29,27,50,34,epistemic_adverb_tokens,87,True,True,0,0,0.5178571428571429,0,0,0,0,0,0,0,0,0.59523809523809523,0,0,0,0,0,0,0,0,0,0,0,0,0
symmetric5_years_omit_event_year,v3_why_do_implicit_and_explicit_attitude_te,rpp.44,RPP,successful,True,29,27,50,34,replication_word_tokens,87,True,True,0,0,0.5178571428571429,0,0,0,0,0,0,0.029411764705882353,0.059523809523809521,0.59523809523809523,-0.030112044817927171,0.017507002801120448,-0.047619047619047616,0.080000000000000002,1,4,-0.030112044817927171,0.017507002801120448,-0.047619047619047616,0.029411764705882353,0.059523809523809521,-0.0019572829131652659,-0.028154761904761905
symmetric5_years_omit_event_year,v3_why_do_implicit_and_explicit_attitude_te,rpp.44,RPP,successful,True,29,27,50,34,lowercase_modal_tokens,87,True,True,0.1111111111111111,0.053571428571428568,0.5178571428571429,0.057539682539682536,0.057539682539682536,0,0,3,0,0.088235294117647065,0.095238095238095233,0.59523809523809523,-0.0070028011204481795,0.052521008403361345,-0.059523809523809521,0.10000000000000001,3,5,-0.064542483660130726,-0.0050186741363211955,-0.059523809523809521,-0.022875816993464051,0.041666666666666664,0.0038437597261126674,-0.068386243386243384
symmetric5_years_omit_event_year,v3_why_people_are_reluctant_to_tempt_fate,rpp.68,RPP,failed,True,19,28,41,18,epistemic_adverb_tokens,88,True,True,0,0,0.40425531914893614,0,0,0,0,0,0,0,0,0.69491525423728817,0,0,0,0,0,0,0,0,0,0,0,0,0
symmetric5_years_omit_event_year,v3_why_people_are_reluctant_to_tempt_fate,rpp.68,RPP,failed,True,19,28,41,18,replication_word_tokens,88,True,True,0.14285714285714285,0.1276595744680851,0.40425531914893614,0.015197568389057751,0.057750759878419454,-0.042553191489361701,0.10526315789473684,4,2,0,0.20338983050847459,0.69491525423728817,-0.20338983050847459,0,-0.20338983050847459,0.29268292682926828,0,12,-0.21858739889753231,-0.057750759878419454,-0.16083663901911288,-0.14285714285714285,0.075730256040389465,-0.037072067642389288,-0.18151533125514305
symmetric5_years_omit_event_year,v3_why_people_are_reluctant_to_tempt_fate,rpp.68,RPP,failed,True,19,28,41,18,lowercase_modal_tokens,88,True,True,0.17857142857142858,0.14893617021276595,0.40425531914893614,0.029635258358662615,0.072188449848024319,-0.042553191489361701,0.10526315789473684,5,2,0.055555555555555552,0.033898305084745763,0.69491525423728817,0.021657250470809793,0.038606403013182675,-0.016949152542372881,0.024390243902439025,1,1,-0.0079780078878528213,-0.033582046834841645,0.02560403894698882,-0.12301587301587301,-0.11503786512802019,0.015183142329214833,-0.023161150217067654
symmetric5_years_omit_event_year,v3_working_memory_costs_of_task_switching,rpp.3,RPP,failed,True,11,22,11,25,epistemic_adverb_tokens,89,True,True,0,0,0.33333333333333331,0,0,0,0,0,0,0,0,0.30555555555555558,0,0,0,0,0,0,0,0,0,0,0,0,0
symmetric5_years_omit_event_year,v3_working_memory_costs_of_task_switching,rpp.3,RPP,failed,True,11,22,11,25,replication_word_tokens,89,True,True,0,0,0.33333333333333331,0,0,0,0,0,0,0,0,0.30555555555555558,0,0,0,0,0,0,0,0,0,0,0,0,0
symmetric5_years_omit_event_year,v3_working_memory_costs_of_task_switching,rpp.3,RPP,failed,True,11,22,11,25,lowercase_modal_tokens,89,True,True,0.090909090909090912,0.060606060606060608,0.33333333333333331,0.030303030303030304,0.030303030303030304,0,0,2,0,0.080000000000000002,0.055555555555555552,0.30555555555555558,0.024444444444444446,0.024444444444444446,0,0,2,0,-0.005858585858585859,-0.005858585858585859,0,-0.01090909090909091,-0.0050505050505050509,-0.0023737373737373738,-0.0034848484848484847
latest_archived_year,v3_1_f_noise_and_effort_on_implicit_measure,rpp.63,RPP,failed,True,23,28,23,15,epistemic_adverb_tokens,1,True,True,0,0,0.45098039215686275,0,0,0,0,0,0,0.066666666666666666,0.026315789473684209,0.60526315789473684,0.040350877192982457,0.040350877192982457,0,0,1,0,0.040350877192982457,0.040350877192982457,0,0.066666666666666666,0.026315789473684209,0.0051427588579291365,0.035208118335053322
latest_archived_year,v3_1_f_noise_and_effort_on_implicit_measure,rpp.63,RPP,failed,True,23,28,23,15,replication_word_tokens,1,True,True,0.071428571428571425,0.078431372549019607,0.45098039215686275,-0.0070028011204481795,0.032212885154061621,-0.039215686274509803,0.086956521739130432,2,2,0,0.13157894736842105,0.60526315789473684,-0.13157894736842105,0,-0.13157894736842105,0.21739130434782608,0,5,-0.12457614624797288,-0.032212885154061621,-0.092363261093911242,-0.071428571428571425,0.053147574819401446,-0.017967713401149932,-0.10660843284682293
latest_archived_year,v3_1_f_noise_and_effort_on_implicit_measure,rpp.63,RPP,failed,True,23,28,23,15,lowercase_modal_tokens,1,True,True,0.21428571428571427,0.17647058823529413,0.45098039215686275,0.037815126050420166,0.096638655462184878,-0.058823529411764705,0.13043478260869565,6,3,0,0,0.60526315789473684,0,0,0,0,0,0,-0.037815126050420166,-0.096638655462184878,0.058823529411764705,-0.21428571428571427,-0.17647058823529413,0.006468376824413976,-0.044283502874834145
latest_archived_year,v3_a_motion_aftereffect_from_still_photogra,rpp.127,RPP,successful,True,14,20,11,14,epistemic_adverb_tokens,2,True,True,0,0,0.41176470588235292,0,0,0,0,0,0,0,0,0.44,0,0,0,0,0,0,0,0,0,0,0,0,0
latest_archived_year,v3_a_motion_aftereffect_from_still_photogra,rpp.127,RPP,successful,True,14,20,11,14,replication_word_tokens,2,True,True,0.050000000000000003,0.058823529411764705,0.41176470588235292,-0.0088235294117647058,0.020588235294117647,-0.029411764705882353,0.071428571428571425,1,1,0,0,0.44,0,0,0,0,0,0,0.0088235294117647058,-0.020588235294117647,0.029411764705882353,-0.050000000000000003,-0.058823529411764705,-0.00030252100840336133,0.0091260504201680671
latest_archived_year,v3_a_motion_aftereffect_from_still_photogra,rpp.127,RPP,successful,True,14,20,11,14,lowercase_modal_tokens,2,True,True,0.20000000000000001,0.14705882352941177,0.41176470588235292,0.052941176470588235,0.082352941176470587,-0.029411764705882353,0.071428571428571425,4,1,0,0.12,0.44,-0.12,0,-0.12,0.27272727272727271,0,3,-0.17294117647058824,-0.082352941176470587,-0.09058823529411765,-0.20000000000000001,-0.027058823529411764,-0.0020351413292589763,-0.17090603514132927
latest_archived_year,v3_a_single_exposure_to_the_american_flag_s,ml1.12,ML1,failed,True,8,23,43,53,epistemic_adverb_tokens,4,True,False,0,0,0.25806451612903225,0,0,0,0,0,0,0,0.010416666666666666,0.44791666666666669,-0.010416666666666666,0,-0.010416666666666666,0.023255813953488372,0,1,-0.010416666666666666,0,-0.010416666666666666,0,0.010416666666666666,-0.0022075831457864467,-0.0082090835208802199
latest_archived_year,v3_a_single_exposure_to_the_american_flag_s,ml1.12,ML1,failed,True,8,23,43,53,replication_word_tokens,4,True,False,0,0,0.25806451612903225,0,0,0,0,0,0,0.075471698113207544,0.083333333333333329,0.44791666666666669,-0.0078616352201257862,0.03380503144654088,-0.041666666666666664,0.093023255813953487,4,4,-0.0078616352201257862,0.03380503144654088,-0.041666666666666664,0.075471698113207544,0.083333333333333329,-0.0016661004873859974,-0.0061955347327397889
latest_archived_year,v3_a_single_exposure_to_the_american_flag_s,ml1.12,ML1,failed,True,8,23,43,53,lowercase_modal_tokens,4,True,False,0.13043478260869565,0.096774193548387094,0.25806451612903225,0.033660589060308554,0.033660589060308554,0,0,3,0,0.20754716981132076,0.13541666666666666,0.44791666666666669,0.072130503144654093,0.092963836477987422,-0.020833333333333332,0.046511627906976744,11,2,0.038469914084345531,0.059303247417678867,-0.020833333333333332,0.077112387202625102,0.03864247311827957,0.027668133963351379,0.010801780120994153
latest_archived_year,v3_a_social_functional_approach_to_emotions,rpp.56,RPP,failed,True,26,35,25,48,epistemic_adverb_tokens,6,True,True,0,0,0.42622950819672129,0,0,0,0,0,0,0,0,0.34246575342465752,0,0,0,0,0,0,0,0,0,0,0,0,0
latest_archived_year,v3_a_social_functional_approach_to_emotions,rpp.56,RPP,failed,True,26,35,25,48,replication_word_tokens,6,True,True,0,0,0.42622950819672129,0,0,0,0,0,0,0.020833333333333332,0.013698630136986301,0.34246575342465752,0.0071347031963470316,0.0071347031963470316,0,0,1,0,0.0071347031963470316,0.0071347031963470316,0,0.020833333333333332,0.013698630136986301,-0.00087253911220899771,0.0080072423085560292
latest_archived_year,v3_a_social_functional_approach_to_emotions,rpp.56,RPP,failed,True,26,35,25,48,lowercase_modal_tokens,6,True,True,0.17142857142857143,0.11475409836065574,0.42622950819672129,0.05667447306791569,0.073067915690866514,-0.016393442622950821,0.038461538461538464,6,1,0.125,0.095890410958904104,0.34246575342465752,0.029109589041095889,0.042808219178082189,-0.013698630136986301,0.040000000000000001,6,1,-0.027564884026819801,-0.030259696512784318,0.0026948124859645182,-0.04642857142857143,-0.018863687401751629,-0.0091288685489224457,-0.018436015477897354
latest_archived_year,v3_accelerated_relearning_after_retrieval_i,rpp.4,RPP,failed,True,17,17,12,32,epistemic_adverb_tokens,8,True,True,0,0,0.5,0,0,0,0,0,0,0,0,0.27272727272727271,0,0,0,0,0,0,0,0,0,0,0,0,0
latest_archived_year,v3_accelerated_relearning_after_retrieval_i,rpp.4,RPP,failed,True,17,17,12,32,replication_word_tokens,8,True,True,0.11764705882352941,0.088235294117647065,0.5,0.029411764705882353,0.058823529411764705,-0.029411764705882353,0.058823529411764705,2,1,0.0625,0.045454545454545456,0.27272727272727271,0.017045454545454544,0.017045454545454544,0,0,2,0,-0.012366310160427808,-0.041778074866310161,0.029411764705882353,-0.05514705882352941,-0.042780748663101602,-0.013786764705882353,0.0014204545454545455
latest_archived_year,v3_accelerated_relearning_after_retrieval_i,rpp.4,RPP,failed,True,17,17,12,32,lowercase_modal_tokens,8,True,True,0.11764705882352941,0.088235294117647065,0.5,0.029411764705882353,0.058823529411764705,-0.029411764705882353,0.058823529411764705,2,1,0.25,0.20454545454545456,0.27272727272727271,0.045454545454545456,0.068181818181818177,-0.022727272727272728,0.083333333333333329,8,1,0.016042780748663103,0.0093582887700534752,0.0066844919786096255,0.13235294117647059,0.11631016042780749,-0.025623885918003565,0.041666666666666664
latest_archived_year,v3_action_dynamics_reveal_parallel_competit,rpp.112,RPP,successful,True,33,25,74,38,epistemic_adverb_tokens,10,True,True,0,0,0.56896551724137934,0,0,0,0,0,0,0,0,0.6607142857142857,0,0,0,0,0,0,0,0,0,0,0,0,0
latest_archived_year,v3_action_dynamics_reveal_parallel_competit,rpp.112,RPP,successful,True,33,25,74,38,replication_word_tokens,10,True,True,0.040000000000000001,0.034482758620689655,0.56896551724137934,0.0055172413793103444,0.022758620689655173,-0.017241379310344827,0.030303030303030304,1,1,0.026315789473684209,0.0089285714285714281,0.6607142857142857,0.017387218045112781,0.017387218045112781,0,0,1,0,0.011869976665802437,-0.0053714026445423908,0.017241379310344827,-0.01368421052631579,-0.025554187192118227,0.001652063151609431,0.010217913514193006
latest_archived_year,v3_action_dynamics_reveal_parallel_competit,rpp.112,RPP,successful,True,33,25,74,38,lowercase_modal_tokens,10,True,True,0.20000000000000001,0.15517241379310345,0.56896551724137934,0.044827586206896551,0.11379310344827587,-0.068965517241379309,0.12121212121212122,5,4,0.078947368421052627,0.035714285714285712,0.6607142857142857,0.043233082706766915,0.052161654135338346,-0.0089285714285714281,0.013513513513513514,3,1,-0.0015945035001296345,-0.061631449312937514,0.060036945812807885,-0.12105263157894737,-0.11945812807881774,0.0066160832267910304,-0.0082105867269206649
latest_archived_year,v3_affective_incoherence_when_affective_con,rpp.52,RPP,failed,True,16,20,5,17,epistemic_adverb_tokens,11,True,False,0,0,0.44444444444444442,0,0,0,0,0,0,0,0,0.22727272727272727,0,0,0,0,0,0,0,0,0,0,0,0,0
latest_archived_year,v3_affective_incoherence_when_affective_con,rpp.52,RPP,failed,True,16,20,5,17,replication_word_tokens,11,True,False,0.14999999999999999,0.083333333333333329,0.44444444444444442,0.066666666666666666,0.066666666666666666,0,0,3,0,0,0,0.22727272727272727,0,0,0,0,0,0,-0.066666666666666666,-0.066666666666666666,0,-0.14999999999999999,-0.083333333333333329,-0.016287878787878789,-0.050378787878787877
latest_archived_year,v3_affective_incoherence_when_affective_con,rpp.52,RPP,failed,True,16,20,5,17,lowercase_modal_tokens,11,True,False,0.050000000000000003,0.027777777777777776,0.44444444444444442,0.022222222222222223,0.022222222222222223,0,0,1,0,0.058823529411764705,0.045454545454545456,0.22727272727272727,0.013368983957219251,0.013368983957219251,0,0,1,0,-0.0088532382650029703,-0.0088532382650029703,0,0.0088235294117647058,0.017676767676767676,-0.011816696375519905,0.0029634581105169341
latest_archived_year,v3_attractor_dynamics_and_semantic_neighbor,rpp.11,RPP,successful,True,24,22,20,32,epistemic_adverb_tokens,13,True,True,0,0,0.52173913043478259,0,0,0,0,0,0,0,0,0.38461538461538464,0,0,0,0,0,0,0,0,0,0,0,0,0
latest_archived_year,v3_attractor_dynamics_and_semantic_neighbor,rpp.11,RPP,successful,True,24,22,20,32,replication_word_tokens,13,True,True,0,0,0.52173913043478259,0,0,0,0,0,0,0,0,0.38461538461538464,0,0,0,0,0,0,0,0,0,0,0,0,0
latest_archived_year,v3_attractor_dynamics_and_semantic_neighbor,rpp.11,RPP,successful,True,24,22,20,32,lowercase_modal_tokens,13,True,True,0.090909090909090912,0.10869565217391304,0.52173913043478259,-0.017786561264822136,0.047430830039525688,-0.065217391304347824,0.125,2,3,0.0625,0.057692307692307696,0.38461538461538464,0.004807692307692308,0.02403846153846154,-0.019230769230769232,0.050000000000000003,2,1,0.022594253572514444,-0.023392368501064152,0.045986622073578592,-0.028409090909090908,-0.051003344481605352,0.0014803131650957739,0.021113940407418669
latest_archived_year,v3_auditory_change_detection_simple_sounds_,rpp.139,RPP,successful,True,15,15,16,16,epistemic_adverb_tokens,14,True,True,0,0,0.5,0,0,0,0,0,0,0,0,0.5,0,0,0,0,0,0,0,0,0,0,0,0,0
latest_archived_year,v3_auditory_change_detection_simple_sounds_,rpp.139,RPP,successful,True,15,15,16,16,replication_word_tokens,14,True,True,0,0,0.5,0,0,0,0,0,0,0,0.03125,0.5,-0.03125,0,-0.03125,0.0625,0,1,-0.03125,0,-0.03125,0,0.03125,0,-0.03125
latest_archived_year,v3_auditory_change_detection_simple_sounds_,rpp.139,RPP,successful,True,15,15,16,16,lowercase_modal_tokens,14,True,True,0.20000000000000001,0.23333333333333334,0.5,-0.033333333333333333,0.10000000000000001,-0.13333333333333333,0.26666666666666666,3,4,0.25,0.21875,0.5,0.03125,0.125,-0.09375,0.1875,4,3,0.06458333333333334,0.025000000000000001,0.039583333333333331,0.050000000000000003,-0.014583333333333334,0,0.06458333333333334
latest_archived_year,v3_availability_a_heuristic_for_judging_fre,ml3.4,ML3,successful,True,54,57,8,33,epistemic_adverb_tokens,15,True,False,0.035087719298245612,0.027027027027027029,0.48648648648648651,0.008060692271218587,0.017069701280227598,-0.0090090090090090089,0.018518518518518517,2,1,0,0,0.1951219512195122,0,0,0,0,0,0,-0.008060692271218587,-0.017069701280227598,0.0090090090090090089,-0.035087719298245612,-0.027027027027027029,-0.0024138387424651867,-0.0056468535287534007
latest_archived_year,v3_availability_a_heuristic_for_judging_fre,ml3.4,ML3,successful,True,54,57,8,33,replication_word_tokens,15,True,False,0,0,0.48648648648648651,0,0,0,0,0,0,0,0,0.1951219512195122,0,0,0,0,0,0,0,0,0,0,0,0,0
latest_archived_year,v3_availability_a_heuristic_for_judging_fre,ml3.4,ML3,successful,True,54,57,8,33,lowercase_modal_tokens,15,True,False,0.14035087719298245,0.14414414414414414,0.48648648648648651,-0.003793266951161688,0.068278805120910391,-0.072072072072072071,0.14814814814814814,8,8,0.060606060606060608,0.073170731707317069,0.1951219512195122,-0.012564671101256468,0.011825572801182557,-0.024390243902439025,0.125,2,1,-0.0087714041500947786,-0.056453232319727827,0.047681828169633046,-0.079744816586921854,-0.070973412436827074,0.010516979226863694,-0.019288383376958474
latest_archived_year,v3_balancing_connectedness_and_self_protect,rpp.93,RPP,failed,True,31,88,55,103,epistemic_adverb_tokens,16,True,True,0,0,0.26050420168067229,0,0,0,0,0,0,0.019417475728155338,0.012658227848101266,0.34810126582278483,0.0067592478800540742,0.0067592478800540742,0,0,2,0,0.0067592478800540742,0.0067592478800540742,0,0.019417475728155338,0.012658227848101266,0.00085045693341856833,0.0059087909466355058
latest_archived_year,v3_balancing_connectedness_and_self_protect,rpp.93,RPP,failed,True,31,88,55,103,replication_word_tokens,16,True,True,0.011363636363636364,0.0084033613445378148,0.26050420168067229,0.0029602750190985483,0.0029602750190985483,0,0,1,0,0,0,0.34810126582278483,0,0,0,0,0,0,-0.0029602750190985483,-0.0029602750190985483,0,-0.011363636363636364,-0.0084033613445378148,0.00049771059171654854,-0.0034579856108150971
latest_archived_year,v3_balancing_connectedness_and_self_protect,rpp.93,RPP,failed,True,31,88,55,103,lowercase_modal_tokens,16,True,True,0.13636363636363635,0.1092436974789916,0.26050420168067229,0.027119938884644767,0.035523300229182583,-0.0084033613445378148,0.032258064516129031,12,1,0.1941747572815534,0.16455696202531644,0.34810126582278483,0.029617795256236944,0.067592478800540742,-0.037974683544303799,0.10909090909090909,20,6,0.0024978563715921756,0.032069178571358159,-0.029571322199765982,0.057811120917917035,0.055313264546324861,0.008286218881045521,-0.005788362509453345
latest_archived_year,v3_cloningertextquotesingles_psychobiologic,ml3.8,ML3,failed,True,22,49,57,75,epistemic_adverb_tokens,17,True,True,0.020408163265306121,0.014084507042253521,0.30985915492957744,0.0063236562230526011,0.0063236562230526011,0,0,1,0,0.013333333333333334,0.007575757575757576,0.43181818181818182,0.0057575757575757574,0.0057575757575757574,0,0,1,0,-0.00056608046547684376,-0.00056608046547684376,0,-0.0070748299319727892,-0.0065087494664959455,0.0020575400454676111,-0.0026236205109444544
latest_archived_year,v3_cloningertextquotesingles_psychobiologic,ml3.8,ML3,failed,True,22,49,57,75,replication_word_tokens,17,True,True,0,0,0.30985915492957744,0,0,0,0,0,0,0.013333333333333334,0.007575757575757576,0.43181818181818182,0.0057575757575757574,0.0057575757575757574,0,0,1,0,0.0057575757575757574,0.0057575757575757574,0,0.013333333333333334,0.007575757575757576,0.00081306017925736232,0.0049445155783183949
latest_archived_year,v3_cloningertextquotesingles_psychobiologic,ml3.8,ML3,failed,True,22,49,57,75,lowercase_modal_tokens,17,True,True,0.020408163265306121,0.014084507042253521,0.30985915492957744,0.0063236562230526011,0.0063236562230526011,0,0,1,0,0.053333333333333337,0.053030303030303032,0.43181818181818182,0.00030303030303030303,0.023030303030303029,-0.022727272727272728,0.052631578947368418,4,3,-0.0060206259200222979,0.016706646807250428,-0.022727272727272728,0.032925170068027212,0.038945795988049509,0.0012872725072237939,-0.007307898427246092
latest_archived_year,v3_conflict_triggered_goal_shielding_respon,rpp.158,RPP,successful,True,6,10,15,20,epistemic_adverb_tokens,18,True,False,0,0.0625,0.375,-0.0625,0,-0.0625,0.16666666666666666,0,1,0,0,0.42857142857142855,0,0,0,0,0,0,0.0625,0,0.0625,0,-0.0625,-0.004464285714285714,0.066964285714285712
latest_archived_year,v3_conflict_triggered_goal_shielding_respon,rpp.158,RPP,successful,True,6,10,15,20,replication_word_tokens,18,True,False,0,0,0.375,0,0,0,0,0,0,0.14999999999999999,0.085714285714285715,0.42857142857142855,0.064285714285714279,0.064285714285714279,0,0,3,0,0.064285714285714279,0.064285714285714279,0,0.14999999999999999,0.085714285714285715,0.0040178571428571425,0.060267857142857144
latest_archived_year,v3_conflict_triggered_goal_shielding_respon,rpp.158,RPP,successful,True,6,10,15,20,lowercase_modal_tokens,18,True,False,0.20000000000000001,0.125,0.375,0.074999999999999997,0.074999999999999997,0,0,2,0,0.25,0.20000000000000001,0.42857142857142855,0.050000000000000003,0.10714285714285714,-0.057142857142857141,0.13333333333333333,5,2,-0.025000000000000001,0.03214285714285714,-0.057142857142857141,0.050000000000000003,0.074999999999999997,0.0084821428571428565,-0.033482142857142856
latest_archived_year,v3_decision_making_and_learning_while_takin,rpp.39,RPP,failed,True,46,24,98,30,epistemic_adverb_tokens,20,True,True,0,0,0.65714285714285714,0,0,0,0,0,0,0,0,0.765625,0,0,0,0,0,0,0,0,0,0,0,0,0
latest_archived_year,v3_decision_making_and_learning_while_takin,rpp.39,RPP,failed,True,46,24,98,30,replication_word_tokens,20,True,True,0,0,0.65714285714285714,0,0,0,0,0,0,0,0,0.765625,0,0,0,0,0,0,0,0,0,0,0,0,0
latest_archived_year,v3_decision_making_and_learning_while_takin,rpp.39,RPP,failed,True,46,24,98,30,lowercase_modal_tokens,20,True,True,0.041666666666666664,0.057142857142857141,0.65714285714285714,-0.015476190476190477,0.027380952380952381,-0.042857142857142858,0.065217391304347824,1,3,0.26666666666666666,0.1171875,0.765625,0.14947916666666666,0.20416666666666666,-0.0546875,0.071428571428571425,8,7,0.16495535714285714,0.1767857142857143,-0.011830357142857142,0.22500000000000001,0.060044642857142859,0.009312506932120674,0.15564285021073646
latest_archived_year,v3_effects_of_fluency_on_psychological_dist,rpp.104,RPP,failed,True,34,40,66,108,epistemic_adverb_tokens,22,True,True,0,0.013513513513513514,0.45945945945945948,-0.013513513513513514,0,-0.013513513513513514,0.029411764705882353,0,1,0,0,0.37931034482758619,0,0,0,0,0,0,0.013513513513513514,0,0.013513513513513514,0,-0.013513513513513514,0.0011786634504687243,0.01233485006304479
latest_archived_year,v3_effects_of_fluency_on_psychological_dist,rpp.104,RPP,failed,True,34,40,66,108,replication_word_tokens,22,True,True,0,0,0.45945945945945948,0,0,0,0,0,0,0.046296296296296294,0.028735632183908046,0.37931034482758619,0.017560664112388252,0.017560664112388252,0,0,5,0,0.017560664112388252,0.017560664112388252,0,0.046296296296296294,0.028735632183908046,-0.0018553035794415104,0.019415967691829759
latest_archived_year,v3_effects_of_fluency_on_psychological_dist,rpp.104,RPP,failed,True,34,40,66,108,lowercase_modal_tokens,22,True,True,0.10000000000000001,0.10810810810810811,0.45945945945945948,-0.0081081081081081086,0.045945945945945948,-0.054054054054054057,0.11764705882352941,4,4,0.12962962962962962,0.10344827586206896,0.37931034482758619,0.026181353767560665,0.049169859514687102,-0.022988505747126436,0.060606060606060608,14,4,0.034289461875668774,0.003223913568741155,0.031065548306927617,0.029629629629629631,-0.0046598322460391422,-0.0020588909027042901,0.036348352778373061
latest_archived_year,v3_effects_of_need_for_cognition_on_message,ml3.7,ML3,failed,True,7,13,60,94,epistemic_adverb_tokens,23,True,False,0,0,0.34999999999999998,0,0,0,0,0,0,0,0,0.38961038961038963,0,0,0,0,0,0,0,0,0,0,0,0,0
latest_archived_year,v3_effects_of_need_for_cognition_on_message,ml3.7,ML3,failed,True,7,13,60,94,replication_word_tokens,23,True,False,0,0,0.34999999999999998,0,0,0,0,0,0,0.021276595744680851,0.045454545454545456,0.38961038961038963,-0.024177949709864602,0.0082895827576678644,-0.032467532467532464,0.083333333333333329,2,5,-0.024177949709864602,0.0082895827576678644,-0.032467532467532464,0.021276595744680851,0.045454545454545456,-0.0012290457769181173,-0.022948903932946487
latest_archived_year,v3_effects_of_need_for_cognition_on_message,ml3.7,ML3,failed,True,7,13,60,94,lowercase_modal_tokens,23,True,False,0,0,0.34999999999999998,0,0,0,0,0,0,0.063829787234042548,0.071428571428571425,0.38961038961038963,-0.0075987841945288756,0.024868748273003592,-0.032467532467532464,0.083333333333333329,6,5,-0.0075987841945288756,0.024868748273003592,-0.032467532467532464,0.063829787234042548,0.071428571428571425,-0.00038627152988855116,-0.0072125126646403245
latest_archived_year,v3_elaboration_enhances_the_imagined_contac,ml1.14,ML1,successful,True,67,63,138,116,epistemic_adverb_tokens,24,True,True,0.015873015873015872,0.0076923076923076927,0.51538461538461533,0.0081807081807081811,0.0081807081807081811,0,0,1,0,0.017241379310344827,0.007874015748031496,0.54330708661417326,0.0093673635623133314,0.0093673635623133314,0,0,2,0,0.0011866553816051509,0.0011866553816051509,0,0.0013683634373289546,0.00018170805572380376,0.000462317873395799,0.0007243375082093518
latest_archived_year,v3_elaboration_enhances_the_imagined_contac,ml1.14,ML1,successful,True,67,63,138,116,replication_word_tokens,24,True,True,0.015873015873015872,0.015384615384615385,0.51538461538461533,0.0004884004884004884,0.0081807081807081811,-0.0076923076923076927,0.014925373134328358,1,1,0.0086206896551724137,0.027559055118110236,0.54330708661417326,-0.018938365462937822,0.0046836817811566657,-0.023622047244094488,0.043478260869565216,1,6,-0.019426765951338312,-0.003497026399551515,-0.015929739551786795,-0.0072523262178434593,0.012174439733494852,-0.00047342450112962262,-0.018953341450208688
latest_archived_year,v3_elaboration_enhances_the_imagined_contac,ml1.14,ML1,successful,True,67,63,138,116,lowercase_modal_tokens,24,True,True,0.063492063492063489,0.053846153846153849,0.51538461538461533,0.0096459096459096463,0.032722832722832725,-0.023076923076923078,0.044776119402985072,4,3,0.14655172413793102,0.098425196850393706,0.54330708661417326,0.048126527287537336,0.079622590279663313,-0.031496062992125984,0.057971014492753624,17,8,0.03848061764162769,0.046899757556830596,-0.0084191399152029073,0.083059660645867547,0.044579043004239857,0.0014979938634612942,0.036982623778166392
latest_archived_year,v3_expectations_as_endowments_evidence_on_r,ee.9,EERP,failed,True,22,25,82,56,epistemic_adverb_tokens,25,True,True,0,0,0.46808510638297873,0,0,0,0,0,0,0,0,0.59420289855072461,0,0,0,0,0,0,0,0,0,0,0,0,0
latest_archived_year,v3_expectations_as_endowments_evidence_on_r,ee.9,EERP,failed,True,22,25,82,56,replication_word_tokens,25,True,True,0.040000000000000001,0.021276595744680851,0.46808510638297873,0.01872340425531915,0.01872340425531915,0,0,1,0,0.017857142857142856,0.007246376811594203,0.59420289855072461,0.010610766045548654,0.010610766045548654,0,0,1,0,-0.0081126382097704945,-0.0081126382097704945,0,-0.022142857142857141,-0.014030218933086648,0.0036484075591383639,-0.011761045768908858
latest_archived_year,v3_expectations_as_endowments_evidence_on_r,ee.9,EERP,failed,True,22,25,82,56,lowercase_modal_tokens,25,True,True,0.23999999999999999,0.1702127659574468,0.46808510638297873,0.069787234042553187,0.11234042553191489,-0.042553191489361701,0.090909090909090912,6,2,0.125,0.065217391304347824,0.59420289855072461,0.059782608695652176,0.074275362318840576,-0.014492753623188406,0.024390243902439025,7,2,-0.010004625346901018,-0.038065063213074311,0.028060437866173297,-0.115,-0.10499537465309898,0.015745848298193688,-0.025750473645094706
latest_archived_year,v3_experiments_in_wording_questions_ii,ml1.10,ML1,successful,True,27,21,17,24,epistemic_adverb_tokens,26,True,True,0,0.020833333333333332,0.5625,-0.020833333333333332,0,-0.020833333333333332,0.037037037037037035,0,1,0,0,0.41463414634146339,0,0,0,0,0,0,0.020833333333333332,0,0.020833333333333332,0,-0.020833333333333332,0.002738256549232159,0.018095076784101174
latest_archived_year,v3_experiments_in_wording_questions_ii,ml1.10,ML1,successful,True,27,21,17,24,replication_word_tokens,26,True,True,0,0,0.5625,0,0,0,0,0,0,0,0,0.41463414634146339,0,0,0,0,0,0,0,0,0,0,0,0,0
latest_archived_year,v3_experiments_in_wording_questions_ii,ml1.10,ML1,successful,True,27,21,17,24,lowercase_modal_tokens,26,True,True,0.047619047619047616,0.0625,0.5625,-0.01488095238095238,0.026785714285714284,-0.041666666666666664,0.07407407407407407,1,2,0.083333333333333329,0.04878048780487805,0.41463414634146339,0.034552845528455285,0.034552845528455285,0,0,2,0,0.049433797909407669,0.0077671312427409992,0.041666666666666664,0.035714285714285712,-0.013719512195121951,-0.0042051797006065301,0.053638977610014196
latest_archived_year,v3_happiness_and_time_preference_the_effect,ee.14,EERP,failed,True,33,30,61,88,epistemic_adverb_tokens,28,True,True,0,0,0.52380952380952384,0,0,0,0,0,0,0,0,0.40939597315436244,0,0,0,0,0,0,0,0,0,0,0,0,0
latest_archived_year,v3_happiness_and_time_preference_the_effect,ee.14,EERP,failed,True,33,30,61,88,replication_word_tokens,28,True,True,0.10000000000000001,0.047619047619047616,0.52380952380952384,0.052380952380952382,0.052380952380952382,0,0,3,0,0,0.0067114093959731542,0.40939597315436244,-0.0067114093959731542,0,-0.0067114093959731542,0.016393442622950821,0,1,-0.059092361776925534,-0.052380952380952382,-0.0067114093959731542,-0.10000000000000001,-0.040907638223074465,-0.004782861543781337,-0.054309500233144195
latest_archived_year,v3_happiness_and_time_preference_the_effect,ee.14,EERP,failed,True,33,30,61,88,lowercase_modal_tokens,28,True,True,0.033333333333333333,0.031746031746031744,0.52380952380952384,0.0015873015873015873,0.017460317460317461,-0.015873015873015872,0.030303030303030304,1,1,0.090909090909090912,0.087248322147651006,0.40939597315436244,0.0036607687614399025,0.037217815741305671,-0.033557046979865772,0.081967213114754092,8,5,0.0020734671741383152,0.019757498280988214,-0.0176840311068499,0.057575757575757579,0.055502290401619261,-0.00068488985861634116,0.0027583570327546561
latest_archived_year,v3_head_up_foot_down_object_words_orient_at,rpp.167,RPP,failed,True,27,25,49,43,epistemic_adverb_tokens,29,True,True,0,0,0.51923076923076927,0,0,0,0,0,0,0,0,0.53260869565217395,0,0,0,0,0,0,0,0,0,0,0,0,0
latest_archived_year,v3_head_up_foot_down_object_words_orient_at,rpp.167,RPP,failed,True,27,25,49,43,replication_word_tokens,29,True,True,0.040000000000000001,0.038461538461538464,0.51923076923076927,0.0015384615384615385,0.020769230769230769,-0.019230769230769232,0.037037037037037035,1,1,0.046511627906976744,0.043478260869565216,0.53260869565217395,0.0030333670374115269,0.024772497472194135,-0.021739130434782608,0.040816326530612242,2,2,0.0014949054989499882,0.0040032667029633665,-0.002508361204013378,0.0065116279069767444,0.005016722408026756,5.7914811634297404e-05,0.0014369906873156909
latest_archived_year,v3_head_up_foot_down_object_words_orient_at,rpp.167,RPP,failed,True,27,25,49,43,lowercase_modal_tokens,29,True,True,0.23999999999999999,0.17307692307692307,0.51923076923076927,0.066923076923076918,0.12461538461538461,-0.057692307692307696,0.1111111111111111,6,3,0.023255813953488372,0.05434782608695652,0.53260869565217395,-0.031092012133468148,0.012386248736097068,-0.043478260869565216,0.081632653061224483,1,4,-0.098015089056545074,-0.11222913587928755,0.014214046822742474,-0.21674418604651163,-0.11872909698996656,0.00047165250689734298,-0.09848674156344242
latest_archived_year,v3_hedonic_and_instrumental_motives_in_ange,rpp.142,RPP,successful,True,17,39,50,94,epistemic_adverb_tokens,30,True,True,0,0,0.30357142857142855,0,0,0,0,0,0,0,0,0.34722222222222221,0,0,0,0,0,0,0,0,0,0,0,0,0
latest_archived_year,v3_hedonic_and_instrumental_motives_in_ange,rpp.142,RPP,successful,True,17,39,50,94,replication_word_tokens,30,True,True,0,0,0.30357142857142855,0,0,0,0,0,0,0.021276595744680851,0.013888888888888888,0.34722222222222221,0.0073877068557919624,0.0073877068557919624,0,0,2,0,0.0073877068557919624,0.0073877068557919624,0,0.021276595744680851,0.013888888888888888,0.00046437014522120906,0.0069233367105707528
latest_archived_year,v3_hedonic_and_instrumental_motives_in_ange,rpp.142,RPP,successful,True,17,39,50,94,lowercase_modal_tokens,30,True,True,0.076923076923076927,0.089285714285714288,0.30357142857142855,-0.012362637362637362,0.023351648351648352,-0.035714285714285712,0.11764705882352941,3,2,0.20212765957446807,0.15972222222222221,0.34722222222222221,0.042405437352245862,0.070183215130023638,-0.027777777777777776,0.080000000000000002,19,4,0.054768074714883229,0.046831566778375286,0.0079365079365079361,0.12520458265139117,0.070436507936507936,0.0017766675682820863,0.052991407146601138
latest_archived_year,v3_how_does_bilingualism_improve_executive_,rpp.22,RPP,failed,True,82,95,67,91,epistemic_adverb_tokens,31,True,True,0.010526315789473684,0.0056497175141242938,0.4632768361581921,0.0048765982753493902,0.0048765982753493902,0,0,1,0,0,0,0.42405063291139239,0,0,0,0,0,0,-0.0048765982753493902,-0.0048765982753493902,0,-0.010526315789473684,-0.0056497175141242938,-0.00020645370129894572,-0.0046701445740504445
latest_archived_year,v3_how_does_bilingualism_improve_executive_,rpp.22,RPP,failed,True,82,95,67,91,replication_word_tokens,31,True,True,0.094736842105263161,0.067796610169491525,0.4632768361581921,0.026940231935771632,0.043889384478144514,-0.016949152542372881,0.036585365853658534,9,3,0.01098901098901099,0.031645569620253167,0.42405063291139239,-0.020656558631242175,0.0046598970649603562,-0.025316455696202531,0.059701492537313432,1,4,-0.047596790567013811,-0.039229487413184161,-0.00836730315382965,-0.083747831116252169,-0.036151040549238359,-0.00018512796233859845,-0.047411662604675213
latest_archived_year,v3_how_does_bilingualism_improve_executive_,rpp.22,RPP,failed,True,82,95,67,91,lowercase_modal_tokens,31,True,True,0.14736842105263157,0.11864406779661017,0.4632768361581921,0.02872435325602141,0.068272375854891459,-0.03954802259887006,0.085365853658536592,14,7,0.24175824175824176,0.189873417721519,0.42405063291139239,0.051884824036722774,0.10251773542912783,-0.050632911392405063,0.11940298507462686,22,8,0.02316047078070136,0.03424535957423637,-0.011084888793535006,0.094389820705610181,0.071229349924908814,-0.0036158287387049945,0.026776299519406355
latest_archived_year,v3_how_the_head_liberates_the_heart_project,rpp.59,RPP,successful,True,11,31,12,62,epistemic_adverb_tokens,16,True,True,0,0,0.26190476190476192,0,0,0,0,0,0,0.016129032258064516,0.013513513513513514,0.16216216216216217,0.0026155187445510027,0.0026155187445510027,0,0,1,0,0.0026155187445510027,0.0026155187445510027,0,0.016129032258064516,0.013513513513513514,-0.00080437580437580432,0.0034198945489268069
latest_archived_year,v3_how_the_head_liberates_the_heart_project,rpp.59,RPP,successful,True,11,31,12,62,replication_word_tokens,16,True,True,0,0,0.26190476190476192,0,0,0,0,0,0,0,0.013513513513513514,0.16216216216216217,-0.013513513513513514,0,-0.013513513513513514,0.083333333333333329,0,1,-0.013513513513513514,0,-0.013513513513513514,0,0.013513513513513514,0.0041559416559416558,-0.017669455169455169
latest_archived_year,v3_how_the_head_liberates_the_heart_project,rpp.59,RPP,successful,True,11,31,12,62,lowercase_modal_tokens,16,True,True,0.064516129032258063,0.071428571428571425,0.26190476190476192,-0.0069124423963133645,0.016897081413210446,-0.023809523809523808,0.090909090909090912,2,1,0.16129032258064516,0.13513513513513514,0.16216216216216217,0.026155187445510025,0.026155187445510025,0,0,10,0,0.03306762984182339,0.00925810603229958,0.023809523809523808,0.096774193548387094,0.063706563706563704,-0.0067275067275067279,0.03979513656933012
latest_archived_year,v3_imperfect_public_monitoring_with_costly_,ee.2,EERP,successful,True,24,22,52,52,epistemic_adverb_tokens,25,True,True,0,0,0.52173913043478259,0,0,0,0,0,0,0.038461538461538464,0.019230769230769232,0.5,0.019230769230769232,0.019230769230769232,0,0,2,0,0.019230769230769232,0.019230769230769232,0,0.038461538461538464,0.019230769230769232,-0.00041806020066889631,0.019648829431438128
latest_archived_year,v3_imperfect_public_monitoring_with_costly_,ee.2,EERP,successful,True,24,22,52,52,replication_word_tokens,25,True,True,0,0,0.52173913043478259,0,0,0,0,0,0,0.019230769230769232,0.067307692307692304,0.5,-0.04807692307692308,0.0096153846153846159,-0.057692307692307696,0.11538461538461539,1,6,-0.04807692307692308,0.0096153846153846159,-0.057692307692307696,0.019230769230769232,0.067307692307692304,0.0010451505016722408,-0.04912207357859532
latest_archived_year,v3_imperfect_public_monitoring_with_costly_,ee.2,EERP,successful,True,24,22,52,52,lowercase_modal_tokens,25,True,True,0.090909090909090912,0.086956521739130432,0.52173913043478259,0.003952569169960474,0.047430830039525688,-0.043478260869565216,0.083333333333333329,2,2,0.19230769230769232,0.13461538461538461,0.5,0.057692307692307696,0.096153846153846159,-0.038461538461538464,0.076923076923076927,10,4,0.053739738522347216,0.048723016114320464,0.005016722408026756,0.10139860139860139,0.047658862876254184,-0.0013365257930475322,0.055076264315394752
latest_archived_year,v3_increasing_and_decreasing_motor_and_cogn,rpp.49,RPP,failed,True,66,98,49,38,epistemic_adverb_tokens,32,True,True,0.030612244897959183,0.018292682926829267,0.40243902439024393,0.012319561971129916,0.012319561971129916,0,0,3,0,0,0,0.56321839080459768,0,0,0,0,0,0,-0.012319561971129916,-0.012319561971129916,0,-0.030612244897959183,-0.018292682926829267,0.0024609086696074562,-0.014780470640737372
latest_archived_year,v3_increasing_and_decreasing_motor_and_cogn,rpp.49,RPP,failed,True,66,98,49,38,replication_word_tokens,32,True,True,0,0,0.40243902439024393,0,0,0,0,0,0,0.052631578947368418,0.080459770114942528,0.56321839080459768,-0.027828191167574106,0.029643073200241985,-0.057471264367816091,0.10204081632653061,2,5,-0.027828191167574106,0.029643073200241985,-0.057471264367816091,0.052631578947368418,0.080459770114942528,-0.0039719929404190522,-0.023856198227155057
latest_archived_year,v3_increasing_and_decreasing_motor_and_cogn,rpp.49,RPP,failed,True,66,98,49,38,lowercase_modal_tokens,32,True,True,0.12244897959183673,0.097560975609756101,0.40243902439024393,0.024888003982080638,0.049278247884519663,-0.024390243902439025,0.060606060606060608,12,4,0.052631578947368418,0.080459770114942528,0.56321839080459768,-0.027828191167574106,0.029643073200241985,-0.057471264367816091,0.10204081632653061,2,5,-0.052716195149654747,-0.019635174684277678,-0.033081020465377066,-0.069817400644468314,-0.01710120549481357,0.00099953972545459681,-0.05371573487510934
latest_archived_year,v3_individual_differences_in_the_regulation,rpp.53,RPP,failed,True,17,44,29,40,epistemic_adverb_tokens,33,True,True,0,0,0.27868852459016391,0,0,0,0,0,0,0.025000000000000001,0.028985507246376812,0.42028985507246375,-0.0039855072463768114,0.010507246376811594,-0.014492753623188406,0.034482758620689655,1,1,-0.0039855072463768114,0.010507246376811594,-0.014492753623188406,0.025000000000000001,0.028985507246376812,-0.00067138561866607685,-0.0033141216277107347
latest_archived_year,v3_individual_differences_in_the_regulation,rpp.53,RPP,failed,True,17,44,29,40,replication_word_tokens,33,True,True,0.022727272727272728,0.016393442622950821,0.27868852459016391,0.0063338301043219074,0.0063338301043219074,0,0,1,0,0.025000000000000001,0.028985507246376812,0.42028985507246375,-0.0039855072463768114,0.010507246376811594,-0.014492753623188406,0.034482758620689655,1,1,-0.01031933735069872,0.0041734162724896863,-0.014492753623188406,0.0022727272727272726,0.012592064623425991,0.00093772040954187585,-0.011257057760240595
latest_archived_year,v3_individual_differences_in_the_regulation,rpp.53,RPP,failed,True,17,44,29,40,lowercase_modal_tokens,33,True,True,0.20454545454545456,0.18032786885245902,0.27868852459016391,0.024217585692995529,0.05700447093889717,-0.032786885245901641,0.11764705882352941,9,2,0.29999999999999999,0.21739130434782608,0.42028985507246375,0.082608695652173908,0.12608695652173912,-0.043478260869565216,0.10344827586206896,12,3,0.058391109959178386,0.069082485582841968,-0.010691375623663579,0.095454545454545459,0.037063435495367072,0.020068457048761496,0.038322652910416886
latest_archived_year,v3_it_feels_like_yesterday_self_esteem_vale,ml3.3,ML3,failed,True,67,118,58,101,epistemic_adverb_tokens,37,True,True,0,0.0054054054054054057,0.36216216216216218,-0.0054054054054054057,0,-0.0054054054054054057,0.014925373134328358,0,1,0.019801980198019802,0.012578616352201259,0.36477987421383645,0.0072233638458185445,0.0072233638458185445,0,0,2,0,0.012628769251223949,0.0072233638458185445,0.0054054054054054057,0.019801980198019802,0.0071732109467958528,6.3827765409525954e-06,0.012622386474682997
latest_archived_year,v3_it_feels_like_yesterday_self_esteem_vale,ml3.3,ML3,failed,True,67,118,58,101,replication_word_tokens,37,True,True,0,0,0.36216216216216218,0,0,0,0,0,0,0,0,0.36477987421383645,0,0,0,0,0,0,0,0,0,0,0,0,0
latest_archived_year,v3_it_feels_like_yesterday_self_esteem_vale,ml3.3,ML3,failed,True,67,118,58,101,lowercase_modal_tokens,37,True,True,0.15254237288135594,0.15675675675675677,0.36216216216216218,-0.0042143838754008242,0.055245075584058632,-0.059459459459459463,0.16417910447761194,18,11,0.13861386138613863,0.12578616352201258,0.36477987421383645,0.012827697864126035,0.050563546920729806,-0.037735849056603772,0.10344827586206896,14,6,0.01704208173952686,-0.0046815286633288258,0.021723610402855687,-0.013928511495217318,-0.030970593234744177,3.0795882244461168e-05,0.017011285857282399
latest_archived_year,v3_last_place_aversion_evidence_and_redistr,ee.18,EERP,failed,True,11,17,80,156,epistemic_adverb_tokens,25,True,True,0,0,0.39285714285714285,0,0,0,0,0,0,0.00641025641025641,0.0042372881355932203,0.33898305084745761,0.0021729682746631897,0.0021729682746631897,0,0,1,0,0.0021729682746631897,0.0021729682746631897,0,0.00641025641025641,0.0042372881355932203,-0.00017267337182591419,0.0023456416464891043
latest_archived_year,v3_last_place_aversion_evidence_and_redistr,ee.18,EERP,failed,True,11,17,80,156,replication_word_tokens,25,True,True,0,0,0.39285714285714285,0,0,0,0,0,0,0,0.012711864406779662,0.33898305084745761,-0.012711864406779662,0,-0.012711864406779662,0.037499999999999999,0,3,-0.012711864406779662,0,-0.012711864406779662,0,0.012711864406779662,0.0010101392251815982,-0.013722003631961259
latest_archived_year,v3_last_place_aversion_evidence_and_redistr,ee.18,EERP,failed,True,11,17,80,156,lowercase_modal_tokens,25,True,True,0.17647058823529413,0.25,0.39285714285714285,-0.073529411764705885,0.069327731092436978,-0.14285714285714285,0.36363636363636365,3,4,0.23076923076923078,0.17796610169491525,0.33898305084745761,0.052803129074315516,0.07822685788787484,-0.025423728813559324,0.074999999999999997,36,6,0.1263325408390214,0.0088991267954378617,0.11743341404358354,0.054298642533936653,-0.072033898305084748,0.00084573016714093482,0.12548681067188047
latest_archived_year,v3_left_frontal_cortical_activation_and_spr,rpp.55,RPP,failed,True,13,25,24,37,epistemic_adverb_tokens,31,True,True,0,0,0.34210526315789475,0,0,0,0,0,0,0,0,0.39344262295081966,0,0,0,0,0,0,0,0,0,0,0,0,0
latest_archived_year,v3_left_frontal_cortical_activation_and_spr,rpp.55,RPP,failed,True,13,25,24,37,replication_word_tokens,31,True,True,0,0.026315789473684209,0.34210526315789475,-0.026315789473684209,0,-0.026315789473684209,0.076923076923076927,0,1,0.027027027027027029,0.016393442622950821,0.39344262295081966,0.010633584404076208,0.010633584404076208,0,0,1,0,0.036949373877760421,0.010633584404076208,0.026315789473684209,0.027027027027027029,-0.0099223468507333903,-0.0012807657328796241,0.038230139610640042
latest_archived_year,v3_left_frontal_cortical_activation_and_spr,rpp.55,RPP,failed,True,13,25,24,37,lowercase_modal_tokens,31,True,True,0.080000000000000002,0.052631578947368418,0.34210526315789475,0.02736842105263158,0.02736842105263158,0,0,2,0,0.027027027027027029,0.016393442622950821,0.39344262295081966,0.010633584404076208,0.010633584404076208,0,0,1,0,-0.016734836648555372,-0.016734836648555372,0,-0.052972972972972973,-0.036238136324417601,0.0027472424970267939,-0.019482079145582164
latest_archived_year,v3_measuring_the_crowd_within_probabilistic,rpp.116,RPP,successful,True,38,32,71,63,epistemic_adverb_tokens,41,True,True,0,0,0.54285714285714282,0,0,0,0,0,0,0.015873015873015872,0.014925373134328358,0.52985074626865669,0.00094764273868751486,0.008410329305851694,-0.007462686567164179,0.014084507042253521,1,1,0.00094764273868751486,0.008410329305851694,-0.007462686567164179,0.015873015873015872,0.014925373134328358,-1.1631027577452396e-05,0.00095927376626496724
latest_archived_year,v3_measuring_the_crowd_within_probabilistic,rpp.116,RPP,successful,True,38,32,71,63,replication_word_tokens,41,True,True,0.09375,0.10000000000000001,0.54285714285714282,-0.0062500000000000003,0.050892857142857142,-0.057142857142857141,0.10526315789473684,3,4,0,0,0.52985074626865669,0,0,0,0,0,0,0.0062500000000000003,-0.050892857142857142,0.057142857142857141,-0.09375,-0.10000000000000001,7.4872348782403767e-05,0.0061751276512175962
latest_archived_year,v3_measuring_the_crowd_within_probabilistic,rpp.116,RPP,successful,True,38,32,71,63,lowercase_modal_tokens,41,True,True,0.125,0.085714285714285715,0.54285714285714282,0.039285714285714285,0.067857142857142852,-0.028571428571428571,0.052631578947368418,4,2,0.1111111111111111,0.089552238805970144,0.52985074626865669,0.021558872305140961,0.05887230514096186,-0.037313432835820892,0.070422535211267609,7,5,-0.017726841980573324,-0.0089848377161809989,-0.0087420042643923234,-0.013888888888888888,0.0038379530916844351,-0.00073523206973357996,-0.016991609910839745
latest_archived_year,v3_multidimensional_visual_statistical_lear,rpp.29,RPP,successful,True,28,22,50,21,epistemic_adverb_tokens,31,True,True,0,0,0.56000000000000005,0,0,0,0,0,0,0,0,0.70422535211267601,0,0,0,0,0,0,0,0,0,0,0,0,0
latest_archived_year,v3_multidimensional_visual_statistical_lear,rpp.29,RPP,successful,True,28,22,50,21,replication_word_tokens,31,True,True,0,0,0.56000000000000005,0,0,0,0,0,0,0.14285714285714285,0.098591549295774641,0.70422535211267601,0.044265593561368208,0.1006036217303823,-0.056338028169014086,0.080000000000000002,3,4,0.044265593561368208,0.1006036217303823,-0.056338028169014086,0.14285714285714285,0.098591549295774641,0.0045327967806841046,0.039732796780684101
latest_archived_year,v3_multidimensional_visual_statistical_lear,rpp.29,RPP,successful,True,28,22,50,21,lowercase_modal_tokens,31,True,True,0.090909090909090912,0.10000000000000001,0.56000000000000005,-0.0090909090909090905,0.050909090909090911,-0.059999999999999998,0.10714285714285714,2,3,0.19047619047619047,0.14084507042253522,0.70422535211267601,0.049631120053655262,0.1341381623071764,-0.084507042253521125,0.12,4,6,0.058722029144564356,0.083229071398085483,-0.024507042253521127,0.099567099567099568,0.040845070422535212,0.0039115663679043962,0.054810462776659963
latest_archived_year,v3_multiple_roles_for_time_in_short_term_me,rpp.33,RPP,successful,True,82,62,45,50,epistemic_adverb_tokens,45,True,True,0,0,0.56944444444444442,0,0,0,0,0,0,0,0,0.47368421052631576,0,0,0,0,0,0,0,0,0,0,0,0,0
latest_archived_year,v3_multiple_roles_for_time_in_short_term_me,rpp.33,RPP,successful,True,82,62,45,50,replication_word_tokens,45,True,True,0.016129032258064516,0.013888888888888888,0.56944444444444442,0.0022401433691756271,0.0091845878136200716,-0.0069444444444444441,0.012195121951219513,1,1,0.040000000000000001,0.021052631578947368,0.47368421052631576,0.018947368421052633,0.018947368421052633,0,0,2,0,0.016707225051877005,0.0097627806074325595,0.0069444444444444441,0.023870967741935485,0.0071637426900584798,-0.0021035607639607805,0.018810785815837786
latest_archived_year,v3_multiple_roles_for_time_in_short_term_me,rpp.33,RPP,successful,True,82,62,45,50,lowercase_modal_tokens,45,True,True,0.064516129032258063,0.041666666666666664,0.56944444444444442,0.022849462365591398,0.036738351254480286,-0.013888888888888888,0.024390243902439025,4,2,0.059999999999999998,0.052631578947368418,0.47368421052631576,0.0073684210526315788,0.028421052631578948,-0.021052631578947368,0.044444444444444446,3,2,-0.015481041312959819,-0.0083172986229013389,-0.0071637426900584798,-0.0045161290322580649,0.010964912280701754,-0.0026660338924649387,-0.01281500742049488
latest_archived_year,v3_not_so_innocent_does_seeing_one_s_own_ca,rpp.65,RPP,failed,True,22,53,29,46,epistemic_adverb_tokens,46,True,True,0.018867924528301886,0.013333333333333334,0.29333333333333333,0.0055345911949685536,0.0055345911949685536,0,0,1,0,0,0,0.38666666666666666,0,0,0,0,0,0,-0.0055345911949685536,-0.0055345911949685536,0,-0.018867924528301886,-0.013333333333333334,0.00088050314465408801,-0.0064150943396226413
latest_archived_year,v3_not_so_innocent_does_seeing_one_s_own_ca,rpp.65,RPP,failed,True,22,53,29,46,replication_word_tokens,46,True,True,0.056603773584905662,0.040000000000000001,0.29333333333333333,0.016603773584905661,0.016603773584905661,0,0,3,0,0,0.013333333333333334,0.38666666666666666,-0.013333333333333334,0,-0.013333333333333334,0.034482758620689655,0,1,-0.029937106918238993,-0.016603773584905661,-0.013333333333333334,-0.056603773584905662,-0.026666666666666668,0.0010323140316634135,-0.030969420949902408
latest_archived_year,v3_not_so_innocent_does_seeing_one_s_own_ca,rpp.65,RPP,failed,True,22,53,29,46,lowercase_modal_tokens,46,True,True,0.20754716981132076,0.16,0.29333333333333333,0.047547169811320754,0.06088050314465409,-0.013333333333333334,0.045454545454545456,11,1,0.17391304347826086,0.16,0.38666666666666666,0.01391304347826087,0.067246376811594205,-0.053333333333333337,0.13793103448275862,8,4,-0.033634126333059886,0.0063658736669401144,-0.040000000000000001,-0.033634126333059886,0,0.0092434828897729523,-0.04287760922283284
latest_archived_year,v3_on_the_additive_effects_of_stimulus_qual,rpp.27,RPP,successful,True,26,10,37,27,epistemic_adverb_tokens,47,True,True,0,0,0.72222222222222221,0,0,0,0,0,0,0.037037037037037035,0.015625,0.578125,0.021412037037037038,0.021412037037037038,0,0,1,0,0.021412037037037038,0.021412037037037038,0,0.037037037037037035,0.015625,-0.0026684670781893004,0.024080504115226338
latest_archived_year,v3_on_the_additive_effects_of_stimulus_qual,rpp.27,RPP,successful,True,26,10,37,27,replication_word_tokens,47,True,True,0,0.055555555555555552,0.72222222222222221,-0.055555555555555552,0,-0.055555555555555552,0.076923076923076927,0,2,0.037037037037037035,0.015625,0.578125,0.021412037037037038,0.021412037037037038,0,0,1,0,0.076967592592592587,0.021412037037037038,0.055555555555555552,0.037037037037037035,-0.039930555555555552,0.0028737337765115541,0.074093858816081035
latest_archived_year,v3_on_the_additive_effects_of_stimulus_qual,rpp.27,RPP,successful,True,26,10,37,27,lowercase_modal_tokens,47,True,True,0,0.027777777777777776,0.72222222222222221,-0.027777777777777776,0,-0.027777777777777776,0.038461538461538464,0,1,0.1111111111111111,0.0625,0.578125,0.048611111111111112,0.064236111111111105,-0.015625,0.027027027027027029,3,1,0.076388888888888895,0.064236111111111105,0.012152777777777778,0.1111111111111111,0.034722222222222224,-0.0032870410474577141,0.079675929936346604
latest_archived_year,v3_opening_the_mind_to_close_it_considering,rpp.72,RPP,failed,True,7,10,9,17,epistemic_adverb_tokens,50,True,False,0,0,0.41176470588235292,0,0,0,0,0,0,0,0,0.34615384615384615,0,0,0,0,0,0,0,0,0,0,0,0,0
latest_archived_year,v3_opening_the_mind_to_close_it_considering,rpp.72,RPP,failed,True,7,10,9,17,replication_word_tokens,50,True,False,0,0,0.41176470588235292,0,0,0,0,0,0,0,0,0.34615384615384615,0,0,0,0,0,0,0,0,0,0,0,0,0
latest_archived_year,v3_opening_the_mind_to_close_it_considering,rpp.72,RPP,failed,True,7,10,9,17,lowercase_modal_tokens,50,True,False,0.10000000000000001,0.058823529411764705,0.41176470588235292,0.041176470588235294,0.041176470588235294,0,0,1,0,0.11764705882352941,0.11538461538461539,0.34615384615384615,0.0022624434389140274,0.04072398190045249,-0.038461538461538464,0.1111111111111111,2,1,-0.038914027149321267,-0.00045248868778280545,-0.038461538461538464,0.017647058823529412,0.056561085972850679,-0.0034949575607015055,-0.035419069588619762
latest_archived_year,v3_orienting_attention_in_visual_working_me,rpp.37,RPP,failed,True,56,98,45,60,epistemic_adverb_tokens,52,True,True,0,0,0.36363636363636365,0,0,0,0,0,0,0.033333333333333333,0.019047619047619049,0.42857142857142855,0.014285714285714285,0.014285714285714285,0,0,2,0,0.014285714285714285,0.014285714285714285,0,0.033333333333333333,0.019047619047619049,0.0010822510822510823,0.013203463203463203
latest_archived_year,v3_orienting_attention_in_visual_working_me,rpp.37,RPP,failed,True,56,98,45,60,replication_word_tokens,52,True,True,0.020408163265306121,0.012987012987012988,0.36363636363636365,0.0074211502782931356,0.0074211502782931356,0,0,2,0,0,0,0.42857142857142855,0,0,0,0,0,0,-0.0074211502782931356,-0.0074211502782931356,0,-0.020408163265306121,-0.012987012987012988,0.00066260270341902993,-0.008083752981712166
latest_archived_year,v3_orienting_attention_in_visual_working_me,rpp.37,RPP,failed,True,56,98,45,60,lowercase_modal_tokens,52,True,True,0.061224489795918366,0.03896103896103896,0.36363636363636365,0.022263450834879406,0.022263450834879406,0,0,6,0,0.13333333333333333,0.085714285714285715,0.42857142857142855,0.047619047619047616,0.057142857142857141,-0.0095238095238095247,0.022222222222222223,8,1,0.025355596784168214,0.034879406307977735,-0.0095238095238095247,0.072108843537414966,0.046753246753246755,0.0055953117177606976,0.019760285066407514
latest_archived_year,v3_perceptual_mechanisms_that_characterize_,rpp.110,RPP,failed,True,9,19,17,40,epistemic_adverb_tokens,53,True,False,0,0,0.32142857142857145,0,0,0,0,0,0,0.025000000000000001,0.017543859649122806,0.2982456140350877,0.0074561403508771927,0.0074561403508771927,0,0,1,0,0.0074561403508771927,0.0074561403508771927,0,0.025000000000000001,0.017543859649122806,-0.00028978696741854636,0.0077459273182957393
latest_archived_year,v3_perceptual_mechanisms_that_characterize_,rpp.110,RPP,failed,True,9,19,17,40,replication_word_tokens,53,True,False,0,0,0.32142857142857145,0,0,0,0,0,0,0.025000000000000001,0.035087719298245612,0.2982456140350877,-0.010087719298245614,0.0074561403508771927,-0.017543859649122806,0.058823529411764705,1,1,-0.010087719298245614,0.0074561403508771927,-0.017543859649122806,0.025000000000000001,0.035087719298245612,0.00039206472062509212,-0.010479784018870706
latest_archived_year,v3_perceptual_mechanisms_that_characterize_,rpp.110,RPP,failed,True,9,19,17,40,lowercase_modal_tokens,53,True,False,0.31578947368421051,0.21428571428571427,0.32142857142857145,0.10150375939849623,0.10150375939849623,0,0,6,0,0.32500000000000001,0.2807017543859649,0.2982456140350877,0.044298245614035087,0.096929824561403505,-0.052631578947368418,0.17647058823529413,13,3,-0.057205513784461155,-0.0045739348370927319,-0.052631578947368418,0.0092105263157894728,0.066416040100250623,-0.005382142469176036,-0.051823371315285117
latest_archived_year,v3_poignancy_mixed_emotional_experience_in_,rpp.61,RPP,failed,True,22,31,43,54,epistemic_adverb_tokens,55,True,True,0,0,0.41509433962264153,0,0,0,0,0,0,0.018518518518518517,0.010309278350515464,0.44329896907216493,0.0082092401680030538,0.0082092401680030538,0,0,1,0,0.0082092401680030538,0.0082092401680030538,0,0.018518518518518517,0.010309278350515464,0.00026115397638447628,0.0079480861916185787
latest_archived_year,v3_poignancy_mixed_emotional_experience_in_,rpp.61,RPP,failed,True,22,31,43,54,replication_word_tokens,55,True,True,0,0,0.41509433962264153,0,0,0,0,0,0,0,0,0.44329896907216493,0,0,0,0,0,0,0,0,0,0,0,0,0
latest_archived_year,v3_poignancy_mixed_emotional_experience_in_,rpp.61,RPP,failed,True,22,31,43,54,lowercase_modal_tokens,55,True,True,0.096774193548387094,0.075471698113207544,0.41509433962264153,0.02130249543517955,0.040170419963481439,-0.018867924528301886,0.045454545454545456,3,1,0.22222222222222221,0.16494845360824742,0.44329896907216493,0.057273768613974797,0.098510882016036652,-0.041237113402061855,0.093023255813953487,12,4,0.035971273178795247,0.05834046205255522,-0.022369188873759969,0.12544802867383512,0.089476755495039875,0.0025457303153866954,0.033425542863408556
latest_archived_year,v3_precision_of_the_anchor_influences_the_a,rpp.111,RPP,successful,True,12,24,26,59,epistemic_adverb_tokens,56,True,True,0,0,0.33333333333333331,0,0,0,0,0,0,0.016949152542372881,0.011764705882352941,0.30588235294117649,0.0051844466600199403,0.0051844466600199403,0,0,1,0,0.0051844466600199403,0.0051844466600199403,0,0.016949152542372881,0.011764705882352941,-0.0002326354270521768,0.005417082087072117
latest_archived_year,v3_precision_of_the_anchor_influences_the_a,rpp.111,RPP,successful,True,12,24,26,59,replication_word_tokens,56,True,True,0.041666666666666664,0.027777777777777776,0.33333333333333331,0.013888888888888888,0.013888888888888888,0,0,1,0,0.016949152542372881,0.023529411764705882,0.30588235294117649,-0.0065802592223330007,0.0051844466600199403,-0.011764705882352941,0.038461538461538464,1,1,-0.020469148111221889,-0.0087044422288689496,-0.011764705882352941,-0.024717514124293787,-0.0042483660130718951,-0.00027662738280883844,-0.020192520728413051
latest_archived_year,v3_precision_of_the_anchor_influences_the_a,rpp.111,RPP,successful,True,12,24,26,59,lowercase_modal_tokens,56,True,True,0.041666666666666664,0.027777777777777776,0.33333333333333331,0.013888888888888888,0.013888888888888888,0,0,1,0,0.050847457627118647,0.047058823529411764,0.30588235294117649,0.0037886340977068794,0.015553339980059821,-0.011764705882352941,0.038461538461538464,3,1,-0.01010025479118201,0.0016644510911709316,-0.011764705882352941,0.0091807909604519778,0.019281045751633988,-0.00074189823691319203,-0.0093583565542688183
latest_archived_year,v3_priming_addition_facts_with_semantic_rel,rpp.24,RPP,successful,True,7,14,18,27,epistemic_adverb_tokens,60,True,False,0,0,0.33333333333333331,0,0,0,0,0,0,0,0,0.40000000000000002,0,0,0,0,0,0,0,0,0,0,0,0,0
latest_archived_year,v3_priming_addition_facts_with_semantic_rel,rpp.24,RPP,successful,True,7,14,18,27,replication_word_tokens,60,True,False,0,0,0.33333333333333331,0,0,0,0,0,0,0,0.022222222222222223,0.40000000000000002,-0.022222222222222223,0,-0.022222222222222223,0.055555555555555552,0,1,-0.022222222222222223,0,-0.022222222222222223,0,0.022222222222222223,-0.0018518518518518519,-0.020370370370370372
latest_archived_year,v3_priming_addition_facts_with_semantic_rel,rpp.24,RPP,successful,True,7,14,18,27,lowercase_modal_tokens,60,True,False,0.071428571428571425,0.095238095238095233,0.33333333333333331,-0.023809523809523808,0.023809523809523808,-0.047619047619047616,0.14285714285714285,1,1,0.07407407407407407,0.066666666666666666,0.40000000000000002,0.0074074074074074077,0.029629629629629631,-0.022222222222222223,0.055555555555555552,2,1,0.031216931216931216,0.00582010582010582,0.025396825396825397,0.0026455026455026454,-0.028571428571428571,-0.0017636684303350969,0.032980599647266316
latest_archived_year,v3_response_scales_effects_of_category_rang,ml1.8,ML1,successful,True,44,52,44,38,epistemic_adverb_tokens,26,True,True,0,0,0.45833333333333331,0,0,0,0,0,0,0,0,0.53658536585365857,0,0,0,0,0,0,0,0,0,0,0,0,0
latest_archived_year,v3_response_scales_effects_of_category_rang,ml1.8,ML1,successful,True,44,52,44,38,replication_word_tokens,26,True,True,0.038461538461538464,0.03125,0.45833333333333331,0.0072115384615384619,0.017628205128205128,-0.010416666666666666,0.022727272727272728,2,1,0,0.036585365853658534,0.53658536585365857,-0.036585365853658534,0,-0.036585365853658534,0.068181818181818177,0,3,-0.043796904315196998,-0.017628205128205128,-0.02616869918699187,-0.038461538461538464,0.005335365853658537,-0.0020520637898686681,-0.041744840525328328
latest_archived_year,v3_response_scales_effects_of_category_rang,ml1.8,ML1,successful,True,44,52,44,38,lowercase_modal_tokens,26,True,True,0.15384615384615385,0.125,0.45833333333333331,0.028846153846153848,0.070512820512820512,-0.041666666666666664,0.090909090909090912,8,4,0.18421052631578946,0.10975609756097561,0.53658536585365857,0.074454428754813867,0.098844672657252886,-0.024390243902439025,0.045454545454545456,7,2,0.045608274908660019,0.028331852144432377,0.017276422764227643,0.030364372469635626,-0.01524390243902439,0.0078914453112142458,0.037716829597445774
latest_archived_year,v3_running_on_empty_neural_signals_for_self,ml3.5,ML3,successful,True,5,22,11,25,epistemic_adverb_tokens,61,True,False,0,0,0.18518518518518517,0,0,0,0,0,0,0,0,0.30555555555555558,0,0,0,0,0,0,0,0,0,0,0,0,0
latest_archived_year,v3_running_on_empty_neural_signals_for_self,ml3.5,ML3,successful,True,5,22,11,25,replication_word_tokens,61,True,False,0,0,0.18518518518518517,0,0,0,0,0,0,0,0,0.30555555555555558,0,0,0,0,0,0,0,0,0,0,0,0,0
latest_archived_year,v3_running_on_empty_neural_signals_for_self,ml3.5,ML3,successful,True,5,22,11,25,lowercase_modal_tokens,61,True,False,0.045454545454545456,0.07407407407407407,0.18518518518518517,-0.028619528619528621,0.0084175084175084174,-0.037037037037037035,0.20000000000000001,1,1,0.23999999999999999,0.16666666666666666,0.30555555555555558,0.073333333333333334,0.073333333333333334,0,0,6,0,0.10195286195286195,0.064915824915824913,0.037037037037037035,0.19454545454545455,0.092592592592592587,0.005143097643097643,0.096809764309764304
latest_archived_year,v3_screening_competition_and_job_design_eco,ee.3,EERP,successful,True,14,21,43,22,epistemic_adverb_tokens,62,True,True,0,0,0.40000000000000002,0,0,0,0,0,0,0,0,0.66153846153846152,0,0,0,0,0,0,0,0,0,0,0,0,0
latest_archived_year,v3_screening_competition_and_job_design_eco,ee.3,EERP,successful,True,14,21,43,22,replication_word_tokens,62,True,True,0,0,0.40000000000000002,0,0,0,0,0,0,0,0,0.66153846153846152,0,0,0,0,0,0,0,0,0,0,0,0,0
latest_archived_year,v3_screening_competition_and_job_design_eco,ee.3,EERP,successful,True,14,21,43,22,lowercase_modal_tokens,62,True,True,0.095238095238095233,0.085714285714285715,0.40000000000000002,0.0095238095238095247,0.038095238095238099,-0.028571428571428571,0.071428571428571425,2,1,0.18181818181818182,0.12307692307692308,0.66153846153846152,0.058741258741258739,0.12027972027972028,-0.061538461538461542,0.093023255813953487,4,4,0.049217449217449215,0.082184482184482183,-0.032967032967032968,0.086580086580086577,0.037362637362637362,0.014725197283336818,0.0344922519341124
latest_archived_year,v3_selective_exposure_and_information_quant,rpp.84,RPP,successful,True,10,10,21,46,epistemic_adverb_tokens,63,True,True,0,0,0.5,0,0,0,0,0,0,0,0,0.31343283582089554,0,0,0,0,0,0,0,0,0,0,0,0,0
latest_archived_year,v3_selective_exposure_and_information_quant,rpp.84,RPP,successful,True,10,10,21,46,replication_word_tokens,63,True,True,0,0,0.5,0,0,0,0,0,0,0,0.014925373134328358,0.31343283582089554,-0.014925373134328358,0,-0.014925373134328358,0.047619047619047616,0,1,-0.014925373134328358,0,-0.014925373134328358,0,0.014925373134328358,0.004442075337597726,-0.019367448471926084
latest_archived_year,v3_selective_exposure_and_information_quant,rpp.84,RPP,successful,True,10,10,21,46,lowercase_modal_tokens,63,True,True,0.10000000000000001,0.050000000000000003,0.5,0.050000000000000003,0.050000000000000003,0,0,1,0,0.10869565217391304,0.089552238805970144,0.31343283582089554,0.019143413367942893,0.034068786502271249,-0.014925373134328358,0.047619047619047616,5,1,-0.030856586632057106,-0.015931213497728747,-0.014925373134328358,0.0086956521739130436,0.039552238805970148,-0.015025802663700133,-0.015830783968356972
latest_archived_year,v3_self_handicapping_excuse_making_and_coun,rpp.94,RPP,successful,True,18,36,15,47,epistemic_adverb_tokens,64,True,True,0,0,0.33333333333333331,0,0,0,0,0,0,0,0,0.24193548387096775,0,0,0,0,0,0,0,0,0,0,0,0,0
latest_archived_year,v3_self_handicapping_excuse_making_and_coun,rpp.94,RPP,successful,True,18,36,15,47,replication_word_tokens,64,True,True,0,0,0.33333333333333331,0,0,0,0,0,0,0,0,0.24193548387096775,0,0,0,0,0,0,0,0,0,0,0,0,0
latest_archived_year,v3_self_handicapping_excuse_making_and_coun,rpp.94,RPP,successful,True,18,36,15,47,lowercase_modal_tokens,64,True,True,0.25,0.24074074074074073,0.33333333333333331,0.0092592592592592587,0.083333333333333329,-0.07407407407407407,0.22222222222222221,9,4,0.23404255319148937,0.17741935483870969,0.24193548387096775,0.056623198352779687,0.056623198352779687,0,0,11,0,0.047363939093520428,-0.026710134980553649,0.07407407407407407,-0.015957446808510637,-0.063321385902031069,-0.011964907598057907,0.059328846691578334
latest_archived_year,v3_self_regulation_and_selective_exposure_t,rpp.86,RPP,failed,True,24,17,21,30,epistemic_adverb_tokens,63,True,True,0,0,0.58536585365853655,0,0,0,0,0,0,0,0,0.41176470588235292,0,0,0,0,0,0,0,0,0,0,0,0,0
latest_archived_year,v3_self_regulation_and_selective_exposure_t,rpp.86,RPP,failed,True,24,17,21,30,replication_word_tokens,63,True,True,0,0,0.58536585365853655,0,0,0,0,0,0,0.033333333333333333,0.019607843137254902,0.41176470588235292,0.013725490196078431,0.013725490196078431,0,0,1,0,0.013725490196078431,0.013725490196078431,0,0.033333333333333333,0.019607843137254902,-0.0028933524629363942,0.016618842659014827
latest_archived_year,v3_self_regulation_and_selective_exposure_t,rpp.86,RPP,failed,True,24,17,21,30,lowercase_modal_tokens,63,True,True,0.11764705882352941,0.097560975609756101,0.58536585365853655,0.020086083213773313,0.06886657101865136,-0.04878048780487805,0.083333333333333329,2,2,0.066666666666666666,0.039215686274509803,0.41176470588235292,0.027450980392156862,0.027450980392156862,0,0,2,0,0.0073648971783835488,-0.041415590626494497,0.04878048780487805,-0.050980392156862744,-0.058345289335246291,-0.0087651559906602519,0.016130053169043802
latest_archived_year,v3_semantic_interference_in_a_delayed_namin,rpp.28,RPP,failed,True,58,45,17,18,epistemic_adverb_tokens,65,True,True,0.022222222222222223,0.0097087378640776691,0.56310679611650483,0.012513484358144552,0.012513484358144552,0,0,1,0,0,0,0.48571428571428571,0,0,0,0,0,0,-0.012513484358144552,-0.012513484358144552,0,-0.022222222222222223,-0.0097087378640776691,-0.00085991678224687932,-0.011653567575897673
latest_archived_year,v3_semantic_interference_in_a_delayed_namin,rpp.28,RPP,failed,True,58,45,17,18,replication_word_tokens,65,True,True,0.1111111111111111,0.087378640776699032,0.56310679611650483,0.023732470334412083,0.062567421790722763,-0.038834951456310676,0.068965517241379309,5,4,0,0,0.48571428571428571,0,0,0,0,0,0,-0.023732470334412083,-0.062567421790722763,0.038834951456310676,-0.1111111111111111,-0.087378640776699032,-0.0016308766559854609,-0.02210159367842662
latest_archived_year,v3_semantic_interference_in_a_delayed_namin,rpp.28,RPP,failed,True,58,45,17,18,lowercase_modal_tokens,65,True,True,0.044444444444444446,0.029126213592233011,0.56310679611650483,0.015318230852211435,0.025026968716289105,-0.0097087378640776691,0.017241379310344827,2,1,0.1111111111111111,0.057142857142857141,0.48571428571428571,0.053968253968253971,0.053968253968253971,0,0,2,0,0.038650023116042535,0.028941285251964863,0.0097087378640776691,0.066666666666666666,0.028016643550624134,-0.0053522406619159217,0.044002263777958454
latest_archived_year,v3_slow_to_anger_and_fast_to_forgive_cooper,ee.12,EERP,successful,True,64,30,124,61,epistemic_adverb_tokens,25,True,True,0,0,0.68085106382978722,0,0,0,0,0,0,0,0,0.67027027027027031,0,0,0,0,0,0,0,0,0,0,0,0,0
latest_archived_year,v3_slow_to_anger_and_fast_to_forgive_cooper,ee.12,EERP,successful,True,64,30,124,61,replication_word_tokens,25,True,True,0,0,0.68085106382978722,0,0,0,0,0,0,0,0.010810810810810811,0.67027027027027031,-0.010810810810810811,0,-0.010810810810810811,0.016129032258064516,0,2,-0.010810810810810811,0,-0.010810810810810811,0,0.010810810810810811,8.532898031868519e-05,-0.010896139791129496
latest_archived_year,v3_slow_to_anger_and_fast_to_forgive_cooper,ee.12,EERP,successful,True,64,30,124,61,lowercase_modal_tokens,25,True,True,0.033333333333333333,0.031914893617021274,0.68085106382978722,0.0014184397163120568,0.022695035460992909,-0.021276595744680851,0.03125,1,2,0.049180327868852458,0.021621621621621623,0.67027027027027031,0.027558706247230839,0.032964111652636241,-0.0054054054054054057,0.0080645161290322578,3,1,0.02614026653091878,0.010269076191643335,0.015871190339275445,0.015846994535519125,-0.010293271995399655,-0.00022854061798333093,0.02636880714890211
latest_archived_year,v3_terror_management_and_adults_attachment_,rpp.48,RPP,failed,True,10,43,16,69,epistemic_adverb_tokens,67,True,True,0.023255813953488372,0.018867924528301886,0.18867924528301888,0.0043878894251864857,0.0043878894251864857,0,0,1,0,0,0,0.18823529411764706,0,0,0,0,0,0,-0.0043878894251864857,-0.0043878894251864857,0,-0.023255813953488372,-0.018867924528301886,-5.1622228531605713e-06,-0.0043827272023333249
latest_archived_year,v3_terror_management_and_adults_attachment_,rpp.48,RPP,failed,True,10,43,16,69,replication_word_tokens,67,True,True,0,0,0.18867924528301888,0,0,0,0,0,0,0,0,0.18823529411764706,0,0,0,0,0,0,0,0,0,0,0,0,0
latest_archived_year,v3_terror_management_and_adults_attachment_,rpp.48,RPP,failed,True,10,43,16,69,lowercase_modal_tokens,67,True,True,0.093023255813953487,0.094339622641509441,0.18867924528301888,-0.0013163668275559457,0.017551557700745943,-0.018867924528301886,0.10000000000000001,4,1,0.10144927536231885,0.10588235294117647,0.18823529411764706,-0.0044330775788576299,0.019096334185848253,-0.023529411764705882,0.125,7,2,-0.0031167107513016845,0.0015447764851023111,-0.004661487236403996,0.008426019548365353,0.011542730299667037,6.7763526800727351e-06,-0.0031234871039817571
latest_archived_year,v3_thar_she_bursts_reducing_confusion_reduc,ee.16,EERP,successful,True,64,60,79,71,epistemic_adverb_tokens,68,True,True,0,0,0.5161290322580645,0,0,0,0,0,0,0,0,0.52666666666666662,0,0,0,0,0,0,0,0,0,0,0,0,0
latest_archived_year,v3_thar_she_bursts_reducing_confusion_reduc,ee.16,EERP,successful,True,64,60,79,71,replication_word_tokens,68,True,True,0,0.016129032258064516,0.5161290322580645,-0.016129032258064516,0,-0.016129032258064516,0.03125,0,2,0,0.0066666666666666671,0.52666666666666662,-0.0066666666666666671,0,-0.0066666666666666671,0.012658227848101266,0,1,0.0094623655913978495,0,0.0094623655913978495,0,-0.0094623655913978495,-0.00023134442629644752,0.0096937100176942969
latest_archived_year,v3_thar_she_bursts_reducing_confusion_reduc,ee.16,EERP,successful,True,64,60,79,71,lowercase_modal_tokens,68,True,True,0.11666666666666667,0.080645161290322578,0.5161290322580645,0.036021505376344083,0.060215053763440864,-0.024193548387096774,0.046875,7,3,0.14084507042253522,0.08666666666666667,0.52666666666666662,0.054178403755868541,0.074178403755868538,-0.02,0.037974683544303799,10,3,0.018156898379524458,0.013963349992427685,0.004193548387096774,0.024178403755868546,0.006021505376344086,0.00090972479824731243,0.017247173581277146
latest_archived_year,v3_the_economics_of_credence_goods_an_exper,ee.8,EERP,successful,True,33,27,154,90,epistemic_adverb_tokens,70,True,True,0,0,0.55000000000000004,0,0,0,0,0,0,0,0.0081967213114754103,0.63114754098360659,-0.0081967213114754103,0,-0.0081967213114754103,0.012987012987012988,0,2,-0.0081967213114754103,0,-0.0081967213114754103,0,0.0081967213114754103,-0.00052693208430913349,-0.007669789227166276
latest_archived_year,v3_the_economics_of_credence_goods_an_exper,ee.8,EERP,successful,True,33,27,154,90,replication_word_tokens,70,True,True,0,0,0.55000000000000004,0,0,0,0,0,0,0,0,0.63114754098360659,0,0,0,0,0,0,0,0,0,0,0,0,0
latest_archived_year,v3_the_economics_of_credence_goods_an_exper,ee.8,EERP,successful,True,33,27,154,90,lowercase_modal_tokens,70,True,True,0.07407407407407407,0.066666666666666666,0.55000000000000004,0.0074074074074074077,0.040740740740740744,-0.033333333333333333,0.060606060606060608,2,2,0.15555555555555556,0.090163934426229511,0.63114754098360659,0.065391621129326047,0.098178506375227681,-0.032786885245901641,0.051948051948051951,14,8,0.057984213721918643,0.057437765634486944,0.00054644808743169399,0.081481481481481488,0.023497267759562842,0.0047501951600312257,0.053234018561887413
latest_archived_year,v3_the_effect_of_global_versus_local_proces,rpp.64,RPP,failed,True,41,66,24,33,epistemic_adverb_tokens,71,True,True,0,0,0.38317757009345793,0,0,0,0,0,0,0,0,0.42105263157894735,0,0,0,0,0,0,0,0,0,0,0,0,0
latest_archived_year,v3_the_effect_of_global_versus_local_proces,rpp.64,RPP,failed,True,41,66,24,33,replication_word_tokens,71,True,True,0,0,0.38317757009345793,0,0,0,0,0,0,0,0.035087719298245612,0.42105263157894735,-0.035087719298245612,0,-0.035087719298245612,0.083333333333333329,0,2,-0.035087719298245612,0,-0.035087719298245612,0,0.035087719298245612,-0.0015781275618953928,-0.033509591736350222
latest_archived_year,v3_the_effect_of_global_versus_local_proces,rpp.64,RPP,failed,True,41,66,24,33,lowercase_modal_tokens,71,True,True,0.21212121212121213,0.13084112149532709,0.38317757009345793,0.081280090625885024,0.081280090625885024,0,0,14,0,0.090909090909090912,0.052631578947368418,0.42105263157894735,0.038277511961722487,0.038277511961722487,0,0,3,0,-0.04300257866416253,-0.04300257866416253,0,-0.12121212121212122,-0.078209542547958685,0.0057386456796196094,-0.048741224343782141
latest_archived_year,v3_the_face_of_success_inferences_from_chie,rpp.82,RPP,failed,True,33,46,46,49,epistemic_adverb_tokens,73,True,True,0,0.012658227848101266,0.41772151898734178,-0.012658227848101266,0,-0.012658227848101266,0.030303030303030304,0,1,0,0,0.48421052631578948,0,0,0,0,0,0,0.012658227848101266,0,0.012658227848101266,0,-0.012658227848101266,-0.0010074092019461774,0.013665637050047443
latest_archived_year,v3_the_face_of_success_inferences_from_chie,rpp.82,RPP,failed,True,33,46,46,49,replication_word_tokens,73,True,True,0,0.012658227848101266,0.41772151898734178,-0.012658227848101266,0,-0.012658227848101266,0.030303030303030304,0,1,0,0,0.48421052631578948,0,0,0,0,0,0,0.012658227848101266,0,0.012658227848101266,0,-0.012658227848101266,-0.0010074092019461774,0.013665637050047443
latest_archived_year,v3_the_face_of_success_inferences_from_chie,rpp.82,RPP,failed,True,33,46,46,49,lowercase_modal_tokens,73,True,True,0.15217391304347827,0.12658227848101267,0.41772151898734178,0.025591634562465604,0.063566318106769396,-0.037974683544303799,0.090909090909090912,7,3,0.061224489795918366,0.052631578947368418,0.48421052631578948,0.0085929108485499461,0.029645542427497316,-0.021052631578947368,0.043478260869565216,3,2,-0.016998723713915656,-0.033920775679272083,0.016922051965356431,-0.090949423247559891,-0.073950699533644235,0.0026266831765029653,-0.019625406890418622
latest_archived_year,v3_the_framing_of_decisions_and_the_psychol,ml1.2,ML1,successful,True,28,36,32,52,epistemic_adverb_tokens,26,True,True,0,0,0.4375,0,0,0,0,0,0,0,0.011904761904761904,0.38095238095238093,-0.011904761904761904,0,-0.011904761904761904,0.03125,0,1,-0.011904761904761904,0,-0.011904761904761904,0,0.011904761904761904,0.00088355654761904762,-0.012788318452380952
latest_archived_year,v3_the_framing_of_decisions_and_the_psychol,ml1.2,ML1,successful,True,28,36,32,52,replication_word_tokens,26,True,True,0,0.015625,0.4375,-0.015625,0,-0.015625,0.035714285714285712,0,1,0.019230769230769232,0.011904761904761904,0.38095238095238093,0.007326007326007326,0.007326007326007326,0,0,1,0,0.022951007326007328,0.007326007326007326,0.015625,0.019230769230769232,-0.003720238095238095,0.00046605180533751964,0.022484955520669807
latest_archived_year,v3_the_framing_of_decisions_and_the_psychol,ml1.2,ML1,successful,True,28,36,32,52,lowercase_modal_tokens,26,True,True,0.1111111111111111,0.0625,0.4375,0.048611111111111112,0.048611111111111112,0,0,4,0,0.076923076923076927,0.083333333333333329,0.38095238095238093,-0.00641025641025641,0.029304029304029304,-0.035714285714285712,0.09375,4,3,-0.05502136752136752,-0.019307081807081808,-0.035714285714285712,-0.034188034188034191,0.020833333333333332,-0.0026657731735856738,-0.05235559434778185
latest_archived_year,v3_the_lure_of_authority_motivation_and_inc,ee.10,EERP,successful,True,16,10,72,92,epistemic_adverb_tokens,75,True,True,0.10000000000000001,0.038461538461538464,0.61538461538461542,0.061538461538461542,0.061538461538461542,0,0,1,0,0.021739130434782608,0.012195121951219513,0.43902439024390244,0.0095440084835630972,0.0095440084835630972,0,0,2,0,-0.051994453054898443,-0.051994453054898443,0,-0.078260869565217397,-0.026266416510318951,-0.010734970225956441,-0.041259482828941998
latest_archived_year,v3_the_lure_of_authority_motivation_and_inc,ee.10,EERP,successful,True,16,10,72,92,replication_word_tokens,75,True,True,0,0,0.61538461538461542,0,0,0,0,0,0,0.010869565217391304,0.012195121951219513,0.43902439024390244,-0.0013255567338282079,0.0047720042417815486,-0.0060975609756097563,0.013888888888888888,1,1,-0.0013255567338282079,0.0047720042417815486,-0.0060975609756097563,0.010869565217391304,0.012195121951219513,0.00026624430123899903,-0.0015918010350672068
latest_archived_year,v3_the_lure_of_authority_motivation_and_inc,ee.10,EERP,successful,True,16,10,72,92,lowercase_modal_tokens,75,True,True,0.20000000000000001,0.076923076923076927,0.61538461538461542,0.12307692307692308,0.12307692307692308,0,0,2,0,0.19565217391304349,0.1524390243902439,0.43902439024390244,0.043213149522799574,0.085896076352067863,-0.042682926829268296,0.097222222222222224,18,7,-0.079863773554123496,-0.037180846724855207,-0.042682926829268296,-0.0043478260869565218,0.075515947467166986,-0.026315586734462663,-0.053548186819660837
latest_archived_year,v3_the_nonverbal_expression_of_pride_eviden,rpp.69,RPP,successful,True,39,77,36,78,epistemic_adverb_tokens,76,True,True,0.025974025974025976,0.017241379310344827,0.33620689655172414,0.0087326466636811467,0.0087326466636811467,0,0,2,0,0.01282051282051282,0.008771929824561403,0.31578947368421051,0.004048582995951417,0.004048582995951417,0,0,1,0,-0.0046840636677297296,-0.0046840636677297296,0,-0.013153513153513154,-0.0084694494857834243,-0.00039604225175913019,-0.0042880214159705995
latest_archived_year,v3_the_nonverbal_expression_of_pride_eviden,rpp.69,RPP,successful,True,39,77,36,78,replication_word_tokens,76,True,True,0.012987012987012988,0.017241379310344827,0.33620689655172414,-0.0042543663233318403,0.0043663233318405733,-0.0086206896551724137,0.02564102564102564,1,1,0,0,0.31578947368421051,0,0,0,0,0,0,0.0042543663233318403,-0.0043663233318405733,0.0086206896551724137,-0.012987012987012988,-0.017241379310344827,0.00012918116366392228,0.0041251851596679186
latest_archived_year,v3_the_nonverbal_expression_of_pride_eviden,rpp.69,RPP,successful,True,39,77,36,78,lowercase_modal_tokens,76,True,True,0.15584415584415584,0.10344827586206896,0.33620689655172414,0.052395879982086876,0.052395879982086876,0,0,12,0,0.02564102564102564,0.026315789473684209,0.31578947368421051,-0.00067476383265856947,0.0080971659919028341,-0.008771929824561403,0.027777777777777776,2,1,-0.053070643814745445,-0.044298713990184042,-0.008771929824561403,-0.13020313020313021,-0.077132486388384755,-0.0015691545296808455,-0.051501489285064601
latest_archived_year,v3_the_potential_of_social_identity_for_equ,ee.5,EERP,failed,True,57,35,138,100,epistemic_adverb_tokens,77,True,True,0,0.010869565217391304,0.61956521739130432,-0.010869565217391304,0,-0.010869565217391304,0.017543859649122806,0,1,0,0,0.57983193277310929,0,0,0,0,0,0,0.010869565217391304,0,0.010869565217391304,0,-0.010869565217391304,0.00034853758437013247,0.010521027633021172
latest_archived_year,v3_the_potential_of_social_identity_for_equ,ee.5,EERP,failed,True,57,35,138,100,replication_word_tokens,77,True,True,0,0,0.61956521739130432,0,0,0,0,0,0,0.02,0.042016806722689079,0.57983193277310929,-0.022016806722689075,0.011596638655462186,-0.033613445378151259,0.057971014492753624,2,8,-0.022016806722689075,0.011596638655462186,-0.033613445378151259,0.02,0.042016806722689079,0.00075435656304109549,-0.022771163285730173
latest_archived_year,v3_the_potential_of_social_identity_for_equ,ee.5,EERP,failed,True,57,35,138,100,lowercase_modal_tokens,77,True,True,0.11428571428571428,0.05434782608695652,0.61956521739130432,0.059937888198757762,0.070807453416149066,-0.010869565217391304,0.017543859649122806,4,1,0.089999999999999997,0.067226890756302518,0.57983193277310929,0.022773109243697479,0.052184873949579831,-0.029411764705882353,0.050724637681159424,9,7,-0.037164778955060283,-0.018622579466569235,-0.018542199488491048,-0.024285714285714285,0.012879064669346,-0.0027022053971324875,-0.034462573557927798
latest_archived_year,v3_the_representation_of_simple_ensemble_vi,rpp.122,RPP,successful,True,50,34,101,110,epistemic_adverb_tokens,78,True,True,0,0,0.59523809523809523,0,0,0,0,0,0,0.018181818181818181,0.014218009478672985,0.47867298578199052,0.0039638087031451958,0.0087031451960361914,-0.0047393364928909956,0.0099009900990099011,2,1,0.0039638087031451958,0.0087031451960361914,-0.0047393364928909956,0.018181818181818181,0.014218009478672985,-0.00048262781592986649,0.0044464365190750622
latest_archived_year,v3_the_representation_of_simple_ensemble_vi,rpp.122,RPP,successful,True,50,34,101,110,replication_word_tokens,78,True,True,0.029411764705882353,0.011904761904761904,0.59523809523809523,0.017507002801120448,0.017507002801120448,0,0,1,0,0,0,0.47867298578199052,0,0,0,0,0,0,-0.017507002801120448,-0.017507002801120448,0,-0.029411764705882353,-0.011904761904761904,-0.0017141927861191869,-0.015792810015001262
latest_archived_year,v3_the_representation_of_simple_ensemble_vi,rpp.122,RPP,successful,True,50,34,101,110,lowercase_modal_tokens,78,True,True,0.11764705882352941,0.083333333333333329,0.59523809523809523,0.034313725490196081,0.070028011204481794,-0.035714285714285712,0.059999999999999998,4,3,0.10000000000000001,0.066350710900473939,0.47867298578199052,0.033649289099526067,0.047867298578199054,-0.014218009478672985,0.029702970297029702,11,3,-0.00066443639067001209,-0.02216071262628274,0.021496276235612729,-0.017647058823529412,-0.0169826224328594,-0.0074569083416764952,0.0067924719510064832
latest_archived_year,v3_the_space_between_us_stereotype_threat_a,rpp.87,RPP,failed,True,21,38,54,94,epistemic_adverb_tokens,80,True,True,0.052631578947368418,0.033898305084745763,0.3559322033898305,0.018733273862622659,0.018733273862622659,0,0,2,0,0,0,0.36486486486486486,0,0,0,0,0,0,-0.018733273862622659,-0.018733273862622659,0,-0.052631578947368418,-0.033898305084745763,0.00023507003881669358,-0.018968343901439352
latest_archived_year,v3_the_space_between_us_stereotype_threat_a,rpp.87,RPP,failed,True,21,38,54,94,replication_word_tokens,80,True,True,0,0,0.3559322033898305,0,0,0,0,0,0,0,0,0.36486486486486486,0,0,0,0,0,0,0,0,0,0,0,0,0
latest_archived_year,v3_the_space_between_us_stereotype_threat_a,rpp.87,RPP,failed,True,21,38,54,94,lowercase_modal_tokens,80,True,True,0.13157894736842105,0.13559322033898305,0.3559322033898305,-0.0040142729705619981,0.046833184656556649,-0.050847457627118647,0.14285714285714285,5,3,0.15957446808510639,0.14864864864864866,0.36486486486486486,0.010925819436457734,0.058223116733755034,-0.0472972972972973,0.12962962962962962,15,7,0.014940092407019732,0.011389932077198385,0.0035501603298213466,0.027995520716685332,0.013055428309665598,8.3371401248676482e-05,0.014856721005771055
latest_archived_year,v3_the_stroop_effect_why_proportion_congrue,rpp.15,RPP,successful,True,67,90,121,177,epistemic_adverb_tokens,25,True,True,0,0,0.42675159235668791,0,0,0,0,0,0,0.016949152542372881,0.010067114093959731,0.40604026845637586,0.0068820384484131495,0.0068820384484131495,0,0,3,0,0.0068820384484131495,0.0068820384484131495,0,0.016949152542372881,0.010067114093959731,-0.00017551969407044119,0.0070575581424835911
latest_archived_year,v3_the_stroop_effect_why_proportion_congrue,rpp.15,RPP,successful,True,67,90,121,177,replication_word_tokens,25,True,True,0,0,0.42675159235668791,0,0,0,0,0,0,0.016949152542372881,0.016778523489932886,0.40604026845637586,0.00017062905243999546,0.0068820384484131495,-0.0067114093959731542,0.016528925619834711,3,2,0.00017062905243999546,0.0068820384484131495,-0.0067114093959731542,0.016949152542372881,0.016778523489932886,-4.3517279521596987e-06,0.00017498078039215515
latest_archived_year,v3_the_stroop_effect_why_proportion_congrue,rpp.15,RPP,successful,True,67,90,121,177,lowercase_modal_tokens,25,True,True,0.12222222222222222,0.10191082802547771,0.42675159235668791,0.020311394196744516,0.052158527954706296,-0.031847133757961783,0.074626865671641784,11,5,0.22033898305084745,0.16778523489932887,0.40604026845637586,0.052553748151518601,0.089466499829370952,-0.036912751677852351,0.090909090909090912,39,11,0.032242353954774081,0.037307971874664649,-0.0050656179198905653,0.098116760828625235,0.065874406873851155,-0.0018332136321001424,0.034075567586874224
latest_archived_year,v3_the_threat_of_appearing_prejudiced_and_r,rpp.129,RPP,failed,True,25,37,19,45,epistemic_adverb_tokens,33,True,True,0,0,0.40322580645161288,0,0,0,0,0,0,0.022222222222222223,0.015625,0.296875,0.0065972222222222222,0.0065972222222222222,0,0,1,0,0.0065972222222222222,0.0065972222222222222,0,0.022222222222222223,0.015625,-0.0011816756272401434,0.0077788978494623658
latest_archived_year,v3_the_threat_of_appearing_prejudiced_and_r,rpp.129,RPP,failed,True,25,37,19,45,replication_word_tokens,33,True,True,0,0,0.40322580645161288,0,0,0,0,0,0,0,0,0.296875,0,0,0,0,0,0,0,0,0,0,0,0,0
latest_archived_year,v3_the_threat_of_appearing_prejudiced_and_r,rpp.129,RPP,failed,True,25,37,19,45,lowercase_modal_tokens,33,True,True,0.13513513513513514,0.11290322580645161,0.40322580645161288,0.022231909328683522,0.054489973844812557,-0.032258064516129031,0.080000000000000002,5,2,0.28888888888888886,0.203125,0.296875,0.08576388888888889,0.08576388888888889,0,0,13,0,0.063531979560205371,0.031273915044076332,0.032258064516129031,0.15375375375375375,0.09022177419354839,-0.018293616196842003,0.08182559575704737
latest_archived_year,v3_the_ultimate_sampling_dilemma_in_experie,rpp.17,RPP,successful,True,9,10,14,21,epistemic_adverb_tokens,31,True,False,0,0,0.47368421052631576,0,0,0,0,0,0,0,0.028571428571428571,0.40000000000000002,-0.028571428571428571,0,-0.028571428571428571,0.071428571428571425,0,1,-0.028571428571428571,0,-0.028571428571428571,0,0.028571428571428571,0.002631578947368421,-0.031203007518796993
latest_archived_year,v3_the_ultimate_sampling_dilemma_in_experie,rpp.17,RPP,successful,True,9,10,14,21,replication_word_tokens,31,True,False,0,0,0.47368421052631576,0,0,0,0,0,0,0,0,0.40000000000000002,0,0,0,0,0,0,0,0,0,0,0,0,0
latest_archived_year,v3_the_ultimate_sampling_dilemma_in_experie,rpp.17,RPP,successful,True,9,10,14,21,lowercase_modal_tokens,31,True,False,0.10000000000000001,0.15789473684210525,0.47368421052631576,-0.057894736842105263,0.04736842105263158,-0.10526315789473684,0.22222222222222221,1,2,0.14285714285714285,0.11428571428571428,0.40000000000000002,0.028571428571428571,0.057142857142857141,-0.028571428571428571,0.071428571428571425,3,1,0.08646616541353383,0.0097744360902255641,0.076691729323308269,0.042857142857142858,-0.043609022556390979,0.0018713450292397662,0.08459482038429407
latest_archived_year,v3_toward_a_physiology_of_dual_process_reas,rpp.118,RPP,failed,True,40,65,49,73,epistemic_adverb_tokens,82,True,True,0,0,0.38095238095238093,0,0,0,0,0,0,0,0,0.40163934426229508,0,0,0,0,0,0,0,0,0,0,0,0,0
latest_archived_year,v3_toward_a_physiology_of_dual_process_reas,rpp.118,RPP,failed,True,40,65,49,73,replication_word_tokens,82,True,True,0.030769230769230771,0.038095238095238099,0.38095238095238093,-0.007326007326007326,0.011721611721611722,-0.019047619047619049,0.050000000000000003,2,2,0.013698630136986301,0.016393442622950821,0.40163934426229508,-0.0026948124859645182,0.0055019088255108912,-0.0081967213114754103,0.020408163265306121,1,1,0.0046311948400428078,-0.0062197028961008304,0.010850897736143637,-0.017070600632244467,-0.021701795472287275,-0.00026831304157527708,0.004899507881618085
latest_archived_year,v3_toward_a_physiology_of_dual_process_reas,rpp.118,RPP,failed,True,40,65,49,73,lowercase_modal_tokens,82,True,True,0.12307692307692308,0.076190476190476197,0.38095238095238093,0.046886446886446886,0.046886446886446886,0,0,8,0,0.054794520547945202,0.040983606557377046,0.40163934426229508,0.013810913990568156,0.022007635302043565,-0.0081967213114754103,0.020408163265306121,4,1,-0.03307553289587873,-0.024878811584403322,-0.0081967213114754103,-0.068282402528977867,-0.035206869633099144,0.0016287185517284922,-0.034704251447607221
latest_archived_year,v3_tracing_attention_and_the_activation_flo,rpp.1,RPP,failed,True,48,73,35,42,epistemic_adverb_tokens,83,True,True,0,0.0082644628099173556,0.39669421487603307,-0.0082644628099173556,0,-0.0082644628099173556,0.020833333333333332,0,1,0,0,0.45454545454545453,0,0,0,0,0,0,0.0082644628099173556,0,0.0082644628099173556,0,-0.0082644628099173556,-0.00060261707988980718,0.0088670798898071619
latest_archived_year,v3_tracing_attention_and_the_activation_flo,rpp.1,RPP,failed,True,48,73,35,42,replication_word_tokens,83,True,True,0.054794520547945202,0.033057851239669422,0.39669421487603307,0.021736669308275784,0.021736669308275784,0,0,4,0,0.071428571428571425,0.064935064935064929,0.45454545454545453,0.0064935064935064939,0.032467532467532464,-0.025974025974025976,0.057142857142857141,3,2,-0.015243162814769291,0.010730863159256683,-0.025974025974025976,0.016634050880626222,0.031877213695395513,0.0019981886108909768,-0.017241351425660266
latest_archived_year,v3_tracing_attention_and_the_activation_flo,rpp.1,RPP,failed,True,48,73,35,42,lowercase_modal_tokens,83,True,True,0.082191780821917804,0.066115702479338845,0.39669421487603307,0.016076078342578966,0.032605003962413677,-0.016528925619834711,0.041666666666666664,6,2,0.047619047619047616,0.03896103896103896,0.45454545454545453,0.008658008658008658,0.021645021645021644,-0.012987012987012988,0.028571428571428571,2,1,-0.0074180696845703069,-0.010959982317392031,0.0035419126328217238,-0.034572733202870187,-0.027154663518299881,0.0017231782331408733,-0.0091412479177111813
latest_archived_year,v3_walking_on_eggshells_how_expressing_rela,rpp.58,RPP,failed,True,3,11,10,15,epistemic_adverb_tokens,16,True,False,0.090909090909090912,0.071428571428571425,0.21428571428571427,0.01948051948051948,0.01948051948051948,0,0,1,0,0,0,0.40000000000000002,0,0,0,0,0,0,-0.01948051948051948,-0.01948051948051948,0,-0.090909090909090912,-0.071428571428571425,0.0084415584415584409,-0.027922077922077921
latest_archived_year,v3_walking_on_eggshells_how_expressing_rela,rpp.58,RPP,failed,True,3,11,10,15,replication_word_tokens,16,True,False,0,0,0.21428571428571427,0,0,0,0,0,0,0,0,0.40000000000000002,0,0,0,0,0,0,0,0,0,0,0,0,0
latest_archived_year,v3_walking_on_eggshells_how_expressing_rela,rpp.58,RPP,failed,True,3,11,10,15,lowercase_modal_tokens,16,True,False,0.27272727272727271,0.21428571428571427,0.21428571428571427,0.05844155844155844,0.05844155844155844,0,0,3,0,0.26666666666666666,0.20000000000000001,0.40000000000000002,0.066666666666666666,0.10666666666666667,-0.040000000000000001,0.10000000000000001,4,1,0.0082251082251082255,0.048225108225108226,-0.040000000000000001,-0.0060606060606060606,-0.014285714285714285,0.040800865800865803,-0.032575757575757577
latest_archived_year,v3_weight_as_an_embodiment_of_importance,ml3.10,ML3,failed,True,31,58,52,81,epistemic_adverb_tokens,84,True,True,0,0,0.34831460674157305,0,0,0,0,0,0,0.012345679012345678,0.015037593984962405,0.39097744360902253,-0.0026919149726167269,0.0048268820198644757,-0.0075187969924812026,0.019230769230769232,1,1,-0.0026919149726167269,0.0048268820198644757,-0.0075187969924812026,0.012345679012345678,0.015037593984962405,-0.00014686874040313819,-0.0025450462322135887
latest_archived_year,v3_weight_as_an_embodiment_of_importance,ml3.10,ML3,failed,True,31,58,52,81,replication_word_tokens,84,True,True,0.017241379310344827,0.011235955056179775,0.34831460674157305,0.0060054242541650524,0.0060054242541650524,0,0,1,0,0.024691358024691357,0.022556390977443608,0.39097744360902253,0.0021349670472477489,0.0096537640397289515,-0.0075187969924812026,0.019230769230769232,2,1,-0.0038704572069173035,0.0036483397855638995,-0.0075187969924812026,0.0074499787143465302,0.011320435921263835,0.0004842651809011917,-0.0043547223878184953
latest_archived_year,v3_weight_as_an_embodiment_of_importance,ml3.10,ML3,failed,True,31,58,52,81,lowercase_modal_tokens,84,True,True,0.086206896551724144,0.06741573033707865,0.34831460674157305,0.018791166214645487,0.030027121270825262,-0.011235955056179775,0.032258064516129031,5,1,0.13580246913580246,0.10526315789473684,0.39097744360902253,0.030539311241065625,0.053095702218509233,-0.022556390977443608,0.057692307692307696,11,3,0.01174814502642014,0.023068580947683975,-0.011320435921263835,0.049595572584078332,0.037847427557658193,0.002817005647838996,0.008931139378581145
latest_archived_year,v3_when_does_between_sequence_phonological_,rpp.12,RPP,failed,True,3,18,21,56,epistemic_adverb_tokens,85,True,False,0,0,0.14285714285714285,0,0,0,0,0,0,0.053571428571428568,0.03896103896103896,0.27272727272727271,0.01461038961038961,0.01461038961038961,0,0,3,0,0.01461038961038961,0.01461038961038961,0,0.053571428571428568,0.03896103896103896,0.0034786641929499072,0.011131725417439703
latest_archived_year,v3_when_does_between_sequence_phonological_,rpp.12,RPP,failed,True,3,18,21,56,replication_word_tokens,85,True,False,0,0,0.14285714285714285,0,0,0,0,0,0,0,0,0.27272727272727271,0,0,0,0,0,0,0,0,0,0,0,0,0
latest_archived_year,v3_when_does_between_sequence_phonological_,rpp.12,RPP,failed,True,3,18,21,56,lowercase_modal_tokens,85,True,False,0.055555555555555552,0.047619047619047616,0.14285714285714285,0.0079365079365079361,0.0079365079365079361,0,0,1,0,0.089285714285714288,0.11688311688311688,0.27272727272727271,-0.027597402597402596,0.024350649350649352,-0.051948051948051951,0.19047619047619047,5,4,-0.035533910533910536,0.016414141414141416,-0.051948051948051951,0.033730158730158728,0.069264069264069264,-0.0029633065347351062,-0.032570603999175426
latest_archived_year,v3_where_do_we_look_during_potentially_offe,rpp.132,RPP,failed,True,4,17,3,15,epistemic_adverb_tokens,86,True,False,0.11764705882352941,0.095238095238095233,0.19047619047619047,0.022408963585434174,0.022408963585434174,0,0,2,0,0,0,0.16666666666666666,0,0,0,0,0,0,-0.022408963585434174,-0.022408963585434174,0,-0.11764705882352941,-0.095238095238095233,-0.0014005602240896359,-0.02100840336134454
latest_archived_year,v3_where_do_we_look_during_potentially_offe,rpp.132,RPP,failed,True,4,17,3,15,replication_word_tokens,86,True,False,0,0,0.19047619047619047,0,0,0,0,0,0,0,0,0.16666666666666666,0,0,0,0,0,0,0,0,0,0,0,0,0
latest_archived_year,v3_where_do_we_look_during_potentially_offe,rpp.132,RPP,failed,True,4,17,3,15,lowercase_modal_tokens,86,True,False,0.058823529411764705,0.047619047619047616,0.19047619047619047,0.011204481792717087,0.011204481792717087,0,0,1,0,0.53333333333333333,0.44444444444444442,0.16666666666666666,0.088888888888888892,0.088888888888888892,0,0,8,0,0.077684407096171804,0.077684407096171804,0,0.47450980392156861,0.3968253968253968,-0.0070494864612511672,0.084733893557422973
latest_archived_year,v3_why_do_implicit_and_explicit_attitude_te,rpp.44,RPP,successful,True,32,27,75,52,epistemic_adverb_tokens,87,True,True,0,0,0.5423728813559322,0,0,0,0,0,0,0,0,0.59055118110236215,0,0,0,0,0,0,0,0,0,0,0,0,0
latest_archived_year,v3_why_do_implicit_and_explicit_attitude_te,rpp.44,RPP,successful,True,32,27,75,52,replication_word_tokens,87,True,True,0,0,0.5423728813559322,0,0,0,0,0,0,0.019230769230769232,0.03937007874015748,0.59055118110236215,-0.020139309509388248,0.011356753482737734,-0.031496062992125984,0.053333333333333337,1,4,-0.020139309509388248,0.011356753482737734,-0.031496062992125984,0.019230769230769232,0.03937007874015748,-0.00082150177772758847,-0.019317807731660662
latest_archived_year,v3_why_do_implicit_and_explicit_attitude_te,rpp.44,RPP,successful,True,32,27,75,52,lowercase_modal_tokens,87,True,True,0.1111111111111111,0.067796610169491525,0.5423728813559322,0.043314500941619587,0.060263653483992465,-0.016949152542372881,0.03125,3,1,0.17307692307692307,0.12598425196850394,0.59055118110236215,0.047092671108419137,0.10221078134463961,-0.055118110236220472,0.093333333333333338,9,7,0.0037781701667995542,0.041947127860647145,-0.038168957693847594,0.061965811965811968,0.05818764179901241,0.0038447415593585352,-6.6571392558980978e-05
latest_archived_year,v3_why_people_are_reluctant_to_tempt_fate,rpp.68,RPP,failed,True,19,29,45,38,epistemic_adverb_tokens,88,True,True,0,0,0.39583333333333331,0,0,0,0,0,0,0,0,0.54216867469879515,0,0,0,0,0,0,0,0,0,0,0,0,0
latest_archived_year,v3_why_people_are_reluctant_to_tempt_fate,rpp.68,RPP,failed,True,19,29,45,38,replication_word_tokens,88,True,True,0.13793103448275862,0.125,0.39583333333333331,0.012931034482758621,0.05459770114942529,-0.041666666666666664,0.10526315789473684,4,2,0,0.14457831325301204,0.54216867469879515,-0.14457831325301204,0,-0.14457831325301204,0.26666666666666666,0,12,-0.15750934773577066,-0.05459770114942529,-0.10291164658634538,-0.13793103448275862,0.019578313253012049,-0.017121146412631773,-0.14038820132313889
latest_archived_year,v3_why_people_are_reluctant_to_tempt_fate,rpp.68,RPP,failed,True,19,29,45,38,lowercase_modal_tokens,88,True,True,0.20689655172413793,0.16666666666666666,0.39583333333333331,0.040229885057471264,0.081896551724137928,-0.041666666666666664,0.10526315789473684,6,2,0.026315789473684209,0.024096385542168676,0.54216867469879515,0.0022194039315155357,0.014267596702599873,-0.012048192771084338,0.022222222222222223,1,1,-0.038010481125955731,-0.067628955021538054,0.02961847389558233,-0.18058076225045372,-0.14257028112449799,0.0077357954706504988,-0.045746276596606225
latest_archived_year,v3_working_memory_costs_of_task_switching,rpp.3,RPP,failed,True,13,24,19,42,epistemic_adverb_tokens,89,True,True,0,0,0.35135135135135137,0,0,0,0,0,0,0,0,0.31147540983606559,0,0,0,0,0,0,0,0,0,0,0,0,0
latest_archived_year,v3_working_memory_costs_of_task_switching,rpp.3,RPP,failed,True,13,24,19,42,replication_word_tokens,89,True,True,0,0,0.35135135135135137,0,0,0,0,0,0,0,0,0.31147540983606559,0,0,0,0,0,0,0,0,0,0,0,0,0
latest_archived_year,v3_working_memory_costs_of_task_switching,rpp.3,RPP,failed,True,13,24,19,42,lowercase_modal_tokens,89,True,True,0.083333333333333329,0.054054054054054057,0.35135135135135137,0.029279279279279279,0.029279279279279279,0,0,2,0,0.21428571428571427,0.14754098360655737,0.31147540983606559,0.066744730679156913,0.066744730679156913,0,0,9,0,0.037465451399877628,0.037465451399877628,0,0.13095238095238096,0.093486929552503317,-0.0059339198683460975,0.043399371268223727
