analysis_claim_id,source_id,year_earliest,year_latest,n_scored_presentations,n_distinct_years,assertion,assertion_conflict,certainty,luna,deepseek,development_frame_eligible,original_paper_year,matched_record_year,before_original_year,before_matched_record_year,frequency
v3_1_f_noise_and_effort_on_implicit_measure,rpp.63,2009,2009,1,1,1,0,0.375,0.5,0.25,0,2008,2008,0,0,1
v3_1_f_noise_and_effort_on_implicit_measure,rpp.63,2009,2009,1,1,1,0,0.625,0.75,0.5,1,2008,2008,0,0,1
v3_1_f_noise_and_effort_on_implicit_measure,rpp.63,2010,2010,1,1,0,0,,,,1,2008,2008,0,0,3
v3_1_f_noise_and_effort_on_implicit_measure,rpp.63,2010,2010,1,1,1,0,0.5,0.5,0.5,1,2008,2008,0,0,1
v3_1_f_noise_and_effort_on_implicit_measure,rpp.63,2010,2010,1,1,1,0,0.625,0.5,0.75,1,2008,2008,0,0,1
v3_1_f_noise_and_effort_on_implicit_measure,rpp.63,2010,2010,1,1,1,0,0.625,0.75,0.5,1,2008,2008,0,0,1
v3_1_f_noise_and_effort_on_implicit_measure,rpp.63,2011,2011,1,1,0,0,,,,0,2008,2008,0,0,2
v3_1_f_noise_and_effort_on_implicit_measure,rpp.63,2011,2011,1,1,1,0,0.0,0,0.0,1,2008,2008,0,0,1
v3_1_f_noise_and_effort_on_implicit_measure,rpp.63,2011,2011,1,1,1,0,0.25,0.25,0.25,0,2008,2008,0,0,1
v3_1_f_noise_and_effort_on_implicit_measure,rpp.63,2011,2011,1,1,1,0,0.25,0.25,0.25,1,2008,2008,0,0,2
v3_1_f_noise_and_effort_on_implicit_measure,rpp.63,2011,2011,1,1,1,0,0.5,0.5,0.5,1,2008,2008,0,0,1
v3_1_f_noise_and_effort_on_implicit_measure,rpp.63,2011,2011,1,1,1,0,0.625,0.5,0.75,0,2008,2008,0,0,1
v3_1_f_noise_and_effort_on_implicit_measure,rpp.63,2011,2011,1,1,1,0,0.625,0.5,0.75,1,2008,2008,0,0,1
v3_1_f_noise_and_effort_on_implicit_measure,rpp.63,2011,2011,1,1,1,0,0.625,0.75,0.5,1,2008,2008,0,0,2
v3_1_f_noise_and_effort_on_implicit_measure,rpp.63,2012,2012,1,1,0,0,,,,0,2008,2008,0,0,5
v3_1_f_noise_and_effort_on_implicit_measure,rpp.63,2012,2012,1,1,0,0,,,,1,2008,2008,0,0,1
v3_1_f_noise_and_effort_on_implicit_measure,rpp.63,2012,2012,1,1,1,0,0.25,0.25,0.25,0,2008,2008,0,0,1
v3_1_f_noise_and_effort_on_implicit_measure,rpp.63,2012,2012,1,1,1,0,0.25,0.25,0.25,1,2008,2008,0,0,1
v3_1_f_noise_and_effort_on_implicit_measure,rpp.63,2012,2012,1,1,1,0,0.375,0.25,0.5,0,2008,2008,0,0,1
v3_1_f_noise_and_effort_on_implicit_measure,rpp.63,2012,2012,1,1,1,0,0.375,0.5,0.25,1,2008,2008,0,0,1
v3_1_f_noise_and_effort_on_implicit_measure,rpp.63,2012,2012,1,1,1,0,0.5,0.5,0.5,1,2008,2008,0,0,2
v3_1_f_noise_and_effort_on_implicit_measure,rpp.63,2012,2012,1,1,1,0,0.625,0.75,0.5,1,2008,2008,0,0,1
v3_1_f_noise_and_effort_on_implicit_measure,rpp.63,2012,2012,1,1,1,0,0.75,1,0.5,1,2008,2008,0,0,1
v3_1_f_noise_and_effort_on_implicit_measure,rpp.63,2013,2013,1,1,0,0,,,,0,2008,2008,0,0,1
v3_1_f_noise_and_effort_on_implicit_measure,rpp.63,2013,2013,1,1,1,0,0.875,0.75,1.0,0,2008,2008,0,0,1
v3_1_f_noise_and_effort_on_implicit_measure,rpp.63,2014,2014,1,1,0,0,,,,0,2008,2008,0,0,4
v3_1_f_noise_and_effort_on_implicit_measure,rpp.63,2014,2014,1,1,0,0,,,,1,2008,2008,0,0,7
v3_1_f_noise_and_effort_on_implicit_measure,rpp.63,2014,2014,1,1,1,0,0.25,0.25,0.25,0,2008,2008,0,0,1
v3_1_f_noise_and_effort_on_implicit_measure,rpp.63,2014,2014,1,1,1,0,0.25,0.25,0.25,1,2008,2008,0,0,1
v3_1_f_noise_and_effort_on_implicit_measure,rpp.63,2014,2014,1,1,1,0,0.375,0.5,0.25,1,2008,2008,0,0,1
v3_1_f_noise_and_effort_on_implicit_measure,rpp.63,2014,2014,1,1,1,0,0.5,0.25,0.75,0,2008,2008,0,0,1
v3_1_f_noise_and_effort_on_implicit_measure,rpp.63,2014,2014,1,1,1,0,0.75,0.75,0.75,1,2008,2008,0,0,1
v3_1_f_noise_and_effort_on_implicit_measure,rpp.63,2015,2015,1,1,0,0,,,,0,2008,2008,0,0,1
v3_1_f_noise_and_effort_on_implicit_measure,rpp.63,2015,2015,1,1,0,0,,,,1,2008,2008,0,0,2
v3_1_f_noise_and_effort_on_implicit_measure,rpp.63,2015,2015,1,1,1,0,0.5,0.5,0.5,0,2008,2008,0,0,1
v3_1_f_noise_and_effort_on_implicit_measure,rpp.63,2016,2016,1,1,0,0,,,,0,2008,2008,0,0,2
v3_1_f_noise_and_effort_on_implicit_measure,rpp.63,2016,2016,1,1,0,0,,,,1,2008,2008,0,0,4
v3_1_f_noise_and_effort_on_implicit_measure,rpp.63,2017,2017,1,1,0,0,,,,0,2008,2008,0,0,1
v3_1_f_noise_and_effort_on_implicit_measure,rpp.63,2017,2017,1,1,0,0,,,,1,2008,2008,0,0,1
v3_1_f_noise_and_effort_on_implicit_measure,rpp.63,2017,2017,1,1,1,0,0.625,0.5,0.75,1,2008,2008,0,0,1
v3_1_f_noise_and_effort_on_implicit_measure,rpp.63,2018,2018,1,1,1,0,0.5,0.5,0.5,1,2008,2008,0,0,2
v3_1_f_noise_and_effort_on_implicit_measure,rpp.63,2018,2018,1,1,1,0,0.625,0.75,0.5,1,2008,2008,0,0,1
v3_1_f_noise_and_effort_on_implicit_measure,rpp.63,2019,2019,1,1,1,0,0.5,0.5,0.5,1,2008,2008,0,0,1
v3_1_f_noise_and_effort_on_implicit_measure,rpp.63,2019,2019,1,1,1,0,0.625,0.5,0.75,1,2008,2008,0,0,1
v3_1_f_noise_and_effort_on_implicit_measure,rpp.63,2020,2020,1,1,1,0,0.375,0.25,0.5,1,2008,2008,0,0,1
v3_1_f_noise_and_effort_on_implicit_measure,rpp.63,2021,2021,1,1,0,0,,,,1,2008,2008,0,0,1
v3_1_f_noise_and_effort_on_implicit_measure,rpp.63,2021,2021,1,1,1,0,0.5,0.5,0.5,0,2008,2008,0,0,1
v3_1_f_noise_and_effort_on_implicit_measure,rpp.63,2021,2021,1,1,1,0,0.5,0.5,0.5,1,2008,2008,0,0,1
v3_1_f_noise_and_effort_on_implicit_measure,rpp.63,2021,2021,1,1,1,0,0.75,0.75,0.75,1,2008,2008,0,0,1
v3_1_f_noise_and_effort_on_implicit_measure,rpp.63,2023,2023,1,1,0,0,,,,0,2008,2008,0,0,5
v3_1_f_noise_and_effort_on_implicit_measure,rpp.63,2023,2023,1,1,0,0,,,,1,2008,2008,0,0,5
v3_1_f_noise_and_effort_on_implicit_measure,rpp.63,2023,2023,1,1,1,0,0.5,0.5,0.5,1,2008,2008,0,0,1
v3_1_f_noise_and_effort_on_implicit_measure,rpp.63,2023,2023,1,1,1,0,0.75,0.75,0.75,0,2008,2008,0,0,1
v3_1_f_noise_and_effort_on_implicit_measure,rpp.63,2023,2023,1,1,1,0,0.75,0.75,0.75,1,2008,2008,0,0,1
v3_1_f_noise_and_effort_on_implicit_measure,rpp.63,2024,2024,1,1,0,0,,,,0,2008,2008,0,0,1
v3_1_f_noise_and_effort_on_implicit_measure,rpp.63,2026,2026,1,1,1,0,0.25,0.5,0.0,1,2008,2008,0,0,1
v3_a_motion_aftereffect_from_still_photogra,rpp.127,2010,2010,1,1,0,0,,,,1,2008,2008,0,0,2
v3_a_motion_aftereffect_from_still_photogra,rpp.127,2010,2010,1,1,1,0,0.5,0.5,0.5,1,2008,2008,0,0,2
v3_a_motion_aftereffect_from_still_photogra,rpp.127,2010,2010,1,1,1,0,0.75,0.75,0.75,1,2008,2008,0,0,1
v3_a_motion_aftereffect_from_still_photogra,rpp.127,2011,2011,1,1,0,0,,,,1,2008,2008,0,0,1
v3_a_motion_aftereffect_from_still_photogra,rpp.127,2011,2011,1,1,1,0,0.25,0,0.5,1,2008,2008,0,0,1
v3_a_motion_aftereffect_from_still_photogra,rpp.127,2011,2011,1,1,1,0,0.5,0.5,0.5,1,2008,2008,0,0,1
v3_a_motion_aftereffect_from_still_photogra,rpp.127,2011,2011,1,1,1,0,0.625,0.75,0.5,1,2008,2008,0,0,1
v3_a_motion_aftereffect_from_still_photogra,rpp.127,2011,2011,1,1,1,0,0.75,0.75,0.75,1,2008,2008,0,0,1
v3_a_motion_aftereffect_from_still_photogra,rpp.127,2012,2012,1,1,1,0,0.375,0.25,0.5,1,2008,2008,0,0,1
v3_a_motion_aftereffect_from_still_photogra,rpp.127,2012,2012,1,1,1,0,0.5,0.5,0.5,0,2008,2008,0,0,1
v3_a_motion_aftereffect_from_still_photogra,rpp.127,2012,2012,1,1,1,0,0.5,0.5,0.5,1,2008,2008,0,0,2
v3_a_motion_aftereffect_from_still_photogra,rpp.127,2013,2013,1,1,0,0,,,,0,2008,2008,0,0,1
v3_a_motion_aftereffect_from_still_photogra,rpp.127,2013,2013,1,1,0,0,,,,1,2008,2008,0,0,6
v3_a_motion_aftereffect_from_still_photogra,rpp.127,2013,2013,1,1,1,0,0.0,0,0.0,0,2008,2008,0,0,1
v3_a_motion_aftereffect_from_still_photogra,rpp.127,2013,2013,1,1,1,0,0.125,0.25,0.0,1,2008,2008,0,0,1
v3_a_motion_aftereffect_from_still_photogra,rpp.127,2013,2013,1,1,1,0,0.375,0.25,0.5,0,2008,2008,0,0,1
v3_a_motion_aftereffect_from_still_photogra,rpp.127,2013,2013,1,1,1,0,0.625,0.5,0.75,1,2008,2008,0,0,1
v3_a_motion_aftereffect_from_still_photogra,rpp.127,2014,2014,1,1,0,0,,,,0,2008,2008,0,0,1
v3_a_motion_aftereffect_from_still_photogra,rpp.127,2014,2014,1,1,0,0,,,,1,2008,2008,0,0,3
v3_a_motion_aftereffect_from_still_photogra,rpp.127,2014,2014,1,1,1,0,0.125,0,0.25,0,2008,2008,0,0,1
v3_a_motion_aftereffect_from_still_photogra,rpp.127,2014,2014,1,1,1,0,0.125,0,0.25,1,2008,2008,0,0,1
v3_a_motion_aftereffect_from_still_photogra,rpp.127,2014,2014,1,1,1,0,0.375,0.25,0.5,0,2008,2008,0,0,1
v3_a_motion_aftereffect_from_still_photogra,rpp.127,2014,2014,1,1,1,0,0.625,0.5,0.75,1,2008,2008,0,0,1
v3_a_motion_aftereffect_from_still_photogra,rpp.127,2014,2014,1,1,1,0,0.75,0.75,0.75,1,2008,2008,0,0,1
v3_a_motion_aftereffect_from_still_photogra,rpp.127,2015,2015,1,1,0,0,,,,1,2008,2008,0,0,3
v3_a_motion_aftereffect_from_still_photogra,rpp.127,2015,2015,1,1,1,0,0.375,0.25,0.5,1,2008,2008,0,0,1
v3_a_motion_aftereffect_from_still_photogra,rpp.127,2015,2015,1,1,1,0,0.5,0.5,0.5,0,2008,2008,0,0,1
v3_a_motion_aftereffect_from_still_photogra,rpp.127,2015,2015,1,1,1,0,0.5,0.5,0.5,1,2008,2008,0,0,1
v3_a_motion_aftereffect_from_still_photogra,rpp.127,2015,2015,1,1,1,0,0.625,0.5,0.75,1,2008,2008,0,0,1
v3_a_motion_aftereffect_from_still_photogra,rpp.127,2015,2015,1,1,1,0,0.75,0.75,0.75,1,2008,2008,0,0,1
v3_a_motion_aftereffect_from_still_photogra,rpp.127,2016,2016,1,1,0,0,,,,1,2008,2008,0,0,1
v3_a_motion_aftereffect_from_still_photogra,rpp.127,2017,2017,1,1,0,0,,,,0,2008,2008,0,0,1
v3_a_motion_aftereffect_from_still_photogra,rpp.127,2018,2018,1,1,0,0,,,,0,2008,2008,0,0,1
v3_a_motion_aftereffect_from_still_photogra,rpp.127,2019,2019,1,1,0,0,,,,0,2008,2008,0,0,2
v3_a_motion_aftereffect_from_still_photogra,rpp.127,2020,2020,1,1,0,0,,,,0,2008,2008,0,0,1
v3_a_motion_aftereffect_from_still_photogra,rpp.127,2021,2021,1,1,1,0,0.25,0.25,0.25,1,2008,2008,0,0,1
v3_a_motion_aftereffect_from_still_photogra,rpp.127,2021,2021,1,1,1,0,0.5,0.5,0.5,1,2008,2008,0,0,1
v3_a_motion_aftereffect_from_still_photogra,rpp.127,2021,2021,1,1,1,0,0.625,0.5,0.75,1,2008,2008,0,0,1
v3_a_motion_aftereffect_from_still_photogra,rpp.127,2023,2023,1,1,1,0,0.25,0.25,0.25,1,2008,2008,0,0,1
v3_a_motion_aftereffect_from_still_photogra,rpp.127,2024,2024,1,1,0,0,,,,1,2008,2008,0,0,1
v3_a_motion_aftereffect_from_still_photogra,rpp.127,2024,2024,1,1,1,0,0.25,0,0.5,1,2008,2008,0,0,1
v3_a_motion_aftereffect_from_still_photogra,rpp.127,2024,2024,1,1,1,0,0.625,0.5,0.75,1,2008,2008,0,0,1
v3_a_motion_aftereffect_from_still_photogra,rpp.127,2024,2024,1,1,1,0,0.75,0.75,0.75,1,2008,2008,0,0,1
v3_a_motion_aftereffect_from_still_photogra,rpp.127,2025,2025,1,1,0,0,,,,1,2008,2008,0,0,1
v3_a_motion_aftereffect_from_still_photogra,rpp.127,2026,2026,1,1,1,0,0.5,0.5,0.5,1,2008,2008,0,0,1
v3_a_motion_aftereffect_from_still_photogra,rpp.127,2026,2026,1,1,1,0,0.75,1,0.5,1,2008,2008,0,0,1
v3_a_needs_based_model_of_reconciliation_sa,rpp.81,2017,2017,1,1,0,0,,,,0,2008,2008,0,0,1
v3_a_needs_based_model_of_reconciliation_sa,rpp.81,2017,2017,1,1,0,0,,,,1,2008,2008,0,0,1
v3_a_needs_based_model_of_reconciliation_sa,rpp.81,2017,2017,1,1,1,0,0.0,0,0.0,0,2008,2008,0,0,1
v3_a_needs_based_model_of_reconciliation_sa,rpp.81,2017,2017,1,1,1,0,0.125,0,0.25,1,2008,2008,0,0,1
v3_a_needs_based_model_of_reconciliation_sa,rpp.81,2017,2017,1,1,1,0,0.125,0.25,0.0,1,2008,2008,0,0,2
v3_a_needs_based_model_of_reconciliation_sa,rpp.81,2017,2017,1,1,1,0,0.25,0.25,0.25,1,2008,2008,0,0,1
v3_a_needs_based_model_of_reconciliation_sa,rpp.81,2017,2017,1,1,1,0,0.375,0.25,0.5,1,2008,2008,0,0,1
v3_a_needs_based_model_of_reconciliation_sa,rpp.81,2017,2017,1,1,1,0,0.5,0.5,0.5,1,2008,2008,0,0,2
v3_a_needs_based_model_of_reconciliation_sa,rpp.81,2017,2017,1,1,1,0,0.625,0.5,0.75,1,2008,2008,0,0,1
v3_a_needs_based_model_of_reconciliation_sa,rpp.81,2017,2017,1,1,1,0,0.875,0.75,1.0,1,2008,2008,0,0,1
v3_a_needs_based_model_of_reconciliation_sa,rpp.81,2018,2018,1,1,0,0,,,,0,2008,2008,0,0,5
v3_a_needs_based_model_of_reconciliation_sa,rpp.81,2018,2018,1,1,0,0,,,,1,2008,2008,0,0,13
v3_a_needs_based_model_of_reconciliation_sa,rpp.81,2018,2018,1,1,1,0,0.125,0,0.25,1,2008,2008,0,0,2
v3_a_needs_based_model_of_reconciliation_sa,rpp.81,2018,2018,1,1,1,0,0.125,0.25,0.0,1,2008,2008,0,0,1
v3_a_needs_based_model_of_reconciliation_sa,rpp.81,2018,2018,1,1,1,0,0.25,0.25,0.25,0,2008,2008,0,0,2
v3_a_needs_based_model_of_reconciliation_sa,rpp.81,2018,2018,1,1,1,0,0.25,0.25,0.25,1,2008,2008,0,0,3
v3_a_needs_based_model_of_reconciliation_sa,rpp.81,2018,2018,1,1,1,0,0.375,0.25,0.5,1,2008,2008,0,0,2
v3_a_needs_based_model_of_reconciliation_sa,rpp.81,2018,2018,1,1,1,0,0.375,0.5,0.25,1,2008,2008,0,0,1
v3_a_needs_based_model_of_reconciliation_sa,rpp.81,2018,2018,1,1,1,0,0.5,0.25,0.75,1,2008,2008,0,0,1
v3_a_needs_based_model_of_reconciliation_sa,rpp.81,2018,2018,1,1,1,0,0.5,0.5,0.5,0,2008,2008,0,0,2
v3_a_needs_based_model_of_reconciliation_sa,rpp.81,2018,2018,1,1,1,0,0.5,0.5,0.5,1,2008,2008,0,0,9
v3_a_needs_based_model_of_reconciliation_sa,rpp.81,2018,2018,1,1,1,0,0.5,0.75,0.25,1,2008,2008,0,0,1
v3_a_needs_based_model_of_reconciliation_sa,rpp.81,2018,2018,1,1,1,0,0.625,0.5,0.75,1,2008,2008,0,0,1
v3_a_needs_based_model_of_reconciliation_sa,rpp.81,2018,2018,1,1,1,0,0.625,0.75,0.5,1,2008,2008,0,0,6
v3_a_needs_based_model_of_reconciliation_sa,rpp.81,2018,2018,1,1,1,0,0.75,0.75,0.75,1,2008,2008,0,0,1
v3_a_needs_based_model_of_reconciliation_sa,rpp.81,2018,2018,1,1,1,0,0.75,1,0.5,1,2008,2008,0,0,1
v3_a_needs_based_model_of_reconciliation_sa,rpp.81,2018,2018,1,1,1,0,0.875,0.75,1.0,0,2008,2008,0,0,1
v3_a_needs_based_model_of_reconciliation_sa,rpp.81,2018,2018,1,1,1,0,0.875,0.75,1.0,1,2008,2008,0,0,2
v3_a_needs_based_model_of_reconciliation_sa,rpp.81,2019,2019,1,1,0,0,,,,0,2008,2008,0,0,5
v3_a_needs_based_model_of_reconciliation_sa,rpp.81,2019,2019,1,1,0,0,,,,1,2008,2008,0,0,5
v3_a_needs_based_model_of_reconciliation_sa,rpp.81,2019,2019,1,1,1,0,0.125,0.25,0.0,1,2008,2008,0,0,1
v3_a_needs_based_model_of_reconciliation_sa,rpp.81,2019,2019,1,1,1,0,0.25,0.25,0.25,1,2008,2008,0,0,4
v3_a_needs_based_model_of_reconciliation_sa,rpp.81,2019,2019,1,1,1,0,0.5,0.5,0.5,0,2008,2008,0,0,2
v3_a_needs_based_model_of_reconciliation_sa,rpp.81,2019,2019,1,1,1,0,0.5,0.5,0.5,1,2008,2008,0,0,5
v3_a_needs_based_model_of_reconciliation_sa,rpp.81,2019,2019,1,1,1,0,0.625,0.75,0.5,1,2008,2008,0,0,4
v3_a_needs_based_model_of_reconciliation_sa,rpp.81,2019,2019,1,1,1,0,0.75,0.5,1.0,1,2008,2008,0,0,1
v3_a_needs_based_model_of_reconciliation_sa,rpp.81,2019,2019,1,1,1,0,0.75,0.75,0.75,1,2008,2008,0,0,2
v3_a_needs_based_model_of_reconciliation_sa,rpp.81,2019,2019,1,1,1,0,0.75,1,0.5,1,2008,2008,0,0,1
v3_a_needs_based_model_of_reconciliation_sa,rpp.81,2019,2019,1,1,1,0,0.875,0.75,1.0,1,2008,2008,0,0,4
v3_a_needs_based_model_of_reconciliation_sa,rpp.81,2020,2020,1,1,0,0,,,,0,2008,2008,0,0,5
v3_a_needs_based_model_of_reconciliation_sa,rpp.81,2020,2020,1,1,0,0,,,,1,2008,2008,0,0,17
v3_a_needs_based_model_of_reconciliation_sa,rpp.81,2020,2020,1,1,1,0,0.125,0,0.25,1,2008,2008,0,0,1
v3_a_needs_based_model_of_reconciliation_sa,rpp.81,2020,2020,1,1,1,0,0.25,0.25,0.25,1,2008,2008,0,0,2
v3_a_needs_based_model_of_reconciliation_sa,rpp.81,2020,2020,1,1,1,0,0.25,0.5,0.0,1,2008,2008,0,0,1
v3_a_needs_based_model_of_reconciliation_sa,rpp.81,2020,2020,1,1,1,0,0.375,0.25,0.5,1,2008,2008,0,0,1
v3_a_needs_based_model_of_reconciliation_sa,rpp.81,2020,2020,1,1,1,0,0.375,0.5,0.25,1,2008,2008,0,0,1
v3_a_needs_based_model_of_reconciliation_sa,rpp.81,2020,2020,1,1,1,0,0.5,0.5,0.5,0,2008,2008,0,0,3
v3_a_needs_based_model_of_reconciliation_sa,rpp.81,2020,2020,1,1,1,0,0.5,0.5,0.5,1,2008,2008,0,0,2
v3_a_needs_based_model_of_reconciliation_sa,rpp.81,2020,2020,1,1,1,0,0.625,0.5,0.75,0,2008,2008,0,0,1
v3_a_needs_based_model_of_reconciliation_sa,rpp.81,2020,2020,1,1,1,0,0.625,0.5,0.75,1,2008,2008,0,0,1
v3_a_needs_based_model_of_reconciliation_sa,rpp.81,2020,2020,1,1,1,0,0.625,0.75,0.5,0,2008,2008,0,0,1
v3_a_needs_based_model_of_reconciliation_sa,rpp.81,2020,2020,1,1,1,0,0.625,0.75,0.5,1,2008,2008,0,0,4
v3_a_needs_based_model_of_reconciliation_sa,rpp.81,2020,2020,1,1,1,0,0.875,0.75,1.0,1,2008,2008,0,0,1
v3_a_needs_based_model_of_reconciliation_sa,rpp.81,2020,2020,1,1,1,0,1.0,1,1.0,1,2008,2008,0,0,1
v3_a_needs_based_model_of_reconciliation_sa,rpp.81,2021,2021,1,1,0,0,,,,1,2008,2008,0,0,1
v3_a_needs_based_model_of_reconciliation_sa,rpp.81,2021,2021,1,1,1,0,0.0,0,0.0,1,2008,2008,0,0,1
v3_a_needs_based_model_of_reconciliation_sa,rpp.81,2021,2021,1,1,1,0,0.25,0,0.5,0,2008,2008,0,0,1
v3_a_needs_based_model_of_reconciliation_sa,rpp.81,2021,2021,1,1,1,0,0.25,0.25,0.25,0,2008,2008,0,0,1
v3_a_needs_based_model_of_reconciliation_sa,rpp.81,2021,2021,1,1,1,0,0.25,0.25,0.25,1,2008,2008,0,0,1
v3_a_needs_based_model_of_reconciliation_sa,rpp.81,2021,2021,1,1,1,0,0.5,0.5,0.5,0,2008,2008,0,0,2
v3_a_needs_based_model_of_reconciliation_sa,rpp.81,2021,2021,1,1,1,0,0.5,0.5,0.5,1,2008,2008,0,0,2
v3_a_needs_based_model_of_reconciliation_sa,rpp.81,2021,2021,1,1,1,0,0.625,0.5,0.75,0,2008,2008,0,0,1
v3_a_needs_based_model_of_reconciliation_sa,rpp.81,2021,2021,1,1,1,0,0.625,0.75,0.5,0,2008,2008,0,0,1
v3_a_needs_based_model_of_reconciliation_sa,rpp.81,2021,2021,1,1,1,0,0.875,0.75,1.0,1,2008,2008,0,0,1
v3_a_needs_based_model_of_reconciliation_sa,rpp.81,2022,2022,1,1,0,0,,,,0,2008,2008,0,0,4
v3_a_needs_based_model_of_reconciliation_sa,rpp.81,2022,2022,1,1,0,0,,,,1,2008,2008,0,0,5
v3_a_needs_based_model_of_reconciliation_sa,rpp.81,2022,2022,1,1,1,0,0.0,0,0.0,1,2008,2008,0,0,1
v3_a_needs_based_model_of_reconciliation_sa,rpp.81,2022,2022,1,1,1,0,0.125,0,0.25,0,2008,2008,0,0,1
v3_a_needs_based_model_of_reconciliation_sa,rpp.81,2022,2022,1,1,1,0,0.125,0.25,0.0,1,2008,2008,0,0,1
v3_a_needs_based_model_of_reconciliation_sa,rpp.81,2022,2022,1,1,1,0,0.25,0.25,0.25,1,2008,2008,0,0,2
v3_a_needs_based_model_of_reconciliation_sa,rpp.81,2022,2022,1,1,1,0,0.375,0.25,0.5,1,2008,2008,0,0,1
v3_a_needs_based_model_of_reconciliation_sa,rpp.81,2022,2022,1,1,1,0,0.375,0.5,0.25,1,2008,2008,0,0,1
v3_a_needs_based_model_of_reconciliation_sa,rpp.81,2022,2022,1,1,1,0,0.5,0.5,0.5,0,2008,2008,0,0,2
v3_a_needs_based_model_of_reconciliation_sa,rpp.81,2022,2022,1,1,1,0,0.5,0.5,0.5,1,2008,2008,0,0,4
v3_a_needs_based_model_of_reconciliation_sa,rpp.81,2022,2022,1,1,1,0,0.625,0.5,0.75,0,2008,2008,0,0,1
v3_a_needs_based_model_of_reconciliation_sa,rpp.81,2022,2022,1,1,1,0,0.625,0.75,0.5,0,2008,2008,0,0,1
v3_a_needs_based_model_of_reconciliation_sa,rpp.81,2022,2022,1,1,1,0,0.625,0.75,0.5,1,2008,2008,0,0,1
v3_a_needs_based_model_of_reconciliation_sa,rpp.81,2022,2022,1,1,1,0,0.75,0.75,0.75,1,2008,2008,0,0,1
v3_a_needs_based_model_of_reconciliation_sa,rpp.81,2022,2022,1,1,1,0,0.75,1,0.5,1,2008,2008,0,0,1
v3_a_needs_based_model_of_reconciliation_sa,rpp.81,2022,2022,1,1,1,0,0.875,0.75,1.0,0,2008,2008,0,0,1
v3_a_needs_based_model_of_reconciliation_sa,rpp.81,2022,2022,1,1,1,0,0.875,0.75,1.0,1,2008,2008,0,0,1
v3_a_needs_based_model_of_reconciliation_sa,rpp.81,2022,2022,1,1,1,0,1.0,1,1.0,1,2008,2008,0,0,1
v3_a_needs_based_model_of_reconciliation_sa,rpp.81,2023,2023,1,1,0,0,,,,1,2008,2008,0,0,2
v3_a_needs_based_model_of_reconciliation_sa,rpp.81,2023,2023,1,1,1,0,0.125,0,0.25,1,2008,2008,0,0,1
v3_a_needs_based_model_of_reconciliation_sa,rpp.81,2023,2023,1,1,1,0,0.25,0.25,0.25,1,2008,2008,0,0,1
v3_a_needs_based_model_of_reconciliation_sa,rpp.81,2023,2023,1,1,1,0,0.375,0.25,0.5,1,2008,2008,0,0,1
v3_a_needs_based_model_of_reconciliation_sa,rpp.81,2023,2023,1,1,1,0,0.5,0.5,0.5,0,2008,2008,0,0,1
v3_a_needs_based_model_of_reconciliation_sa,rpp.81,2023,2023,1,1,1,0,0.5,0.5,0.5,1,2008,2008,0,0,1
v3_a_needs_based_model_of_reconciliation_sa,rpp.81,2023,2023,1,1,1,0,0.625,0.75,0.5,1,2008,2008,0,0,2
v3_a_needs_based_model_of_reconciliation_sa,rpp.81,2023,2023,1,1,1,0,0.75,0.75,0.75,1,2008,2008,0,0,1
v3_a_needs_based_model_of_reconciliation_sa,rpp.81,2023,2023,1,1,1,0,0.75,1,0.5,1,2008,2008,0,0,1
v3_a_needs_based_model_of_reconciliation_sa,rpp.81,2024,2024,1,1,0,0,,,,0,2008,2008,0,0,2
v3_a_needs_based_model_of_reconciliation_sa,rpp.81,2024,2024,1,1,0,0,,,,1,2008,2008,0,0,5
v3_a_needs_based_model_of_reconciliation_sa,rpp.81,2024,2024,1,1,1,0,0.125,0,0.25,0,2008,2008,0,0,1
v3_a_needs_based_model_of_reconciliation_sa,rpp.81,2024,2024,1,1,1,0,0.125,0,0.25,1,2008,2008,0,0,1
v3_a_needs_based_model_of_reconciliation_sa,rpp.81,2024,2024,1,1,1,0,0.25,0.25,0.25,1,2008,2008,0,0,3
v3_a_needs_based_model_of_reconciliation_sa,rpp.81,2024,2024,1,1,1,0,0.25,0.5,0.0,1,2008,2008,0,0,2
v3_a_needs_based_model_of_reconciliation_sa,rpp.81,2024,2024,1,1,1,0,0.5,0.5,0.5,1,2008,2008,0,0,4
v3_a_needs_based_model_of_reconciliation_sa,rpp.81,2024,2024,1,1,1,0,0.625,0.25,1.0,1,2008,2008,0,0,1
v3_a_needs_based_model_of_reconciliation_sa,rpp.81,2024,2024,1,1,1,0,0.625,0.5,0.75,1,2008,2008,0,0,1
v3_a_needs_based_model_of_reconciliation_sa,rpp.81,2024,2024,1,1,1,0,0.625,0.75,0.5,0,2008,2008,0,0,1
v3_a_needs_based_model_of_reconciliation_sa,rpp.81,2024,2024,1,1,1,0,0.625,0.75,0.5,1,2008,2008,0,0,2
v3_a_needs_based_model_of_reconciliation_sa,rpp.81,2024,2024,1,1,1,0,0.875,0.75,1.0,1,2008,2008,0,0,2
v3_a_needs_based_model_of_reconciliation_sa,rpp.81,2024,2024,1,1,1,0,1.0,1,1.0,1,2008,2008,0,0,2
v3_a_needs_based_model_of_reconciliation_sa,rpp.81,2025,2025,1,1,0,0,,,,0,2008,2008,0,0,4
v3_a_needs_based_model_of_reconciliation_sa,rpp.81,2025,2025,1,1,0,0,,,,1,2008,2008,0,0,5
v3_a_needs_based_model_of_reconciliation_sa,rpp.81,2025,2025,1,1,1,0,0.0,0,0.0,0,2008,2008,0,0,1
v3_a_needs_based_model_of_reconciliation_sa,rpp.81,2025,2025,1,1,1,0,0.0,0,0.0,1,2008,2008,0,0,1
v3_a_needs_based_model_of_reconciliation_sa,rpp.81,2025,2025,1,1,1,0,0.125,0,0.25,1,2008,2008,0,0,1
v3_a_needs_based_model_of_reconciliation_sa,rpp.81,2025,2025,1,1,1,0,0.25,0.25,0.25,0,2008,2008,0,0,1
v3_a_needs_based_model_of_reconciliation_sa,rpp.81,2025,2025,1,1,1,0,0.25,0.25,0.25,1,2008,2008,0,0,3
v3_a_needs_based_model_of_reconciliation_sa,rpp.81,2025,2025,1,1,1,0,0.25,0.5,0.0,1,2008,2008,0,0,1
v3_a_needs_based_model_of_reconciliation_sa,rpp.81,2025,2025,1,1,1,0,0.375,0.25,0.5,1,2008,2008,0,0,1
v3_a_needs_based_model_of_reconciliation_sa,rpp.81,2025,2025,1,1,1,0,0.5,0.5,0.5,1,2008,2008,0,0,4
v3_a_needs_based_model_of_reconciliation_sa,rpp.81,2025,2025,1,1,1,0,0.625,0.75,0.5,1,2008,2008,0,0,2
v3_a_needs_based_model_of_reconciliation_sa,rpp.81,2025,2025,1,1,1,0,0.875,0.75,1.0,1,2008,2008,0,0,1
v3_a_needs_based_model_of_reconciliation_sa,rpp.81,2025,2025,1,1,1,0,0.875,1,0.75,1,2008,2008,0,0,1
v3_a_needs_based_model_of_reconciliation_sa,rpp.81,2026,2026,1,1,0,0,,,,1,2008,2008,0,0,1
v3_a_needs_based_model_of_reconciliation_sa,rpp.81,2026,2026,1,1,1,0,0.25,0.25,0.25,1,2008,2008,0,0,1
v3_a_needs_based_model_of_reconciliation_sa,rpp.81,2026,2026,1,1,1,0,0.375,0.25,0.5,1,2008,2008,0,0,1
v3_a_needs_based_model_of_reconciliation_sa,rpp.81,2026,2026,1,1,1,0,0.5,0.5,0.5,0,2008,2008,0,0,1
v3_a_needs_based_model_of_reconciliation_sa,rpp.81,2026,2026,1,1,1,0,0.875,0.75,1.0,1,2008,2008,0,0,1
v3_a_needs_based_model_of_reconciliation_sa,rpp.81,2026,2026,1,1,1,0,1.0,1,1.0,1,2008,2008,0,0,1
v3_a_single_exposure_to_the_american_flag_s,ml1.12,2011,2011,1,1,0,0,,,,1,2011,2011,0,0,4
v3_a_single_exposure_to_the_american_flag_s,ml1.12,2011,2011,1,1,1,0,0.25,0.25,0.25,0,2011,2011,0,0,1
v3_a_single_exposure_to_the_american_flag_s,ml1.12,2011,2011,1,1,1,0,0.25,0.25,0.25,1,2011,2011,0,0,2
v3_a_single_exposure_to_the_american_flag_s,ml1.12,2011,2011,1,1,1,0,0.25,0.5,0.0,1,2011,2011,0,0,1
v3_a_single_exposure_to_the_american_flag_s,ml1.12,2011,2011,1,1,1,0,0.5,0.5,0.5,1,2011,2011,0,0,4
v3_a_single_exposure_to_the_american_flag_s,ml1.12,2011,2011,1,1,1,0,0.625,0.5,0.75,1,2011,2011,0,0,1
v3_a_single_exposure_to_the_american_flag_s,ml1.12,2011,2011,1,1,1,0,0.625,0.75,0.5,1,2011,2011,0,0,1
v3_a_single_exposure_to_the_american_flag_s,ml1.12,2011,2011,1,1,1,0,0.75,0.75,0.75,1,2011,2011,0,0,3
v3_a_single_exposure_to_the_american_flag_s,ml1.12,2011,2011,1,1,1,0,0.875,0.75,1.0,1,2011,2011,0,0,3
v3_a_single_exposure_to_the_american_flag_s,ml1.12,2011,2011,1,1,1,0,0.875,1,0.75,1,2011,2011,0,0,1
v3_a_single_exposure_to_the_american_flag_s,ml1.12,2012,2012,1,1,1,0,0.5,0.5,0.5,0,2011,2011,0,0,1
v3_a_single_exposure_to_the_american_flag_s,ml1.12,2013,2013,1,1,0,0,,,,1,2011,2011,0,0,4
v3_a_single_exposure_to_the_american_flag_s,ml1.12,2013,2013,1,1,1,0,0.25,0.25,0.25,0,2011,2011,0,0,2
v3_a_single_exposure_to_the_american_flag_s,ml1.12,2013,2013,1,1,1,0,0.5,0.5,0.5,0,2011,2011,0,0,1
v3_a_single_exposure_to_the_american_flag_s,ml1.12,2013,2013,1,1,1,0,0.5,0.5,0.5,1,2011,2011,0,0,1
v3_a_single_exposure_to_the_american_flag_s,ml1.12,2013,2013,1,1,1,0,0.625,0.5,0.75,1,2011,2011,0,0,1
v3_a_single_exposure_to_the_american_flag_s,ml1.12,2014,2014,1,1,0,0,,,,0,2011,2011,0,0,3
v3_a_single_exposure_to_the_american_flag_s,ml1.12,2014,2014,1,1,0,0,,,,1,2011,2011,0,0,13
v3_a_single_exposure_to_the_american_flag_s,ml1.12,2014,2014,1,1,1,0,0.0,0,0.0,1,2011,2011,0,0,1
v3_a_single_exposure_to_the_american_flag_s,ml1.12,2014,2014,1,1,1,0,0.25,0.25,0.25,0,2011,2011,0,0,1
v3_a_single_exposure_to_the_american_flag_s,ml1.12,2014,2014,1,1,1,0,0.25,0.25,0.25,1,2011,2011,0,0,3
v3_a_single_exposure_to_the_american_flag_s,ml1.12,2014,2014,1,1,1,0,0.5,0.25,0.75,1,2011,2011,0,0,1
v3_a_single_exposure_to_the_american_flag_s,ml1.12,2014,2014,1,1,1,0,0.5,0.5,0.5,1,2011,2011,0,0,6
v3_a_single_exposure_to_the_american_flag_s,ml1.12,2014,2014,1,1,1,0,0.625,0.25,1.0,0,2011,2011,0,0,1
v3_a_single_exposure_to_the_american_flag_s,ml1.12,2014,2014,1,1,1,0,0.625,0.5,0.75,1,2011,2011,0,0,3
v3_a_single_exposure_to_the_american_flag_s,ml1.12,2014,2014,1,1,1,0,0.625,0.75,0.5,0,2011,2011,0,0,1
v3_a_single_exposure_to_the_american_flag_s,ml1.12,2014,2014,1,1,1,0,0.625,0.75,0.5,1,2011,2011,0,0,2
v3_a_single_exposure_to_the_american_flag_s,ml1.12,2014,2014,1,1,1,0,0.875,0.75,1.0,0,2011,2011,0,0,1
v3_a_single_exposure_to_the_american_flag_s,ml1.12,2014,2014,1,1,1,0,0.875,0.75,1.0,1,2011,2011,0,0,1
v3_a_single_exposure_to_the_american_flag_s,ml1.12,2014,2022,2,2,0,0,,,,0,2011,2011,0,0,1
v3_a_single_exposure_to_the_american_flag_s,ml1.12,2015,2015,1,1,0,0,,,,1,2011,2011,0,0,1
v3_a_single_exposure_to_the_american_flag_s,ml1.12,2015,2015,1,1,1,0,0.375,0.5,0.25,1,2011,2011,0,0,1
v3_a_single_exposure_to_the_american_flag_s,ml1.12,2016,2016,1,1,0,0,,,,0,2011,2011,0,0,2
v3_a_single_exposure_to_the_american_flag_s,ml1.12,2016,2016,1,1,0,0,,,,1,2011,2011,0,0,2
v3_a_single_exposure_to_the_american_flag_s,ml1.12,2016,2016,1,1,1,0,0.25,0.25,0.25,0,2011,2011,0,0,1
v3_a_single_exposure_to_the_american_flag_s,ml1.12,2016,2016,1,1,1,0,0.25,0.25,0.25,1,2011,2011,0,0,1
v3_a_single_exposure_to_the_american_flag_s,ml1.12,2016,2016,1,1,1,0,0.375,0.5,0.25,0,2011,2011,0,0,1
v3_a_single_exposure_to_the_american_flag_s,ml1.12,2016,2016,1,1,1,0,0.5,0.5,0.5,0,2011,2011,0,0,1
v3_a_single_exposure_to_the_american_flag_s,ml1.12,2016,2016,1,1,1,0,0.5,0.5,0.5,1,2011,2011,0,0,1
v3_a_single_exposure_to_the_american_flag_s,ml1.12,2017,2017,1,1,0,0,,,,1,2011,2011,0,0,1
v3_a_single_exposure_to_the_american_flag_s,ml1.12,2017,2017,1,1,1,0,0.0,0,0.0,1,2011,2011,0,0,1
v3_a_single_exposure_to_the_american_flag_s,ml1.12,2017,2017,1,1,1,0,0.125,0,0.25,1,2011,2011,0,0,1
v3_a_single_exposure_to_the_american_flag_s,ml1.12,2017,2017,1,1,1,0,0.25,0.25,0.25,1,2011,2011,0,0,1
v3_a_single_exposure_to_the_american_flag_s,ml1.12,2017,2017,1,1,1,0,0.5,0.5,0.5,0,2011,2011,0,0,1
v3_a_single_exposure_to_the_american_flag_s,ml1.12,2017,2017,1,1,1,0,0.5,0.5,0.5,1,2011,2011,0,0,1
v3_a_single_exposure_to_the_american_flag_s,ml1.12,2017,2017,1,1,1,0,0.625,0.5,0.75,0,2011,2011,0,0,1
v3_a_single_exposure_to_the_american_flag_s,ml1.12,2017,2017,1,1,1,0,0.75,0.75,0.75,0,2011,2011,0,0,1
v3_a_single_exposure_to_the_american_flag_s,ml1.12,2017,2017,1,1,1,0,0.75,0.75,0.75,1,2011,2011,0,0,1
v3_a_single_exposure_to_the_american_flag_s,ml1.12,2018,2018,1,1,0,0,,,,0,2011,2011,0,0,12
v3_a_single_exposure_to_the_american_flag_s,ml1.12,2018,2018,1,1,0,0,,,,1,2011,2011,0,0,1
v3_a_single_exposure_to_the_american_flag_s,ml1.12,2020,2020,1,1,0,0,,,,0,2011,2011,0,0,1
v3_a_single_exposure_to_the_american_flag_s,ml1.12,2020,2020,1,1,1,0,0.25,0.25,0.25,1,2011,2011,0,0,1
v3_a_single_exposure_to_the_american_flag_s,ml1.12,2020,2020,1,1,1,0,0.625,0.5,0.75,1,2011,2011,0,0,1
v3_a_single_exposure_to_the_american_flag_s,ml1.12,2020,2020,1,1,1,0,0.875,0.75,1.0,1,2011,2011,0,0,1
v3_a_single_exposure_to_the_american_flag_s,ml1.12,2021,2021,1,1,0,0,,,,1,2011,2011,0,0,2
v3_a_single_exposure_to_the_american_flag_s,ml1.12,2021,2021,1,1,1,0,0.75,0.75,0.75,1,2011,2011,0,0,1
v3_a_single_exposure_to_the_american_flag_s,ml1.12,2022,2022,1,1,0,0,,,,1,2011,2011,0,0,1
v3_a_single_exposure_to_the_american_flag_s,ml1.12,2022,2022,1,1,1,0,0.375,0.25,0.5,0,2011,2011,0,0,1
v3_a_single_exposure_to_the_american_flag_s,ml1.12,2022,2022,1,1,1,0,0.375,0.25,0.5,1,2011,2011,0,0,1
v3_a_single_exposure_to_the_american_flag_s,ml1.12,2022,2022,1,1,1,0,0.75,0.75,0.75,1,2011,2011,0,0,1
v3_a_single_exposure_to_the_american_flag_s,ml1.12,2023,2023,1,1,0,0,,,,0,2011,2011,0,0,1
v3_a_single_exposure_to_the_american_flag_s,ml1.12,2023,2023,1,1,1,0,0.25,0.25,0.25,0,2011,2011,0,0,1
v3_a_single_exposure_to_the_american_flag_s,ml1.12,2023,2023,1,1,1,0,0.75,0.75,0.75,1,2011,2011,0,0,1
v3_a_single_exposure_to_the_american_flag_s,ml1.12,2024,2024,1,1,0,0,,,,1,2011,2011,0,0,1
v3_a_single_exposure_to_the_american_flag_s,ml1.12,2024,2024,1,1,1,0,0.125,0,0.25,1,2011,2011,0,0,1
v3_a_single_exposure_to_the_american_flag_s,ml1.12,2024,2024,1,1,1,0,0.375,0.25,0.5,1,2011,2011,0,0,1
v3_a_single_exposure_to_the_american_flag_s,ml1.12,2024,2024,1,1,1,0,0.5,0.5,0.5,1,2011,2011,0,0,3
v3_a_single_exposure_to_the_american_flag_s,ml1.12,2024,2024,1,1,1,0,0.75,0.75,0.75,1,2011,2011,0,0,1
v3_a_single_exposure_to_the_american_flag_s,ml1.12,2025,2025,1,1,1,0,0.125,0,0.25,1,2011,2011,0,0,1
v3_a_single_exposure_to_the_american_flag_s,ml1.12,2025,2025,1,1,1,0,0.125,0.25,0.0,1,2011,2011,0,0,1
v3_a_single_exposure_to_the_american_flag_s,ml1.12,2025,2025,1,1,1,0,1.0,1,1.0,1,2011,2011,0,0,1
v3_a_single_exposure_to_the_american_flag_s,ml1.12,2026,2026,1,1,0,0,,,,0,2011,2011,0,0,1
v3_a_single_system_account_of_the_relations,rpp.6,2008,2008,1,1,0,0,,,,0,2008,2008,0,0,3
v3_a_single_system_account_of_the_relations,rpp.6,2008,2008,1,1,0,0,,,,1,2008,2008,0,0,2
v3_a_single_system_account_of_the_relations,rpp.6,2008,2008,1,1,1,0,0.125,0,0.25,1,2008,2008,0,0,1
v3_a_single_system_account_of_the_relations,rpp.6,2008,2008,1,1,1,0,0.5,0.5,0.5,1,2008,2008,0,0,2
v3_a_single_system_account_of_the_relations,rpp.6,2008,2008,1,1,1,0,0.625,0.5,0.75,1,2008,2008,0,0,2
v3_a_single_system_account_of_the_relations,rpp.6,2009,2009,1,1,0,0,,,,1,2008,2008,0,0,1
v3_a_single_system_account_of_the_relations,rpp.6,2010,2010,1,1,0,0,,,,0,2008,2008,0,0,1
v3_a_single_system_account_of_the_relations,rpp.6,2010,2010,1,1,0,0,,,,1,2008,2008,0,0,4
v3_a_single_system_account_of_the_relations,rpp.6,2010,2010,1,1,1,0,0.125,0.25,0.0,1,2008,2008,0,0,1
v3_a_single_system_account_of_the_relations,rpp.6,2010,2010,1,1,1,0,0.25,0.25,0.25,0,2008,2008,0,0,1
v3_a_single_system_account_of_the_relations,rpp.6,2010,2010,1,1,1,0,0.25,0.25,0.25,1,2008,2008,0,0,4
v3_a_single_system_account_of_the_relations,rpp.6,2010,2010,1,1,1,0,0.375,0.25,0.5,1,2008,2008,0,0,1
v3_a_single_system_account_of_the_relations,rpp.6,2010,2010,1,1,1,0,0.5,0.5,0.5,0,2008,2008,0,0,1
v3_a_single_system_account_of_the_relations,rpp.6,2010,2010,1,1,1,0,0.5,0.5,0.5,1,2008,2008,0,0,3
v3_a_single_system_account_of_the_relations,rpp.6,2010,2010,1,1,1,0,0.625,0.5,0.75,1,2008,2008,0,0,1
v3_a_single_system_account_of_the_relations,rpp.6,2011,2011,1,1,0,0,,,,1,2008,2008,0,0,1
v3_a_single_system_account_of_the_relations,rpp.6,2012,2012,1,1,0,0,,,,0,2008,2008,0,0,7
v3_a_single_system_account_of_the_relations,rpp.6,2012,2012,1,1,0,0,,,,1,2008,2008,0,0,2
v3_a_single_system_account_of_the_relations,rpp.6,2012,2012,1,1,1,0,0.375,0.25,0.5,1,2008,2008,0,0,1
v3_a_single_system_account_of_the_relations,rpp.6,2012,2012,1,1,1,0,0.375,0.5,0.25,0,2008,2008,0,0,1
v3_a_single_system_account_of_the_relations,rpp.6,2012,2012,1,1,1,0,0.375,0.5,0.25,1,2008,2008,0,0,1
v3_a_single_system_account_of_the_relations,rpp.6,2012,2012,1,1,1,0,0.5,0.5,0.5,1,2008,2008,0,0,3
v3_a_single_system_account_of_the_relations,rpp.6,2012,2012,1,1,1,0,0.625,0.5,0.75,0,2008,2008,0,0,1
v3_a_single_system_account_of_the_relations,rpp.6,2013,2013,1,1,0,0,,,,0,2008,2008,0,0,1
v3_a_single_system_account_of_the_relations,rpp.6,2015,2015,1,1,0,0,,,,0,2008,2008,0,0,1
v3_a_single_system_account_of_the_relations,rpp.6,2016,2016,1,1,1,0,0.25,0.25,0.25,1,2008,2008,0,0,1
v3_a_single_system_account_of_the_relations,rpp.6,2017,2017,1,1,1,0,0.5,0.5,0.5,1,2008,2008,0,0,1
v3_a_single_system_account_of_the_relations,rpp.6,2017,2017,1,1,1,0,0.625,0.5,0.75,1,2008,2008,0,0,1
v3_a_single_system_account_of_the_relations,rpp.6,2017,2017,1,1,1,0,0.625,0.75,0.5,1,2008,2008,0,0,1
v3_a_single_system_account_of_the_relations,rpp.6,2017,2017,1,1,1,0,0.75,0.75,0.75,1,2008,2008,0,0,1
v3_a_single_system_account_of_the_relations,rpp.6,2018,2018,1,1,0,0,,,,1,2008,2008,0,0,1
v3_a_single_system_account_of_the_relations,rpp.6,2019,2019,1,1,0,0,,,,1,2008,2008,0,0,1
v3_a_single_system_account_of_the_relations,rpp.6,2019,2019,1,1,1,0,0.625,0.75,0.5,1,2008,2008,0,0,1
v3_a_single_system_account_of_the_relations,rpp.6,2021,2021,1,1,1,0,0.125,0.25,0.0,1,2008,2008,0,0,1
v3_a_single_system_account_of_the_relations,rpp.6,2021,2021,1,1,1,0,0.375,0.25,0.5,1,2008,2008,0,0,1
v3_a_single_system_account_of_the_relations,rpp.6,2022,2022,1,1,0,0,,,,0,2008,2008,0,0,1
v3_a_single_system_account_of_the_relations,rpp.6,2022,2022,1,1,1,0,0.5,0.5,0.5,1,2008,2008,0,0,1
v3_a_single_system_account_of_the_relations,rpp.6,2023,2023,1,1,0,0,,,,0,2008,2008,0,0,1
v3_a_single_system_account_of_the_relations,rpp.6,2024,2024,1,1,0,0,,,,1,2008,2008,0,0,1
v3_a_social_functional_approach_to_emotions,rpp.56,2008,2008,1,1,1,0,0.625,0.5,0.75,1,2008,2008,0,0,1
v3_a_social_functional_approach_to_emotions,rpp.56,2009,2009,1,1,0,0,,,,0,2008,2008,0,0,3
v3_a_social_functional_approach_to_emotions,rpp.56,2009,2009,1,1,0,0,,,,1,2008,2008,0,0,1
v3_a_social_functional_approach_to_emotions,rpp.56,2009,2009,1,1,1,0,0.375,0.5,0.25,1,2008,2008,0,0,1
v3_a_social_functional_approach_to_emotions,rpp.56,2009,2009,1,1,1,0,0.5,0.25,0.75,1,2008,2008,0,0,1
v3_a_social_functional_approach_to_emotions,rpp.56,2009,2009,1,1,1,0,0.75,0.5,1.0,1,2008,2008,0,0,1
v3_a_social_functional_approach_to_emotions,rpp.56,2010,2010,1,1,0,0,,,,1,2008,2008,0,0,2
v3_a_social_functional_approach_to_emotions,rpp.56,2010,2010,1,1,1,0,0.25,0.25,0.25,1,2008,2008,0,0,2
v3_a_social_functional_approach_to_emotions,rpp.56,2010,2010,1,1,1,0,0.375,0.25,0.5,1,2008,2008,0,0,1
v3_a_social_functional_approach_to_emotions,rpp.56,2010,2010,1,1,1,0,0.375,0.5,0.25,1,2008,2008,0,0,1
v3_a_social_functional_approach_to_emotions,rpp.56,2010,2010,1,1,1,0,0.5,0.5,0.5,1,2008,2008,0,0,1
v3_a_social_functional_approach_to_emotions,rpp.56,2011,2011,1,1,0,0,,,,0,2008,2008,0,0,3
v3_a_social_functional_approach_to_emotions,rpp.56,2011,2011,1,1,0,0,,,,1,2008,2008,0,0,6
v3_a_social_functional_approach_to_emotions,rpp.56,2011,2011,1,1,1,0,0.5,0.5,0.5,0,2008,2008,0,0,2
v3_a_social_functional_approach_to_emotions,rpp.56,2011,2011,1,1,1,0,0.5,0.5,0.5,1,2008,2008,0,0,2
v3_a_social_functional_approach_to_emotions,rpp.56,2011,2011,1,1,1,0,0.625,0.75,0.5,1,2008,2008,0,0,1
v3_a_social_functional_approach_to_emotions,rpp.56,2011,2011,1,1,1,0,0.75,0.5,1.0,1,2008,2008,0,0,1
v3_a_social_functional_approach_to_emotions,rpp.56,2011,2011,1,1,1,0,0.875,0.75,1.0,1,2008,2008,0,0,1
v3_a_social_functional_approach_to_emotions,rpp.56,2012,2012,1,1,0,0,,,,0,2008,2008,0,0,3
v3_a_social_functional_approach_to_emotions,rpp.56,2012,2012,1,1,0,0,,,,1,2008,2008,0,0,6
v3_a_social_functional_approach_to_emotions,rpp.56,2012,2012,1,1,1,0,0.125,0,0.25,1,2008,2008,0,0,1
v3_a_social_functional_approach_to_emotions,rpp.56,2012,2012,1,1,1,0,0.25,0.25,0.25,0,2008,2008,0,0,1
v3_a_social_functional_approach_to_emotions,rpp.56,2012,2012,1,1,1,0,0.25,0.25,0.25,1,2008,2008,0,0,1
v3_a_social_functional_approach_to_emotions,rpp.56,2012,2012,1,1,1,0,0.375,0.5,0.25,1,2008,2008,0,0,1
v3_a_social_functional_approach_to_emotions,rpp.56,2012,2012,1,1,1,0,0.5,0.5,0.5,1,2008,2008,0,0,1
v3_a_social_functional_approach_to_emotions,rpp.56,2012,2012,1,1,1,0,0.625,0.5,0.75,1,2008,2008,0,0,1
v3_a_social_functional_approach_to_emotions,rpp.56,2012,2012,1,1,1,0,0.625,0.75,0.5,1,2008,2008,0,0,1
v3_a_social_functional_approach_to_emotions,rpp.56,2012,2012,1,1,1,0,0.875,0.75,1.0,1,2008,2008,0,0,1
v3_a_social_functional_approach_to_emotions,rpp.56,2013,2013,1,1,0,0,,,,1,2008,2008,0,0,1
v3_a_social_functional_approach_to_emotions,rpp.56,2013,2013,1,1,1,0,0.0,0,0.0,0,2008,2008,0,0,1
v3_a_social_functional_approach_to_emotions,rpp.56,2013,2013,1,1,1,0,0.125,0,0.25,0,2008,2008,0,0,1
v3_a_social_functional_approach_to_emotions,rpp.56,2013,2013,1,1,1,0,0.125,0.25,0.0,1,2008,2008,0,0,2
v3_a_social_functional_approach_to_emotions,rpp.56,2013,2013,1,1,1,0,0.25,0,0.5,1,2008,2008,0,0,1
v3_a_social_functional_approach_to_emotions,rpp.56,2013,2013,1,1,1,0,0.25,0.25,0.25,1,2008,2008,0,0,1
v3_a_social_functional_approach_to_emotions,rpp.56,2013,2013,1,1,1,0,0.5,0.5,0.5,1,2008,2008,0,0,1
v3_a_social_functional_approach_to_emotions,rpp.56,2013,2013,1,1,1,0,0.625,0.75,0.5,1,2008,2008,0,0,1
v3_a_social_functional_approach_to_emotions,rpp.56,2013,2013,1,1,1,0,0.75,0.75,0.75,1,2008,2008,0,0,1
v3_a_social_functional_approach_to_emotions,rpp.56,2014,2014,1,1,0,0,,,,1,2008,2008,0,0,1
v3_a_social_functional_approach_to_emotions,rpp.56,2014,2014,1,1,1,0,0.25,0.25,0.25,1,2008,2008,0,0,1
v3_a_social_functional_approach_to_emotions,rpp.56,2014,2014,1,1,1,0,0.5,0.5,0.5,1,2008,2008,0,0,1
v3_a_social_functional_approach_to_emotions,rpp.56,2015,2015,1,1,0,0,,,,1,2008,2008,0,0,1
v3_a_social_functional_approach_to_emotions,rpp.56,2017,2017,1,1,0,0,,,,0,2008,2008,0,0,1
v3_a_social_functional_approach_to_emotions,rpp.56,2017,2017,1,1,0,0,,,,1,2008,2008,0,0,2
v3_a_social_functional_approach_to_emotions,rpp.56,2017,2017,1,1,1,0,0.5,0.25,0.75,1,2008,2008,0,0,1
v3_a_social_functional_approach_to_emotions,rpp.56,2017,2017,1,1,1,0,0.5,0.5,0.5,0,2008,2008,0,0,1
v3_a_social_functional_approach_to_emotions,rpp.56,2017,2017,1,1,1,0,0.5,0.75,0.25,1,2008,2008,0,0,1
v3_a_social_functional_approach_to_emotions,rpp.56,2017,2017,1,1,1,0,0.625,0.5,0.75,0,2008,2008,0,0,1
v3_a_social_functional_approach_to_emotions,rpp.56,2017,2017,1,1,1,0,0.75,0.75,0.75,0,2008,2008,0,0,1
v3_a_social_functional_approach_to_emotions,rpp.56,2018,2018,1,1,0,0,,,,1,2008,2008,0,0,1
v3_a_social_functional_approach_to_emotions,rpp.56,2018,2018,1,1,1,0,0.375,0.25,0.5,0,2008,2008,0,0,1
v3_a_social_functional_approach_to_emotions,rpp.56,2019,2019,1,1,0,0,,,,1,2008,2008,0,0,2
v3_a_social_functional_approach_to_emotions,rpp.56,2019,2019,1,1,1,0,0.25,0.25,0.25,1,2008,2008,0,0,1
v3_a_social_functional_approach_to_emotions,rpp.56,2019,2019,1,1,1,0,0.5,0.5,0.5,1,2008,2008,0,0,1
v3_a_social_functional_approach_to_emotions,rpp.56,2020,2020,1,1,0,0,,,,0,2008,2008,0,0,1
v3_a_social_functional_approach_to_emotions,rpp.56,2020,2020,1,1,0,0,,,,1,2008,2008,0,0,4
v3_a_social_functional_approach_to_emotions,rpp.56,2020,2020,1,1,1,0,0.25,0.25,0.25,1,2008,2008,0,0,2
v3_a_social_functional_approach_to_emotions,rpp.56,2020,2020,1,1,1,0,0.375,0.25,0.5,0,2008,2008,0,0,1
v3_a_social_functional_approach_to_emotions,rpp.56,2020,2020,1,1,1,0,0.375,0.25,0.5,1,2008,2008,0,0,1
v3_a_social_functional_approach_to_emotions,rpp.56,2020,2020,1,1,1,0,0.5,0.5,0.5,1,2008,2008,0,0,3
v3_a_social_functional_approach_to_emotions,rpp.56,2020,2020,1,1,1,0,0.5,0.75,0.25,1,2008,2008,0,0,1
v3_a_social_functional_approach_to_emotions,rpp.56,2020,2020,1,1,1,0,0.625,0.5,0.75,1,2008,2008,0,0,1
v3_a_social_functional_approach_to_emotions,rpp.56,2020,2020,1,1,1,0,0.625,0.75,0.5,0,2008,2008,0,0,1
v3_a_social_functional_approach_to_emotions,rpp.56,2020,2020,1,1,1,0,0.625,0.75,0.5,1,2008,2008,0,0,3
v3_a_social_functional_approach_to_emotions,rpp.56,2020,2020,1,1,1,0,1.0,1,1.0,1,2008,2008,0,0,1
v3_a_social_functional_approach_to_emotions,rpp.56,2021,2021,1,1,0,0,,,,0,2008,2008,0,0,1
v3_a_social_functional_approach_to_emotions,rpp.56,2021,2021,1,1,0,0,,,,1,2008,2008,0,0,3
v3_a_social_functional_approach_to_emotions,rpp.56,2021,2021,1,1,1,0,0.5,0.5,0.5,1,2008,2008,0,0,3
v3_a_social_functional_approach_to_emotions,rpp.56,2022,2022,1,1,0,0,,,,0,2008,2008,0,0,1
v3_a_social_functional_approach_to_emotions,rpp.56,2023,2023,1,1,0,0,,,,1,2008,2008,0,0,1
v3_a_social_functional_approach_to_emotions,rpp.56,2023,2023,1,1,1,0,0.5,0.25,0.75,0,2008,2008,0,0,1
v3_a_social_functional_approach_to_emotions,rpp.56,2023,2023,1,1,1,0,0.5,0.5,0.5,0,2008,2008,0,0,1
v3_a_social_functional_approach_to_emotions,rpp.56,2023,2023,1,1,1,0,0.5,0.5,0.5,1,2008,2008,0,0,2
v3_a_social_functional_approach_to_emotions,rpp.56,2023,2023,1,1,1,0,0.75,0.75,0.75,0,2008,2008,0,0,1
v3_a_social_functional_approach_to_emotions,rpp.56,2024,2024,1,1,0,0,,,,1,2008,2008,0,0,1
v3_a_social_functional_approach_to_emotions,rpp.56,2024,2024,1,1,1,0,0.0,0,0.0,1,2008,2008,0,0,1
v3_a_social_functional_approach_to_emotions,rpp.56,2024,2024,1,1,1,0,0.25,0.25,0.25,0,2008,2008,0,0,1
v3_a_social_functional_approach_to_emotions,rpp.56,2024,2024,1,1,1,0,0.5,0.5,0.5,1,2008,2008,0,0,1
v3_a_social_functional_approach_to_emotions,rpp.56,2024,2024,1,1,1,0,0.625,0.75,0.5,0,2008,2008,0,0,1
v3_a_social_functional_approach_to_emotions,rpp.56,2024,2024,1,1,1,0,0.625,0.75,0.5,1,2008,2008,0,0,1
v3_a_social_functional_approach_to_emotions,rpp.56,2025,2025,1,1,0,0,,,,0,2008,2008,0,0,2
v3_a_social_functional_approach_to_emotions,rpp.56,2025,2025,1,1,0,0,,,,1,2008,2008,0,0,4
v3_a_social_functional_approach_to_emotions,rpp.56,2025,2025,1,1,1,0,0.125,0,0.25,1,2008,2008,0,0,1
v3_a_social_functional_approach_to_emotions,rpp.56,2025,2025,1,1,1,0,0.375,0.25,0.5,1,2008,2008,0,0,2
v3_a_social_functional_approach_to_emotions,rpp.56,2025,2025,1,1,1,0,0.5,0.5,0.5,1,2008,2008,0,0,3
v3_a_social_functional_approach_to_emotions,rpp.56,2025,2025,1,1,1,0,0.75,0.5,1.0,1,2008,2008,0,0,1
v3_a_social_functional_approach_to_emotions,rpp.56,2025,2025,1,1,1,0,0.75,0.75,0.75,1,2008,2008,0,0,2
v3_a_social_functional_approach_to_emotions,rpp.56,2025,2025,1,1,1,0,0.75,1,0.5,1,2008,2008,0,0,1
v3_a_social_functional_approach_to_emotions,rpp.56,2026,2026,1,1,1,0,0.375,0.25,0.5,0,2008,2008,0,0,1
v3_a_social_functional_approach_to_emotions,rpp.56,2026,2026,1,1,1,0,0.625,0.75,0.5,1,2008,2008,0,0,1
v3_a_social_functional_approach_to_emotions,rpp.56,2026,2026,1,1,1,0,0.75,0.75,0.75,0,2008,2008,0,0,1
v3_a_word_order_constraint_on_phonological_,rpp.146,2009,2009,1,1,0,0,,,,0,2008,2008,0,0,2
v3_a_word_order_constraint_on_phonological_,rpp.146,2009,2009,1,1,0,0,,,,1,2008,2008,0,0,2
v3_a_word_order_constraint_on_phonological_,rpp.146,2010,2010,1,1,1,0,0.625,0.5,0.75,1,2008,2008,0,0,1
v3_a_word_order_constraint_on_phonological_,rpp.146,2011,2011,1,1,0,0,,,,0,2008,2008,0,0,3
v3_a_word_order_constraint_on_phonological_,rpp.146,2011,2011,1,1,0,0,,,,1,2008,2008,0,0,2
v3_a_word_order_constraint_on_phonological_,rpp.146,2011,2011,1,1,1,0,0.375,0.25,0.5,1,2008,2008,0,0,1
v3_a_word_order_constraint_on_phonological_,rpp.146,2011,2011,1,1,1,0,0.375,0.5,0.25,0,2008,2008,0,0,1
v3_a_word_order_constraint_on_phonological_,rpp.146,2011,2011,1,1,1,0,0.375,0.5,0.25,1,2008,2008,0,0,2
v3_a_word_order_constraint_on_phonological_,rpp.146,2011,2011,1,1,1,0,0.5,0.5,0.5,0,2008,2008,0,0,1
v3_a_word_order_constraint_on_phonological_,rpp.146,2011,2011,1,1,1,0,0.5,0.5,0.5,1,2008,2008,0,0,3
v3_a_word_order_constraint_on_phonological_,rpp.146,2012,2012,1,1,0,0,,,,1,2008,2008,0,0,4
v3_a_word_order_constraint_on_phonological_,rpp.146,2014,2014,1,1,0,0,,,,1,2008,2008,0,0,2
v3_a_word_order_constraint_on_phonological_,rpp.146,2014,2014,1,1,1,0,0.25,0.25,0.25,1,2008,2008,0,0,2
v3_a_word_order_constraint_on_phonological_,rpp.146,2014,2014,1,1,1,0,0.375,0.25,0.5,1,2008,2008,0,0,1
v3_a_word_order_constraint_on_phonological_,rpp.146,2014,2014,1,1,1,0,0.375,0.5,0.25,1,2008,2008,0,0,3
v3_a_word_order_constraint_on_phonological_,rpp.146,2014,2014,1,1,1,0,0.5,0.5,0.5,1,2008,2008,0,0,1
v3_a_word_order_constraint_on_phonological_,rpp.146,2014,2014,1,1,1,0,0.625,0.5,0.75,1,2008,2008,0,0,1
v3_a_word_order_constraint_on_phonological_,rpp.146,2015,2015,1,1,0,0,,,,0,2008,2008,0,0,1
v3_a_word_order_constraint_on_phonological_,rpp.146,2015,2015,1,1,1,0,0.5,0.5,0.5,0,2008,2008,0,0,3
v3_a_word_order_constraint_on_phonological_,rpp.146,2015,2015,1,1,1,0,0.5,0.5,0.5,1,2008,2008,0,0,1
v3_a_word_order_constraint_on_phonological_,rpp.146,2016,2016,1,1,0,0,,,,0,2008,2008,0,0,1
v3_a_word_order_constraint_on_phonological_,rpp.146,2016,2016,1,1,1,0,0.25,0.25,0.25,1,2008,2008,0,0,2
v3_a_word_order_constraint_on_phonological_,rpp.146,2016,2016,1,1,1,0,0.5,0.5,0.5,1,2008,2008,0,0,1
v3_accelerated_relearning_after_retrieval_i,rpp.4,2009,2009,1,1,0,0,,,,0,2008,2008,0,0,1
v3_accelerated_relearning_after_retrieval_i,rpp.4,2009,2009,1,1,0,0,,,,1,2008,2008,0,0,5
v3_accelerated_relearning_after_retrieval_i,rpp.4,2010,2010,1,1,0,0,,,,1,2008,2008,0,0,1
v3_accelerated_relearning_after_retrieval_i,rpp.4,2010,2010,1,1,1,0,0.875,0.75,1.0,1,2008,2008,0,0,1
v3_accelerated_relearning_after_retrieval_i,rpp.4,2011,2011,1,1,0,0,,,,1,2008,2008,0,0,2
v3_accelerated_relearning_after_retrieval_i,rpp.4,2011,2011,1,1,1,0,0.25,0.25,0.25,1,2008,2008,0,0,1
v3_accelerated_relearning_after_retrieval_i,rpp.4,2011,2011,1,1,1,0,0.625,0.75,0.5,1,2008,2008,0,0,1
v3_accelerated_relearning_after_retrieval_i,rpp.4,2011,2011,1,1,1,0,1.0,1,1.0,1,2008,2008,0,0,1
v3_accelerated_relearning_after_retrieval_i,rpp.4,2012,2012,1,1,0,0,,,,1,2008,2008,0,0,3
v3_accelerated_relearning_after_retrieval_i,rpp.4,2012,2012,1,1,1,0,0.25,0.25,0.25,0,2008,2008,0,0,1
v3_accelerated_relearning_after_retrieval_i,rpp.4,2012,2012,1,1,1,0,0.375,0.5,0.25,1,2008,2008,0,0,1
v3_accelerated_relearning_after_retrieval_i,rpp.4,2012,2012,1,1,1,0,0.5,0.5,0.5,0,2008,2008,0,0,1
v3_accelerated_relearning_after_retrieval_i,rpp.4,2012,2012,1,1,1,0,0.5,0.5,0.5,1,2008,2008,0,0,3
v3_accelerated_relearning_after_retrieval_i,rpp.4,2012,2012,1,1,1,0,0.625,0.5,0.75,0,2008,2008,0,0,1
v3_accelerated_relearning_after_retrieval_i,rpp.4,2012,2012,1,1,1,0,0.625,0.5,0.75,1,2008,2008,0,0,2
v3_accelerated_relearning_after_retrieval_i,rpp.4,2012,2012,1,1,1,0,0.75,0.75,0.75,0,2008,2008,0,0,1
v3_accelerated_relearning_after_retrieval_i,rpp.4,2013,2013,1,1,0,0,,,,1,2008,2008,0,0,2
v3_accelerated_relearning_after_retrieval_i,rpp.4,2013,2013,1,1,1,0,0.25,0.25,0.25,1,2008,2008,0,0,1
v3_accelerated_relearning_after_retrieval_i,rpp.4,2013,2013,1,1,1,0,0.375,0.25,0.5,1,2008,2008,0,0,1
v3_accelerated_relearning_after_retrieval_i,rpp.4,2013,2013,1,1,1,0,0.625,0.5,0.75,0,2008,2008,0,0,1
v3_accelerated_relearning_after_retrieval_i,rpp.4,2014,2014,1,1,0,0,,,,0,2008,2008,0,0,1
v3_accelerated_relearning_after_retrieval_i,rpp.4,2014,2014,1,1,0,0,,,,1,2008,2008,0,0,2
v3_accelerated_relearning_after_retrieval_i,rpp.4,2015,2015,1,1,0,0,,,,0,2008,2008,0,0,2
v3_accelerated_relearning_after_retrieval_i,rpp.4,2015,2015,1,1,1,0,0.125,0,0.25,1,2008,2008,0,0,1
v3_accelerated_relearning_after_retrieval_i,rpp.4,2015,2015,1,1,1,0,0.5,0.5,0.5,0,2008,2008,0,0,1
v3_accelerated_relearning_after_retrieval_i,rpp.4,2015,2015,1,1,1,0,0.625,0.5,0.75,1,2008,2008,0,0,1
v3_accelerated_relearning_after_retrieval_i,rpp.4,2016,2016,1,1,1,0,0.25,0.25,0.25,1,2008,2008,0,0,1
v3_accelerated_relearning_after_retrieval_i,rpp.4,2017,2017,1,1,0,0,,,,1,2008,2008,0,0,1
v3_accelerated_relearning_after_retrieval_i,rpp.4,2017,2017,1,1,1,0,0.25,0.25,0.25,1,2008,2008,0,0,1
v3_accelerated_relearning_after_retrieval_i,rpp.4,2017,2017,1,1,1,0,0.375,0.5,0.25,0,2008,2008,0,0,1
v3_accelerated_relearning_after_retrieval_i,rpp.4,2017,2017,1,1,1,0,0.75,1,0.5,1,2008,2008,0,0,1
v3_accelerated_relearning_after_retrieval_i,rpp.4,2019,2019,1,1,1,0,0.5,0.5,0.5,1,2008,2008,0,0,1
v3_accelerated_relearning_after_retrieval_i,rpp.4,2020,2020,1,1,0,0,,,,1,2008,2008,0,0,1
v3_accelerated_relearning_after_retrieval_i,rpp.4,2020,2020,1,1,1,0,0.125,0.25,0.0,1,2008,2008,0,0,1
v3_accelerated_relearning_after_retrieval_i,rpp.4,2020,2020,1,1,1,0,0.375,0.25,0.5,1,2008,2008,0,0,1
v3_accelerated_relearning_after_retrieval_i,rpp.4,2020,2020,1,1,1,0,0.5,0.25,0.75,1,2008,2008,0,0,1
v3_accelerated_relearning_after_retrieval_i,rpp.4,2020,2020,1,1,1,0,0.625,0.5,0.75,1,2008,2008,0,0,1
v3_accelerated_relearning_after_retrieval_i,rpp.4,2020,2020,1,1,1,0,0.75,0.75,0.75,1,2008,2008,0,0,1
v3_accelerated_relearning_after_retrieval_i,rpp.4,2021,2021,1,1,0,0,,,,1,2008,2008,0,0,1
v3_accelerated_relearning_after_retrieval_i,rpp.4,2022,2022,1,1,1,0,0.0,0,0.0,1,2008,2008,0,0,1
v3_accelerated_relearning_after_retrieval_i,rpp.4,2022,2022,1,1,1,0,0.375,0.25,0.5,1,2008,2008,0,0,1
v3_accelerated_relearning_after_retrieval_i,rpp.4,2022,2022,1,1,1,0,0.375,0.75,0.0,1,2008,2008,0,0,1
v3_accelerated_relearning_after_retrieval_i,rpp.4,2022,2022,1,1,1,0,0.75,0.75,0.75,1,2008,2008,0,0,1
v3_accelerated_relearning_after_retrieval_i,rpp.4,2022,2022,1,1,1,0,0.875,0.75,1.0,0,2008,2008,0,0,1
v3_accelerated_relearning_after_retrieval_i,rpp.4,2023,2023,1,1,1,0,0.625,0.75,0.5,1,2008,2008,0,0,1
v3_accelerated_relearning_after_retrieval_i,rpp.4,2024,2024,1,1,0,0,,,,0,2008,2008,0,0,1
v3_accelerated_relearning_after_retrieval_i,rpp.4,2024,2024,1,1,0,0,,,,1,2008,2008,0,0,1
v3_accelerated_relearning_after_retrieval_i,rpp.4,2024,2024,1,1,1,0,0.25,0.25,0.25,1,2008,2008,0,0,1
v3_accelerated_relearning_after_retrieval_i,rpp.4,2024,2024,1,1,1,0,0.5,0.75,0.25,0,2008,2008,0,0,1
v3_accelerated_relearning_after_retrieval_i,rpp.4,2024,2024,1,1,1,0,0.625,0.75,0.5,1,2008,2008,0,0,1
v3_accelerated_relearning_after_retrieval_i,rpp.4,2024,2024,1,1,1,0,0.875,0.75,1.0,1,2008,2008,0,0,1
v3_accelerated_relearning_after_retrieval_i,rpp.4,2025,2025,1,1,0,0,,,,0,2008,2008,0,0,1
v3_accelerated_relearning_after_retrieval_i,rpp.4,2025,2025,1,1,0,0,,,,1,2008,2008,0,0,4
v3_accelerated_relearning_after_retrieval_i,rpp.4,2025,2025,1,1,1,0,0.25,0.25,0.25,0,2008,2008,0,0,2
v3_accelerated_relearning_after_retrieval_i,rpp.4,2025,2025,1,1,1,0,0.25,0.25,0.25,1,2008,2008,0,0,2
v3_accelerated_relearning_after_retrieval_i,rpp.4,2025,2025,1,1,1,0,0.375,0.5,0.25,0,2008,2008,0,0,1
v3_accelerated_relearning_after_retrieval_i,rpp.4,2025,2025,1,1,1,0,0.5,0.5,0.5,1,2008,2008,0,0,2
v3_accelerated_relearning_after_retrieval_i,rpp.4,2025,2025,1,1,1,0,0.625,0.5,0.75,1,2008,2008,0,0,2
v3_across_notation_automatic_numerical_proc,rpp.10,2008,2008,1,1,0,0,,,,1,2008,2008,0,0,1
v3_across_notation_automatic_numerical_proc,rpp.10,2008,2008,1,1,1,0,0.25,0.25,0.25,1,2008,2008,0,0,1
v3_across_notation_automatic_numerical_proc,rpp.10,2008,2008,1,1,1,0,1.0,1,1.0,1,2008,2008,0,0,1
v3_across_notation_automatic_numerical_proc,rpp.10,2009,2009,1,1,0,0,,,,0,2008,2008,0,0,7
v3_across_notation_automatic_numerical_proc,rpp.10,2009,2009,1,1,0,0,,,,1,2008,2008,0,0,4
v3_across_notation_automatic_numerical_proc,rpp.10,2009,2009,1,1,1,0,0.5,0.5,0.5,1,2008,2008,0,0,3
v3_across_notation_automatic_numerical_proc,rpp.10,2009,2009,1,1,1,0,0.625,0.5,0.75,1,2008,2008,0,0,1
v3_across_notation_automatic_numerical_proc,rpp.10,2009,2009,1,1,1,0,0.625,0.75,0.5,0,2008,2008,0,0,1
v3_across_notation_automatic_numerical_proc,rpp.10,2009,2009,1,1,1,0,0.75,0.75,0.75,1,2008,2008,0,0,1
v3_across_notation_automatic_numerical_proc,rpp.10,2010,2010,1,1,0,0,,,,1,2008,2008,0,0,1
v3_across_notation_automatic_numerical_proc,rpp.10,2010,2010,1,1,1,0,0.625,0.75,0.5,1,2008,2008,0,0,1
v3_across_notation_automatic_numerical_proc,rpp.10,2010,2010,1,1,1,0,0.75,0.5,1.0,1,2008,2008,0,0,1
v3_across_notation_automatic_numerical_proc,rpp.10,2011,2011,1,1,0,0,,,,1,2008,2008,0,0,8
v3_across_notation_automatic_numerical_proc,rpp.10,2011,2011,1,1,1,0,0.375,0.5,0.25,0,2008,2008,0,0,1
v3_across_notation_automatic_numerical_proc,rpp.10,2011,2011,1,1,1,0,0.5,0.5,0.5,0,2008,2008,0,0,2
v3_across_notation_automatic_numerical_proc,rpp.10,2011,2011,1,1,1,0,0.5,0.5,0.5,1,2008,2008,0,0,1
v3_across_notation_automatic_numerical_proc,rpp.10,2011,2011,1,1,1,0,0.625,0.25,1.0,0,2008,2008,0,0,1
v3_across_notation_automatic_numerical_proc,rpp.10,2012,2012,1,1,0,0,,,,1,2008,2008,0,0,2
v3_across_notation_automatic_numerical_proc,rpp.10,2012,2012,1,1,1,0,0.25,0.25,0.25,0,2008,2008,0,0,1
v3_across_notation_automatic_numerical_proc,rpp.10,2012,2012,1,1,1,0,0.25,0.25,0.25,1,2008,2008,0,0,1
v3_across_notation_automatic_numerical_proc,rpp.10,2012,2012,1,1,1,0,0.375,0.25,0.5,1,2008,2008,0,0,1
v3_across_notation_automatic_numerical_proc,rpp.10,2012,2012,1,1,1,0,0.5,0.5,0.5,0,2008,2008,0,0,1
v3_across_notation_automatic_numerical_proc,rpp.10,2012,2012,1,1,1,0,0.5,0.5,0.5,1,2008,2008,0,0,1
v3_across_notation_automatic_numerical_proc,rpp.10,2012,2012,1,1,1,0,0.5,0.75,0.25,1,2008,2008,0,0,2
v3_across_notation_automatic_numerical_proc,rpp.10,2012,2012,1,1,1,0,1.0,1,1.0,1,2008,2008,0,0,1
v3_across_notation_automatic_numerical_proc,rpp.10,2014,2014,1,1,1,0,0.5,0.5,0.5,1,2008,2008,0,0,1
v3_across_notation_automatic_numerical_proc,rpp.10,2015,2015,1,1,0,0,,,,0,2008,2008,0,0,1
v3_across_notation_automatic_numerical_proc,rpp.10,2015,2015,1,1,1,0,0.5,0.5,0.5,1,2008,2008,0,0,1
v3_across_notation_automatic_numerical_proc,rpp.10,2015,2015,1,1,1,0,0.75,0.75,0.75,1,2008,2008,0,0,1
v3_across_notation_automatic_numerical_proc,rpp.10,2016,2016,1,1,0,0,,,,0,2008,2008,0,0,1
v3_across_notation_automatic_numerical_proc,rpp.10,2017,2017,1,1,0,0,,,,0,2008,2008,0,0,3
v3_across_notation_automatic_numerical_proc,rpp.10,2017,2017,1,1,0,0,,,,1,2008,2008,0,0,1
v3_across_notation_automatic_numerical_proc,rpp.10,2017,2017,1,1,1,0,0.5,0.5,0.5,1,2008,2008,0,0,1
v3_across_notation_automatic_numerical_proc,rpp.10,2017,2019,2,2,0,0,,,,0,2008,2008,0,0,1
v3_across_notation_automatic_numerical_proc,rpp.10,2017,2019,2,2,1,0,0.5,0.5,0.5,1,2008,2008,0,0,1
v3_across_notation_automatic_numerical_proc,rpp.10,2017,2019,2,2,1,0,0.875,0.75,1.0,1,2008,2008,0,0,1
v3_across_notation_automatic_numerical_proc,rpp.10,2018,2018,1,1,1,0,0.5,0.5,0.5,1,2008,2008,0,0,2
v3_across_notation_automatic_numerical_proc,rpp.10,2019,2019,1,1,0,0,,,,1,2008,2008,0,0,1
v3_across_notation_automatic_numerical_proc,rpp.10,2021,2021,1,1,0,0,,,,1,2008,2008,0,0,1
v3_across_notation_automatic_numerical_proc,rpp.10,2022,2022,1,1,0,0,,,,1,2008,2008,0,0,1
v3_across_notation_automatic_numerical_proc,rpp.10,2022,2022,1,1,1,0,0.5,0.5,0.5,0,2008,2008,0,0,1
v3_across_notation_automatic_numerical_proc,rpp.10,2024,2024,1,1,0,0,,,,0,2008,2008,0,0,1
v3_across_notation_automatic_numerical_proc,rpp.10,2024,2024,1,1,1,0,0.5,0.5,0.5,1,2008,2008,0,0,1
v3_action_dynamics_reveal_parallel_competit,rpp.112,2008,2008,1,1,0,0,,,,0,2008,2008,0,0,1
v3_action_dynamics_reveal_parallel_competit,rpp.112,2008,2008,1,1,0,0,,,,1,2008,2008,0,0,6
v3_action_dynamics_reveal_parallel_competit,rpp.112,2008,2008,1,1,1,0,0.0,0,0.0,1,2008,2008,0,0,1
v3_action_dynamics_reveal_parallel_competit,rpp.112,2008,2008,1,1,1,0,0.25,0.25,0.25,0,2008,2008,0,0,1
v3_action_dynamics_reveal_parallel_competit,rpp.112,2009,2009,1,1,0,0,,,,1,2008,2008,0,0,3
v3_action_dynamics_reveal_parallel_competit,rpp.112,2009,2009,1,1,1,0,0.25,0.25,0.25,1,2008,2008,0,0,1
v3_action_dynamics_reveal_parallel_competit,rpp.112,2009,2009,1,1,1,0,0.375,0.25,0.5,1,2008,2008,0,0,1
v3_action_dynamics_reveal_parallel_competit,rpp.112,2009,2009,1,1,1,0,0.625,0.5,0.75,1,2008,2008,0,0,1
v3_action_dynamics_reveal_parallel_competit,rpp.112,2009,2009,1,1,1,0,0.625,0.75,0.5,1,2008,2008,0,0,2
v3_action_dynamics_reveal_parallel_competit,rpp.112,2010,2010,1,1,0,0,,,,0,2008,2008,0,0,2
v3_action_dynamics_reveal_parallel_competit,rpp.112,2010,2010,1,1,0,0,,,,1,2008,2008,0,0,4
v3_action_dynamics_reveal_parallel_competit,rpp.112,2010,2010,1,1,1,0,0.25,0.25,0.25,0,2008,2008,0,0,1
v3_action_dynamics_reveal_parallel_competit,rpp.112,2010,2010,1,1,1,0,0.25,0.25,0.25,1,2008,2008,0,0,3
v3_action_dynamics_reveal_parallel_competit,rpp.112,2010,2010,1,1,1,0,0.625,0.5,0.75,1,2008,2008,0,0,1
v3_action_dynamics_reveal_parallel_competit,rpp.112,2010,2010,1,1,1,0,0.625,0.75,0.5,1,2008,2008,0,0,1
v3_action_dynamics_reveal_parallel_competit,rpp.112,2011,2011,1,1,0,0,,,,0,2008,2008,0,0,2
v3_action_dynamics_reveal_parallel_competit,rpp.112,2011,2011,1,1,0,0,,,,1,2008,2008,0,0,3
v3_action_dynamics_reveal_parallel_competit,rpp.112,2011,2011,1,1,1,0,0.375,0.75,0.0,0,2008,2008,0,0,1
v3_action_dynamics_reveal_parallel_competit,rpp.112,2011,2011,1,1,1,0,0.5,0.5,0.5,1,2008,2008,0,0,2
v3_action_dynamics_reveal_parallel_competit,rpp.112,2012,2012,1,1,0,0,,,,1,2008,2008,0,0,1
v3_action_dynamics_reveal_parallel_competit,rpp.112,2012,2012,1,1,1,0,0.25,0.25,0.25,1,2008,2008,0,0,2
v3_action_dynamics_reveal_parallel_competit,rpp.112,2012,2012,1,1,1,0,0.5,0.5,0.5,0,2008,2008,0,0,1
v3_action_dynamics_reveal_parallel_competit,rpp.112,2012,2012,1,1,1,0,0.75,0.75,0.75,0,2008,2008,0,0,1
v3_action_dynamics_reveal_parallel_competit,rpp.112,2013,2013,1,1,0,0,,,,0,2008,2008,0,0,1
v3_action_dynamics_reveal_parallel_competit,rpp.112,2013,2013,1,1,0,0,,,,1,2008,2008,0,0,5
v3_action_dynamics_reveal_parallel_competit,rpp.112,2013,2013,1,1,1,0,0.5,0.5,0.5,0,2008,2008,0,0,1
v3_action_dynamics_reveal_parallel_competit,rpp.112,2013,2013,1,1,1,0,0.5,0.5,0.5,1,2008,2008,0,0,2
v3_action_dynamics_reveal_parallel_competit,rpp.112,2013,2013,1,1,1,0,0.625,0.75,0.5,1,2008,2008,0,0,1
v3_action_dynamics_reveal_parallel_competit,rpp.112,2014,2014,1,1,0,0,,,,0,2008,2008,0,0,3
v3_action_dynamics_reveal_parallel_competit,rpp.112,2014,2014,1,1,0,0,,,,1,2008,2008,0,0,2
v3_action_dynamics_reveal_parallel_competit,rpp.112,2014,2014,1,1,1,0,0.25,0.25,0.25,1,2008,2008,0,0,1
v3_action_dynamics_reveal_parallel_competit,rpp.112,2015,2015,1,1,0,0,,,,0,2008,2008,0,0,4
v3_action_dynamics_reveal_parallel_competit,rpp.112,2015,2015,1,1,0,0,,,,1,2008,2008,0,0,3
v3_action_dynamics_reveal_parallel_competit,rpp.112,2015,2015,1,1,1,0,0.125,0,0.25,1,2008,2008,0,0,1
v3_action_dynamics_reveal_parallel_competit,rpp.112,2015,2015,1,1,1,0,0.25,0.25,0.25,0,2008,2008,0,0,1
v3_action_dynamics_reveal_parallel_competit,rpp.112,2015,2015,1,1,1,0,0.5,0.5,0.5,1,2008,2008,0,0,3
v3_action_dynamics_reveal_parallel_competit,rpp.112,2015,2015,1,1,1,0,0.5,0.75,0.25,1,2008,2008,0,0,1
v3_action_dynamics_reveal_parallel_competit,rpp.112,2015,2015,1,1,1,0,0.625,0.75,0.5,1,2008,2008,0,0,1
v3_action_dynamics_reveal_parallel_competit,rpp.112,2015,2015,1,1,1,0,0.75,0.75,0.75,1,2008,2008,0,0,1
v3_action_dynamics_reveal_parallel_competit,rpp.112,2015,2015,1,1,1,0,0.875,0.75,1.0,1,2008,2008,0,0,1
v3_action_dynamics_reveal_parallel_competit,rpp.112,2016,2016,1,1,0,0,,,,0,2008,2008,0,0,3
v3_action_dynamics_reveal_parallel_competit,rpp.112,2016,2016,1,1,0,0,,,,1,2008,2008,0,0,3
v3_action_dynamics_reveal_parallel_competit,rpp.112,2016,2016,1,1,1,0,0.5,0.5,0.5,1,2008,2008,0,0,2
v3_action_dynamics_reveal_parallel_competit,rpp.112,2017,2017,1,1,0,0,,,,0,2008,2008,0,0,3
v3_action_dynamics_reveal_parallel_competit,rpp.112,2017,2017,1,1,0,0,,,,1,2008,2008,0,0,2
v3_action_dynamics_reveal_parallel_competit,rpp.112,2017,2017,1,1,1,0,0.25,0.25,0.25,0,2008,2008,0,0,1
v3_action_dynamics_reveal_parallel_competit,rpp.112,2017,2017,1,1,1,0,0.625,0.75,0.5,1,2008,2008,0,0,1
v3_action_dynamics_reveal_parallel_competit,rpp.112,2018,2018,1,1,0,0,,,,0,2008,2008,0,0,1
v3_action_dynamics_reveal_parallel_competit,rpp.112,2018,2018,1,1,0,0,,,,1,2008,2008,0,0,10
v3_action_dynamics_reveal_parallel_competit,rpp.112,2018,2018,1,1,1,0,0.375,0.25,0.5,1,2008,2008,0,0,1
v3_action_dynamics_reveal_parallel_competit,rpp.112,2018,2018,1,1,1,0,0.75,0.75,0.75,1,2008,2008,0,0,1
v3_action_dynamics_reveal_parallel_competit,rpp.112,2019,2019,1,1,0,0,,,,0,2008,2008,0,0,2
v3_action_dynamics_reveal_parallel_competit,rpp.112,2019,2019,1,1,0,0,,,,1,2008,2008,0,0,3
v3_action_dynamics_reveal_parallel_competit,rpp.112,2019,2019,1,1,1,0,0.625,0.5,0.75,1,2008,2008,0,0,1
v3_action_dynamics_reveal_parallel_competit,rpp.112,2019,2019,1,1,1,0,0.625,0.75,0.5,0,2008,2008,0,0,1
v3_action_dynamics_reveal_parallel_competit,rpp.112,2019,2019,1,1,1,0,0.75,0.75,0.75,1,2008,2008,0,0,1
v3_action_dynamics_reveal_parallel_competit,rpp.112,2020,2020,1,1,0,0,,,,0,2008,2008,0,0,5
v3_action_dynamics_reveal_parallel_competit,rpp.112,2020,2020,1,1,0,0,,,,1,2008,2008,0,0,6
v3_action_dynamics_reveal_parallel_competit,rpp.112,2020,2020,1,1,1,0,0.0,0,0.0,1,2008,2008,0,0,1
v3_action_dynamics_reveal_parallel_competit,rpp.112,2020,2020,1,1,1,0,0.5,0.25,0.75,0,2008,2008,0,0,1
v3_action_dynamics_reveal_parallel_competit,rpp.112,2020,2020,1,1,1,0,0.5,0.5,0.5,0,2008,2008,0,0,1
v3_action_dynamics_reveal_parallel_competit,rpp.112,2020,2020,1,1,1,0,0.5,0.5,0.5,1,2008,2008,0,0,1
v3_action_dynamics_reveal_parallel_competit,rpp.112,2020,2020,1,1,1,0,0.75,0.75,0.75,1,2008,2008,0,0,2
v3_action_dynamics_reveal_parallel_competit,rpp.112,2020,2020,1,1,1,0,0.875,0.75,1.0,1,2008,2008,0,0,1
v3_action_dynamics_reveal_parallel_competit,rpp.112,2021,2021,1,1,0,0,,,,0,2008,2008,0,0,4
v3_action_dynamics_reveal_parallel_competit,rpp.112,2021,2021,1,1,0,0,,,,1,2008,2008,0,0,4
v3_action_dynamics_reveal_parallel_competit,rpp.112,2021,2021,1,1,1,0,0.5,0.5,0.5,1,2008,2008,0,0,1
v3_action_dynamics_reveal_parallel_competit,rpp.112,2021,2021,1,1,1,0,0.625,0.75,0.5,1,2008,2008,0,0,1
v3_action_dynamics_reveal_parallel_competit,rpp.112,2021,2021,1,1,1,0,0.75,0.5,1.0,1,2008,2008,0,0,1
v3_action_dynamics_reveal_parallel_competit,rpp.112,2022,2022,1,1,0,0,,,,0,2008,2008,0,0,2
v3_action_dynamics_reveal_parallel_competit,rpp.112,2022,2022,1,1,0,0,,,,1,2008,2008,0,0,2
v3_action_dynamics_reveal_parallel_competit,rpp.112,2022,2022,1,1,1,0,0.375,0.5,0.25,1,2008,2008,0,0,1
v3_action_dynamics_reveal_parallel_competit,rpp.112,2023,2023,1,1,0,0,,,,0,2008,2008,0,0,3
v3_action_dynamics_reveal_parallel_competit,rpp.112,2023,2023,1,1,0,0,,,,1,2008,2008,0,0,7
v3_action_dynamics_reveal_parallel_competit,rpp.112,2023,2023,1,1,1,0,0.5,0.5,0.5,1,2008,2008,0,0,2
v3_action_dynamics_reveal_parallel_competit,rpp.112,2023,2023,1,1,1,0,0.625,0.5,0.75,0,2008,2008,0,0,1
v3_action_dynamics_reveal_parallel_competit,rpp.112,2023,2023,1,1,1,0,0.625,0.75,0.5,1,2008,2008,0,0,1
v3_action_dynamics_reveal_parallel_competit,rpp.112,2024,2024,1,1,0,0,,,,0,2008,2008,0,0,2
v3_action_dynamics_reveal_parallel_competit,rpp.112,2024,2024,1,1,0,0,,,,1,2008,2008,0,0,1
v3_action_dynamics_reveal_parallel_competit,rpp.112,2024,2024,1,1,1,0,0.5,0.5,0.5,0,2008,2008,0,0,1
v3_action_dynamics_reveal_parallel_competit,rpp.112,2025,2025,1,1,0,0,,,,0,2008,2008,0,0,2
v3_action_dynamics_reveal_parallel_competit,rpp.112,2025,2025,1,1,0,0,,,,1,2008,2008,0,0,1
v3_action_dynamics_reveal_parallel_competit,rpp.112,2025,2025,1,1,1,0,0.25,0.25,0.25,1,2008,2008,0,0,1
v3_action_dynamics_reveal_parallel_competit,rpp.112,2025,2025,1,1,1,0,0.5,0.5,0.5,0,2008,2008,0,0,1
v3_action_dynamics_reveal_parallel_competit,rpp.112,2025,2025,1,1,1,0,0.75,0.75,0.75,1,2008,2008,0,0,1
v3_action_dynamics_reveal_parallel_competit,rpp.112,2026,2026,1,1,0,0,,,,0,2008,2008,0,0,1
v3_action_dynamics_reveal_parallel_competit,rpp.112,2026,2026,1,1,1,0,0.375,0.5,0.25,1,2008,2008,0,0,1
v3_affective_incoherence_when_affective_con,rpp.52,2009,2009,1,1,0,0,,,,0,2008,2008,0,0,2
v3_affective_incoherence_when_affective_con,rpp.52,2009,2009,1,1,1,0,0.5,0.5,0.5,0,2008,2008,0,0,1
v3_affective_incoherence_when_affective_con,rpp.52,2009,2009,1,1,1,0,0.625,0.5,0.75,0,2008,2008,0,0,1
v3_affective_incoherence_when_affective_con,rpp.52,2010,2010,1,1,0,0,,,,0,2008,2008,0,0,3
v3_affective_incoherence_when_affective_con,rpp.52,2011,2011,1,1,1,0,0.5,0.5,0.5,1,2008,2008,0,0,2
v3_affective_incoherence_when_affective_con,rpp.52,2011,2011,1,1,1,0,0.625,0.5,0.75,1,2008,2008,0,0,1
v3_affective_incoherence_when_affective_con,rpp.52,2011,2011,1,1,1,0,0.75,0.75,0.75,1,2008,2008,0,0,1
v3_affective_incoherence_when_affective_con,rpp.52,2011,2011,1,1,1,0,0.875,0.75,1.0,1,2008,2008,0,0,1
v3_affective_incoherence_when_affective_con,rpp.52,2012,2012,1,1,1,0,0.5,0.5,0.5,1,2008,2008,0,0,1
v3_affective_incoherence_when_affective_con,rpp.52,2013,2013,1,1,0,0,,,,0,2008,2008,0,0,3
v3_affective_incoherence_when_affective_con,rpp.52,2013,2013,1,1,0,0,,,,1,2008,2008,0,0,7
v3_affective_incoherence_when_affective_con,rpp.52,2013,2013,1,1,1,0,0.125,0,0.25,1,2008,2008,0,0,1
v3_affective_incoherence_when_affective_con,rpp.52,2013,2013,1,1,1,0,0.5,0.5,0.5,0,2008,2008,0,0,3
v3_affective_incoherence_when_affective_con,rpp.52,2013,2013,1,1,1,0,0.5,0.5,0.5,1,2008,2008,0,0,3
v3_affective_incoherence_when_affective_con,rpp.52,2013,2013,1,1,1,0,0.625,0.5,0.75,0,2008,2008,0,0,1
v3_affective_incoherence_when_affective_con,rpp.52,2013,2013,1,1,1,0,0.625,0.5,0.75,1,2008,2008,0,0,1
v3_affective_incoherence_when_affective_con,rpp.52,2013,2013,1,1,1,0,0.625,0.75,0.5,1,2008,2008,0,0,2
v3_affective_incoherence_when_affective_con,rpp.52,2013,2013,1,1,1,0,0.75,0.75,0.75,1,2008,2008,0,0,1
v3_affective_incoherence_when_affective_con,rpp.52,2013,2014,2,2,0,0,,,,1,2008,2008,0,0,1
v3_affective_incoherence_when_affective_con,rpp.52,2015,2015,1,1,0,0,,,,1,2008,2008,0,0,1
v3_affective_incoherence_when_affective_con,rpp.52,2015,2015,1,1,1,0,0.625,0.5,0.75,1,2008,2008,0,0,1
v3_affective_incoherence_when_affective_con,rpp.52,2016,2016,1,1,0,0,,,,0,2008,2008,0,0,1
v3_affective_incoherence_when_affective_con,rpp.52,2016,2016,1,1,0,0,,,,1,2008,2008,0,0,2
v3_affective_incoherence_when_affective_con,rpp.52,2016,2016,1,1,1,0,0.25,0.25,0.25,1,2008,2008,0,0,2
v3_affective_incoherence_when_affective_con,rpp.52,2016,2016,1,1,1,0,0.375,0.25,0.5,0,2008,2008,0,0,1
v3_affective_incoherence_when_affective_con,rpp.52,2016,2016,1,1,1,0,0.375,0.5,0.25,1,2008,2008,0,0,1
v3_affective_incoherence_when_affective_con,rpp.52,2016,2016,1,1,1,0,0.5,0.5,0.5,0,2008,2008,0,0,2
v3_affective_incoherence_when_affective_con,rpp.52,2016,2016,1,1,1,0,0.625,0.75,0.5,1,2008,2008,0,0,2
v3_affective_incoherence_when_affective_con,rpp.52,2016,2016,1,1,1,0,0.75,0.75,0.75,0,2008,2008,0,0,1
v3_affective_incoherence_when_affective_con,rpp.52,2017,2017,1,1,0,0,,,,1,2008,2008,0,0,1
v3_affective_incoherence_when_affective_con,rpp.52,2017,2017,1,1,1,0,0.5,0.5,0.5,0,2008,2008,0,0,1
v3_affective_incoherence_when_affective_con,rpp.52,2018,2018,1,1,1,0,0.625,0.25,1.0,1,2008,2008,0,0,1
v3_affective_incoherence_when_affective_con,rpp.52,2019,2019,1,1,1,0,0.5,0.5,0.5,1,2008,2008,0,0,1
v3_affective_incoherence_when_affective_con,rpp.52,2022,2022,1,1,1,0,0.375,0.5,0.25,1,2008,2008,0,0,1
v3_affective_incoherence_when_affective_con,rpp.52,2023,2023,1,1,1,0,0.875,0.75,1.0,1,2008,2008,0,0,1
v3_affective_incoherence_when_affective_con,rpp.52,2024,2024,1,1,1,0,0.875,0.75,1.0,1,2008,2008,0,0,1
v3_affective_incoherence_when_affective_con,rpp.52,2025,2025,1,1,1,0,0.375,0.75,0.0,0,2008,2008,0,0,1
v3_age_related_changes_in_the_episodic_simu,rpp.114,2016,2016,1,1,0,0,,,,1,2008,2008,0,0,7
v3_age_related_changes_in_the_episodic_simu,rpp.114,2016,2016,1,1,1,0,0.25,0.25,0.25,1,2008,2008,0,0,1
v3_age_related_changes_in_the_episodic_simu,rpp.114,2016,2016,1,1,1,0,0.375,0.25,0.5,1,2008,2008,0,0,1
v3_age_related_changes_in_the_episodic_simu,rpp.114,2016,2016,1,1,1,0,0.5,0.5,0.5,1,2008,2008,0,0,1
v3_age_related_changes_in_the_episodic_simu,rpp.114,2017,2017,1,1,0,0,,,,0,2008,2008,0,0,23
v3_age_related_changes_in_the_episodic_simu,rpp.114,2017,2017,1,1,0,0,,,,1,2008,2008,0,0,21
v3_age_related_changes_in_the_episodic_simu,rpp.114,2017,2017,1,1,1,0,0.0,0,0.0,1,2008,2008,0,0,1
v3_age_related_changes_in_the_episodic_simu,rpp.114,2017,2017,1,1,1,0,0.25,0.25,0.25,0,2008,2008,0,0,3
v3_age_related_changes_in_the_episodic_simu,rpp.114,2017,2017,1,1,1,0,0.25,0.25,0.25,1,2008,2008,0,0,4
v3_age_related_changes_in_the_episodic_simu,rpp.114,2017,2017,1,1,1,0,0.375,0.5,0.25,0,2008,2008,0,0,1
v3_age_related_changes_in_the_episodic_simu,rpp.114,2017,2017,1,1,1,0,0.5,0.25,0.75,1,2008,2008,0,0,1
v3_age_related_changes_in_the_episodic_simu,rpp.114,2017,2017,1,1,1,0,0.5,0.5,0.5,0,2008,2008,0,0,4
v3_age_related_changes_in_the_episodic_simu,rpp.114,2017,2017,1,1,1,0,0.5,0.5,0.5,1,2008,2008,0,0,9
v3_age_related_changes_in_the_episodic_simu,rpp.114,2017,2017,1,1,1,0,0.5,0.75,0.25,1,2008,2008,0,0,1
v3_age_related_changes_in_the_episodic_simu,rpp.114,2017,2017,1,1,1,0,0.625,0.5,0.75,1,2008,2008,0,0,1
v3_age_related_changes_in_the_episodic_simu,rpp.114,2017,2017,1,1,1,0,0.625,0.75,0.5,0,2008,2008,0,0,1
v3_age_related_changes_in_the_episodic_simu,rpp.114,2017,2017,1,1,1,0,0.75,0.75,0.75,0,2008,2008,0,0,1
v3_age_related_changes_in_the_episodic_simu,rpp.114,2017,2017,1,1,1,0,0.75,0.75,0.75,1,2008,2008,0,0,4
v3_age_related_changes_in_the_episodic_simu,rpp.114,2017,2017,1,1,1,0,0.875,1,0.75,1,2008,2008,0,0,1
v3_age_related_changes_in_the_episodic_simu,rpp.114,2018,2018,1,1,0,0,,,,0,2008,2008,0,0,8
v3_age_related_changes_in_the_episodic_simu,rpp.114,2018,2018,1,1,0,0,,,,1,2008,2008,0,0,18
v3_age_related_changes_in_the_episodic_simu,rpp.114,2018,2018,1,1,1,0,0.375,0.25,0.5,1,2008,2008,0,0,2
v3_age_related_changes_in_the_episodic_simu,rpp.114,2018,2018,1,1,1,0,0.375,0.5,0.25,0,2008,2008,0,0,1
v3_age_related_changes_in_the_episodic_simu,rpp.114,2018,2018,1,1,1,0,0.5,0.5,0.5,1,2008,2008,0,0,4
v3_age_related_changes_in_the_episodic_simu,rpp.114,2018,2018,1,1,1,0,0.625,0.5,0.75,1,2008,2008,0,0,1
v3_age_related_changes_in_the_episodic_simu,rpp.114,2018,2018,1,1,1,0,0.625,0.75,0.5,0,2008,2008,0,0,1
v3_age_related_changes_in_the_episodic_simu,rpp.114,2018,2018,1,1,1,0,0.625,0.75,0.5,1,2008,2008,0,0,1
v3_age_related_changes_in_the_episodic_simu,rpp.114,2018,2018,1,1,1,0,0.75,0.75,0.75,0,2008,2008,0,0,1
v3_age_related_changes_in_the_episodic_simu,rpp.114,2018,2018,1,1,1,0,0.75,0.75,0.75,1,2008,2008,0,0,5
v3_age_related_changes_in_the_episodic_simu,rpp.114,2018,2018,1,1,1,0,0.875,0.75,1.0,1,2008,2008,0,0,1
v3_age_related_changes_in_the_episodic_simu,rpp.114,2019,2019,1,1,0,0,,,,0,2008,2008,0,0,2
v3_age_related_changes_in_the_episodic_simu,rpp.114,2019,2019,1,1,0,0,,,,1,2008,2008,0,0,1
v3_age_related_changes_in_the_episodic_simu,rpp.114,2019,2019,1,1,1,0,0.25,0.25,0.25,1,2008,2008,0,0,2
v3_age_related_changes_in_the_episodic_simu,rpp.114,2019,2019,1,1,1,0,0.5,0.5,0.5,1,2008,2008,0,0,2
v3_age_related_changes_in_the_episodic_simu,rpp.114,2019,2019,1,1,1,0,0.625,0.75,0.5,1,2008,2008,0,0,1
v3_age_related_changes_in_the_episodic_simu,rpp.114,2020,2020,1,1,0,0,,,,1,2008,2008,0,0,4
v3_age_related_changes_in_the_episodic_simu,rpp.114,2020,2020,1,1,1,0,0.25,0.25,0.25,1,2008,2008,0,0,2
v3_age_related_changes_in_the_episodic_simu,rpp.114,2020,2020,1,1,1,0,0.5,0.5,0.5,0,2008,2008,0,0,1
v3_age_related_changes_in_the_episodic_simu,rpp.114,2020,2020,1,1,1,0,0.5,0.5,0.5,1,2008,2008,0,0,1
v3_age_related_changes_in_the_episodic_simu,rpp.114,2020,2020,1,1,1,0,0.5,0.75,0.25,1,2008,2008,0,0,1
v3_age_related_changes_in_the_episodic_simu,rpp.114,2020,2020,1,1,1,0,0.625,0.5,0.75,1,2008,2008,0,0,1
v3_age_related_changes_in_the_episodic_simu,rpp.114,2020,2020,1,1,1,0,0.625,0.75,0.5,0,2008,2008,0,0,1
v3_age_related_changes_in_the_episodic_simu,rpp.114,2020,2020,1,1,1,0,0.625,0.75,0.5,1,2008,2008,0,0,1
v3_age_related_changes_in_the_episodic_simu,rpp.114,2021,2021,1,1,0,0,,,,0,2008,2008,0,0,9
v3_age_related_changes_in_the_episodic_simu,rpp.114,2021,2021,1,1,0,0,,,,1,2008,2008,0,0,13
v3_age_related_changes_in_the_episodic_simu,rpp.114,2021,2021,1,1,1,0,0.0,0,0.0,1,2008,2008,0,0,2
v3_age_related_changes_in_the_episodic_simu,rpp.114,2021,2021,1,1,1,0,0.25,0,0.5,1,2008,2008,0,0,1
v3_age_related_changes_in_the_episodic_simu,rpp.114,2021,2021,1,1,1,0,0.25,0.25,0.25,1,2008,2008,0,0,2
v3_age_related_changes_in_the_episodic_simu,rpp.114,2021,2021,1,1,1,0,0.5,0.5,0.5,0,2008,2008,0,0,3
v3_age_related_changes_in_the_episodic_simu,rpp.114,2021,2021,1,1,1,0,0.5,0.5,0.5,1,2008,2008,0,0,5
v3_age_related_changes_in_the_episodic_simu,rpp.114,2021,2021,1,1,1,0,0.625,0.25,1.0,1,2008,2008,0,0,1
v3_age_related_changes_in_the_episodic_simu,rpp.114,2021,2021,1,1,1,0,0.625,0.5,0.75,0,2008,2008,0,0,1
v3_age_related_changes_in_the_episodic_simu,rpp.114,2021,2021,1,1,1,0,0.625,0.5,0.75,1,2008,2008,0,0,7
v3_age_related_changes_in_the_episodic_simu,rpp.114,2021,2021,1,1,1,0,0.625,0.75,0.5,0,2008,2008,0,0,2
v3_age_related_changes_in_the_episodic_simu,rpp.114,2021,2021,1,1,1,0,0.75,0.75,0.75,0,2008,2008,0,0,1
v3_age_related_changes_in_the_episodic_simu,rpp.114,2021,2021,1,1,1,0,0.75,0.75,0.75,1,2008,2008,0,0,1
v3_age_related_changes_in_the_episodic_simu,rpp.114,2021,2021,1,1,1,0,0.875,0.75,1.0,1,2008,2008,0,0,1
v3_age_related_changes_in_the_episodic_simu,rpp.114,2022,2022,1,1,0,0,,,,0,2008,2008,0,0,2
v3_age_related_changes_in_the_episodic_simu,rpp.114,2022,2022,1,1,0,0,,,,1,2008,2008,0,0,9
v3_age_related_changes_in_the_episodic_simu,rpp.114,2022,2022,1,1,1,0,0.0,0,0.0,1,2008,2008,0,0,2
v3_age_related_changes_in_the_episodic_simu,rpp.114,2022,2022,1,1,1,0,0.125,0,0.25,1,2008,2008,0,0,1
v3_age_related_changes_in_the_episodic_simu,rpp.114,2022,2022,1,1,1,0,0.25,0.25,0.25,0,2008,2008,0,0,1
v3_age_related_changes_in_the_episodic_simu,rpp.114,2022,2022,1,1,1,0,0.25,0.25,0.25,1,2008,2008,0,0,1
v3_age_related_changes_in_the_episodic_simu,rpp.114,2022,2022,1,1,1,0,0.375,0.25,0.5,0,2008,2008,0,0,1
v3_age_related_changes_in_the_episodic_simu,rpp.114,2022,2022,1,1,1,0,0.375,0.5,0.25,1,2008,2008,0,0,1
v3_age_related_changes_in_the_episodic_simu,rpp.114,2022,2022,1,1,1,0,0.5,0.5,0.5,0,2008,2008,0,0,1
v3_age_related_changes_in_the_episodic_simu,rpp.114,2022,2022,1,1,1,0,0.5,0.5,0.5,1,2008,2008,0,0,4
v3_age_related_changes_in_the_episodic_simu,rpp.114,2022,2022,1,1,1,0,0.625,0.75,0.5,0,2008,2008,0,0,2
v3_age_related_changes_in_the_episodic_simu,rpp.114,2022,2022,1,1,1,0,0.625,0.75,0.5,1,2008,2008,0,0,2
v3_age_related_changes_in_the_episodic_simu,rpp.114,2022,2022,1,1,1,0,0.75,0.5,1.0,0,2008,2008,0,0,2
v3_age_related_changes_in_the_episodic_simu,rpp.114,2022,2022,1,1,1,0,0.75,0.5,1.0,1,2008,2008,0,0,1
v3_age_related_changes_in_the_episodic_simu,rpp.114,2022,2022,1,1,1,0,0.875,0.75,1.0,0,2008,2008,0,0,1
v3_age_related_changes_in_the_episodic_simu,rpp.114,2023,2023,1,1,0,0,,,,0,2008,2008,0,0,5
v3_age_related_changes_in_the_episodic_simu,rpp.114,2023,2023,1,1,0,0,,,,1,2008,2008,0,0,9
v3_age_related_changes_in_the_episodic_simu,rpp.114,2023,2023,1,1,1,0,0.375,0.25,0.5,0,2008,2008,0,0,1
v3_age_related_changes_in_the_episodic_simu,rpp.114,2023,2023,1,1,1,0,0.375,0.5,0.25,1,2008,2008,0,0,2
v3_age_related_changes_in_the_episodic_simu,rpp.114,2023,2023,1,1,1,0,0.5,0.5,0.5,1,2008,2008,0,0,2
v3_age_related_changes_in_the_episodic_simu,rpp.114,2023,2023,1,1,1,0,0.625,0.5,0.75,0,2008,2008,0,0,1
v3_age_related_changes_in_the_episodic_simu,rpp.114,2023,2023,1,1,1,0,0.625,0.75,0.5,0,2008,2008,0,0,2
v3_age_related_changes_in_the_episodic_simu,rpp.114,2023,2023,1,1,1,0,0.75,0.5,1.0,0,2008,2008,0,0,1
v3_age_related_changes_in_the_episodic_simu,rpp.114,2024,2024,1,1,0,0,,,,0,2008,2008,0,0,5
v3_age_related_changes_in_the_episodic_simu,rpp.114,2024,2024,1,1,0,0,,,,1,2008,2008,0,0,9
v3_age_related_changes_in_the_episodic_simu,rpp.114,2024,2024,1,1,1,0,0.125,0,0.25,1,2008,2008,0,0,1
v3_age_related_changes_in_the_episodic_simu,rpp.114,2024,2024,1,1,1,0,0.125,0.25,0.0,0,2008,2008,0,0,1
v3_age_related_changes_in_the_episodic_simu,rpp.114,2024,2024,1,1,1,0,0.25,0.25,0.25,1,2008,2008,0,0,1
v3_age_related_changes_in_the_episodic_simu,rpp.114,2024,2024,1,1,1,0,0.375,0.25,0.5,1,2008,2008,0,0,1
v3_age_related_changes_in_the_episodic_simu,rpp.114,2024,2024,1,1,1,0,0.375,0.5,0.25,1,2008,2008,0,0,1
v3_age_related_changes_in_the_episodic_simu,rpp.114,2024,2024,1,1,1,0,0.5,0.5,0.5,1,2008,2008,0,0,1
v3_age_related_changes_in_the_episodic_simu,rpp.114,2024,2024,1,1,1,0,0.625,0.5,0.75,0,2008,2008,0,0,1
v3_age_related_changes_in_the_episodic_simu,rpp.114,2024,2024,1,1,1,0,0.625,0.5,0.75,1,2008,2008,0,0,1
v3_age_related_changes_in_the_episodic_simu,rpp.114,2024,2024,1,1,1,0,0.625,0.75,0.5,1,2008,2008,0,0,1
v3_age_related_changes_in_the_episodic_simu,rpp.114,2024,2024,1,1,1,0,0.75,0.5,1.0,1,2008,2008,0,0,2
v3_age_related_changes_in_the_episodic_simu,rpp.114,2024,2024,1,1,1,0,0.75,0.75,0.75,1,2008,2008,0,0,1
v3_age_related_changes_in_the_episodic_simu,rpp.114,2024,2024,1,1,1,0,0.875,0.75,1.0,0,2008,2008,0,0,1
v3_age_related_changes_in_the_episodic_simu,rpp.114,2025,2025,1,1,0,0,,,,0,2008,2008,0,0,1
v3_age_related_changes_in_the_episodic_simu,rpp.114,2025,2025,1,1,0,0,,,,1,2008,2008,0,0,5
v3_age_related_changes_in_the_episodic_simu,rpp.114,2025,2025,1,1,1,0,0.25,0.25,0.25,0,2008,2008,0,0,1
v3_age_related_changes_in_the_episodic_simu,rpp.114,2025,2025,1,1,1,0,0.25,0.25,0.25,1,2008,2008,0,0,1
v3_age_related_changes_in_the_episodic_simu,rpp.114,2025,2025,1,1,1,0,0.375,0.25,0.5,1,2008,2008,0,0,1
v3_age_related_changes_in_the_episodic_simu,rpp.114,2025,2025,1,1,1,0,0.5,0.5,0.5,0,2008,2008,0,0,1
v3_age_related_changes_in_the_episodic_simu,rpp.114,2025,2025,1,1,1,0,0.5,0.5,0.5,1,2008,2008,0,0,1
v3_age_related_changes_in_the_episodic_simu,rpp.114,2025,2025,1,1,1,0,0.625,0.5,0.75,1,2008,2008,0,0,1
v3_age_related_changes_in_the_episodic_simu,rpp.114,2025,2025,1,1,1,0,0.625,0.75,0.5,1,2008,2008,0,0,1
v3_age_related_changes_in_the_episodic_simu,rpp.114,2026,2026,1,1,0,0,,,,0,2008,2008,0,0,3
v3_age_related_changes_in_the_episodic_simu,rpp.114,2026,2026,1,1,0,0,,,,1,2008,2008,0,0,3
v3_age_related_changes_in_the_episodic_simu,rpp.114,2026,2026,1,1,1,0,0.25,0.25,0.25,1,2008,2008,0,0,1
v3_age_related_changes_in_the_episodic_simu,rpp.114,2026,2026,1,1,1,0,0.5,0.5,0.5,1,2008,2008,0,0,1
v3_age_related_changes_in_the_episodic_simu,rpp.114,2026,2026,1,1,1,0,0.625,0.5,0.75,1,2008,2008,0,0,1
v3_attractor_dynamics_and_semantic_neighbor,rpp.11,2009,2009,1,1,0,0,,,,0,2008,2008,0,0,2
v3_attractor_dynamics_and_semantic_neighbor,rpp.11,2009,2009,1,1,1,0,0.5,0.5,0.5,0,2008,2008,0,0,1
v3_attractor_dynamics_and_semantic_neighbor,rpp.11,2010,2010,1,1,0,0,,,,1,2008,2008,0,0,4
v3_attractor_dynamics_and_semantic_neighbor,rpp.11,2010,2010,1,1,1,0,0.5,0.5,0.5,1,2008,2008,0,0,1
v3_attractor_dynamics_and_semantic_neighbor,rpp.11,2010,2010,1,1,1,0,0.625,0.5,0.75,0,2008,2008,0,0,1
v3_attractor_dynamics_and_semantic_neighbor,rpp.11,2011,2011,1,1,0,0,,,,0,2008,2008,0,0,2
v3_attractor_dynamics_and_semantic_neighbor,rpp.11,2011,2011,1,1,0,0,,,,1,2008,2008,0,0,3
v3_attractor_dynamics_and_semantic_neighbor,rpp.11,2011,2011,1,1,1,0,0.25,0.25,0.25,0,2008,2008,0,0,2
v3_attractor_dynamics_and_semantic_neighbor,rpp.11,2011,2011,1,1,1,0,0.5,0.5,0.5,0,2008,2008,0,0,3
v3_attractor_dynamics_and_semantic_neighbor,rpp.11,2011,2011,1,1,1,0,0.5,0.5,0.5,1,2008,2008,0,0,3
v3_attractor_dynamics_and_semantic_neighbor,rpp.11,2011,2011,1,1,1,0,0.625,0.75,0.5,1,2008,2008,0,0,2
v3_attractor_dynamics_and_semantic_neighbor,rpp.11,2011,2011,1,1,1,0,0.75,0.75,0.75,0,2008,2008,0,0,1
v3_attractor_dynamics_and_semantic_neighbor,rpp.11,2012,2012,1,1,0,0,,,,0,2008,2008,0,0,2
v3_attractor_dynamics_and_semantic_neighbor,rpp.11,2012,2012,1,1,0,0,,,,1,2008,2008,0,0,1
v3_attractor_dynamics_and_semantic_neighbor,rpp.11,2012,2012,1,1,1,0,0.5,0.5,0.5,0,2008,2008,0,0,1
v3_attractor_dynamics_and_semantic_neighbor,rpp.11,2012,2012,1,1,1,0,0.5,0.5,0.5,1,2008,2008,0,0,1
v3_attractor_dynamics_and_semantic_neighbor,rpp.11,2012,2012,1,1,1,0,0.625,0.75,0.5,1,2008,2008,0,0,1
v3_attractor_dynamics_and_semantic_neighbor,rpp.11,2012,2012,1,1,1,0,0.75,0.75,0.75,1,2008,2008,0,0,1
v3_attractor_dynamics_and_semantic_neighbor,rpp.11,2013,2013,1,1,0,0,,,,0,2008,2008,0,0,2
v3_attractor_dynamics_and_semantic_neighbor,rpp.11,2014,2014,1,1,0,0,,,,0,2008,2008,0,0,2
v3_attractor_dynamics_and_semantic_neighbor,rpp.11,2014,2014,1,1,0,0,,,,1,2008,2008,0,0,6
v3_attractor_dynamics_and_semantic_neighbor,rpp.11,2014,2014,1,1,1,0,0.25,0.25,0.25,1,2008,2008,0,0,1
v3_attractor_dynamics_and_semantic_neighbor,rpp.11,2014,2014,1,1,1,0,0.5,0.5,0.5,1,2008,2008,0,0,1
v3_attractor_dynamics_and_semantic_neighbor,rpp.11,2014,2014,1,1,1,0,0.625,0.5,0.75,1,2008,2008,0,0,1
v3_attractor_dynamics_and_semantic_neighbor,rpp.11,2014,2014,1,1,1,0,0.75,0.75,0.75,1,2008,2008,0,0,1
v3_attractor_dynamics_and_semantic_neighbor,rpp.11,2015,2015,1,1,0,0,,,,1,2008,2008,0,0,1
v3_attractor_dynamics_and_semantic_neighbor,rpp.11,2015,2015,1,1,1,0,0.5,0.5,0.5,1,2008,2008,0,0,1
v3_attractor_dynamics_and_semantic_neighbor,rpp.11,2016,2016,1,1,0,0,,,,0,2008,2008,0,0,1
v3_attractor_dynamics_and_semantic_neighbor,rpp.11,2016,2016,1,1,0,0,,,,1,2008,2008,0,0,1
v3_attractor_dynamics_and_semantic_neighbor,rpp.11,2016,2016,1,1,1,0,0.375,0.5,0.25,1,2008,2008,0,0,1
v3_attractor_dynamics_and_semantic_neighbor,rpp.11,2016,2016,1,1,1,0,0.5,0.5,0.5,0,2008,2008,0,0,1
v3_attractor_dynamics_and_semantic_neighbor,rpp.11,2016,2016,1,1,1,0,0.5,0.5,0.5,1,2008,2008,0,0,1
v3_attractor_dynamics_and_semantic_neighbor,rpp.11,2017,2017,1,1,0,0,,,,0,2008,2008,0,0,1
v3_attractor_dynamics_and_semantic_neighbor,rpp.11,2017,2017,1,1,0,0,,,,1,2008,2008,0,0,5
v3_attractor_dynamics_and_semantic_neighbor,rpp.11,2017,2017,1,1,1,0,0.25,0.25,0.25,1,2008,2008,0,0,1
v3_attractor_dynamics_and_semantic_neighbor,rpp.11,2017,2017,1,1,1,0,0.5,0.5,0.5,0,2008,2008,0,0,3
v3_attractor_dynamics_and_semantic_neighbor,rpp.11,2017,2017,1,1,1,0,0.5,0.5,0.5,1,2008,2008,0,0,1
v3_attractor_dynamics_and_semantic_neighbor,rpp.11,2017,2018,2,2,1,0,0.5,0.5,0.5,1,2008,2008,0,0,1
v3_attractor_dynamics_and_semantic_neighbor,rpp.11,2018,2018,1,1,0,0,,,,0,2008,2008,0,0,1
v3_attractor_dynamics_and_semantic_neighbor,rpp.11,2018,2018,1,1,1,0,0.5,0.5,0.5,1,2008,2008,0,0,1
v3_attractor_dynamics_and_semantic_neighbor,rpp.11,2019,2019,1,1,0,0,,,,0,2008,2008,0,0,1
v3_attractor_dynamics_and_semantic_neighbor,rpp.11,2019,2019,1,1,1,0,0.125,0,0.25,0,2008,2008,0,0,1
v3_attractor_dynamics_and_semantic_neighbor,rpp.11,2019,2019,1,1,1,0,0.375,0.25,0.5,1,2008,2008,0,0,1
v3_attractor_dynamics_and_semantic_neighbor,rpp.11,2019,2019,1,1,1,0,0.5,0.5,0.5,0,2008,2008,0,0,1
v3_attractor_dynamics_and_semantic_neighbor,rpp.11,2019,2019,1,1,1,0,0.625,0.75,0.5,0,2008,2008,0,0,1
v3_attractor_dynamics_and_semantic_neighbor,rpp.11,2019,2019,1,1,1,0,0.625,0.75,0.5,1,2008,2008,0,0,1
v3_attractor_dynamics_and_semantic_neighbor,rpp.11,2020,2020,1,1,1,0,0.5,0.5,0.5,0,2008,2008,0,0,1
v3_attractor_dynamics_and_semantic_neighbor,rpp.11,2021,2021,1,1,1,0,0.875,0.75,1.0,0,2008,2008,0,0,1
v3_attractor_dynamics_and_semantic_neighbor,rpp.11,2023,2023,1,1,0,0,,,,0,2008,2008,0,0,1
v3_attractor_dynamics_and_semantic_neighbor,rpp.11,2023,2023,1,1,0,0,,,,1,2008,2008,0,0,1
v3_attractor_dynamics_and_semantic_neighbor,rpp.11,2023,2023,1,1,1,0,0.625,0.5,0.75,1,2008,2008,0,0,1
v3_attractor_dynamics_and_semantic_neighbor,rpp.11,2024,2024,1,1,0,0,,,,0,2008,2008,0,0,1
v3_attractor_dynamics_and_semantic_neighbor,rpp.11,2024,2024,1,1,0,0,,,,1,2008,2008,0,0,2
v3_attractor_dynamics_and_semantic_neighbor,rpp.11,2024,2024,1,1,1,0,0.25,0.25,0.25,0,2008,2008,0,0,1
v3_attractor_dynamics_and_semantic_neighbor,rpp.11,2024,2024,1,1,1,0,0.25,0.25,0.25,1,2008,2008,0,0,1
v3_attractor_dynamics_and_semantic_neighbor,rpp.11,2024,2024,1,1,1,0,0.375,0.25,0.5,0,2008,2008,0,0,1
v3_attractor_dynamics_and_semantic_neighbor,rpp.11,2024,2024,1,1,1,0,0.375,0.25,0.5,1,2008,2008,0,0,1
v3_attractor_dynamics_and_semantic_neighbor,rpp.11,2024,2024,1,1,1,0,0.5,0.5,0.5,0,2008,2008,0,0,1
v3_attractor_dynamics_and_semantic_neighbor,rpp.11,2024,2024,1,1,1,0,0.625,0.5,0.75,1,2008,2008,0,0,1
v3_attractor_dynamics_and_semantic_neighbor,rpp.11,2024,2024,1,1,1,0,0.625,0.75,0.5,0,2008,2008,0,0,1
v3_attractor_dynamics_and_semantic_neighbor,rpp.11,2024,2024,1,1,1,0,0.875,1,0.75,1,2008,2008,0,0,1
v3_attractor_dynamics_and_semantic_neighbor,rpp.11,2025,2025,1,1,1,0,0.5,0.5,0.5,1,2008,2008,0,0,1
v3_attractor_dynamics_and_semantic_neighbor,rpp.11,2025,2025,1,1,1,0,0.625,0.5,0.75,1,2008,2008,0,0,1
v3_attractor_dynamics_and_semantic_neighbor,rpp.11,2026,2026,1,1,0,0,,,,0,2008,2008,0,0,1
v3_attractor_dynamics_and_semantic_neighbor,rpp.11,2026,2026,1,1,0,0,,,,1,2008,2008,0,0,3
v3_attractor_dynamics_and_semantic_neighbor,rpp.11,2026,2026,1,1,1,0,0.375,0.5,0.25,1,2008,2008,0,0,1
v3_attractor_dynamics_and_semantic_neighbor,rpp.11,2026,2026,1,1,1,0,0.5,0.5,0.5,0,2008,2008,0,0,1
v3_attractor_dynamics_and_semantic_neighbor,rpp.11,2026,2026,1,1,1,0,0.5,0.5,0.5,1,2008,2008,0,0,1
v3_auditory_change_detection_simple_sounds_,rpp.139,2008,2008,1,1,0,0,,,,1,2008,2008,0,0,1
v3_auditory_change_detection_simple_sounds_,rpp.139,2010,2010,1,1,0,0,,,,0,2008,2008,0,0,2
v3_auditory_change_detection_simple_sounds_,rpp.139,2010,2010,1,1,0,0,,,,1,2008,2008,0,0,4
v3_auditory_change_detection_simple_sounds_,rpp.139,2010,2010,1,1,1,0,0.25,0.25,0.25,1,2008,2008,0,0,1
v3_auditory_change_detection_simple_sounds_,rpp.139,2010,2010,1,1,1,0,0.625,0.75,0.5,1,2008,2008,0,0,1
v3_auditory_change_detection_simple_sounds_,rpp.139,2010,2010,1,1,1,0,0.75,0.75,0.75,1,2008,2008,0,0,1
v3_auditory_change_detection_simple_sounds_,rpp.139,2011,2011,1,1,0,0,,,,0,2008,2008,0,0,1
v3_auditory_change_detection_simple_sounds_,rpp.139,2011,2011,1,1,0,0,,,,1,2008,2008,0,0,2
v3_auditory_change_detection_simple_sounds_,rpp.139,2011,2011,1,1,1,0,0.125,0,0.25,1,2008,2008,0,0,1
v3_auditory_change_detection_simple_sounds_,rpp.139,2011,2011,1,1,1,0,0.25,0.25,0.25,0,2008,2008,0,0,1
v3_auditory_change_detection_simple_sounds_,rpp.139,2011,2011,1,1,1,0,0.5,0.5,0.5,0,2008,2008,0,0,1
v3_auditory_change_detection_simple_sounds_,rpp.139,2011,2011,1,1,1,0,0.5,0.5,0.5,1,2008,2008,0,0,2
v3_auditory_change_detection_simple_sounds_,rpp.139,2011,2011,1,1,1,0,0.625,0.5,0.75,0,2008,2008,0,0,1
v3_auditory_change_detection_simple_sounds_,rpp.139,2012,2012,1,1,0,0,,,,0,2008,2008,0,0,1
v3_auditory_change_detection_simple_sounds_,rpp.139,2012,2012,1,1,1,0,0.0,0,0.0,1,2008,2008,0,0,1
v3_auditory_change_detection_simple_sounds_,rpp.139,2012,2012,1,1,1,0,0.5,0.5,0.5,1,2008,2008,0,0,2
v3_auditory_change_detection_simple_sounds_,rpp.139,2012,2012,1,1,1,0,0.625,0.5,0.75,1,2008,2008,0,0,1
v3_auditory_change_detection_simple_sounds_,rpp.139,2012,2012,1,1,1,0,0.75,0.5,1.0,1,2008,2008,0,0,1
v3_auditory_change_detection_simple_sounds_,rpp.139,2014,2014,1,1,0,0,,,,1,2008,2008,0,0,4
v3_auditory_change_detection_simple_sounds_,rpp.139,2014,2014,1,1,1,0,0.5,0.5,0.5,1,2008,2008,0,0,1
v3_auditory_change_detection_simple_sounds_,rpp.139,2016,2016,1,1,1,0,0.125,0,0.25,1,2008,2008,0,0,1
v3_auditory_change_detection_simple_sounds_,rpp.139,2016,2016,1,1,1,0,0.125,0.25,0.0,1,2008,2008,0,0,1
v3_auditory_change_detection_simple_sounds_,rpp.139,2016,2016,1,1,1,0,0.875,0.75,1.0,0,2008,2008,0,0,1
v3_auditory_change_detection_simple_sounds_,rpp.139,2017,2017,1,1,0,0,,,,0,2008,2008,0,0,1
v3_auditory_change_detection_simple_sounds_,rpp.139,2017,2017,1,1,0,0,,,,1,2008,2008,0,0,6
v3_auditory_change_detection_simple_sounds_,rpp.139,2017,2017,1,1,1,0,0.0,0,0.0,1,2008,2008,0,0,1
v3_auditory_change_detection_simple_sounds_,rpp.139,2017,2017,1,1,1,0,0.125,0,0.25,1,2008,2008,0,0,1
v3_auditory_change_detection_simple_sounds_,rpp.139,2017,2017,1,1,1,0,0.25,0.25,0.25,1,2008,2008,0,0,1
v3_auditory_change_detection_simple_sounds_,rpp.139,2017,2017,1,1,1,0,0.375,0.25,0.5,1,2008,2008,0,0,1
v3_auditory_change_detection_simple_sounds_,rpp.139,2017,2017,1,1,1,0,0.625,0.5,0.75,1,2008,2008,0,0,1
v3_auditory_change_detection_simple_sounds_,rpp.139,2018,2018,1,1,0,0,,,,0,2008,2008,0,0,1
v3_auditory_change_detection_simple_sounds_,rpp.139,2018,2018,1,1,0,0,,,,1,2008,2008,0,0,5
v3_auditory_change_detection_simple_sounds_,rpp.139,2018,2018,1,1,1,0,0.0,0,0.0,1,2008,2008,0,0,1
v3_auditory_change_detection_simple_sounds_,rpp.139,2018,2018,1,1,1,0,0.25,0.25,0.25,1,2008,2008,0,0,1
v3_auditory_change_detection_simple_sounds_,rpp.139,2018,2018,1,1,1,0,0.375,0.5,0.25,1,2008,2008,0,0,2
v3_auditory_change_detection_simple_sounds_,rpp.139,2018,2018,1,1,1,0,0.5,0.5,0.5,1,2008,2008,0,0,1
v3_auditory_change_detection_simple_sounds_,rpp.139,2019,2019,1,1,0,0,,,,1,2008,2008,0,0,1
v3_auditory_change_detection_simple_sounds_,rpp.139,2020,2020,1,1,0,0,,,,1,2008,2008,0,0,1
v3_auditory_change_detection_simple_sounds_,rpp.139,2020,2020,1,1,1,0,0.25,0.25,0.25,1,2008,2008,0,0,1
v3_auditory_change_detection_simple_sounds_,rpp.139,2020,2020,1,1,1,0,0.375,0.25,0.5,1,2008,2008,0,0,1
v3_auditory_change_detection_simple_sounds_,rpp.139,2021,2021,1,1,1,0,0.25,0.25,0.25,1,2008,2008,0,0,1
v3_auditory_change_detection_simple_sounds_,rpp.139,2022,2022,1,1,0,0,,,,1,2008,2008,0,0,1
v3_availability_a_heuristic_for_judging_fre,ml3.4,2004,2004,1,1,0,0,,,,0,1973,1973,0,0,4
v3_availability_a_heuristic_for_judging_fre,ml3.4,2004,2004,1,1,0,0,,,,1,1973,1973,0,0,4
v3_availability_a_heuristic_for_judging_fre,ml3.4,2004,2004,1,1,1,0,0.125,0.25,0.0,1,1973,1973,0,0,1
v3_availability_a_heuristic_for_judging_fre,ml3.4,2004,2004,1,1,1,0,0.25,0.25,0.25,0,1973,1973,0,0,1
v3_availability_a_heuristic_for_judging_fre,ml3.4,2004,2004,1,1,1,0,0.25,0.25,0.25,1,1973,1973,0,0,2
v3_availability_a_heuristic_for_judging_fre,ml3.4,2004,2004,1,1,1,0,0.375,0.5,0.25,1,1973,1973,0,0,2
v3_availability_a_heuristic_for_judging_fre,ml3.4,2004,2004,1,1,1,0,0.5,0.5,0.5,1,1973,1973,0,0,4
v3_availability_a_heuristic_for_judging_fre,ml3.4,2004,2004,1,1,1,0,0.625,0.25,1.0,1,1973,1973,0,0,1
v3_availability_a_heuristic_for_judging_fre,ml3.4,2004,2004,1,1,1,0,0.625,0.5,0.75,1,1973,1973,0,0,2
v3_availability_a_heuristic_for_judging_fre,ml3.4,2004,2004,1,1,1,0,0.625,0.75,0.5,1,1973,1973,0,0,3
v3_availability_a_heuristic_for_judging_fre,ml3.4,2004,2004,1,1,1,0,0.875,0.75,1.0,1,1973,1973,0,0,2
v3_availability_a_heuristic_for_judging_fre,ml3.4,2004,2004,1,1,1,0,1.0,1,1.0,1,1973,1973,0,0,1
v3_availability_a_heuristic_for_judging_fre,ml3.4,2005,2005,1,1,0,0,,,,0,1973,1973,0,0,2
v3_availability_a_heuristic_for_judging_fre,ml3.4,2005,2005,1,1,0,0,,,,1,1973,1973,0,0,7
v3_availability_a_heuristic_for_judging_fre,ml3.4,2005,2005,1,1,1,0,0.25,0.25,0.25,1,1973,1973,0,0,1
v3_availability_a_heuristic_for_judging_fre,ml3.4,2005,2005,1,1,1,0,0.375,0.25,0.5,1,1973,1973,0,0,1
v3_availability_a_heuristic_for_judging_fre,ml3.4,2005,2005,1,1,1,0,0.625,0.75,0.5,1,1973,1973,0,0,1
v3_availability_a_heuristic_for_judging_fre,ml3.4,2005,2005,1,1,1,0,0.875,0.75,1.0,1,1973,1973,0,0,2
v3_availability_a_heuristic_for_judging_fre,ml3.4,2011,2011,1,1,0,0,,,,0,1973,1973,0,0,14
v3_availability_a_heuristic_for_judging_fre,ml3.4,2011,2011,1,1,0,0,,,,1,1973,1973,0,0,23
v3_availability_a_heuristic_for_judging_fre,ml3.4,2011,2011,1,1,1,0,0.125,0.25,0.0,1,1973,1973,0,0,1
v3_availability_a_heuristic_for_judging_fre,ml3.4,2011,2011,1,1,1,0,0.25,0,0.5,1,1973,1973,0,0,2
v3_availability_a_heuristic_for_judging_fre,ml3.4,2011,2011,1,1,1,0,0.25,0.25,0.25,1,1973,1973,0,0,5
v3_availability_a_heuristic_for_judging_fre,ml3.4,2011,2011,1,1,1,0,0.375,0.5,0.25,0,1973,1973,0,0,1
v3_availability_a_heuristic_for_judging_fre,ml3.4,2011,2011,1,1,1,0,0.375,0.5,0.25,1,1973,1973,0,0,2
v3_availability_a_heuristic_for_judging_fre,ml3.4,2011,2011,1,1,1,0,0.5,0.5,0.5,0,1973,1973,0,0,1
v3_availability_a_heuristic_for_judging_fre,ml3.4,2011,2011,1,1,1,0,0.5,0.5,0.5,1,1973,1973,0,0,10
v3_availability_a_heuristic_for_judging_fre,ml3.4,2011,2011,1,1,1,0,0.625,0.5,0.75,1,1973,1973,0,0,2
v3_availability_a_heuristic_for_judging_fre,ml3.4,2011,2011,1,1,1,0,0.625,0.75,0.5,1,1973,1973,0,0,4
v3_availability_a_heuristic_for_judging_fre,ml3.4,2011,2011,1,1,1,0,0.875,0.75,1.0,0,1973,1973,0,0,1
v3_availability_a_heuristic_for_judging_fre,ml3.4,2011,2011,1,1,1,0,0.875,0.75,1.0,1,1973,1973,0,0,3
v3_availability_a_heuristic_for_judging_fre,ml3.4,2011,2011,1,1,1,0,1.0,1,1.0,0,1973,1973,0,0,1
v3_availability_a_heuristic_for_judging_fre,ml3.4,2026,2026,1,1,0,0,,,,0,1973,1973,0,0,2
v3_availability_a_heuristic_for_judging_fre,ml3.4,2026,2026,1,1,0,0,,,,1,1973,1973,0,0,6
v3_availability_a_heuristic_for_judging_fre,ml3.4,2026,2026,1,1,1,0,0.125,0.25,0.0,1,1973,1973,0,0,2
v3_availability_a_heuristic_for_judging_fre,ml3.4,2026,2026,1,1,1,0,0.25,0.25,0.25,0,1973,1973,0,0,1
v3_availability_a_heuristic_for_judging_fre,ml3.4,2026,2026,1,1,1,0,0.25,0.25,0.25,1,1973,1973,0,0,5
v3_availability_a_heuristic_for_judging_fre,ml3.4,2026,2026,1,1,1,0,0.375,0.5,0.25,0,1973,1973,0,0,1
v3_availability_a_heuristic_for_judging_fre,ml3.4,2026,2026,1,1,1,0,0.5,0.25,0.75,1,1973,1973,0,0,1
v3_availability_a_heuristic_for_judging_fre,ml3.4,2026,2026,1,1,1,0,0.5,0.5,0.5,0,1973,1973,0,0,1
v3_availability_a_heuristic_for_judging_fre,ml3.4,2026,2026,1,1,1,0,0.5,0.5,0.5,1,1973,1973,0,0,5
v3_availability_a_heuristic_for_judging_fre,ml3.4,2026,2026,1,1,1,0,0.5,0.75,0.25,1,1973,1973,0,0,1
v3_availability_a_heuristic_for_judging_fre,ml3.4,2026,2026,1,1,1,0,0.625,0.75,0.5,1,1973,1973,0,0,1
v3_availability_a_heuristic_for_judging_fre,ml3.4,2026,2026,1,1,1,0,0.75,0.5,1.0,0,1973,1973,0,0,1
v3_availability_a_heuristic_for_judging_fre,ml3.4,2026,2026,1,1,1,0,0.75,0.5,1.0,1,1973,1973,0,0,3
v3_availability_a_heuristic_for_judging_fre,ml3.4,2026,2026,1,1,1,0,0.75,0.75,0.75,1,1973,1973,0,0,6
v3_availability_a_heuristic_for_judging_fre,ml3.4,2026,2026,1,1,1,0,0.875,0.75,1.0,1,1973,1973,0,0,4
v3_availability_a_heuristic_for_judging_fre,ml3.4,2026,2026,1,1,1,0,1.0,1,1.0,1,1973,1973,0,0,1
v3_balancing_connectedness_and_self_protect,rpp.93,2008,2008,1,1,1,0,0.625,0.5,0.75,1,2008,2008,0,0,1
v3_balancing_connectedness_and_self_protect,rpp.93,2008,2008,1,1,1,0,0.625,0.75,0.5,1,2008,2008,0,0,1
v3_balancing_connectedness_and_self_protect,rpp.93,2008,2008,1,1,1,0,0.875,0.75,1.0,1,2008,2008,0,0,1
v3_balancing_connectedness_and_self_protect,rpp.93,2009,2009,1,1,0,0,,,,1,2008,2008,0,0,3
v3_balancing_connectedness_and_self_protect,rpp.93,2009,2009,1,1,1,0,0.125,0.25,0.0,1,2008,2008,0,0,2
v3_balancing_connectedness_and_self_protect,rpp.93,2009,2009,1,1,1,0,0.25,0.25,0.25,0,2008,2008,0,0,1
v3_balancing_connectedness_and_self_protect,rpp.93,2009,2009,1,1,1,0,0.25,0.25,0.25,1,2008,2008,0,0,1
v3_balancing_connectedness_and_self_protect,rpp.93,2009,2009,1,1,1,0,0.375,0,0.75,0,2008,2008,0,0,1
v3_balancing_connectedness_and_self_protect,rpp.93,2009,2009,1,1,1,0,0.5,0.25,0.75,1,2008,2008,0,0,1
v3_balancing_connectedness_and_self_protect,rpp.93,2009,2009,1,1,1,0,0.5,0.5,0.5,0,2008,2008,0,0,1
v3_balancing_connectedness_and_self_protect,rpp.93,2009,2009,1,1,1,0,0.5,0.5,0.5,1,2008,2008,0,0,3
v3_balancing_connectedness_and_self_protect,rpp.93,2009,2009,1,1,1,0,0.625,0.5,0.75,0,2008,2008,0,0,1
v3_balancing_connectedness_and_self_protect,rpp.93,2009,2009,1,1,1,0,0.625,0.75,0.5,0,2008,2008,0,0,1
v3_balancing_connectedness_and_self_protect,rpp.93,2009,2009,1,1,1,0,0.625,0.75,0.5,1,2008,2008,0,0,2
v3_balancing_connectedness_and_self_protect,rpp.93,2009,2009,1,1,1,0,0.875,0.75,1.0,0,2008,2008,0,0,1
v3_balancing_connectedness_and_self_protect,rpp.93,2010,2010,1,1,0,0,,,,0,2008,2008,0,0,4
v3_balancing_connectedness_and_self_protect,rpp.93,2010,2010,1,1,0,0,,,,1,2008,2008,0,0,7
v3_balancing_connectedness_and_self_protect,rpp.93,2010,2010,1,1,1,0,0.0,0,0.0,1,2008,2008,0,0,1
v3_balancing_connectedness_and_self_protect,rpp.93,2010,2010,1,1,1,0,0.125,0,0.25,1,2008,2008,0,0,1
v3_balancing_connectedness_and_self_protect,rpp.93,2010,2010,1,1,1,0,0.25,0.25,0.25,0,2008,2008,0,0,2
v3_balancing_connectedness_and_self_protect,rpp.93,2010,2010,1,1,1,0,0.25,0.25,0.25,1,2008,2008,0,0,1
v3_balancing_connectedness_and_self_protect,rpp.93,2010,2010,1,1,1,0,0.5,0.5,0.5,0,2008,2008,0,0,1
v3_balancing_connectedness_and_self_protect,rpp.93,2010,2010,1,1,1,0,0.5,0.5,0.5,1,2008,2008,0,0,2
v3_balancing_connectedness_and_self_protect,rpp.93,2010,2010,1,1,1,0,0.625,0.5,0.75,1,2008,2008,0,0,2
v3_balancing_connectedness_and_self_protect,rpp.93,2010,2010,1,1,1,0,0.625,0.75,0.5,0,2008,2008,0,0,1
v3_balancing_connectedness_and_self_protect,rpp.93,2010,2010,1,1,1,0,0.625,0.75,0.5,1,2008,2008,0,0,3
v3_balancing_connectedness_and_self_protect,rpp.93,2010,2010,1,1,1,0,0.75,0.75,0.75,0,2008,2008,0,0,1
v3_balancing_connectedness_and_self_protect,rpp.93,2010,2010,1,1,1,0,0.75,0.75,0.75,1,2008,2008,0,0,3
v3_balancing_connectedness_and_self_protect,rpp.93,2010,2010,1,1,1,0,0.875,0.75,1.0,1,2008,2008,0,0,3
v3_balancing_connectedness_and_self_protect,rpp.93,2010,2010,1,1,1,0,0.875,1,0.75,1,2008,2008,0,0,1
v3_balancing_connectedness_and_self_protect,rpp.93,2011,2011,1,1,0,0,,,,0,2008,2008,0,0,3
v3_balancing_connectedness_and_self_protect,rpp.93,2011,2011,1,1,0,0,,,,1,2008,2008,0,0,3
v3_balancing_connectedness_and_self_protect,rpp.93,2011,2011,1,1,1,0,0.5,0.5,0.5,1,2008,2008,0,0,1
v3_balancing_connectedness_and_self_protect,rpp.93,2011,2011,1,1,1,0,0.625,0.5,0.75,1,2008,2008,0,0,1
v3_balancing_connectedness_and_self_protect,rpp.93,2011,2011,1,1,1,0,0.75,0.75,0.75,1,2008,2008,0,0,2
v3_balancing_connectedness_and_self_protect,rpp.93,2011,2011,1,1,1,0,0.875,0.75,1.0,1,2008,2008,0,0,1
v3_balancing_connectedness_and_self_protect,rpp.93,2012,2012,1,1,0,0,,,,0,2008,2008,0,0,1
v3_balancing_connectedness_and_self_protect,rpp.93,2012,2012,1,1,0,0,,,,1,2008,2008,0,0,1
v3_balancing_connectedness_and_self_protect,rpp.93,2012,2012,1,1,1,0,0.0,0,0.0,0,2008,2008,0,0,2
v3_balancing_connectedness_and_self_protect,rpp.93,2012,2012,1,1,1,0,0.125,0.25,0.0,1,2008,2008,0,0,1
v3_balancing_connectedness_and_self_protect,rpp.93,2012,2012,1,1,1,0,0.25,0.25,0.25,0,2008,2008,0,0,1
v3_balancing_connectedness_and_self_protect,rpp.93,2012,2012,1,1,1,0,0.25,0.25,0.25,1,2008,2008,0,0,2
v3_balancing_connectedness_and_self_protect,rpp.93,2012,2012,1,1,1,0,0.375,0.25,0.5,0,2008,2008,0,0,1
v3_balancing_connectedness_and_self_protect,rpp.93,2012,2012,1,1,1,0,0.5,0.5,0.5,1,2008,2008,0,0,3
v3_balancing_connectedness_and_self_protect,rpp.93,2012,2012,1,1,1,0,0.5,0.75,0.25,1,2008,2008,0,0,1
v3_balancing_connectedness_and_self_protect,rpp.93,2012,2012,1,1,1,0,0.625,0.5,0.75,0,2008,2008,0,0,2
v3_balancing_connectedness_and_self_protect,rpp.93,2012,2012,1,1,1,0,0.625,0.75,0.5,0,2008,2008,0,0,1
v3_balancing_connectedness_and_self_protect,rpp.93,2012,2012,1,1,1,0,0.625,0.75,0.5,1,2008,2008,0,0,3
v3_balancing_connectedness_and_self_protect,rpp.93,2012,2012,1,1,1,0,0.875,0.75,1.0,1,2008,2008,0,0,2
v3_balancing_connectedness_and_self_protect,rpp.93,2013,2013,1,1,0,0,,,,0,2008,2008,0,0,2
v3_balancing_connectedness_and_self_protect,rpp.93,2013,2013,1,1,0,0,,,,1,2008,2008,0,0,1
v3_balancing_connectedness_and_self_protect,rpp.93,2013,2013,1,1,1,0,0.5,0.5,0.5,1,2008,2008,0,0,2
v3_balancing_connectedness_and_self_protect,rpp.93,2013,2013,1,1,1,0,0.625,0.5,0.75,1,2008,2008,0,0,2
v3_balancing_connectedness_and_self_protect,rpp.93,2013,2013,1,1,1,0,0.625,0.75,0.5,1,2008,2008,0,0,2
v3_balancing_connectedness_and_self_protect,rpp.93,2013,2013,1,1,1,0,0.75,0.5,1.0,1,2008,2008,0,0,1
v3_balancing_connectedness_and_self_protect,rpp.93,2013,2013,1,1,1,0,0.75,0.75,0.75,1,2008,2008,0,0,1
v3_balancing_connectedness_and_self_protect,rpp.93,2013,2013,1,1,1,0,0.875,0.75,1.0,1,2008,2008,0,0,2
v3_balancing_connectedness_and_self_protect,rpp.93,2014,2014,1,1,0,0,,,,0,2008,2008,0,0,1
v3_balancing_connectedness_and_self_protect,rpp.93,2014,2014,1,1,0,0,,,,1,2008,2008,0,0,5
v3_balancing_connectedness_and_self_protect,rpp.93,2014,2014,1,1,1,0,0.125,0,0.25,1,2008,2008,0,0,1
v3_balancing_connectedness_and_self_protect,rpp.93,2014,2014,1,1,1,0,0.375,0,0.75,0,2008,2008,0,0,1
v3_balancing_connectedness_and_self_protect,rpp.93,2014,2014,1,1,1,0,0.375,0.25,0.5,1,2008,2008,0,0,1
v3_balancing_connectedness_and_self_protect,rpp.93,2014,2014,1,1,1,0,0.375,0.5,0.25,0,2008,2008,0,0,1
v3_balancing_connectedness_and_self_protect,rpp.93,2014,2014,1,1,1,0,0.5,0.25,0.75,0,2008,2008,0,0,2
v3_balancing_connectedness_and_self_protect,rpp.93,2014,2014,1,1,1,0,0.5,0.5,0.5,0,2008,2008,0,0,1
v3_balancing_connectedness_and_self_protect,rpp.93,2014,2014,1,1,1,0,0.5,0.5,0.5,1,2008,2008,0,0,2
v3_balancing_connectedness_and_self_protect,rpp.93,2014,2014,1,1,1,0,0.625,0.75,0.5,0,2008,2008,0,0,1
v3_balancing_connectedness_and_self_protect,rpp.93,2014,2014,1,1,1,0,0.625,0.75,0.5,1,2008,2008,0,0,3
v3_balancing_connectedness_and_self_protect,rpp.93,2014,2014,1,1,1,0,0.875,0.75,1.0,1,2008,2008,0,0,1
v3_balancing_connectedness_and_self_protect,rpp.93,2014,2015,2,2,0,0,,,,0,2008,2008,0,0,2
v3_balancing_connectedness_and_self_protect,rpp.93,2014,2015,2,2,0,0,,,,1,2008,2008,0,0,2
v3_balancing_connectedness_and_self_protect,rpp.93,2014,2015,2,2,1,0,0.125,0.25,0.0,0,2008,2008,0,0,1
v3_balancing_connectedness_and_self_protect,rpp.93,2014,2015,2,2,1,0,0.25,0.25,0.25,0,2008,2008,0,0,1
v3_balancing_connectedness_and_self_protect,rpp.93,2014,2015,2,2,1,0,0.5,0.5,0.5,0,2008,2008,0,0,1
v3_balancing_connectedness_and_self_protect,rpp.93,2014,2015,2,2,1,0,0.625,0.5,0.75,0,2008,2008,0,0,1
v3_balancing_connectedness_and_self_protect,rpp.93,2014,2015,2,2,1,0,0.625,0.75,0.5,1,2008,2008,0,0,1
v3_balancing_connectedness_and_self_protect,rpp.93,2015,2015,1,1,0,0,,,,0,2008,2008,0,0,5
v3_balancing_connectedness_and_self_protect,rpp.93,2015,2015,1,1,0,0,,,,1,2008,2008,0,0,2
v3_balancing_connectedness_and_self_protect,rpp.93,2015,2015,1,1,1,0,0.0,0,0.0,1,2008,2008,0,0,2
v3_balancing_connectedness_and_self_protect,rpp.93,2015,2015,1,1,1,0,0.125,0,0.25,0,2008,2008,0,0,1
v3_balancing_connectedness_and_self_protect,rpp.93,2015,2015,1,1,1,0,0.125,0.25,0.0,0,2008,2008,0,0,1
v3_balancing_connectedness_and_self_protect,rpp.93,2015,2015,1,1,1,0,0.125,0.25,0.0,1,2008,2008,0,0,2
v3_balancing_connectedness_and_self_protect,rpp.93,2015,2015,1,1,1,0,0.25,0.25,0.25,0,2008,2008,0,0,1
v3_balancing_connectedness_and_self_protect,rpp.93,2015,2015,1,1,1,0,0.25,0.25,0.25,1,2008,2008,0,0,3
v3_balancing_connectedness_and_self_protect,rpp.93,2015,2015,1,1,1,0,0.5,0.5,0.5,0,2008,2008,0,0,1
v3_balancing_connectedness_and_self_protect,rpp.93,2015,2015,1,1,1,0,0.5,0.5,0.5,1,2008,2008,0,0,2
v3_balancing_connectedness_and_self_protect,rpp.93,2015,2015,1,1,1,0,0.625,0.5,0.75,1,2008,2008,0,0,2
v3_balancing_connectedness_and_self_protect,rpp.93,2015,2015,1,1,1,0,0.625,0.75,0.5,1,2008,2008,0,0,1
v3_balancing_connectedness_and_self_protect,rpp.93,2015,2015,1,1,1,0,0.75,0.5,1.0,1,2008,2008,0,0,2
v3_balancing_connectedness_and_self_protect,rpp.93,2015,2015,1,1,1,0,0.75,0.75,0.75,0,2008,2008,0,0,1
v3_balancing_connectedness_and_self_protect,rpp.93,2015,2015,1,1,1,0,0.875,0.75,1.0,0,2008,2008,0,0,1
v3_balancing_connectedness_and_self_protect,rpp.93,2015,2015,1,1,1,0,0.875,0.75,1.0,1,2008,2008,0,0,1
v3_balancing_connectedness_and_self_protect,rpp.93,2016,2016,1,1,0,0,,,,0,2008,2008,0,0,2
v3_balancing_connectedness_and_self_protect,rpp.93,2016,2016,1,1,0,0,,,,1,2008,2008,0,0,2
v3_balancing_connectedness_and_self_protect,rpp.93,2016,2016,1,1,1,0,0.25,0.25,0.25,0,2008,2008,0,0,2
v3_balancing_connectedness_and_self_protect,rpp.93,2016,2016,1,1,1,0,0.25,0.25,0.25,1,2008,2008,0,0,3
v3_balancing_connectedness_and_self_protect,rpp.93,2016,2016,1,1,1,0,0.375,0.5,0.25,0,2008,2008,0,0,1
v3_balancing_connectedness_and_self_protect,rpp.93,2016,2016,1,1,1,0,0.375,0.5,0.25,1,2008,2008,0,0,1
v3_balancing_connectedness_and_self_protect,rpp.93,2016,2016,1,1,1,0,0.5,0.25,0.75,1,2008,2008,0,0,1
v3_balancing_connectedness_and_self_protect,rpp.93,2016,2016,1,1,1,0,0.5,0.5,0.5,1,2008,2008,0,0,1
v3_balancing_connectedness_and_self_protect,rpp.93,2016,2016,1,1,1,0,0.5,0.75,0.25,1,2008,2008,0,0,1
v3_balancing_connectedness_and_self_protect,rpp.93,2016,2016,1,1,1,0,0.75,0.75,0.75,0,2008,2008,0,0,1
v3_balancing_connectedness_and_self_protect,rpp.93,2016,2016,1,1,1,0,0.875,0.75,1.0,1,2008,2008,0,0,1
v3_balancing_connectedness_and_self_protect,rpp.93,2017,2017,1,1,0,0,,,,1,2008,2008,0,0,6
v3_balancing_connectedness_and_self_protect,rpp.93,2017,2017,1,1,1,0,0.0,0,0.0,0,2008,2008,0,0,1
v3_balancing_connectedness_and_self_protect,rpp.93,2017,2017,1,1,1,0,0.375,0.25,0.5,1,2008,2008,0,0,1
v3_balancing_connectedness_and_self_protect,rpp.93,2017,2017,1,1,1,0,0.5,0.5,0.5,1,2008,2008,0,0,1
v3_balancing_connectedness_and_self_protect,rpp.93,2017,2017,1,1,1,0,0.625,0.5,0.75,1,2008,2008,0,0,1
v3_balancing_connectedness_and_self_protect,rpp.93,2017,2017,1,1,1,0,0.625,0.75,0.5,1,2008,2008,0,0,2
v3_balancing_connectedness_and_self_protect,rpp.93,2018,2018,1,1,0,0,,,,0,2008,2008,0,0,1
v3_balancing_connectedness_and_self_protect,rpp.93,2018,2018,1,1,0,0,,,,1,2008,2008,0,0,3
v3_balancing_connectedness_and_self_protect,rpp.93,2018,2018,1,1,1,0,0.0,0,0.0,1,2008,2008,0,0,1
v3_balancing_connectedness_and_self_protect,rpp.93,2018,2018,1,1,1,0,0.25,0.25,0.25,1,2008,2008,0,0,2
v3_balancing_connectedness_and_self_protect,rpp.93,2018,2018,1,1,1,0,0.375,0.5,0.25,1,2008,2008,0,0,1
v3_balancing_connectedness_and_self_protect,rpp.93,2018,2018,1,1,1,0,0.5,0.5,0.5,0,2008,2008,0,0,1
v3_balancing_connectedness_and_self_protect,rpp.93,2018,2018,1,1,1,0,0.5,0.75,0.25,0,2008,2008,0,0,1
v3_balancing_connectedness_and_self_protect,rpp.93,2018,2018,1,1,1,0,1.0,1,1.0,1,2008,2008,0,0,1
v3_balancing_connectedness_and_self_protect,rpp.93,2019,2019,1,1,0,0,,,,0,2008,2008,0,0,2
v3_balancing_connectedness_and_self_protect,rpp.93,2019,2019,1,1,0,0,,,,1,2008,2008,0,0,1
v3_balancing_connectedness_and_self_protect,rpp.93,2019,2019,1,1,1,0,0.25,0.25,0.25,1,2008,2008,0,0,1
v3_balancing_connectedness_and_self_protect,rpp.93,2019,2019,1,1,1,0,0.375,0.5,0.25,0,2008,2008,0,0,1
v3_balancing_connectedness_and_self_protect,rpp.93,2019,2019,1,1,1,0,0.375,0.5,0.25,1,2008,2008,0,0,1
v3_balancing_connectedness_and_self_protect,rpp.93,2019,2019,1,1,1,0,0.5,0.5,0.5,1,2008,2008,0,0,3
v3_balancing_connectedness_and_self_protect,rpp.93,2019,2019,1,1,1,0,0.625,0.5,0.75,0,2008,2008,0,0,1
v3_balancing_connectedness_and_self_protect,rpp.93,2019,2019,1,1,1,0,0.625,0.75,0.5,1,2008,2008,0,0,1
v3_balancing_connectedness_and_self_protect,rpp.93,2019,2019,1,1,1,0,0.875,0.75,1.0,1,2008,2008,0,0,1
v3_balancing_connectedness_and_self_protect,rpp.93,2020,2020,1,1,1,0,0.125,0,0.25,1,2008,2008,0,0,1
v3_balancing_connectedness_and_self_protect,rpp.93,2020,2020,1,1,1,0,0.125,0.25,0.0,1,2008,2008,0,0,1
v3_balancing_connectedness_and_self_protect,rpp.93,2020,2020,1,1,1,0,0.25,0.25,0.25,1,2008,2008,0,0,2
v3_balancing_connectedness_and_self_protect,rpp.93,2020,2020,1,1,1,0,0.625,0.75,0.5,1,2008,2008,0,0,2
v3_balancing_connectedness_and_self_protect,rpp.93,2020,2020,1,1,1,0,0.75,0.75,0.75,1,2008,2008,0,0,1
v3_balancing_connectedness_and_self_protect,rpp.93,2021,2021,1,1,0,0,,,,0,2008,2008,0,0,1
v3_balancing_connectedness_and_self_protect,rpp.93,2021,2021,1,1,0,0,,,,1,2008,2008,0,0,8
v3_balancing_connectedness_and_self_protect,rpp.93,2021,2021,1,1,1,0,0.125,0.25,0.0,1,2008,2008,0,0,1
v3_balancing_connectedness_and_self_protect,rpp.93,2021,2021,1,1,1,0,0.25,0.25,0.25,1,2008,2008,0,0,3
v3_balancing_connectedness_and_self_protect,rpp.93,2021,2021,1,1,1,0,0.375,0.25,0.5,0,2008,2008,0,0,1
v3_balancing_connectedness_and_self_protect,rpp.93,2021,2021,1,1,1,0,0.375,0.25,0.5,1,2008,2008,0,0,2
v3_balancing_connectedness_and_self_protect,rpp.93,2021,2021,1,1,1,0,0.5,0.5,0.5,0,2008,2008,0,0,1
v3_balancing_connectedness_and_self_protect,rpp.93,2021,2021,1,1,1,0,0.5,0.5,0.5,1,2008,2008,0,0,1
v3_balancing_connectedness_and_self_protect,rpp.93,2021,2021,1,1,1,0,0.625,0.75,0.5,1,2008,2008,0,0,2
v3_balancing_connectedness_and_self_protect,rpp.93,2021,2021,1,1,1,0,0.75,0.5,1.0,1,2008,2008,0,0,1
v3_balancing_connectedness_and_self_protect,rpp.93,2021,2021,1,1,1,0,0.875,0.75,1.0,1,2008,2008,0,0,1
v3_balancing_connectedness_and_self_protect,rpp.93,2022,2022,1,1,1,0,0.625,0.75,0.5,1,2008,2008,0,0,3
v3_balancing_connectedness_and_self_protect,rpp.93,2023,2023,1,1,0,0,,,,1,2008,2008,0,0,1
v3_balancing_connectedness_and_self_protect,rpp.93,2023,2023,1,1,1,0,0.375,0.25,0.5,0,2008,2008,0,0,2
v3_balancing_connectedness_and_self_protect,rpp.93,2023,2023,1,1,1,0,0.5,0.5,0.5,0,2008,2008,0,0,1
v3_balancing_connectedness_and_self_protect,rpp.93,2023,2023,1,1,1,0,0.5,0.5,0.5,1,2008,2008,0,0,1
v3_balancing_connectedness_and_self_protect,rpp.93,2023,2023,1,1,1,0,0.875,0.75,1.0,0,2008,2008,0,0,1
v3_balancing_connectedness_and_self_protect,rpp.93,2024,2024,1,1,0,0,,,,1,2008,2008,0,0,5
v3_balancing_connectedness_and_self_protect,rpp.93,2024,2024,1,1,1,0,0.375,0.25,0.5,0,2008,2008,0,0,1
v3_balancing_connectedness_and_self_protect,rpp.93,2024,2024,1,1,1,0,0.5,0.25,0.75,0,2008,2008,0,0,1
v3_balancing_connectedness_and_self_protect,rpp.93,2024,2024,1,1,1,0,0.5,0.5,0.5,1,2008,2008,0,0,1
v3_balancing_connectedness_and_self_protect,rpp.93,2024,2024,1,1,1,0,0.625,0.75,0.5,1,2008,2008,0,0,1
v3_balancing_connectedness_and_self_protect,rpp.93,2025,2025,1,1,0,0,,,,0,2008,2008,0,0,8
v3_balancing_connectedness_and_self_protect,rpp.93,2025,2025,1,1,0,0,,,,1,2008,2008,0,0,4
v3_balancing_connectedness_and_self_protect,rpp.93,2025,2025,1,1,1,0,0.25,0.25,0.25,0,2008,2008,0,0,1
v3_balancing_connectedness_and_self_protect,rpp.93,2025,2025,1,1,1,0,0.25,0.25,0.25,1,2008,2008,0,0,1
v3_balancing_connectedness_and_self_protect,rpp.93,2025,2025,1,1,1,0,0.375,0.25,0.5,0,2008,2008,0,0,1
v3_balancing_connectedness_and_self_protect,rpp.93,2025,2025,1,1,1,0,0.375,0.5,0.25,1,2008,2008,0,0,2
v3_balancing_connectedness_and_self_protect,rpp.93,2025,2025,1,1,1,0,0.625,0.5,0.75,0,2008,2008,0,0,2
v3_balancing_connectedness_and_self_protect,rpp.93,2025,2025,1,1,1,0,0.625,0.5,0.75,1,2008,2008,0,0,1
v3_balancing_connectedness_and_self_protect,rpp.93,2025,2025,1,1,1,0,0.625,0.75,0.5,1,2008,2008,0,0,3
v3_cloningertextquotesingles_psychobiologic,ml3.8,2010,2010,1,1,0,0,,,,1,2000,2000,0,0,1
v3_cloningertextquotesingles_psychobiologic,ml3.8,2010,2010,1,1,1,0,0.25,0.25,0.25,1,2000,2000,0,0,1
v3_cloningertextquotesingles_psychobiologic,ml3.8,2010,2010,1,1,1,0,0.75,0.75,0.75,1,2000,2000,0,0,1
v3_cloningertextquotesingles_psychobiologic,ml3.8,2011,2011,1,1,0,0,,,,1,2000,2000,0,0,1
v3_cloningertextquotesingles_psychobiologic,ml3.8,2011,2011,1,1,1,0,0.5,0.5,0.5,1,2000,2000,0,0,2
v3_cloningertextquotesingles_psychobiologic,ml3.8,2011,2011,1,1,1,0,0.625,0.75,0.5,1,2000,2000,0,0,1
v3_cloningertextquotesingles_psychobiologic,ml3.8,2012,2012,1,1,1,0,0.375,0.25,0.5,1,2000,2000,0,0,1
v3_cloningertextquotesingles_psychobiologic,ml3.8,2012,2012,1,1,1,0,0.5,0.5,0.5,0,2000,2000,0,0,1
v3_cloningertextquotesingles_psychobiologic,ml3.8,2012,2012,1,1,1,0,0.5,0.5,0.5,1,2000,2000,0,0,1
v3_cloningertextquotesingles_psychobiologic,ml3.8,2012,2012,1,1,1,0,0.625,0.5,0.75,1,2000,2000,0,0,1
v3_cloningertextquotesingles_psychobiologic,ml3.8,2012,2012,1,1,1,0,0.75,0.5,1.0,1,2000,2000,0,0,1
v3_cloningertextquotesingles_psychobiologic,ml3.8,2012,2012,1,1,1,0,0.75,0.75,0.75,1,2000,2000,0,0,1
v3_cloningertextquotesingles_psychobiologic,ml3.8,2013,2013,1,1,0,0,,,,0,2000,2000,0,0,2
v3_cloningertextquotesingles_psychobiologic,ml3.8,2013,2013,1,1,0,0,,,,1,2000,2000,0,0,3
v3_cloningertextquotesingles_psychobiologic,ml3.8,2013,2013,1,1,1,0,0.5,0.5,0.5,0,2000,2000,0,0,2
v3_cloningertextquotesingles_psychobiologic,ml3.8,2013,2013,1,1,1,0,0.5,0.5,0.5,1,2000,2000,0,0,2
v3_cloningertextquotesingles_psychobiologic,ml3.8,2014,2014,1,1,0,0,,,,0,2000,2000,0,0,1
v3_cloningertextquotesingles_psychobiologic,ml3.8,2014,2014,1,1,0,0,,,,1,2000,2000,0,0,8
v3_cloningertextquotesingles_psychobiologic,ml3.8,2014,2014,1,1,1,0,0.25,0,0.5,1,2000,2000,0,0,1
v3_cloningertextquotesingles_psychobiologic,ml3.8,2014,2014,1,1,1,0,0.25,0.25,0.25,0,2000,2000,0,0,2
v3_cloningertextquotesingles_psychobiologic,ml3.8,2014,2014,1,1,1,0,0.25,0.25,0.25,1,2000,2000,0,0,1
v3_cloningertextquotesingles_psychobiologic,ml3.8,2014,2014,1,1,1,0,0.375,0.25,0.5,1,2000,2000,0,0,1
v3_cloningertextquotesingles_psychobiologic,ml3.8,2014,2014,1,1,1,0,0.5,0.25,0.75,1,2000,2000,0,0,1
v3_cloningertextquotesingles_psychobiologic,ml3.8,2014,2014,1,1,1,0,0.5,0.5,0.5,0,2000,2000,0,0,1
v3_cloningertextquotesingles_psychobiologic,ml3.8,2014,2014,1,1,1,0,0.5,0.5,0.5,1,2000,2000,0,0,8
v3_cloningertextquotesingles_psychobiologic,ml3.8,2014,2014,1,1,1,0,0.625,0.5,0.75,0,2000,2000,0,0,1
v3_cloningertextquotesingles_psychobiologic,ml3.8,2014,2014,1,1,1,0,0.625,0.5,0.75,1,2000,2000,0,0,1
v3_cloningertextquotesingles_psychobiologic,ml3.8,2014,2014,1,1,1,0,0.625,0.75,0.5,0,2000,2000,0,0,1
v3_cloningertextquotesingles_psychobiologic,ml3.8,2014,2014,1,1,1,0,0.75,0.75,0.75,1,2000,2000,0,0,3
v3_cloningertextquotesingles_psychobiologic,ml3.8,2014,2014,1,1,1,0,0.875,0.75,1.0,1,2000,2000,0,0,1
v3_cloningertextquotesingles_psychobiologic,ml3.8,2015,2015,1,1,0,0,,,,0,2000,2000,0,0,2
v3_cloningertextquotesingles_psychobiologic,ml3.8,2015,2015,1,1,0,0,,,,1,2000,2000,0,0,4
v3_cloningertextquotesingles_psychobiologic,ml3.8,2015,2015,1,1,1,0,0.5,0.5,0.5,0,2000,2000,0,0,1
v3_cloningertextquotesingles_psychobiologic,ml3.8,2015,2015,1,1,1,0,0.5,0.5,0.5,1,2000,2000,0,0,6
v3_cloningertextquotesingles_psychobiologic,ml3.8,2015,2015,1,1,1,0,0.625,0.5,0.75,1,2000,2000,0,0,2
v3_cloningertextquotesingles_psychobiologic,ml3.8,2015,2015,1,1,1,0,0.625,0.75,0.5,1,2000,2000,0,0,1
v3_cloningertextquotesingles_psychobiologic,ml3.8,2015,2015,1,1,1,0,0.75,0.5,1.0,1,2000,2000,0,0,1
v3_cloningertextquotesingles_psychobiologic,ml3.8,2015,2015,1,1,1,0,0.75,0.75,0.75,1,2000,2000,0,0,1
v3_cloningertextquotesingles_psychobiologic,ml3.8,2016,2016,1,1,0,0,,,,1,2000,2000,0,0,2
v3_cloningertextquotesingles_psychobiologic,ml3.8,2016,2016,1,1,1,0,0.5,0.5,0.5,0,2000,2000,0,0,3
v3_cloningertextquotesingles_psychobiologic,ml3.8,2016,2016,1,1,1,0,0.5,0.5,0.5,1,2000,2000,0,0,1
v3_cloningertextquotesingles_psychobiologic,ml3.8,2016,2016,1,1,1,0,0.625,0.75,0.5,1,2000,2000,0,0,1
v3_cloningertextquotesingles_psychobiologic,ml3.8,2016,2016,1,1,1,0,0.75,1,0.5,1,2000,2000,0,0,1
v3_cloningertextquotesingles_psychobiologic,ml3.8,2017,2017,1,1,0,0,,,,0,2000,2000,0,0,4
v3_cloningertextquotesingles_psychobiologic,ml3.8,2017,2017,1,1,0,0,,,,1,2000,2000,0,0,9
v3_cloningertextquotesingles_psychobiologic,ml3.8,2017,2017,1,1,1,0,0.125,0,0.25,1,2000,2000,0,0,1
v3_cloningertextquotesingles_psychobiologic,ml3.8,2017,2017,1,1,1,0,0.125,0.25,0.0,1,2000,2000,0,0,1
v3_cloningertextquotesingles_psychobiologic,ml3.8,2017,2017,1,1,1,0,0.25,0,0.5,1,2000,2000,0,0,1
v3_cloningertextquotesingles_psychobiologic,ml3.8,2017,2017,1,1,1,0,0.25,0.25,0.25,1,2000,2000,0,0,1
v3_cloningertextquotesingles_psychobiologic,ml3.8,2017,2017,1,1,1,0,0.375,0.5,0.25,1,2000,2000,0,0,1
v3_cloningertextquotesingles_psychobiologic,ml3.8,2017,2017,1,1,1,0,0.5,0.5,0.5,0,2000,2000,0,0,1
v3_cloningertextquotesingles_psychobiologic,ml3.8,2017,2017,1,1,1,0,0.5,0.5,0.5,1,2000,2000,0,0,3
v3_cloningertextquotesingles_psychobiologic,ml3.8,2017,2017,1,1,1,0,0.625,0.5,0.75,1,2000,2000,0,0,3
v3_cloningertextquotesingles_psychobiologic,ml3.8,2017,2017,1,1,1,0,0.625,0.75,0.5,0,2000,2000,0,0,1
v3_cloningertextquotesingles_psychobiologic,ml3.8,2017,2017,1,1,1,0,0.75,0.5,1.0,1,2000,2000,0,0,1
v3_cloningertextquotesingles_psychobiologic,ml3.8,2017,2017,1,1,1,0,0.75,0.75,0.75,1,2000,2000,0,0,1
v3_cloningertextquotesingles_psychobiologic,ml3.8,2018,2018,1,1,0,0,,,,0,2000,2000,0,0,1
v3_cloningertextquotesingles_psychobiologic,ml3.8,2018,2018,1,1,0,0,,,,1,2000,2000,0,0,1
v3_cloningertextquotesingles_psychobiologic,ml3.8,2018,2018,1,1,1,0,0.5,0.5,0.5,0,2000,2000,0,0,1
v3_cloningertextquotesingles_psychobiologic,ml3.8,2018,2018,1,1,1,0,0.5,0.5,0.5,1,2000,2000,0,0,1
v3_cloningertextquotesingles_psychobiologic,ml3.8,2018,2018,1,1,1,0,0.625,0.5,0.75,1,2000,2000,0,0,1
v3_cloningertextquotesingles_psychobiologic,ml3.8,2018,2018,1,1,1,0,0.625,0.75,0.5,1,2000,2000,0,0,1
v3_cloningertextquotesingles_psychobiologic,ml3.8,2018,2018,1,1,1,0,0.75,0.75,0.75,1,2000,2000,0,0,1
v3_cloningertextquotesingles_psychobiologic,ml3.8,2019,2019,1,1,0,0,,,,0,2000,2000,0,0,3
v3_cloningertextquotesingles_psychobiologic,ml3.8,2019,2019,1,1,0,0,,,,1,2000,2000,0,0,2
v3_cloningertextquotesingles_psychobiologic,ml3.8,2019,2019,1,1,1,0,0.0,0,0.0,1,2000,2000,0,0,1
v3_cloningertextquotesingles_psychobiologic,ml3.8,2019,2019,1,1,1,0,0.25,0.25,0.25,0,2000,2000,0,0,1
v3_cloningertextquotesingles_psychobiologic,ml3.8,2019,2019,1,1,1,0,0.5,0.5,0.5,0,2000,2000,0,0,1
v3_cloningertextquotesingles_psychobiologic,ml3.8,2019,2019,1,1,1,0,0.5,0.5,0.5,1,2000,2000,0,0,1
v3_cloningertextquotesingles_psychobiologic,ml3.8,2020,2020,1,1,0,0,,,,0,2000,2000,0,0,3
v3_cloningertextquotesingles_psychobiologic,ml3.8,2020,2020,1,1,0,0,,,,1,2000,2000,0,0,9
v3_cloningertextquotesingles_psychobiologic,ml3.8,2020,2020,1,1,1,0,0.25,0.25,0.25,0,2000,2000,0,0,1
v3_cloningertextquotesingles_psychobiologic,ml3.8,2020,2020,1,1,1,0,0.25,0.25,0.25,1,2000,2000,0,0,2
v3_cloningertextquotesingles_psychobiologic,ml3.8,2020,2020,1,1,1,0,0.5,0.5,0.5,0,2000,2000,0,0,3
v3_cloningertextquotesingles_psychobiologic,ml3.8,2020,2020,1,1,1,0,0.5,0.5,0.5,1,2000,2000,0,0,9
v3_cloningertextquotesingles_psychobiologic,ml3.8,2020,2020,1,1,1,0,0.625,0.5,0.75,0,2000,2000,0,0,1
v3_cloningertextquotesingles_psychobiologic,ml3.8,2020,2020,1,1,1,0,0.625,0.5,0.75,1,2000,2000,0,0,1
v3_cloningertextquotesingles_psychobiologic,ml3.8,2020,2020,1,1,1,0,0.625,0.75,0.5,0,2000,2000,0,0,1
v3_cloningertextquotesingles_psychobiologic,ml3.8,2020,2020,1,1,1,0,0.75,0.5,1.0,1,2000,2000,0,0,1
v3_cloningertextquotesingles_psychobiologic,ml3.8,2020,2020,1,1,1,0,0.75,0.75,0.75,1,2000,2000,0,0,2
v3_cloningertextquotesingles_psychobiologic,ml3.8,2021,2021,1,1,0,0,,,,0,2000,2000,0,0,3
v3_cloningertextquotesingles_psychobiologic,ml3.8,2021,2021,1,1,0,0,,,,1,2000,2000,0,0,1
v3_cloningertextquotesingles_psychobiologic,ml3.8,2021,2021,1,1,1,0,0.375,0.5,0.25,1,2000,2000,0,0,2
v3_cloningertextquotesingles_psychobiologic,ml3.8,2021,2021,1,1,1,0,0.5,0.5,0.5,1,2000,2000,0,0,3
v3_cloningertextquotesingles_psychobiologic,ml3.8,2021,2021,1,1,1,0,0.625,0.5,0.75,0,2000,2000,0,0,1
v3_cloningertextquotesingles_psychobiologic,ml3.8,2022,2022,1,1,0,0,,,,0,2000,2000,0,0,2
v3_cloningertextquotesingles_psychobiologic,ml3.8,2022,2022,1,1,0,0,,,,1,2000,2000,0,0,5
v3_cloningertextquotesingles_psychobiologic,ml3.8,2022,2022,1,1,1,0,0.25,0.25,0.25,1,2000,2000,0,0,1
v3_cloningertextquotesingles_psychobiologic,ml3.8,2022,2022,1,1,1,0,0.5,0.5,0.5,1,2000,2000,0,0,2
v3_cloningertextquotesingles_psychobiologic,ml3.8,2022,2022,1,1,1,0,0.75,0.75,0.75,0,2000,2000,0,0,1
v3_cloningertextquotesingles_psychobiologic,ml3.8,2023,2023,1,1,0,0,,,,0,2000,2000,0,0,1
v3_cloningertextquotesingles_psychobiologic,ml3.8,2023,2023,1,1,0,0,,,,1,2000,2000,0,0,2
v3_cloningertextquotesingles_psychobiologic,ml3.8,2023,2023,1,1,1,0,0.5,0.5,0.5,1,2000,2000,0,0,3
v3_cloningertextquotesingles_psychobiologic,ml3.8,2023,2023,1,1,1,0,0.625,0.5,0.75,0,2000,2000,0,0,1
v3_cloningertextquotesingles_psychobiologic,ml3.8,2024,2024,1,1,0,0,,,,1,2000,2000,0,0,3
v3_cloningertextquotesingles_psychobiologic,ml3.8,2024,2024,1,1,1,0,0.25,0.25,0.25,1,2000,2000,0,0,1
v3_cloningertextquotesingles_psychobiologic,ml3.8,2024,2024,1,1,1,0,0.5,0.5,0.5,0,2000,2000,0,0,1
v3_cloningertextquotesingles_psychobiologic,ml3.8,2024,2024,1,1,1,0,0.5,0.5,0.5,1,2000,2000,0,0,1
v3_cloningertextquotesingles_psychobiologic,ml3.8,2025,2025,1,1,0,0,,,,0,2000,2000,0,0,3
v3_cloningertextquotesingles_psychobiologic,ml3.8,2025,2025,1,1,0,0,,,,1,2000,2000,0,0,3
v3_cloningertextquotesingles_psychobiologic,ml3.8,2025,2025,1,1,1,0,0.25,0.25,0.25,0,2000,2000,0,0,2
v3_cloningertextquotesingles_psychobiologic,ml3.8,2025,2025,1,1,1,0,0.5,0.5,0.5,1,2000,2000,0,0,2
v3_cloningertextquotesingles_psychobiologic,ml3.8,2025,2025,1,1,1,0,0.625,0.5,0.75,0,2000,2000,0,0,1
v3_cloningertextquotesingles_psychobiologic,ml3.8,2025,2025,1,1,1,0,0.625,0.5,0.75,1,2000,2000,0,0,1
v3_cloningertextquotesingles_psychobiologic,ml3.8,2026,2026,1,1,1,0,0.75,0.5,1.0,1,2000,2000,0,0,1
v3_conflict_triggered_goal_shielding_respon,rpp.158,2008,2008,1,1,0,0,,,,1,2008,2008,0,0,1
v3_conflict_triggered_goal_shielding_respon,rpp.158,2009,2009,1,1,1,0,0.125,0.25,0.0,1,2008,2008,0,0,1
v3_conflict_triggered_goal_shielding_respon,rpp.158,2009,2009,1,1,1,0,0.25,0.5,0.0,1,2008,2008,0,0,1
v3_conflict_triggered_goal_shielding_respon,rpp.158,2009,2009,1,1,1,0,0.625,0.75,0.5,1,2008,2008,0,0,1
v3_conflict_triggered_goal_shielding_respon,rpp.158,2010,2010,1,1,0,0,,,,0,2008,2008,0,0,2
v3_conflict_triggered_goal_shielding_respon,rpp.158,2010,2010,1,1,0,0,,,,1,2008,2008,0,0,1
v3_conflict_triggered_goal_shielding_respon,rpp.158,2011,2011,1,1,1,0,1.0,1,1.0,1,2008,2008,0,0,1
v3_conflict_triggered_goal_shielding_respon,rpp.158,2012,2012,1,1,0,0,,,,1,2008,2008,0,0,1
v3_conflict_triggered_goal_shielding_respon,rpp.158,2012,2012,1,1,1,0,0.25,0.25,0.25,1,2008,2008,0,0,1
v3_conflict_triggered_goal_shielding_respon,rpp.158,2012,2012,1,1,1,0,0.375,0.75,0.0,1,2008,2008,0,0,1
v3_conflict_triggered_goal_shielding_respon,rpp.158,2013,2013,1,1,1,0,0.25,0.25,0.25,1,2008,2008,0,0,1
v3_conflict_triggered_goal_shielding_respon,rpp.158,2014,2014,1,1,0,0,,,,0,2008,2008,0,0,1
v3_conflict_triggered_goal_shielding_respon,rpp.158,2014,2014,1,1,1,0,0.0,0,0.0,0,2008,2008,0,0,1
v3_conflict_triggered_goal_shielding_respon,rpp.158,2014,2014,1,1,1,0,0.625,0.75,0.5,1,2008,2008,0,0,1
v3_conflict_triggered_goal_shielding_respon,rpp.158,2014,2014,1,1,1,0,0.875,0.75,1.0,1,2008,2008,0,0,1
v3_conflict_triggered_goal_shielding_respon,rpp.158,2015,2015,1,1,0,0,,,,0,2008,2008,0,0,2
v3_conflict_triggered_goal_shielding_respon,rpp.158,2015,2015,1,1,1,0,0.5,0.5,0.5,0,2008,2008,0,0,1
v3_conflict_triggered_goal_shielding_respon,rpp.158,2015,2015,1,1,1,0,0.625,0.5,0.75,0,2008,2008,0,0,1
v3_conflict_triggered_goal_shielding_respon,rpp.158,2016,2016,1,1,0,0,,,,1,2008,2008,0,0,1
v3_conflict_triggered_goal_shielding_respon,rpp.158,2016,2016,1,1,1,0,0.125,0,0.25,1,2008,2008,0,0,1
v3_conflict_triggered_goal_shielding_respon,rpp.158,2017,2017,1,1,0,0,,,,1,2008,2008,0,0,2
v3_conflict_triggered_goal_shielding_respon,rpp.158,2018,2018,1,1,0,0,,,,1,2008,2008,0,0,1
v3_conflict_triggered_goal_shielding_respon,rpp.158,2018,2018,1,1,1,0,0.25,0.25,0.25,1,2008,2008,0,0,1
v3_conflict_triggered_goal_shielding_respon,rpp.158,2018,2018,1,1,1,0,0.625,0.75,0.5,0,2008,2008,0,0,1
v3_conflict_triggered_goal_shielding_respon,rpp.158,2019,2019,1,1,0,0,,,,0,2008,2008,0,0,1
v3_conflict_triggered_goal_shielding_respon,rpp.158,2019,2019,1,1,1,0,0.25,0.25,0.25,1,2008,2008,0,0,1
v3_conflict_triggered_goal_shielding_respon,rpp.158,2019,2019,1,1,1,0,0.5,0.5,0.5,1,2008,2008,0,0,1
v3_conflict_triggered_goal_shielding_respon,rpp.158,2020,2020,1,1,1,0,0.5,0.5,0.5,1,2008,2008,0,0,1
v3_conflict_triggered_goal_shielding_respon,rpp.158,2022,2022,1,1,0,0,,,,1,2008,2008,0,0,1
v3_conflict_triggered_goal_shielding_respon,rpp.158,2023,2023,1,1,1,0,0.25,0.25,0.25,1,2008,2008,0,0,1
v3_conflict_triggered_goal_shielding_respon,rpp.158,2024,2024,1,1,1,0,0.75,0.75,0.75,1,2008,2008,0,0,1
v3_conflict_triggered_goal_shielding_respon,rpp.158,2025,2025,1,1,0,0,,,,0,2008,2008,0,0,1
v3_conflict_triggered_goal_shielding_respon,rpp.158,2025,2025,1,1,0,0,,,,1,2008,2008,0,0,6
v3_conflict_triggered_goal_shielding_respon,rpp.158,2025,2025,1,1,1,0,0.25,0.25,0.25,1,2008,2008,0,0,4
v3_conflict_triggered_goal_shielding_respon,rpp.158,2025,2025,1,1,1,0,0.375,0.25,0.5,1,2008,2008,0,0,1
v3_conflict_triggered_goal_shielding_respon,rpp.158,2025,2025,1,1,1,0,0.375,0.5,0.25,1,2008,2008,0,0,1
v3_conflict_triggered_goal_shielding_respon,rpp.158,2025,2025,1,1,1,0,0.5,0.5,0.5,1,2008,2008,0,0,1
v3_conflict_triggered_goal_shielding_respon,rpp.158,2025,2025,1,1,1,0,0.75,0.5,1.0,1,2008,2008,0,0,1
v3_conflict_triggered_goal_shielding_respon,rpp.158,2025,2025,1,1,1,0,0.75,0.75,0.75,1,2008,2008,0,0,2
v3_coordination_in_the_presence_of_asset_ma,ee.17,2013,2013,1,1,0,0,,,,1,2011,2011,0,0,1
v3_coordination_in_the_presence_of_asset_ma,ee.17,2014,2014,1,1,1,0,0.375,0.25,0.5,1,2011,2011,0,0,1
v3_coordination_in_the_presence_of_asset_ma,ee.17,2014,2014,1,1,1,0,0.75,0.75,0.75,0,2011,2011,0,0,1
v3_coordination_in_the_presence_of_asset_ma,ee.17,2014,2014,1,1,1,0,0.75,0.75,0.75,1,2011,2011,0,0,1
v3_coordination_in_the_presence_of_asset_ma,ee.17,2016,2016,1,1,0,0,,,,0,2011,2011,0,0,2
v3_coordination_in_the_presence_of_asset_ma,ee.17,2016,2016,1,1,0,0,,,,1,2011,2011,0,0,3
v3_coordination_in_the_presence_of_asset_ma,ee.17,2016,2016,1,1,1,0,0.125,0,0.25,1,2011,2011,0,0,1
v3_coordination_in_the_presence_of_asset_ma,ee.17,2017,2017,1,1,0,0,,,,0,2011,2011,0,0,1
v3_coordination_in_the_presence_of_asset_ma,ee.17,2017,2017,1,1,0,0,,,,1,2011,2011,0,0,1
v3_coordination_in_the_presence_of_asset_ma,ee.17,2017,2017,1,1,1,0,0.625,0.5,0.75,1,2011,2011,0,0,1
v3_coordination_in_the_presence_of_asset_ma,ee.17,2020,2020,1,1,1,0,0.625,0.5,0.75,1,2011,2011,0,0,1
v3_coordination_in_the_presence_of_asset_ma,ee.17,2021,2021,1,1,1,0,0.375,0.25,0.5,1,2011,2011,0,0,1
v3_coordination_in_the_presence_of_asset_ma,ee.17,2021,2021,1,1,1,0,0.5,0.5,0.5,1,2011,2011,0,0,1
v3_decision_making_and_learning_while_takin,rpp.39,2008,2008,1,1,0,0,,,,0,2008,2008,0,0,2
v3_decision_making_and_learning_while_takin,rpp.39,2008,2008,1,1,0,0,,,,1,2008,2008,0,0,5
v3_decision_making_and_learning_while_takin,rpp.39,2008,2008,1,1,1,0,0.5,0.5,0.5,1,2008,2008,0,0,1
v3_decision_making_and_learning_while_takin,rpp.39,2008,2008,1,1,1,0,0.75,1,0.5,0,2008,2008,0,0,1
v3_decision_making_and_learning_while_takin,rpp.39,2008,2008,1,1,1,0,1.0,1,1.0,0,2008,2008,0,0,1
v3_decision_making_and_learning_while_takin,rpp.39,2008,2008,1,1,1,0,1.0,1,1.0,1,2008,2008,0,0,2
v3_decision_making_and_learning_while_takin,rpp.39,2009,2009,1,1,0,0,,,,0,2008,2008,0,0,1
v3_decision_making_and_learning_while_takin,rpp.39,2009,2009,1,1,0,0,,,,1,2008,2008,0,0,1
v3_decision_making_and_learning_while_takin,rpp.39,2009,2009,1,1,1,0,0.5,0.5,0.5,1,2008,2008,0,0,1
v3_decision_making_and_learning_while_takin,rpp.39,2009,2010,2,2,0,0,,,,0,2008,2008,0,0,1
v3_decision_making_and_learning_while_takin,rpp.39,2010,2010,1,1,0,0,,,,0,2008,2008,0,0,1
v3_decision_making_and_learning_while_takin,rpp.39,2010,2010,1,1,0,0,,,,1,2008,2008,0,0,4
v3_decision_making_and_learning_while_takin,rpp.39,2010,2010,1,1,1,0,0.5,0.5,0.5,1,2008,2008,0,0,1
v3_decision_making_and_learning_while_takin,rpp.39,2010,2010,1,1,1,0,0.625,0.5,0.75,1,2008,2008,0,0,1
v3_decision_making_and_learning_while_takin,rpp.39,2011,2011,1,1,0,0,,,,0,2008,2008,0,0,2
v3_decision_making_and_learning_while_takin,rpp.39,2011,2011,1,1,0,0,,,,1,2008,2008,0,0,3
v3_decision_making_and_learning_while_takin,rpp.39,2011,2011,1,1,1,0,0.5,0.5,0.5,1,2008,2008,0,0,1
v3_decision_making_and_learning_while_takin,rpp.39,2012,2012,1,1,0,0,,,,0,2008,2008,0,0,3
v3_decision_making_and_learning_while_takin,rpp.39,2012,2012,1,1,0,0,,,,1,2008,2008,0,0,8
v3_decision_making_and_learning_while_takin,rpp.39,2012,2012,1,1,1,0,0.25,0.25,0.25,1,2008,2008,0,0,2
v3_decision_making_and_learning_while_takin,rpp.39,2012,2012,1,1,1,0,0.375,0.5,0.25,1,2008,2008,0,0,1
v3_decision_making_and_learning_while_takin,rpp.39,2012,2012,1,1,1,0,0.5,0.5,0.5,1,2008,2008,0,0,1
v3_decision_making_and_learning_while_takin,rpp.39,2012,2012,1,1,1,0,0.625,0.75,0.5,0,2008,2008,0,0,1
v3_decision_making_and_learning_while_takin,rpp.39,2012,2012,1,1,1,0,0.625,0.75,0.5,1,2008,2008,0,0,2
v3_decision_making_and_learning_while_takin,rpp.39,2012,2012,1,1,1,0,0.75,1,0.5,1,2008,2008,0,0,1
v3_decision_making_and_learning_while_takin,rpp.39,2013,2013,1,1,0,0,,,,0,2008,2008,0,0,4
v3_decision_making_and_learning_while_takin,rpp.39,2013,2013,1,1,0,0,,,,1,2008,2008,0,0,6
v3_decision_making_and_learning_while_takin,rpp.39,2013,2013,1,1,1,0,0.25,0.25,0.25,1,2008,2008,0,0,1
v3_decision_making_and_learning_while_takin,rpp.39,2013,2013,1,1,1,0,0.375,0.25,0.5,0,2008,2008,0,0,1
v3_decision_making_and_learning_while_takin,rpp.39,2013,2013,1,1,1,0,0.375,0.5,0.25,1,2008,2008,0,0,2
v3_decision_making_and_learning_while_takin,rpp.39,2014,2014,1,1,0,0,,,,0,2008,2008,0,0,2
v3_decision_making_and_learning_while_takin,rpp.39,2014,2014,1,1,0,0,,,,1,2008,2008,0,0,3
v3_decision_making_and_learning_while_takin,rpp.39,2014,2014,1,1,1,0,0.125,0,0.25,0,2008,2008,0,0,1
v3_decision_making_and_learning_while_takin,rpp.39,2014,2014,1,1,1,0,0.5,0.5,0.5,1,2008,2008,0,0,2
v3_decision_making_and_learning_while_takin,rpp.39,2015,2015,1,1,0,0,,,,0,2008,2008,0,0,6
v3_decision_making_and_learning_while_takin,rpp.39,2015,2015,1,1,0,0,,,,1,2008,2008,0,0,4
v3_decision_making_and_learning_while_takin,rpp.39,2015,2015,1,1,1,0,0.5,0.5,0.5,1,2008,2008,0,0,1
v3_decision_making_and_learning_while_takin,rpp.39,2016,2016,1,1,0,0,,,,0,2008,2008,0,0,2
v3_decision_making_and_learning_while_takin,rpp.39,2016,2016,1,1,0,0,,,,1,2008,2008,0,0,8
v3_decision_making_and_learning_while_takin,rpp.39,2016,2016,1,1,1,0,0.25,0.25,0.25,0,2008,2008,0,0,1
v3_decision_making_and_learning_while_takin,rpp.39,2016,2016,1,1,1,0,0.5,0.5,0.5,1,2008,2008,0,0,1
v3_decision_making_and_learning_while_takin,rpp.39,2017,2017,1,1,0,0,,,,0,2008,2008,0,0,3
v3_decision_making_and_learning_while_takin,rpp.39,2017,2017,1,1,0,0,,,,1,2008,2008,0,0,4
v3_decision_making_and_learning_while_takin,rpp.39,2017,2017,1,1,1,0,0.125,0,0.25,1,2008,2008,0,0,1
v3_decision_making_and_learning_while_takin,rpp.39,2017,2017,1,1,1,0,0.625,0.75,0.5,1,2008,2008,0,0,1
v3_decision_making_and_learning_while_takin,rpp.39,2018,2018,1,1,0,0,,,,1,2008,2008,0,0,7
v3_decision_making_and_learning_while_takin,rpp.39,2018,2018,1,1,1,0,0.125,0.25,0.0,1,2008,2008,0,0,1
v3_decision_making_and_learning_while_takin,rpp.39,2018,2018,1,1,1,0,0.25,0.25,0.25,0,2008,2008,0,0,1
v3_decision_making_and_learning_while_takin,rpp.39,2018,2018,1,1,1,0,0.25,0.25,0.25,1,2008,2008,0,0,1
v3_decision_making_and_learning_while_takin,rpp.39,2018,2018,1,1,1,0,0.375,0.25,0.5,1,2008,2008,0,0,1
v3_decision_making_and_learning_while_takin,rpp.39,2018,2018,1,1,1,0,0.375,0.5,0.25,1,2008,2008,0,0,1
v3_decision_making_and_learning_while_takin,rpp.39,2018,2018,1,1,1,0,0.375,0.75,0.0,1,2008,2008,0,0,1
v3_decision_making_and_learning_while_takin,rpp.39,2018,2018,1,1,1,0,0.625,0.75,0.5,1,2008,2008,0,0,1
v3_decision_making_and_learning_while_takin,rpp.39,2018,2018,1,1,1,0,0.875,0.75,1.0,1,2008,2008,0,0,1
v3_decision_making_and_learning_while_takin,rpp.39,2019,2019,1,1,0,0,,,,0,2008,2008,0,0,1
v3_decision_making_and_learning_while_takin,rpp.39,2019,2019,1,1,0,0,,,,1,2008,2008,0,0,6
v3_decision_making_and_learning_while_takin,rpp.39,2019,2019,1,1,1,0,0.125,0,0.25,0,2008,2008,0,0,1
v3_decision_making_and_learning_while_takin,rpp.39,2019,2019,1,1,1,0,0.25,0.25,0.25,1,2008,2008,0,0,2
v3_decision_making_and_learning_while_takin,rpp.39,2019,2019,1,1,1,0,0.5,0.5,0.5,0,2008,2008,0,0,1
v3_decision_making_and_learning_while_takin,rpp.39,2019,2019,1,1,1,0,0.5,0.5,0.5,1,2008,2008,0,0,1
v3_decision_making_and_learning_while_takin,rpp.39,2019,2019,1,1,1,0,0.75,0.5,1.0,0,2008,2008,0,0,1
v3_decision_making_and_learning_while_takin,rpp.39,2020,2020,1,1,0,0,,,,0,2008,2008,0,0,4
v3_decision_making_and_learning_while_takin,rpp.39,2020,2020,1,1,0,0,,,,1,2008,2008,0,0,10
v3_decision_making_and_learning_while_takin,rpp.39,2020,2020,1,1,1,0,0.125,0,0.25,1,2008,2008,0,0,1
v3_decision_making_and_learning_while_takin,rpp.39,2020,2020,1,1,1,0,0.5,0.5,0.5,1,2008,2008,0,0,2
v3_decision_making_and_learning_while_takin,rpp.39,2020,2020,1,1,1,0,0.625,0.5,0.75,1,2008,2008,0,0,1
v3_decision_making_and_learning_while_takin,rpp.39,2021,2021,1,1,0,0,,,,0,2008,2008,0,0,1
v3_decision_making_and_learning_while_takin,rpp.39,2021,2021,1,1,0,0,,,,1,2008,2008,0,0,4
v3_decision_making_and_learning_while_takin,rpp.39,2021,2021,1,1,1,0,0.625,0.75,0.5,1,2008,2008,0,0,2
v3_decision_making_and_learning_while_takin,rpp.39,2022,2022,1,1,0,0,,,,0,2008,2008,0,0,5
v3_decision_making_and_learning_while_takin,rpp.39,2022,2022,1,1,0,0,,,,1,2008,2008,0,0,17
v3_decision_making_and_learning_while_takin,rpp.39,2022,2022,1,1,1,0,0.75,0.75,0.75,1,2008,2008,0,0,1
v3_decision_making_and_learning_while_takin,rpp.39,2023,2023,1,1,0,0,,,,0,2008,2008,0,0,3
v3_decision_making_and_learning_while_takin,rpp.39,2023,2023,1,1,0,0,,,,1,2008,2008,0,0,5
v3_decision_making_and_learning_while_takin,rpp.39,2023,2023,1,1,1,0,0.375,0.25,0.5,1,2008,2008,0,0,1
v3_decision_making_and_learning_while_takin,rpp.39,2023,2023,1,1,1,0,0.375,0.5,0.25,0,2008,2008,0,0,1
v3_decision_making_and_learning_while_takin,rpp.39,2023,2023,1,1,1,0,0.875,1,0.75,1,2008,2008,0,0,1
v3_decision_making_and_learning_while_takin,rpp.39,2024,2024,1,1,0,0,,,,0,2008,2008,0,0,2
v3_decision_making_and_learning_while_takin,rpp.39,2024,2024,1,1,0,0,,,,1,2008,2008,0,0,2
v3_decision_making_and_learning_while_takin,rpp.39,2025,2025,1,1,0,0,,,,0,2008,2008,0,0,3
v3_decision_making_and_learning_while_takin,rpp.39,2025,2025,1,1,0,0,,,,1,2008,2008,0,0,1
v3_decision_making_and_learning_while_takin,rpp.39,2025,2025,1,1,1,0,0.5,0.5,0.5,0,2008,2008,0,0,1
v3_deferred_compensation_in_multiperiod_lab,ee.13,2012,2012,1,1,0,0,,,,0,2011,2011,0,0,1
v3_deferred_compensation_in_multiperiod_lab,ee.13,2012,2012,1,1,0,0,,,,1,2011,2011,0,0,2
v3_deferred_compensation_in_multiperiod_lab,ee.13,2012,2012,1,1,1,0,0.5,0.5,0.5,0,2011,2011,0,0,1
v3_deferred_compensation_in_multiperiod_lab,ee.13,2013,2013,1,1,0,0,,,,1,2011,2011,0,0,2
v3_deferred_compensation_in_multiperiod_lab,ee.13,2013,2013,1,1,1,0,0.625,0.5,0.75,1,2011,2011,0,0,1
v3_deferred_compensation_in_multiperiod_lab,ee.13,2014,2014,1,1,0,0,,,,1,2011,2011,0,0,1
v3_deferred_compensation_in_multiperiod_lab,ee.13,2015,2015,1,1,0,0,,,,1,2011,2011,0,0,1
v3_deferred_compensation_in_multiperiod_lab,ee.13,2015,2015,1,1,1,0,0.625,0.5,0.75,0,2011,2011,0,0,1
v3_deferred_compensation_in_multiperiod_lab,ee.13,2016,2016,1,1,0,0,,,,1,2011,2011,0,0,2
v3_deferred_compensation_in_multiperiod_lab,ee.13,2016,2016,1,1,1,0,0.875,0.75,1.0,0,2011,2011,0,0,1
v3_deferred_compensation_in_multiperiod_lab,ee.13,2017,2017,1,1,0,0,,,,1,2011,2011,0,0,1
v3_deferred_compensation_in_multiperiod_lab,ee.13,2017,2017,1,1,1,0,0.875,0.75,1.0,1,2011,2011,0,0,1
v3_deferred_compensation_in_multiperiod_lab,ee.13,2017,2017,1,1,1,0,1.0,1,1.0,1,2011,2011,0,0,1
v3_deferred_compensation_in_multiperiod_lab,ee.13,2018,2018,1,1,1,0,0.5,0.5,0.5,1,2011,2011,0,0,1
v3_deferred_compensation_in_multiperiod_lab,ee.13,2020,2020,1,1,0,0,,,,1,2011,2011,0,0,1
v3_deferred_compensation_in_multiperiod_lab,ee.13,2020,2020,1,1,1,0,0.625,0.5,0.75,1,2011,2011,0,0,1
v3_deferred_compensation_in_multiperiod_lab,ee.13,2020,2020,1,1,1,0,0.625,0.75,0.5,1,2011,2011,0,0,1
v3_deferred_compensation_in_multiperiod_lab,ee.13,2022,2022,1,1,0,0,,,,0,2011,2011,0,0,1
v3_deferred_compensation_in_multiperiod_lab,ee.13,2022,2022,1,1,0,0,,,,1,2011,2011,0,0,2
v3_deferred_compensation_in_multiperiod_lab,ee.13,2024,2024,1,1,0,0,,,,1,2011,2011,0,0,2
v3_deferred_compensation_in_multiperiod_lab,ee.13,2024,2024,1,1,1,0,0.875,1,0.75,1,2011,2011,0,0,1
v3_distinguishing_between_silent_and_vocal_,rpp.73,2009,2009,1,1,0,0,,,,1,2008,2008,0,0,1
v3_distinguishing_between_silent_and_vocal_,rpp.73,2009,2009,1,1,1,0,0.625,0.5,0.75,0,2008,2008,0,0,1
v3_distinguishing_between_silent_and_vocal_,rpp.73,2009,2009,1,1,1,0,0.875,0.75,1.0,1,2008,2008,0,0,1
v3_distinguishing_between_silent_and_vocal_,rpp.73,2010,2010,1,1,1,0,0.25,0.25,0.25,1,2008,2008,0,0,1
v3_distinguishing_between_silent_and_vocal_,rpp.73,2011,2011,1,1,0,0,,,,0,2008,2008,0,0,1
v3_distinguishing_between_silent_and_vocal_,rpp.73,2011,2011,1,1,1,0,0.125,0.25,0.0,0,2008,2008,0,0,1
v3_distinguishing_between_silent_and_vocal_,rpp.73,2011,2011,1,1,1,0,0.5,0.75,0.25,1,2008,2008,0,0,1
v3_distinguishing_between_silent_and_vocal_,rpp.73,2013,2013,1,1,1,0,0.625,0.5,0.75,1,2008,2008,0,0,1
v3_distinguishing_between_silent_and_vocal_,rpp.73,2014,2014,1,1,0,0,,,,0,2008,2008,0,0,1
v3_distinguishing_between_silent_and_vocal_,rpp.73,2014,2014,1,1,0,0,,,,1,2008,2008,0,0,1
v3_distinguishing_between_silent_and_vocal_,rpp.73,2014,2014,1,1,1,0,0.125,0,0.25,1,2008,2008,0,0,1
v3_distinguishing_between_silent_and_vocal_,rpp.73,2015,2015,1,1,1,0,0.625,0.75,0.5,1,2008,2008,0,0,1
v3_distinguishing_between_silent_and_vocal_,rpp.73,2017,2017,1,1,1,0,0.5,0.5,0.5,1,2008,2008,0,0,1
v3_distinguishing_between_silent_and_vocal_,rpp.73,2019,2019,1,1,0,0,,,,1,2008,2008,0,0,1
v3_distinguishing_between_silent_and_vocal_,rpp.73,2019,2019,1,1,1,0,0.25,0.25,0.25,1,2008,2008,0,0,1
v3_distinguishing_between_silent_and_vocal_,rpp.73,2019,2019,1,1,1,0,0.625,0.5,0.75,1,2008,2008,0,0,1
v3_distinguishing_between_silent_and_vocal_,rpp.73,2019,2019,1,1,1,0,0.625,0.75,0.5,1,2008,2008,0,0,1
v3_distinguishing_between_silent_and_vocal_,rpp.73,2019,2019,1,1,1,0,0.75,0.75,0.75,1,2008,2008,0,0,1
v3_distinguishing_between_silent_and_vocal_,rpp.73,2021,2021,1,1,0,0,,,,0,2008,2008,0,0,1
v3_distinguishing_between_silent_and_vocal_,rpp.73,2022,2022,1,1,1,0,0.625,0.75,0.5,0,2008,2008,0,0,1
v3_distinguishing_between_silent_and_vocal_,rpp.73,2024,2024,1,1,1,0,0.25,0.25,0.25,1,2008,2008,0,0,1
v3_distinguishing_between_silent_and_vocal_,rpp.73,2026,2026,1,1,1,0,0.0,0,0.0,1,2008,2008,0,0,1
v3_effects_of_fluency_on_psychological_dist,rpp.104,2008,2008,1,1,0,0,,,,1,2008,2008,0,0,2
v3_effects_of_fluency_on_psychological_dist,rpp.104,2008,2008,1,1,1,0,0.5,0.5,0.5,1,2008,2008,0,0,1
v3_effects_of_fluency_on_psychological_dist,rpp.104,2008,2008,1,1,1,0,0.625,0.5,0.75,0,2008,2008,0,0,1
v3_effects_of_fluency_on_psychological_dist,rpp.104,2008,2008,1,1,1,0,0.625,0.5,0.75,1,2008,2008,0,0,1
v3_effects_of_fluency_on_psychological_dist,rpp.104,2009,2009,1,1,0,0,,,,0,2008,2008,0,0,4
v3_effects_of_fluency_on_psychological_dist,rpp.104,2009,2009,1,1,0,0,,,,1,2008,2008,0,0,2
v3_effects_of_fluency_on_psychological_dist,rpp.104,2009,2009,1,1,1,0,0.5,0.5,0.5,1,2008,2008,0,0,1
v3_effects_of_fluency_on_psychological_dist,rpp.104,2009,2009,1,1,1,0,0.75,0.5,1.0,1,2008,2008,0,0,1
v3_effects_of_fluency_on_psychological_dist,rpp.104,2010,2010,1,1,0,0,,,,0,2008,2008,0,0,2
v3_effects_of_fluency_on_psychological_dist,rpp.104,2010,2010,1,1,0,0,,,,1,2008,2008,0,0,1
v3_effects_of_fluency_on_psychological_dist,rpp.104,2010,2010,1,1,1,0,0.0,0,0.0,1,2008,2008,0,0,1
v3_effects_of_fluency_on_psychological_dist,rpp.104,2010,2010,1,1,1,0,0.5,0.5,0.5,1,2008,2008,0,0,2
v3_effects_of_fluency_on_psychological_dist,rpp.104,2010,2010,1,1,1,0,0.625,0.5,0.75,1,2008,2008,0,0,1
v3_effects_of_fluency_on_psychological_dist,rpp.104,2011,2011,1,1,0,0,,,,0,2008,2008,0,0,3
v3_effects_of_fluency_on_psychological_dist,rpp.104,2011,2011,1,1,1,0,0.25,0.25,0.25,0,2008,2008,0,0,1
v3_effects_of_fluency_on_psychological_dist,rpp.104,2011,2011,1,1,1,0,0.375,0.5,0.25,1,2008,2008,0,0,1
v3_effects_of_fluency_on_psychological_dist,rpp.104,2011,2011,1,1,1,0,0.5,0.5,0.5,0,2008,2008,0,0,1
v3_effects_of_fluency_on_psychological_dist,rpp.104,2011,2011,1,1,1,0,0.5,0.5,0.5,1,2008,2008,0,0,2
v3_effects_of_fluency_on_psychological_dist,rpp.104,2011,2011,1,1,1,0,0.625,0.5,0.75,1,2008,2008,0,0,1
v3_effects_of_fluency_on_psychological_dist,rpp.104,2011,2011,1,1,1,0,0.875,0.75,1.0,1,2008,2008,0,0,1
v3_effects_of_fluency_on_psychological_dist,rpp.104,2012,2012,1,1,0,0,,,,0,2008,2008,0,0,3
v3_effects_of_fluency_on_psychological_dist,rpp.104,2012,2012,1,1,0,0,,,,1,2008,2008,0,0,5
v3_effects_of_fluency_on_psychological_dist,rpp.104,2012,2012,1,1,1,0,0.25,0.25,0.25,1,2008,2008,0,0,2
v3_effects_of_fluency_on_psychological_dist,rpp.104,2012,2012,1,1,1,0,0.375,0.25,0.5,1,2008,2008,0,0,1
v3_effects_of_fluency_on_psychological_dist,rpp.104,2012,2012,1,1,1,0,0.5,0.5,0.5,0,2008,2008,0,0,1
v3_effects_of_fluency_on_psychological_dist,rpp.104,2012,2012,1,1,1,0,0.5,0.5,0.5,1,2008,2008,0,0,1
v3_effects_of_fluency_on_psychological_dist,rpp.104,2012,2012,1,1,1,0,0.625,0.5,0.75,1,2008,2008,0,0,1
v3_effects_of_fluency_on_psychological_dist,rpp.104,2013,2013,1,1,0,0,,,,0,2008,2008,0,0,2
v3_effects_of_fluency_on_psychological_dist,rpp.104,2013,2013,1,1,0,0,,,,1,2008,2008,0,0,4
v3_effects_of_fluency_on_psychological_dist,rpp.104,2013,2013,1,1,1,0,0.0,0,0.0,1,2008,2008,0,0,1
v3_effects_of_fluency_on_psychological_dist,rpp.104,2013,2013,1,1,1,0,0.25,0.25,0.25,0,2008,2008,0,0,1
v3_effects_of_fluency_on_psychological_dist,rpp.104,2013,2013,1,1,1,0,0.25,0.25,0.25,1,2008,2008,0,0,3
v3_effects_of_fluency_on_psychological_dist,rpp.104,2013,2013,1,1,1,0,0.375,0.25,0.5,0,2008,2008,0,0,1
v3_effects_of_fluency_on_psychological_dist,rpp.104,2013,2013,1,1,1,0,0.5,0.5,0.5,0,2008,2008,0,0,3
v3_effects_of_fluency_on_psychological_dist,rpp.104,2013,2013,1,1,1,0,0.5,0.5,0.5,1,2008,2008,0,0,1
v3_effects_of_fluency_on_psychological_dist,rpp.104,2013,2013,1,1,1,0,0.625,0.5,0.75,1,2008,2008,0,0,1
v3_effects_of_fluency_on_psychological_dist,rpp.104,2013,2013,1,1,1,0,0.75,0.75,0.75,1,2008,2008,0,0,2
v3_effects_of_fluency_on_psychological_dist,rpp.104,2013,2013,1,1,1,0,0.75,1,0.5,1,2008,2008,0,0,1
v3_effects_of_fluency_on_psychological_dist,rpp.104,2013,2014,2,2,1,0,0.5,0.5,0.5,1,2008,2008,0,0,1
v3_effects_of_fluency_on_psychological_dist,rpp.104,2014,2014,1,1,0,0,,,,0,2008,2008,0,0,2
v3_effects_of_fluency_on_psychological_dist,rpp.104,2014,2014,1,1,0,0,,,,1,2008,2008,0,0,4
v3_effects_of_fluency_on_psychological_dist,rpp.104,2014,2014,1,1,1,0,0.25,0.25,0.25,1,2008,2008,0,0,1
v3_effects_of_fluency_on_psychological_dist,rpp.104,2014,2014,1,1,1,0,0.625,0.75,0.5,1,2008,2008,0,0,1
v3_effects_of_fluency_on_psychological_dist,rpp.104,2014,2014,1,1,1,0,0.875,0.75,1.0,1,2008,2008,0,0,1
v3_effects_of_fluency_on_psychological_dist,rpp.104,2014,2015,2,2,1,0,0.625,0.75,0.5,1,2008,2008,0,0,1
v3_effects_of_fluency_on_psychological_dist,rpp.104,2015,2015,1,1,0,0,,,,0,2008,2008,0,0,10
v3_effects_of_fluency_on_psychological_dist,rpp.104,2015,2015,1,1,0,0,,,,1,2008,2008,0,0,6
v3_effects_of_fluency_on_psychological_dist,rpp.104,2015,2015,1,1,1,0,0.0,0,0.0,1,2008,2008,0,0,1
v3_effects_of_fluency_on_psychological_dist,rpp.104,2015,2015,1,1,1,0,0.125,0.25,0.0,0,2008,2008,0,0,1
v3_effects_of_fluency_on_psychological_dist,rpp.104,2015,2015,1,1,1,0,0.25,0.25,0.25,1,2008,2008,0,0,4
v3_effects_of_fluency_on_psychological_dist,rpp.104,2015,2015,1,1,1,0,0.25,0.5,0.0,1,2008,2008,0,0,1
v3_effects_of_fluency_on_psychological_dist,rpp.104,2015,2015,1,1,1,0,0.375,0.25,0.5,0,2008,2008,0,0,1
v3_effects_of_fluency_on_psychological_dist,rpp.104,2015,2015,1,1,1,0,0.375,0.25,0.5,1,2008,2008,0,0,2
v3_effects_of_fluency_on_psychological_dist,rpp.104,2015,2015,1,1,1,0,0.375,0.5,0.25,1,2008,2008,0,0,1
v3_effects_of_fluency_on_psychological_dist,rpp.104,2015,2015,1,1,1,0,0.5,0,1.0,1,2008,2008,0,0,1
v3_effects_of_fluency_on_psychological_dist,rpp.104,2015,2015,1,1,1,0,0.5,0.5,0.5,0,2008,2008,0,0,1
v3_effects_of_fluency_on_psychological_dist,rpp.104,2015,2015,1,1,1,0,0.5,0.5,0.5,1,2008,2008,0,0,6
v3_effects_of_fluency_on_psychological_dist,rpp.104,2015,2015,1,1,1,0,0.625,0.5,0.75,1,2008,2008,0,0,1
v3_effects_of_fluency_on_psychological_dist,rpp.104,2015,2015,1,1,1,0,0.875,0.75,1.0,0,2008,2008,0,0,1
v3_effects_of_fluency_on_psychological_dist,rpp.104,2016,2016,1,1,0,0,,,,0,2008,2008,0,0,5
v3_effects_of_fluency_on_psychological_dist,rpp.104,2016,2016,1,1,0,0,,,,1,2008,2008,0,0,5
v3_effects_of_fluency_on_psychological_dist,rpp.104,2016,2016,1,1,1,0,0.25,0.25,0.25,0,2008,2008,0,0,2
v3_effects_of_fluency_on_psychological_dist,rpp.104,2016,2016,1,1,1,0,0.25,0.25,0.25,1,2008,2008,0,0,1
v3_effects_of_fluency_on_psychological_dist,rpp.104,2016,2016,1,1,1,0,0.375,0.25,0.5,0,2008,2008,0,0,1
v3_effects_of_fluency_on_psychological_dist,rpp.104,2016,2016,1,1,1,0,0.5,0.5,0.5,0,2008,2008,0,0,1
v3_effects_of_fluency_on_psychological_dist,rpp.104,2016,2016,1,1,1,0,0.5,0.5,0.5,1,2008,2008,0,0,2
v3_effects_of_fluency_on_psychological_dist,rpp.104,2016,2016,1,1,1,0,0.625,0.75,0.5,1,2008,2008,0,0,1
v3_effects_of_fluency_on_psychological_dist,rpp.104,2016,2016,1,1,1,0,0.75,0.75,0.75,0,2008,2008,0,0,1
v3_effects_of_fluency_on_psychological_dist,rpp.104,2016,2016,1,1,1,0,0.75,0.75,0.75,1,2008,2008,0,0,1
v3_effects_of_fluency_on_psychological_dist,rpp.104,2017,2017,1,1,0,0,,,,0,2008,2008,0,0,3
v3_effects_of_fluency_on_psychological_dist,rpp.104,2017,2017,1,1,0,0,,,,1,2008,2008,0,0,5
v3_effects_of_fluency_on_psychological_dist,rpp.104,2017,2017,1,1,1,0,0.0,0,0.0,1,2008,2008,0,0,2
v3_effects_of_fluency_on_psychological_dist,rpp.104,2017,2017,1,1,1,0,0.375,0.25,0.5,0,2008,2008,0,0,2
v3_effects_of_fluency_on_psychological_dist,rpp.104,2017,2017,1,1,1,0,0.375,0.25,0.5,1,2008,2008,0,0,1
v3_effects_of_fluency_on_psychological_dist,rpp.104,2017,2017,1,1,1,0,0.5,0.5,0.5,0,2008,2008,0,0,2
v3_effects_of_fluency_on_psychological_dist,rpp.104,2017,2017,1,1,1,0,0.5,0.5,0.5,1,2008,2008,0,0,5
v3_effects_of_fluency_on_psychological_dist,rpp.104,2017,2017,1,1,1,0,0.625,0.5,0.75,1,2008,2008,0,0,1
v3_effects_of_fluency_on_psychological_dist,rpp.104,2017,2017,1,1,1,0,0.625,0.75,0.5,1,2008,2008,0,0,1
v3_effects_of_fluency_on_psychological_dist,rpp.104,2017,2017,1,1,1,0,0.75,0.75,0.75,1,2008,2008,0,0,2
v3_effects_of_fluency_on_psychological_dist,rpp.104,2018,2018,1,1,0,0,,,,0,2008,2008,0,0,3
v3_effects_of_fluency_on_psychological_dist,rpp.104,2018,2018,1,1,0,0,,,,1,2008,2008,0,0,7
v3_effects_of_fluency_on_psychological_dist,rpp.104,2018,2018,1,1,1,0,0.0,0,0.0,1,2008,2008,0,0,2
v3_effects_of_fluency_on_psychological_dist,rpp.104,2018,2018,1,1,1,0,0.25,0.25,0.25,0,2008,2008,0,0,2
v3_effects_of_fluency_on_psychological_dist,rpp.104,2018,2018,1,1,1,0,0.25,0.25,0.25,1,2008,2008,0,0,5
v3_effects_of_fluency_on_psychological_dist,rpp.104,2018,2018,1,1,1,0,0.375,0.25,0.5,1,2008,2008,0,0,1
v3_effects_of_fluency_on_psychological_dist,rpp.104,2018,2018,1,1,1,0,0.5,0.5,0.5,1,2008,2008,0,0,3
v3_effects_of_fluency_on_psychological_dist,rpp.104,2018,2018,1,1,1,0,0.625,0.5,0.75,1,2008,2008,0,0,2
v3_effects_of_fluency_on_psychological_dist,rpp.104,2018,2018,1,1,1,0,0.625,0.75,0.5,1,2008,2008,0,0,1
v3_effects_of_fluency_on_psychological_dist,rpp.104,2018,2018,1,1,1,0,0.875,0.75,1.0,1,2008,2008,0,0,2
v3_effects_of_fluency_on_psychological_dist,rpp.104,2019,2019,1,1,0,0,,,,0,2008,2008,0,0,2
v3_effects_of_fluency_on_psychological_dist,rpp.104,2019,2019,1,1,0,0,,,,1,2008,2008,0,0,2
v3_effects_of_fluency_on_psychological_dist,rpp.104,2019,2019,1,1,1,0,0.375,0.25,0.5,1,2008,2008,0,0,1
v3_effects_of_fluency_on_psychological_dist,rpp.104,2019,2019,1,1,1,0,0.5,0.5,0.5,1,2008,2008,0,0,3
v3_effects_of_fluency_on_psychological_dist,rpp.104,2019,2019,1,1,1,0,0.75,0.5,1.0,1,2008,2008,0,0,1
v3_effects_of_fluency_on_psychological_dist,rpp.104,2019,2019,1,1,1,0,0.875,0.75,1.0,1,2008,2008,0,0,2
v3_effects_of_fluency_on_psychological_dist,rpp.104,2020,2020,1,1,0,0,,,,0,2008,2008,0,0,1
v3_effects_of_fluency_on_psychological_dist,rpp.104,2020,2020,1,1,0,0,,,,1,2008,2008,0,0,3
v3_effects_of_fluency_on_psychological_dist,rpp.104,2020,2020,1,1,1,0,0.125,0,0.25,1,2008,2008,0,0,1
v3_effects_of_fluency_on_psychological_dist,rpp.104,2020,2020,1,1,1,0,0.25,0.25,0.25,0,2008,2008,0,0,1
v3_effects_of_fluency_on_psychological_dist,rpp.104,2020,2020,1,1,1,0,0.375,0.5,0.25,0,2008,2008,0,0,1
v3_effects_of_fluency_on_psychological_dist,rpp.104,2020,2020,1,1,1,0,0.5,0.5,0.5,0,2008,2008,0,0,1
v3_effects_of_fluency_on_psychological_dist,rpp.104,2020,2020,1,1,1,0,0.5,0.5,0.5,1,2008,2008,0,0,2
v3_effects_of_fluency_on_psychological_dist,rpp.104,2020,2020,1,1,1,0,0.625,0.75,0.5,1,2008,2008,0,0,1
v3_effects_of_fluency_on_psychological_dist,rpp.104,2020,2020,1,1,1,0,1.0,1,1.0,1,2008,2008,0,0,1
v3_effects_of_fluency_on_psychological_dist,rpp.104,2021,2021,1,1,0,0,,,,0,2008,2008,0,0,3
v3_effects_of_fluency_on_psychological_dist,rpp.104,2021,2021,1,1,0,0,,,,1,2008,2008,0,0,2
v3_effects_of_fluency_on_psychological_dist,rpp.104,2021,2021,1,1,1,0,0.25,0.25,0.25,0,2008,2008,0,0,2
v3_effects_of_fluency_on_psychological_dist,rpp.104,2021,2021,1,1,1,0,0.25,0.25,0.25,1,2008,2008,0,0,1
v3_effects_of_fluency_on_psychological_dist,rpp.104,2021,2021,1,1,1,0,0.5,0.5,0.5,0,2008,2008,0,0,2
v3_effects_of_fluency_on_psychological_dist,rpp.104,2021,2021,1,1,1,0,1.0,1,1.0,1,2008,2008,0,0,1
v3_effects_of_fluency_on_psychological_dist,rpp.104,2022,2022,1,1,0,0,,,,0,2008,2008,0,0,2
v3_effects_of_fluency_on_psychological_dist,rpp.104,2022,2022,1,1,0,0,,,,1,2008,2008,0,0,2
v3_effects_of_fluency_on_psychological_dist,rpp.104,2022,2022,1,1,1,0,0.25,0.25,0.25,1,2008,2008,0,0,1
v3_effects_of_fluency_on_psychological_dist,rpp.104,2022,2022,1,1,1,0,0.5,0.25,0.75,1,2008,2008,0,0,1
v3_effects_of_fluency_on_psychological_dist,rpp.104,2022,2022,1,1,1,0,0.5,0.5,0.5,1,2008,2008,0,0,1
v3_effects_of_fluency_on_psychological_dist,rpp.104,2022,2022,1,1,1,0,0.625,0.5,0.75,1,2008,2008,0,0,1
v3_effects_of_fluency_on_psychological_dist,rpp.104,2022,2022,1,1,1,0,0.75,0.75,0.75,0,2008,2008,0,0,1
v3_effects_of_fluency_on_psychological_dist,rpp.104,2022,2022,1,1,1,0,0.75,0.75,0.75,1,2008,2008,0,0,1
v3_effects_of_fluency_on_psychological_dist,rpp.104,2022,2022,1,1,1,0,0.875,0.75,1.0,1,2008,2008,0,0,2
v3_effects_of_fluency_on_psychological_dist,rpp.104,2023,2023,1,1,0,0,,,,1,2008,2008,0,0,1
v3_effects_of_fluency_on_psychological_dist,rpp.104,2023,2023,1,1,1,0,0.5,0.25,0.75,0,2008,2008,0,0,1
v3_effects_of_fluency_on_psychological_dist,rpp.104,2023,2023,1,1,1,0,0.625,0.5,0.75,1,2008,2008,0,0,1
v3_effects_of_fluency_on_psychological_dist,rpp.104,2023,2023,1,1,1,0,0.625,0.75,0.5,1,2008,2008,0,0,1
v3_effects_of_fluency_on_psychological_dist,rpp.104,2023,2023,1,1,1,0,0.75,0.75,0.75,1,2008,2008,0,0,1
v3_effects_of_fluency_on_psychological_dist,rpp.104,2023,2023,1,1,1,0,0.875,0.75,1.0,1,2008,2008,0,0,1
v3_effects_of_fluency_on_psychological_dist,rpp.104,2024,2024,1,1,0,0,,,,0,2008,2008,0,0,1
v3_effects_of_fluency_on_psychological_dist,rpp.104,2024,2024,1,1,0,0,,,,1,2008,2008,0,0,1
v3_effects_of_fluency_on_psychological_dist,rpp.104,2024,2024,1,1,1,0,0.5,0.5,0.5,0,2008,2008,0,0,1
v3_effects_of_fluency_on_psychological_dist,rpp.104,2024,2024,1,1,1,0,0.625,0.5,0.75,1,2008,2008,0,0,1
v3_effects_of_fluency_on_psychological_dist,rpp.104,2024,2024,1,1,1,0,0.75,0.75,0.75,1,2008,2008,0,0,1
v3_effects_of_fluency_on_psychological_dist,rpp.104,2025,2025,1,1,0,0,,,,0,2008,2008,0,0,1
v3_effects_of_fluency_on_psychological_dist,rpp.104,2025,2025,1,1,0,0,,,,1,2008,2008,0,0,1
v3_effects_of_fluency_on_psychological_dist,rpp.104,2025,2025,1,1,1,0,0.125,0.25,0.0,1,2008,2008,0,0,1
v3_effects_of_fluency_on_psychological_dist,rpp.104,2025,2025,1,1,1,0,0.625,0.5,0.75,1,2008,2008,0,0,1
v3_effects_of_fluency_on_psychological_dist,rpp.104,2025,2025,1,1,1,0,0.75,0.75,0.75,1,2008,2008,0,0,2
v3_effects_of_fluency_on_psychological_dist,rpp.104,2026,2026,1,1,1,0,0.75,0.75,0.75,1,2008,2008,0,0,1
v3_effects_of_need_for_cognition_on_message,ml3.7,2015,2015,1,1,0,0,,,,0,1983,1983,0,0,3
v3_effects_of_need_for_cognition_on_message,ml3.7,2015,2015,1,1,0,0,,,,1,1983,1983,0,0,4
v3_effects_of_need_for_cognition_on_message,ml3.7,2015,2015,1,1,1,0,0.25,0.25,0.25,0,1983,1983,0,0,1
v3_effects_of_need_for_cognition_on_message,ml3.7,2015,2015,1,1,1,0,0.25,0.25,0.25,1,1983,1983,0,0,1
v3_effects_of_need_for_cognition_on_message,ml3.7,2015,2015,1,1,1,0,0.375,0.25,0.5,0,1983,1983,0,0,1
v3_effects_of_need_for_cognition_on_message,ml3.7,2015,2015,1,1,1,0,0.5,0.5,0.5,0,1983,1983,0,0,1
v3_effects_of_need_for_cognition_on_message,ml3.7,2015,2015,1,1,1,0,0.5,0.5,0.5,1,1983,1983,0,0,1
v3_effects_of_need_for_cognition_on_message,ml3.7,2015,2015,1,1,1,0,0.625,0.5,0.75,0,1983,1983,0,0,1
v3_effects_of_need_for_cognition_on_message,ml3.7,2015,2015,1,1,1,0,0.625,0.5,0.75,1,1983,1983,0,0,1
v3_effects_of_need_for_cognition_on_message,ml3.7,2015,2015,1,1,1,0,0.625,0.75,0.5,0,1983,1983,0,0,1
v3_effects_of_need_for_cognition_on_message,ml3.7,2015,2015,1,1,1,0,0.625,0.75,0.5,1,1983,1983,0,0,1
v3_effects_of_need_for_cognition_on_message,ml3.7,2015,2015,1,1,1,0,0.75,0.75,0.75,1,1983,1983,0,0,1
v3_effects_of_need_for_cognition_on_message,ml3.7,2015,2015,1,1,1,0,0.875,0.75,1.0,1,1983,1983,0,0,2
v3_effects_of_need_for_cognition_on_message,ml3.7,2015,2015,1,1,1,0,1.0,1,1.0,1,1983,1983,0,0,1
v3_effects_of_need_for_cognition_on_message,ml3.7,2016,2016,1,1,0,0,,,,0,1983,1983,0,0,1
v3_effects_of_need_for_cognition_on_message,ml3.7,2016,2016,1,1,0,0,,,,1,1983,1983,0,0,2
v3_effects_of_need_for_cognition_on_message,ml3.7,2016,2016,1,1,1,0,0.25,0.25,0.25,1,1983,1983,0,0,2
v3_effects_of_need_for_cognition_on_message,ml3.7,2016,2016,1,1,1,0,0.375,0.25,0.5,0,1983,1983,0,0,1
v3_effects_of_need_for_cognition_on_message,ml3.7,2016,2016,1,1,1,0,0.5,0.5,0.5,0,1983,1983,0,0,2
v3_effects_of_need_for_cognition_on_message,ml3.7,2016,2016,1,1,1,0,0.5,0.5,0.5,1,1983,1983,0,0,4
v3_effects_of_need_for_cognition_on_message,ml3.7,2016,2016,1,1,1,0,0.625,0.75,0.5,1,1983,1983,0,0,1
v3_effects_of_need_for_cognition_on_message,ml3.7,2016,2016,1,1,1,0,0.75,0.75,0.75,1,1983,1983,0,0,2
v3_effects_of_need_for_cognition_on_message,ml3.7,2016,2016,1,1,1,0,0.875,0.75,1.0,1,1983,1983,0,0,2
v3_effects_of_need_for_cognition_on_message,ml3.7,2017,2017,1,1,0,0,,,,0,1983,1983,0,0,1
v3_effects_of_need_for_cognition_on_message,ml3.7,2017,2017,1,1,0,0,,,,1,1983,1983,0,0,4
v3_effects_of_need_for_cognition_on_message,ml3.7,2017,2017,1,1,1,0,0.25,0.25,0.25,1,1983,1983,0,0,2
v3_effects_of_need_for_cognition_on_message,ml3.7,2017,2017,1,1,1,0,0.5,0.5,0.5,0,1983,1983,0,0,1
v3_effects_of_need_for_cognition_on_message,ml3.7,2017,2017,1,1,1,0,0.5,0.5,0.5,1,1983,1983,0,0,2
v3_effects_of_need_for_cognition_on_message,ml3.7,2017,2017,1,1,1,0,0.625,0.5,0.75,1,1983,1983,0,0,2
v3_effects_of_need_for_cognition_on_message,ml3.7,2017,2017,1,1,1,0,0.625,0.75,0.5,0,1983,1983,0,0,1
v3_effects_of_need_for_cognition_on_message,ml3.7,2017,2017,1,1,1,0,0.625,0.75,0.5,1,1983,1983,0,0,1
v3_effects_of_need_for_cognition_on_message,ml3.7,2017,2017,1,1,1,0,0.875,0.75,1.0,1,1983,1983,0,0,2
v3_effects_of_need_for_cognition_on_message,ml3.7,2017,2017,1,1,1,0,1.0,1,1.0,1,1983,1983,0,0,1
v3_effects_of_need_for_cognition_on_message,ml3.7,2018,2018,1,1,0,0,,,,0,1983,1983,0,0,1
v3_effects_of_need_for_cognition_on_message,ml3.7,2018,2018,1,1,0,0,,,,1,1983,1983,0,0,2
v3_effects_of_need_for_cognition_on_message,ml3.7,2018,2018,1,1,1,0,0.5,0.25,0.75,1,1983,1983,0,0,2
v3_effects_of_need_for_cognition_on_message,ml3.7,2018,2018,1,1,1,0,0.5,0.5,0.5,1,1983,1983,0,0,5
v3_effects_of_need_for_cognition_on_message,ml3.7,2018,2018,1,1,1,0,0.625,0.75,0.5,1,1983,1983,0,0,3
v3_effects_of_need_for_cognition_on_message,ml3.7,2018,2018,1,1,1,0,0.75,0.75,0.75,0,1983,1983,0,0,1
v3_effects_of_need_for_cognition_on_message,ml3.7,2018,2018,1,1,1,0,0.875,0.75,1.0,1,1983,1983,0,0,1
v3_effects_of_need_for_cognition_on_message,ml3.7,2018,2019,2,2,1,0,0.875,0.75,1.0,1,1983,1983,0,0,1
v3_effects_of_need_for_cognition_on_message,ml3.7,2019,2019,1,1,0,0,,,,0,1983,1983,0,0,3
v3_effects_of_need_for_cognition_on_message,ml3.7,2019,2019,1,1,0,0,,,,1,1983,1983,0,0,3
v3_effects_of_need_for_cognition_on_message,ml3.7,2019,2019,1,1,1,0,0.25,0.25,0.25,1,1983,1983,0,0,1
v3_effects_of_need_for_cognition_on_message,ml3.7,2019,2019,1,1,1,0,0.5,0.5,0.5,1,1983,1983,0,0,2
v3_effects_of_need_for_cognition_on_message,ml3.7,2019,2019,1,1,1,0,0.5,0.75,0.25,1,1983,1983,0,0,1
v3_effects_of_need_for_cognition_on_message,ml3.7,2019,2019,1,1,1,0,0.625,0.5,0.75,0,1983,1983,0,0,1
v3_effects_of_need_for_cognition_on_message,ml3.7,2019,2019,1,1,1,0,0.625,0.75,0.5,0,1983,1983,0,0,1
v3_effects_of_need_for_cognition_on_message,ml3.7,2020,2020,1,1,0,0,,,,0,1983,1983,0,0,2
v3_effects_of_need_for_cognition_on_message,ml3.7,2020,2020,1,1,0,0,,,,1,1983,1983,0,0,14
v3_effects_of_need_for_cognition_on_message,ml3.7,2020,2020,1,1,1,0,0.25,0.25,0.25,1,1983,1983,0,0,2
v3_effects_of_need_for_cognition_on_message,ml3.7,2020,2020,1,1,1,0,0.375,0.25,0.5,0,1983,1983,0,0,1
v3_effects_of_need_for_cognition_on_message,ml3.7,2020,2020,1,1,1,0,0.5,0.5,0.5,1,1983,1983,0,0,4
v3_effects_of_need_for_cognition_on_message,ml3.7,2020,2020,1,1,1,0,0.625,0.5,0.75,0,1983,1983,0,0,1
v3_effects_of_need_for_cognition_on_message,ml3.7,2020,2020,1,1,1,0,0.625,0.5,0.75,1,1983,1983,0,0,1
v3_effects_of_need_for_cognition_on_message,ml3.7,2020,2020,1,1,1,0,0.625,0.75,0.5,0,1983,1983,0,0,1
v3_effects_of_need_for_cognition_on_message,ml3.7,2020,2020,1,1,1,0,0.625,0.75,0.5,1,1983,1983,0,0,1
v3_effects_of_need_for_cognition_on_message,ml3.7,2020,2020,1,1,1,0,0.875,0.75,1.0,1,1983,1983,0,0,1
v3_effects_of_need_for_cognition_on_message,ml3.7,2021,2021,1,1,0,0,,,,0,1983,1983,0,0,1
v3_effects_of_need_for_cognition_on_message,ml3.7,2021,2021,1,1,0,0,,,,1,1983,1983,0,0,6
v3_effects_of_need_for_cognition_on_message,ml3.7,2021,2021,1,1,1,0,0.375,0.25,0.5,1,1983,1983,0,0,1
v3_effects_of_need_for_cognition_on_message,ml3.7,2021,2021,1,1,1,0,0.5,0.5,0.5,0,1983,1983,0,0,1
v3_effects_of_need_for_cognition_on_message,ml3.7,2021,2021,1,1,1,0,0.625,0.75,0.5,1,1983,1983,0,0,1
v3_effects_of_need_for_cognition_on_message,ml3.7,2021,2021,1,1,1,0,0.875,0.75,1.0,1,1983,1983,0,0,2
v3_effects_of_need_for_cognition_on_message,ml3.7,2022,2022,1,1,0,0,,,,1,1983,1983,0,0,3
v3_effects_of_need_for_cognition_on_message,ml3.7,2022,2022,1,1,1,0,0.25,0.25,0.25,0,1983,1983,0,0,1
v3_effects_of_need_for_cognition_on_message,ml3.7,2022,2022,1,1,1,0,0.375,0.5,0.25,1,1983,1983,0,0,1
v3_effects_of_need_for_cognition_on_message,ml3.7,2022,2022,1,1,1,0,0.5,0.5,0.5,1,1983,1983,0,0,1
v3_effects_of_need_for_cognition_on_message,ml3.7,2022,2022,1,1,1,0,0.625,0.75,0.5,0,1983,1983,0,0,1
v3_effects_of_need_for_cognition_on_message,ml3.7,2023,2023,1,1,0,0,,,,0,1983,1983,0,0,1
v3_effects_of_need_for_cognition_on_message,ml3.7,2023,2023,1,1,0,0,,,,1,1983,1983,0,0,2
v3_effects_of_need_for_cognition_on_message,ml3.7,2023,2023,1,1,1,0,0.125,0,0.25,1,1983,1983,0,0,1
v3_effects_of_need_for_cognition_on_message,ml3.7,2023,2023,1,1,1,0,0.25,0.25,0.25,1,1983,1983,0,0,2
v3_effects_of_need_for_cognition_on_message,ml3.7,2023,2023,1,1,1,0,0.375,0.5,0.25,0,1983,1983,0,0,1
v3_effects_of_need_for_cognition_on_message,ml3.7,2023,2023,1,1,1,0,0.375,0.5,0.25,1,1983,1983,0,0,1
v3_effects_of_need_for_cognition_on_message,ml3.7,2023,2023,1,1,1,0,0.5,0.5,0.5,1,1983,1983,0,0,4
v3_effects_of_need_for_cognition_on_message,ml3.7,2023,2023,1,1,1,0,0.625,0.5,0.75,0,1983,1983,0,0,1
v3_effects_of_need_for_cognition_on_message,ml3.7,2024,2024,1,1,0,0,,,,0,1983,1983,0,0,3
v3_effects_of_need_for_cognition_on_message,ml3.7,2024,2024,1,1,0,0,,,,1,1983,1983,0,0,5
v3_effects_of_need_for_cognition_on_message,ml3.7,2024,2024,1,1,1,0,0.125,0,0.25,1,1983,1983,0,0,1
v3_effects_of_need_for_cognition_on_message,ml3.7,2024,2024,1,1,1,0,0.5,0.5,0.5,0,1983,1983,0,0,1
v3_effects_of_need_for_cognition_on_message,ml3.7,2024,2024,1,1,1,0,0.5,0.5,0.5,1,1983,1983,0,0,4
v3_effects_of_need_for_cognition_on_message,ml3.7,2024,2024,1,1,1,0,0.625,0.5,0.75,0,1983,1983,0,0,1
v3_effects_of_need_for_cognition_on_message,ml3.7,2024,2024,1,1,1,0,0.625,0.75,0.5,1,1983,1983,0,0,2
v3_effects_of_need_for_cognition_on_message,ml3.7,2024,2024,1,1,1,0,0.75,0.5,1.0,1,1983,1983,0,0,1
v3_effects_of_need_for_cognition_on_message,ml3.7,2024,2024,1,1,1,0,0.75,0.75,0.75,1,1983,1983,0,0,1
v3_effects_of_need_for_cognition_on_message,ml3.7,2025,2025,1,1,0,0,,,,0,1983,1983,0,0,1
v3_effects_of_need_for_cognition_on_message,ml3.7,2025,2025,1,1,0,0,,,,1,1983,1983,0,0,5
v3_effects_of_need_for_cognition_on_message,ml3.7,2025,2025,1,1,1,0,0.375,0.25,0.5,1,1983,1983,0,0,1
v3_effects_of_need_for_cognition_on_message,ml3.7,2025,2025,1,1,1,0,0.375,0.5,0.25,0,1983,1983,0,0,1
v3_effects_of_need_for_cognition_on_message,ml3.7,2025,2025,1,1,1,0,0.5,0.5,0.5,1,1983,1983,0,0,3
v3_effects_of_need_for_cognition_on_message,ml3.7,2025,2025,1,1,1,0,0.75,0.75,0.75,1,1983,1983,0,0,2
v3_elaboration_enhances_the_imagined_contac,ml1.14,2010,2010,1,1,0,0,,,,0,2010,2010,0,0,8
v3_elaboration_enhances_the_imagined_contac,ml1.14,2010,2010,1,1,0,0,,,,1,2010,2010,0,0,16
v3_elaboration_enhances_the_imagined_contac,ml1.14,2010,2010,1,1,1,0,0.25,0.25,0.25,1,2010,2010,0,0,1
v3_elaboration_enhances_the_imagined_contac,ml1.14,2010,2010,1,1,1,0,0.375,0.25,0.5,1,2010,2010,0,0,3
v3_elaboration_enhances_the_imagined_contac,ml1.14,2010,2010,1,1,1,0,0.375,0.5,0.25,1,2010,2010,0,0,1
v3_elaboration_enhances_the_imagined_contac,ml1.14,2010,2010,1,1,1,0,0.5,0.25,0.75,0,2010,2010,0,0,1
v3_elaboration_enhances_the_imagined_contac,ml1.14,2010,2010,1,1,1,0,0.5,0.5,0.5,0,2010,2010,0,0,2
v3_elaboration_enhances_the_imagined_contac,ml1.14,2010,2010,1,1,1,0,0.5,0.5,0.5,1,2010,2010,0,0,2
v3_elaboration_enhances_the_imagined_contac,ml1.14,2010,2010,1,1,1,0,0.625,0.75,0.5,0,2010,2010,0,0,1
v3_elaboration_enhances_the_imagined_contac,ml1.14,2010,2010,1,1,1,0,0.75,0.75,0.75,0,2010,2010,0,0,1
v3_elaboration_enhances_the_imagined_contac,ml1.14,2010,2010,1,1,1,0,0.875,0.75,1.0,0,2010,2010,0,0,1
v3_elaboration_enhances_the_imagined_contac,ml1.14,2011,2011,1,1,0,0,,,,1,2010,2010,0,0,3
v3_elaboration_enhances_the_imagined_contac,ml1.14,2011,2011,1,1,1,0,0.25,0.25,0.25,1,2010,2010,0,0,2
v3_elaboration_enhances_the_imagined_contac,ml1.14,2011,2011,1,1,1,0,0.5,0.5,0.5,1,2010,2010,0,0,1
v3_elaboration_enhances_the_imagined_contac,ml1.14,2011,2011,1,1,1,0,0.625,0.5,0.75,1,2010,2010,0,0,1
v3_elaboration_enhances_the_imagined_contac,ml1.14,2011,2011,1,1,1,0,0.625,0.75,0.5,0,2010,2010,0,0,1
v3_elaboration_enhances_the_imagined_contac,ml1.14,2012,2012,1,1,0,0,,,,0,2010,2010,0,0,13
v3_elaboration_enhances_the_imagined_contac,ml1.14,2012,2012,1,1,0,0,,,,1,2010,2010,0,0,13
v3_elaboration_enhances_the_imagined_contac,ml1.14,2012,2012,1,1,1,0,0.125,0,0.25,1,2010,2010,0,0,1
v3_elaboration_enhances_the_imagined_contac,ml1.14,2012,2012,1,1,1,0,0.125,0.25,0.0,1,2010,2010,0,0,1
v3_elaboration_enhances_the_imagined_contac,ml1.14,2012,2012,1,1,1,0,0.25,0.25,0.25,1,2010,2010,0,0,1
v3_elaboration_enhances_the_imagined_contac,ml1.14,2012,2012,1,1,1,0,0.375,0.25,0.5,0,2010,2010,0,0,1
v3_elaboration_enhances_the_imagined_contac,ml1.14,2012,2012,1,1,1,0,0.375,0.5,0.25,1,2010,2010,0,0,1
v3_elaboration_enhances_the_imagined_contac,ml1.14,2012,2012,1,1,1,0,0.5,0.25,0.75,0,2010,2010,0,0,2
v3_elaboration_enhances_the_imagined_contac,ml1.14,2012,2012,1,1,1,0,0.5,0.5,0.5,0,2010,2010,0,0,6
v3_elaboration_enhances_the_imagined_contac,ml1.14,2012,2012,1,1,1,0,0.5,0.5,0.5,1,2010,2010,0,0,5
v3_elaboration_enhances_the_imagined_contac,ml1.14,2012,2012,1,1,1,0,0.5,0.75,0.25,1,2010,2010,0,0,1
v3_elaboration_enhances_the_imagined_contac,ml1.14,2012,2012,1,1,1,0,0.625,0.5,0.75,0,2010,2010,0,0,2
v3_elaboration_enhances_the_imagined_contac,ml1.14,2012,2012,1,1,1,0,0.625,0.5,0.75,1,2010,2010,0,0,1
v3_elaboration_enhances_the_imagined_contac,ml1.14,2012,2012,1,1,1,0,0.625,0.75,0.5,1,2010,2010,0,0,1
v3_elaboration_enhances_the_imagined_contac,ml1.14,2012,2012,1,1,1,0,0.75,0.75,0.75,0,2010,2010,0,0,3
v3_elaboration_enhances_the_imagined_contac,ml1.14,2012,2012,1,1,1,0,0.75,0.75,0.75,1,2010,2010,0,0,2
v3_elaboration_enhances_the_imagined_contac,ml1.14,2012,2012,1,1,1,0,0.875,0.75,1.0,1,2010,2010,0,0,1
v3_elaboration_enhances_the_imagined_contac,ml1.14,2013,2013,1,1,0,0,,,,0,2010,2010,0,0,11
v3_elaboration_enhances_the_imagined_contac,ml1.14,2013,2013,1,1,0,0,,,,1,2010,2010,0,0,3
v3_elaboration_enhances_the_imagined_contac,ml1.14,2013,2013,1,1,1,0,0.0,0,0.0,1,2010,2010,0,0,1
v3_elaboration_enhances_the_imagined_contac,ml1.14,2013,2013,1,1,1,0,0.125,0,0.25,1,2010,2010,0,0,2
v3_elaboration_enhances_the_imagined_contac,ml1.14,2013,2013,1,1,1,0,0.375,0.5,0.25,1,2010,2010,0,0,1
v3_elaboration_enhances_the_imagined_contac,ml1.14,2013,2013,1,1,1,0,0.5,0.5,0.5,0,2010,2010,0,0,3
v3_elaboration_enhances_the_imagined_contac,ml1.14,2013,2013,1,1,1,0,0.5,0.5,0.5,1,2010,2010,0,0,4
v3_elaboration_enhances_the_imagined_contac,ml1.14,2013,2013,1,1,1,0,0.625,0.5,0.75,0,2010,2010,0,0,1
v3_elaboration_enhances_the_imagined_contac,ml1.14,2013,2013,1,1,1,0,0.625,0.5,0.75,1,2010,2010,0,0,1
v3_elaboration_enhances_the_imagined_contac,ml1.14,2013,2013,1,1,1,0,0.625,0.75,0.5,0,2010,2010,0,0,1
v3_elaboration_enhances_the_imagined_contac,ml1.14,2013,2013,1,1,1,0,0.75,0.75,0.75,1,2010,2010,0,0,1
v3_elaboration_enhances_the_imagined_contac,ml1.14,2013,2013,1,1,1,0,0.875,0.75,1.0,1,2010,2010,0,0,1
v3_elaboration_enhances_the_imagined_contac,ml1.14,2014,2014,1,1,0,0,,,,0,2010,2010,0,0,6
v3_elaboration_enhances_the_imagined_contac,ml1.14,2014,2014,1,1,0,0,,,,1,2010,2010,0,0,6
v3_elaboration_enhances_the_imagined_contac,ml1.14,2014,2014,1,1,1,0,0.375,0.25,0.5,1,2010,2010,0,0,2
v3_elaboration_enhances_the_imagined_contac,ml1.14,2014,2014,1,1,1,0,0.5,0.5,0.5,0,2010,2010,0,0,3
v3_elaboration_enhances_the_imagined_contac,ml1.14,2014,2014,1,1,1,0,0.5,0.5,0.5,1,2010,2010,0,0,5
v3_elaboration_enhances_the_imagined_contac,ml1.14,2014,2014,1,1,1,0,0.625,0.5,0.75,0,2010,2010,0,0,2
v3_elaboration_enhances_the_imagined_contac,ml1.14,2014,2014,1,1,1,0,0.75,0.75,0.75,1,2010,2010,0,0,2
v3_elaboration_enhances_the_imagined_contac,ml1.14,2014,2014,1,1,1,0,0.875,0.75,1.0,0,2010,2010,0,0,2
v3_elaboration_enhances_the_imagined_contac,ml1.14,2014,2014,1,1,1,0,0.875,1,0.75,1,2010,2010,0,0,1
v3_elaboration_enhances_the_imagined_contac,ml1.14,2014,2022,2,2,0,0,,,,0,2010,2010,0,0,1
v3_elaboration_enhances_the_imagined_contac,ml1.14,2015,2015,1,1,0,0,,,,0,2010,2010,0,0,21
v3_elaboration_enhances_the_imagined_contac,ml1.14,2015,2015,1,1,0,0,,,,1,2010,2010,0,0,10
v3_elaboration_enhances_the_imagined_contac,ml1.14,2015,2015,1,1,1,0,0.125,0,0.25,1,2010,2010,0,0,1
v3_elaboration_enhances_the_imagined_contac,ml1.14,2015,2015,1,1,1,0,0.375,0.25,0.5,0,2010,2010,0,0,1
v3_elaboration_enhances_the_imagined_contac,ml1.14,2015,2015,1,1,1,0,0.375,0.5,0.25,1,2010,2010,0,0,1
v3_elaboration_enhances_the_imagined_contac,ml1.14,2015,2015,1,1,1,0,0.5,0.5,0.5,0,2010,2010,0,0,1
v3_elaboration_enhances_the_imagined_contac,ml1.14,2015,2015,1,1,1,0,0.625,0.5,0.75,0,2010,2010,0,0,1
v3_elaboration_enhances_the_imagined_contac,ml1.14,2015,2015,1,1,1,0,0.625,0.5,0.75,1,2010,2010,0,0,2
v3_elaboration_enhances_the_imagined_contac,ml1.14,2015,2015,1,1,1,0,0.75,0.75,0.75,0,2010,2010,0,0,1
v3_elaboration_enhances_the_imagined_contac,ml1.14,2015,2015,1,1,1,0,0.75,0.75,0.75,1,2010,2010,0,0,5
v3_elaboration_enhances_the_imagined_contac,ml1.14,2015,2015,1,1,1,0,0.875,0.75,1.0,0,2010,2010,0,0,1
v3_elaboration_enhances_the_imagined_contac,ml1.14,2016,2016,1,1,0,0,,,,0,2010,2010,0,0,4
v3_elaboration_enhances_the_imagined_contac,ml1.14,2016,2016,1,1,0,0,,,,1,2010,2010,0,0,1
v3_elaboration_enhances_the_imagined_contac,ml1.14,2016,2016,1,1,1,0,0.375,0.5,0.25,0,2010,2010,0,0,1
v3_elaboration_enhances_the_imagined_contac,ml1.14,2016,2016,1,1,1,0,0.5,0.5,0.5,0,2010,2010,0,0,1
v3_elaboration_enhances_the_imagined_contac,ml1.14,2016,2016,1,1,1,0,0.75,0.75,0.75,0,2010,2010,0,0,2
v3_elaboration_enhances_the_imagined_contac,ml1.14,2016,2016,1,1,1,0,0.75,0.75,0.75,1,2010,2010,0,0,1
v3_elaboration_enhances_the_imagined_contac,ml1.14,2017,2017,1,1,0,0,,,,0,2010,2010,0,0,6
v3_elaboration_enhances_the_imagined_contac,ml1.14,2017,2017,1,1,0,0,,,,1,2010,2010,0,0,6
v3_elaboration_enhances_the_imagined_contac,ml1.14,2017,2017,1,1,1,0,0.375,0.25,0.5,0,2010,2010,0,0,1
v3_elaboration_enhances_the_imagined_contac,ml1.14,2017,2017,1,1,1,0,0.375,0.25,0.5,1,2010,2010,0,0,1
v3_elaboration_enhances_the_imagined_contac,ml1.14,2017,2017,1,1,1,0,0.5,0.5,0.5,1,2010,2010,0,0,2
v3_elaboration_enhances_the_imagined_contac,ml1.14,2017,2017,1,1,1,0,0.625,0.5,0.75,0,2010,2010,0,0,2
v3_elaboration_enhances_the_imagined_contac,ml1.14,2017,2017,1,1,1,0,0.625,0.75,0.5,0,2010,2010,0,0,1
v3_elaboration_enhances_the_imagined_contac,ml1.14,2017,2017,1,1,1,0,0.625,0.75,0.5,1,2010,2010,0,0,1
v3_elaboration_enhances_the_imagined_contac,ml1.14,2017,2017,1,1,1,0,0.75,0.75,0.75,0,2010,2010,0,0,1
v3_elaboration_enhances_the_imagined_contac,ml1.14,2017,2017,1,1,1,0,0.75,0.75,0.75,1,2010,2010,0,0,2
v3_elaboration_enhances_the_imagined_contac,ml1.14,2017,2017,1,1,1,0,0.875,0.75,1.0,0,2010,2010,0,0,1
v3_elaboration_enhances_the_imagined_contac,ml1.14,2018,2018,1,1,0,0,,,,0,2010,2010,0,0,7
v3_elaboration_enhances_the_imagined_contac,ml1.14,2018,2018,1,1,0,0,,,,1,2010,2010,0,0,7
v3_elaboration_enhances_the_imagined_contac,ml1.14,2018,2018,1,1,1,0,0.125,0,0.25,1,2010,2010,0,0,1
v3_elaboration_enhances_the_imagined_contac,ml1.14,2018,2018,1,1,1,0,0.25,0.25,0.25,1,2010,2010,0,0,2
v3_elaboration_enhances_the_imagined_contac,ml1.14,2018,2018,1,1,1,0,0.375,0.25,0.5,1,2010,2010,0,0,1
v3_elaboration_enhances_the_imagined_contac,ml1.14,2018,2018,1,1,1,0,0.5,0.5,0.5,0,2010,2010,0,0,1
v3_elaboration_enhances_the_imagined_contac,ml1.14,2018,2018,1,1,1,0,0.5,0.5,0.5,1,2010,2010,0,0,2
v3_elaboration_enhances_the_imagined_contac,ml1.14,2018,2018,1,1,1,0,0.625,0.5,0.75,0,2010,2010,0,0,3
v3_elaboration_enhances_the_imagined_contac,ml1.14,2018,2018,1,1,1,0,0.625,0.5,0.75,1,2010,2010,0,0,3
v3_elaboration_enhances_the_imagined_contac,ml1.14,2018,2018,1,1,1,0,0.625,0.75,0.5,1,2010,2010,0,0,1
v3_elaboration_enhances_the_imagined_contac,ml1.14,2018,2018,1,1,1,0,0.75,0.5,1.0,0,2010,2010,0,0,1
v3_elaboration_enhances_the_imagined_contac,ml1.14,2018,2018,1,1,1,0,0.75,0.75,0.75,0,2010,2010,0,0,1
v3_elaboration_enhances_the_imagined_contac,ml1.14,2018,2018,1,1,1,0,0.75,0.75,0.75,1,2010,2010,0,0,1
v3_elaboration_enhances_the_imagined_contac,ml1.14,2018,2018,1,1,1,0,0.875,0.75,1.0,1,2010,2010,0,0,1
v3_elaboration_enhances_the_imagined_contac,ml1.14,2019,2019,1,1,0,0,,,,0,2010,2010,0,0,12
v3_elaboration_enhances_the_imagined_contac,ml1.14,2019,2019,1,1,0,0,,,,1,2010,2010,0,0,17
v3_elaboration_enhances_the_imagined_contac,ml1.14,2019,2019,1,1,1,0,0.125,0,0.25,0,2010,2010,0,0,1
v3_elaboration_enhances_the_imagined_contac,ml1.14,2019,2019,1,1,1,0,0.25,0.25,0.25,1,2010,2010,0,0,3
v3_elaboration_enhances_the_imagined_contac,ml1.14,2019,2019,1,1,1,0,0.5,0.5,0.5,0,2010,2010,0,0,3
v3_elaboration_enhances_the_imagined_contac,ml1.14,2019,2019,1,1,1,0,0.5,0.5,0.5,1,2010,2010,0,0,1
v3_elaboration_enhances_the_imagined_contac,ml1.14,2019,2019,1,1,1,0,0.625,0.5,0.75,1,2010,2010,0,0,1
v3_elaboration_enhances_the_imagined_contac,ml1.14,2019,2019,1,1,1,0,0.625,0.75,0.5,0,2010,2010,0,0,1
v3_elaboration_enhances_the_imagined_contac,ml1.14,2019,2019,1,1,1,0,0.625,0.75,0.5,1,2010,2010,0,0,2
v3_elaboration_enhances_the_imagined_contac,ml1.14,2019,2019,1,1,1,0,0.75,0.75,0.75,1,2010,2010,0,0,1
v3_elaboration_enhances_the_imagined_contac,ml1.14,2020,2020,1,1,0,0,,,,0,2010,2010,0,0,5
v3_elaboration_enhances_the_imagined_contac,ml1.14,2020,2020,1,1,0,0,,,,1,2010,2010,0,0,8
v3_elaboration_enhances_the_imagined_contac,ml1.14,2020,2020,1,1,1,0,0.0,0,0.0,1,2010,2010,0,0,1
v3_elaboration_enhances_the_imagined_contac,ml1.14,2020,2020,1,1,1,0,0.125,0.25,0.0,1,2010,2010,0,0,1
v3_elaboration_enhances_the_imagined_contac,ml1.14,2020,2020,1,1,1,0,0.25,0.25,0.25,1,2010,2010,0,0,1
v3_elaboration_enhances_the_imagined_contac,ml1.14,2020,2020,1,1,1,0,0.375,0.25,0.5,1,2010,2010,0,0,3
v3_elaboration_enhances_the_imagined_contac,ml1.14,2020,2020,1,1,1,0,0.375,0.5,0.25,1,2010,2010,0,0,2
v3_elaboration_enhances_the_imagined_contac,ml1.14,2020,2020,1,1,1,0,0.5,0.5,0.5,0,2010,2010,0,0,1
v3_elaboration_enhances_the_imagined_contac,ml1.14,2020,2020,1,1,1,0,0.5,0.5,0.5,1,2010,2010,0,0,2
v3_elaboration_enhances_the_imagined_contac,ml1.14,2020,2020,1,1,1,0,0.75,0.75,0.75,1,2010,2010,0,0,1
v3_elaboration_enhances_the_imagined_contac,ml1.14,2020,2020,1,1,1,0,0.875,0.75,1.0,1,2010,2010,0,0,1
v3_elaboration_enhances_the_imagined_contac,ml1.14,2021,2021,1,1,0,0,,,,1,2010,2010,0,0,3
v3_elaboration_enhances_the_imagined_contac,ml1.14,2022,2022,1,1,0,0,,,,0,2010,2010,0,0,1
v3_elaboration_enhances_the_imagined_contac,ml1.14,2022,2022,1,1,0,0,,,,1,2010,2010,0,0,2
v3_elaboration_enhances_the_imagined_contac,ml1.14,2022,2022,1,1,1,0,0.875,0.75,1.0,1,2010,2010,0,0,1
v3_elaboration_enhances_the_imagined_contac,ml1.14,2023,2023,1,1,0,0,,,,1,2010,2010,0,0,5
v3_elaboration_enhances_the_imagined_contac,ml1.14,2023,2023,1,1,1,0,0.125,0,0.25,1,2010,2010,0,0,2
v3_elaboration_enhances_the_imagined_contac,ml1.14,2023,2023,1,1,1,0,0.125,0.25,0.0,1,2010,2010,0,0,1
v3_elaboration_enhances_the_imagined_contac,ml1.14,2023,2023,1,1,1,0,0.25,0.25,0.25,0,2010,2010,0,0,1
v3_elaboration_enhances_the_imagined_contac,ml1.14,2023,2023,1,1,1,0,0.375,0.5,0.25,1,2010,2010,0,0,1
v3_elaboration_enhances_the_imagined_contac,ml1.14,2023,2023,1,1,1,0,0.5,0.5,0.5,1,2010,2010,0,0,5
v3_elaboration_enhances_the_imagined_contac,ml1.14,2023,2023,1,1,1,0,0.625,0.5,0.75,0,2010,2010,0,0,1
v3_elaboration_enhances_the_imagined_contac,ml1.14,2023,2023,1,1,1,0,0.625,0.5,0.75,1,2010,2010,0,0,1
v3_elaboration_enhances_the_imagined_contac,ml1.14,2023,2023,1,1,1,0,0.625,0.75,0.5,1,2010,2010,0,0,1
v3_elaboration_enhances_the_imagined_contac,ml1.14,2023,2023,1,1,1,0,0.75,0.5,1.0,1,2010,2010,0,0,1
v3_elaboration_enhances_the_imagined_contac,ml1.14,2023,2023,1,1,1,0,0.75,0.75,0.75,0,2010,2010,0,0,1
v3_elaboration_enhances_the_imagined_contac,ml1.14,2023,2023,1,1,1,0,0.75,0.75,0.75,1,2010,2010,0,0,1
v3_elaboration_enhances_the_imagined_contac,ml1.14,2024,2024,1,1,0,0,,,,0,2010,2010,0,0,1
v3_elaboration_enhances_the_imagined_contac,ml1.14,2024,2024,1,1,0,0,,,,1,2010,2010,0,0,4
v3_elaboration_enhances_the_imagined_contac,ml1.14,2024,2024,1,1,1,0,0.0,0,0.0,0,2010,2010,0,0,1
v3_elaboration_enhances_the_imagined_contac,ml1.14,2024,2024,1,1,1,0,0.25,0.25,0.25,0,2010,2010,0,0,1
v3_elaboration_enhances_the_imagined_contac,ml1.14,2024,2024,1,1,1,0,0.5,0.5,0.5,1,2010,2010,0,0,1
v3_elaboration_enhances_the_imagined_contac,ml1.14,2024,2024,1,1,1,0,0.75,0.75,0.75,1,2010,2010,0,0,2
v3_elaboration_enhances_the_imagined_contac,ml1.14,2025,2025,1,1,0,0,,,,1,2010,2010,0,0,1
v3_elaboration_enhances_the_imagined_contac,ml1.14,2025,2025,1,1,1,0,0.625,0.75,0.5,1,2010,2010,0,0,1
v3_elaboration_enhances_the_imagined_contac,ml1.14,2026,2026,1,1,0,0,,,,0,2010,2010,0,0,1
v3_elaboration_enhances_the_imagined_contac,ml1.14,2026,2026,1,1,0,0,,,,1,2010,2010,0,0,3
v3_elaboration_enhances_the_imagined_contac,ml1.14,2026,2026,1,1,1,0,0.625,0.5,0.75,0,2010,2010,0,0,1
v3_expectations_as_endowments_evidence_on_r,ee.9,2012,2012,1,1,1,0,0.625,0.5,0.75,1,2011,2011,0,0,1
v3_expectations_as_endowments_evidence_on_r,ee.9,2012,2012,1,1,1,0,0.75,0.75,0.75,1,2011,2011,0,0,1
v3_expectations_as_endowments_evidence_on_r,ee.9,2013,2013,1,1,0,0,,,,0,2011,2011,0,0,2
v3_expectations_as_endowments_evidence_on_r,ee.9,2013,2013,1,1,0,0,,,,1,2011,2011,0,0,2
v3_expectations_as_endowments_evidence_on_r,ee.9,2013,2013,1,1,1,0,0.25,0.25,0.25,1,2011,2011,0,0,1
v3_expectations_as_endowments_evidence_on_r,ee.9,2013,2013,1,1,1,0,0.375,0.25,0.5,1,2011,2011,0,0,1
v3_expectations_as_endowments_evidence_on_r,ee.9,2013,2013,1,1,1,0,0.375,0.5,0.25,0,2011,2011,0,0,1
v3_expectations_as_endowments_evidence_on_r,ee.9,2013,2013,1,1,1,0,0.5,0.5,0.5,0,2011,2011,0,0,1
v3_expectations_as_endowments_evidence_on_r,ee.9,2013,2013,1,1,1,0,0.5,0.5,0.5,1,2011,2011,0,0,3
v3_expectations_as_endowments_evidence_on_r,ee.9,2013,2013,1,1,1,0,0.625,0.5,0.75,0,2011,2011,0,0,1
v3_expectations_as_endowments_evidence_on_r,ee.9,2013,2013,1,1,1,0,0.625,0.5,0.75,1,2011,2011,0,0,2
v3_expectations_as_endowments_evidence_on_r,ee.9,2014,2014,1,1,0,0,,,,0,2011,2011,0,0,3
v3_expectations_as_endowments_evidence_on_r,ee.9,2014,2014,1,1,0,0,,,,1,2011,2011,0,0,6
v3_expectations_as_endowments_evidence_on_r,ee.9,2014,2014,1,1,1,0,0.0,0,0.0,1,2011,2011,0,0,1
v3_expectations_as_endowments_evidence_on_r,ee.9,2014,2014,1,1,1,0,0.25,0.25,0.25,0,2011,2011,0,0,1
v3_expectations_as_endowments_evidence_on_r,ee.9,2014,2014,1,1,1,0,0.5,0.5,0.5,1,2011,2011,0,0,1
v3_expectations_as_endowments_evidence_on_r,ee.9,2015,2015,1,1,0,0,,,,0,2011,2011,0,0,2
v3_expectations_as_endowments_evidence_on_r,ee.9,2015,2015,1,1,0,0,,,,1,2011,2011,0,0,7
v3_expectations_as_endowments_evidence_on_r,ee.9,2015,2015,1,1,1,0,0.125,0.25,0.0,1,2011,2011,0,0,1
v3_expectations_as_endowments_evidence_on_r,ee.9,2015,2015,1,1,1,0,0.25,0.25,0.25,1,2011,2011,0,0,3
v3_expectations_as_endowments_evidence_on_r,ee.9,2015,2015,1,1,1,0,0.375,0.25,0.5,0,2011,2011,0,0,1
v3_expectations_as_endowments_evidence_on_r,ee.9,2015,2015,1,1,1,0,0.5,0.5,0.5,0,2011,2011,0,0,3
v3_expectations_as_endowments_evidence_on_r,ee.9,2015,2015,1,1,1,0,0.5,0.5,0.5,1,2011,2011,0,0,2
v3_expectations_as_endowments_evidence_on_r,ee.9,2016,2016,1,1,0,0,,,,0,2011,2011,0,0,3
v3_expectations_as_endowments_evidence_on_r,ee.9,2016,2016,1,1,0,0,,,,1,2011,2011,0,0,7
v3_expectations_as_endowments_evidence_on_r,ee.9,2016,2016,1,1,1,0,0.125,0,0.25,1,2011,2011,0,0,1
v3_expectations_as_endowments_evidence_on_r,ee.9,2016,2016,1,1,1,0,0.25,0.25,0.25,0,2011,2011,0,0,1
v3_expectations_as_endowments_evidence_on_r,ee.9,2016,2016,1,1,1,0,0.375,0.25,0.5,0,2011,2011,0,0,1
v3_expectations_as_endowments_evidence_on_r,ee.9,2016,2016,1,1,1,0,0.5,0.5,0.5,0,2011,2011,0,0,1
v3_expectations_as_endowments_evidence_on_r,ee.9,2016,2016,1,1,1,0,0.625,0.5,0.75,0,2011,2011,0,0,1
v3_expectations_as_endowments_evidence_on_r,ee.9,2016,2016,1,1,1,0,0.625,0.5,0.75,1,2011,2011,0,0,1
v3_expectations_as_endowments_evidence_on_r,ee.9,2016,2016,1,1,1,0,0.625,0.75,0.5,0,2011,2011,0,0,1
v3_expectations_as_endowments_evidence_on_r,ee.9,2016,2016,1,1,1,0,0.625,0.75,0.5,1,2011,2011,0,0,1
v3_expectations_as_endowments_evidence_on_r,ee.9,2016,2016,1,1,1,0,0.75,0.75,0.75,0,2011,2011,0,0,1
v3_expectations_as_endowments_evidence_on_r,ee.9,2016,2016,1,1,1,0,0.75,0.75,0.75,1,2011,2011,0,0,2
v3_expectations_as_endowments_evidence_on_r,ee.9,2016,2018,2,2,1,0,0.375,0.5,0.25,1,2011,2011,0,0,1
v3_expectations_as_endowments_evidence_on_r,ee.9,2017,2017,1,1,0,0,,,,0,2011,2011,0,0,3
v3_expectations_as_endowments_evidence_on_r,ee.9,2017,2017,1,1,0,0,,,,1,2011,2011,0,0,8
v3_expectations_as_endowments_evidence_on_r,ee.9,2017,2017,1,1,1,0,0.25,0,0.5,1,2011,2011,0,0,1
v3_expectations_as_endowments_evidence_on_r,ee.9,2017,2017,1,1,1,0,0.25,0.25,0.25,0,2011,2011,0,0,2
v3_expectations_as_endowments_evidence_on_r,ee.9,2017,2017,1,1,1,0,0.25,0.25,0.25,1,2011,2011,0,0,2
v3_expectations_as_endowments_evidence_on_r,ee.9,2017,2017,1,1,1,0,0.375,0.25,0.5,0,2011,2011,0,0,1
v3_expectations_as_endowments_evidence_on_r,ee.9,2017,2017,1,1,1,0,0.625,0.5,0.75,1,2011,2011,0,0,2
v3_expectations_as_endowments_evidence_on_r,ee.9,2017,2017,1,1,1,0,0.625,0.75,0.5,1,2011,2011,0,0,1
v3_expectations_as_endowments_evidence_on_r,ee.9,2017,2017,1,1,1,0,0.75,0.75,0.75,1,2011,2011,0,0,1
v3_expectations_as_endowments_evidence_on_r,ee.9,2018,2018,1,1,0,0,,,,0,2011,2011,0,0,4
v3_expectations_as_endowments_evidence_on_r,ee.9,2018,2018,1,1,0,0,,,,1,2011,2011,0,0,8
v3_expectations_as_endowments_evidence_on_r,ee.9,2018,2018,1,1,1,0,0.125,0,0.25,1,2011,2011,0,0,1
v3_expectations_as_endowments_evidence_on_r,ee.9,2018,2018,1,1,1,0,0.5,0.5,0.5,0,2011,2011,0,0,1
v3_expectations_as_endowments_evidence_on_r,ee.9,2018,2018,1,1,1,0,0.5,0.5,0.5,1,2011,2011,0,0,2
v3_expectations_as_endowments_evidence_on_r,ee.9,2018,2018,1,1,1,0,0.625,0.5,0.75,1,2011,2011,0,0,1
v3_expectations_as_endowments_evidence_on_r,ee.9,2018,2019,2,2,0,0,,,,0,2011,2011,0,0,3
v3_expectations_as_endowments_evidence_on_r,ee.9,2018,2019,2,2,0,0,,,,1,2011,2011,0,0,3
v3_expectations_as_endowments_evidence_on_r,ee.9,2018,2019,2,2,1,0,0.5,0.75,0.25,1,2011,2011,0,0,1
v3_expectations_as_endowments_evidence_on_r,ee.9,2019,2019,1,1,0,0,,,,0,2011,2011,0,0,6
v3_expectations_as_endowments_evidence_on_r,ee.9,2019,2019,1,1,0,0,,,,1,2011,2011,0,0,5
v3_expectations_as_endowments_evidence_on_r,ee.9,2019,2019,1,1,1,0,0.375,0.25,0.5,0,2011,2011,0,0,1
v3_expectations_as_endowments_evidence_on_r,ee.9,2019,2019,1,1,1,0,0.375,0.25,0.5,1,2011,2011,0,0,1
v3_expectations_as_endowments_evidence_on_r,ee.9,2019,2019,1,1,1,0,0.5,0.5,0.5,1,2011,2011,0,0,2
v3_expectations_as_endowments_evidence_on_r,ee.9,2019,2019,1,1,1,0,0.875,0.75,1.0,1,2011,2011,0,0,1
v3_expectations_as_endowments_evidence_on_r,ee.9,2020,2020,1,1,0,0,,,,0,2011,2011,0,0,2
v3_expectations_as_endowments_evidence_on_r,ee.9,2020,2020,1,1,0,0,,,,1,2011,2011,0,0,4
v3_expectations_as_endowments_evidence_on_r,ee.9,2020,2020,1,1,1,0,0.25,0.25,0.25,1,2011,2011,0,0,1
v3_expectations_as_endowments_evidence_on_r,ee.9,2020,2020,1,1,1,0,0.25,0.5,0.0,1,2011,2011,0,0,1
v3_expectations_as_endowments_evidence_on_r,ee.9,2020,2020,1,1,1,0,0.375,0.25,0.5,0,2011,2011,0,0,1
v3_expectations_as_endowments_evidence_on_r,ee.9,2020,2020,1,1,1,0,0.5,0.5,0.5,1,2011,2011,0,0,1
v3_expectations_as_endowments_evidence_on_r,ee.9,2020,2020,1,1,1,0,0.625,0.5,0.75,0,2011,2011,0,0,1
v3_expectations_as_endowments_evidence_on_r,ee.9,2020,2020,1,1,1,0,0.625,0.5,0.75,1,2011,2011,0,0,1
v3_expectations_as_endowments_evidence_on_r,ee.9,2020,2020,1,1,1,0,0.625,0.75,0.5,1,2011,2011,0,0,3
v3_expectations_as_endowments_evidence_on_r,ee.9,2020,2020,1,1,1,0,0.875,0.75,1.0,0,2011,2011,0,0,1
v3_expectations_as_endowments_evidence_on_r,ee.9,2021,2021,1,1,0,0,,,,0,2011,2011,0,0,2
v3_expectations_as_endowments_evidence_on_r,ee.9,2021,2021,1,1,0,0,,,,1,2011,2011,0,0,3
v3_expectations_as_endowments_evidence_on_r,ee.9,2022,2022,1,1,0,0,,,,0,2011,2011,0,0,6
v3_expectations_as_endowments_evidence_on_r,ee.9,2022,2022,1,1,0,0,,,,1,2011,2011,0,0,7
v3_expectations_as_endowments_evidence_on_r,ee.9,2022,2022,1,1,1,0,0.375,0.5,0.25,0,2011,2011,0,0,1
v3_expectations_as_endowments_evidence_on_r,ee.9,2022,2022,1,1,1,0,0.5,0.5,0.5,0,2011,2011,0,0,2
v3_expectations_as_endowments_evidence_on_r,ee.9,2022,2022,1,1,1,0,0.5,0.5,0.5,1,2011,2011,0,0,2
v3_expectations_as_endowments_evidence_on_r,ee.9,2022,2022,1,1,1,0,0.625,0.5,0.75,0,2011,2011,0,0,1
v3_expectations_as_endowments_evidence_on_r,ee.9,2022,2022,1,1,1,0,0.625,0.5,0.75,1,2011,2011,0,0,1
v3_expectations_as_endowments_evidence_on_r,ee.9,2023,2023,1,1,0,0,,,,0,2011,2011,0,0,1
v3_expectations_as_endowments_evidence_on_r,ee.9,2023,2023,1,1,0,0,,,,1,2011,2011,0,0,2
v3_expectations_as_endowments_evidence_on_r,ee.9,2023,2023,1,1,1,0,0.625,0.75,0.5,1,2011,2011,0,0,1
v3_expectations_as_endowments_evidence_on_r,ee.9,2023,2023,1,1,1,0,0.875,0.75,1.0,1,2011,2011,0,0,1
v3_expectations_as_endowments_evidence_on_r,ee.9,2024,2024,1,1,0,0,,,,0,2011,2011,0,0,2
v3_expectations_as_endowments_evidence_on_r,ee.9,2024,2024,1,1,0,0,,,,1,2011,2011,0,0,3
v3_expectations_as_endowments_evidence_on_r,ee.9,2024,2024,1,1,1,0,0.0,0,0.0,0,2011,2011,0,0,1
v3_expectations_as_endowments_evidence_on_r,ee.9,2024,2024,1,1,1,0,0.5,0.5,0.5,1,2011,2011,0,0,1
v3_expectations_as_endowments_evidence_on_r,ee.9,2025,2025,1,1,1,0,0.375,0,0.75,1,2011,2011,0,0,1
v3_expectations_as_endowments_evidence_on_r,ee.9,2025,2025,1,1,1,0,0.75,0.5,1.0,1,2011,2011,0,0,1
v3_experiments_in_wording_questions_ii,ml1.10,1979,1979,1,1,0,0,,,,1,1941,1941,0,0,1
v3_experiments_in_wording_questions_ii,ml1.10,1985,1985,1,1,0,0,,,,0,1941,1941,0,0,1
v3_experiments_in_wording_questions_ii,ml1.10,1991,1991,1,1,0,0,,,,1,1941,1941,0,0,1
v3_experiments_in_wording_questions_ii,ml1.10,1999,1999,1,1,0,0,,,,0,1941,1941,0,0,3
v3_experiments_in_wording_questions_ii,ml1.10,1999,1999,1,1,0,0,,,,1,1941,1941,0,0,1
v3_experiments_in_wording_questions_ii,ml1.10,1999,1999,1,1,1,0,0.5,0.5,0.5,0,1941,1941,0,0,1
v3_experiments_in_wording_questions_ii,ml1.10,2001,2001,1,1,0,0,,,,0,1941,1941,0,0,1
v3_experiments_in_wording_questions_ii,ml1.10,2001,2001,1,1,0,0,,,,1,1941,1941,0,0,2
v3_experiments_in_wording_questions_ii,ml1.10,2002,2002,1,1,1,0,0.5,0.5,0.5,1,1941,1941,0,0,1
v3_experiments_in_wording_questions_ii,ml1.10,2003,2003,1,1,0,0,,,,0,1941,1941,0,0,1
v3_experiments_in_wording_questions_ii,ml1.10,2003,2003,1,1,1,0,0.375,0.5,0.25,0,1941,1941,0,0,1
v3_experiments_in_wording_questions_ii,ml1.10,2005,2005,1,1,1,0,0.625,0.5,0.75,1,1941,1941,0,0,1
v3_experiments_in_wording_questions_ii,ml1.10,2005,2005,1,1,1,0,0.75,0.75,0.75,1,1941,1941,0,0,1
v3_experiments_in_wording_questions_ii,ml1.10,2005,2005,1,1,1,0,1.0,1,1.0,1,1941,1941,0,0,1
v3_experiments_in_wording_questions_ii,ml1.10,2006,2006,1,1,0,0,,,,0,1941,1941,0,0,1
v3_experiments_in_wording_questions_ii,ml1.10,2006,2006,1,1,0,0,,,,1,1941,1941,0,0,2
v3_experiments_in_wording_questions_ii,ml1.10,2006,2006,1,1,1,0,0.25,0.25,0.25,0,1941,1941,0,0,1
v3_experiments_in_wording_questions_ii,ml1.10,2007,2007,1,1,0,0,,,,0,1941,1941,0,0,1
v3_experiments_in_wording_questions_ii,ml1.10,2007,2007,1,1,0,0,,,,1,1941,1941,0,0,1
v3_experiments_in_wording_questions_ii,ml1.10,2007,2007,1,1,1,0,0.5,0.5,0.5,0,1941,1941,0,0,1
v3_experiments_in_wording_questions_ii,ml1.10,2007,2007,1,1,1,0,0.5,0.5,0.5,1,1941,1941,0,0,1
v3_experiments_in_wording_questions_ii,ml1.10,2007,2007,1,1,1,0,0.625,0.75,0.5,1,1941,1941,0,0,1
v3_experiments_in_wording_questions_ii,ml1.10,2008,2008,1,1,0,0,,,,0,1941,1941,0,0,1
v3_experiments_in_wording_questions_ii,ml1.10,2008,2008,1,1,0,0,,,,1,1941,1941,0,0,2
v3_experiments_in_wording_questions_ii,ml1.10,2008,2008,1,1,1,0,0.5,0.5,0.5,1,1941,1941,0,0,1
v3_experiments_in_wording_questions_ii,ml1.10,2008,2008,1,1,1,0,0.625,0.5,0.75,0,1941,1941,0,0,1
v3_experiments_in_wording_questions_ii,ml1.10,2008,2008,1,1,1,0,0.75,0.75,0.75,0,1941,1941,0,0,1
v3_experiments_in_wording_questions_ii,ml1.10,2010,2010,1,1,0,0,,,,1,1941,1941,0,0,3
v3_experiments_in_wording_questions_ii,ml1.10,2010,2010,1,1,1,0,0.5,0.5,0.5,1,1941,1941,0,0,1
v3_experiments_in_wording_questions_ii,ml1.10,2010,2010,1,1,1,0,0.75,0.75,0.75,1,1941,1941,0,0,2
v3_experiments_in_wording_questions_ii,ml1.10,2011,2011,1,1,1,0,0.625,0.5,0.75,0,1941,1941,0,0,1
v3_experiments_in_wording_questions_ii,ml1.10,2012,2012,1,1,0,0,,,,0,1941,1941,0,0,1
v3_experiments_in_wording_questions_ii,ml1.10,2012,2012,1,1,0,0,,,,1,1941,1941,0,0,3
v3_experiments_in_wording_questions_ii,ml1.10,2012,2012,1,1,1,0,0.5,0.5,0.5,0,1941,1941,0,0,1
v3_experiments_in_wording_questions_ii,ml1.10,2012,2012,1,1,1,0,0.5,0.75,0.25,1,1941,1941,0,0,1
v3_experiments_in_wording_questions_ii,ml1.10,2012,2012,1,1,1,0,0.625,0.75,0.5,1,1941,1941,0,0,1
v3_experiments_in_wording_questions_ii,ml1.10,2013,2013,1,1,0,0,,,,1,1941,1941,0,0,1
v3_experiments_in_wording_questions_ii,ml1.10,2013,2013,1,1,1,0,0.5,0.5,0.5,1,1941,1941,0,0,1
v3_experiments_in_wording_questions_ii,ml1.10,2014,2014,1,1,0,0,,,,0,1941,1941,0,0,1
v3_experiments_in_wording_questions_ii,ml1.10,2014,2014,1,1,1,0,0.5,0.5,0.5,1,1941,1941,0,0,2
v3_experiments_in_wording_questions_ii,ml1.10,2015,2015,1,1,0,0,,,,0,1941,1941,0,0,2
v3_experiments_in_wording_questions_ii,ml1.10,2015,2015,1,1,0,0,,,,1,1941,1941,0,0,1
v3_experiments_in_wording_questions_ii,ml1.10,2015,2015,1,1,1,0,0.625,0.75,0.5,1,1941,1941,0,0,1
v3_experiments_in_wording_questions_ii,ml1.10,2015,2015,1,1,1,0,0.875,0.75,1.0,1,1941,1941,0,0,1
v3_experiments_in_wording_questions_ii,ml1.10,2016,2016,1,1,1,0,0.25,0.25,0.25,1,1941,1941,0,0,1
v3_experiments_in_wording_questions_ii,ml1.10,2017,2017,1,1,0,0,,,,0,1941,1941,0,0,1
v3_experiments_in_wording_questions_ii,ml1.10,2017,2017,1,1,1,0,0.25,0.25,0.25,1,1941,1941,0,0,1
v3_experiments_in_wording_questions_ii,ml1.10,2017,2017,1,1,1,0,0.375,0.25,0.5,1,1941,1941,0,0,1
v3_experiments_in_wording_questions_ii,ml1.10,2017,2017,1,1,1,0,0.5,0.5,0.5,1,1941,1941,0,0,1
v3_experiments_in_wording_questions_ii,ml1.10,2017,2017,1,1,1,0,0.625,0.5,0.75,1,1941,1941,0,0,2
v3_experiments_in_wording_questions_ii,ml1.10,2018,2018,1,1,0,0,,,,0,1941,1941,0,0,2
v3_experiments_in_wording_questions_ii,ml1.10,2018,2018,1,1,0,0,,,,1,1941,1941,0,0,3
v3_experiments_in_wording_questions_ii,ml1.10,2018,2018,1,1,1,0,0.5,0.5,0.5,0,1941,1941,0,0,1
v3_experiments_in_wording_questions_ii,ml1.10,2018,2018,1,1,1,0,0.75,0.75,0.75,1,1941,1941,0,0,1
v3_experiments_in_wording_questions_ii,ml1.10,2019,2019,1,1,0,0,,,,1,1941,1941,0,0,1
v3_experiments_in_wording_questions_ii,ml1.10,2019,2019,1,1,1,0,0.75,0.5,1.0,1,1941,1941,0,0,1
v3_experiments_in_wording_questions_ii,ml1.10,2019,2019,1,1,1,0,0.75,0.75,0.75,1,1941,1941,0,0,1
v3_experiments_in_wording_questions_ii,ml1.10,2020,2020,1,1,1,0,0.5,0.5,0.5,1,1941,1941,0,0,1
v3_experiments_in_wording_questions_ii,ml1.10,2020,2020,1,1,1,0,0.625,0.75,0.5,1,1941,1941,0,0,1
v3_experiments_in_wording_questions_ii,ml1.10,2021,2021,1,1,0,0,,,,0,1941,1941,0,0,2
v3_experiments_in_wording_questions_ii,ml1.10,2021,2021,1,1,0,0,,,,1,1941,1941,0,0,3
v3_experiments_in_wording_questions_ii,ml1.10,2021,2021,1,1,1,0,0.5,0.5,0.5,1,1941,1941,0,0,4
v3_experiments_in_wording_questions_ii,ml1.10,2022,2022,1,1,1,0,0.5,0.5,0.5,0,1941,1941,0,0,2
v3_experiments_in_wording_questions_ii,ml1.10,2022,2022,1,1,1,0,0.5,0.5,0.5,1,1941,1941,0,0,1
v3_experiments_in_wording_questions_ii,ml1.10,2023,2023,1,1,0,0,,,,1,1941,1941,0,0,1
v3_experiments_in_wording_questions_ii,ml1.10,2026,2026,1,1,1,0,0.5,0.5,0.5,1,1941,1941,0,0,1
v3_extremal_edge_a_powerful_cue_to_depth_pe,rpp.153,2008,2008,1,1,0,0,,,,0,2008,2008,0,0,1
v3_extremal_edge_a_powerful_cue_to_depth_pe,rpp.153,2008,2008,1,1,0,0,,,,1,2008,2008,0,0,1
v3_extremal_edge_a_powerful_cue_to_depth_pe,rpp.153,2008,2008,1,1,1,0,0.25,0.25,0.25,0,2008,2008,0,0,1
v3_extremal_edge_a_powerful_cue_to_depth_pe,rpp.153,2008,2008,1,1,1,0,0.375,0.25,0.5,1,2008,2008,0,0,1
v3_extremal_edge_a_powerful_cue_to_depth_pe,rpp.153,2008,2008,1,1,1,0,0.625,0.5,0.75,1,2008,2008,0,0,2
v3_extremal_edge_a_powerful_cue_to_depth_pe,rpp.153,2008,2008,1,1,1,0,0.625,0.75,0.5,1,2008,2008,0,0,1
v3_extremal_edge_a_powerful_cue_to_depth_pe,rpp.153,2009,2009,1,1,0,0,,,,1,2008,2008,0,0,3
v3_extremal_edge_a_powerful_cue_to_depth_pe,rpp.153,2010,2010,1,1,0,0,,,,0,2008,2008,0,0,3
v3_extremal_edge_a_powerful_cue_to_depth_pe,rpp.153,2010,2010,1,1,0,0,,,,1,2008,2008,0,0,2
v3_extremal_edge_a_powerful_cue_to_depth_pe,rpp.153,2010,2010,1,1,1,0,0.25,0.25,0.25,0,2008,2008,0,0,1
v3_extremal_edge_a_powerful_cue_to_depth_pe,rpp.153,2010,2010,1,1,1,0,0.375,0.25,0.5,0,2008,2008,0,0,1
v3_extremal_edge_a_powerful_cue_to_depth_pe,rpp.153,2010,2010,1,1,1,0,0.375,0.25,0.5,1,2008,2008,0,0,1
v3_extremal_edge_a_powerful_cue_to_depth_pe,rpp.153,2010,2010,1,1,1,0,0.5,0.5,0.5,1,2008,2008,0,0,1
v3_extremal_edge_a_powerful_cue_to_depth_pe,rpp.153,2010,2010,1,1,1,0,0.625,0.5,0.75,1,2008,2008,0,0,1
v3_extremal_edge_a_powerful_cue_to_depth_pe,rpp.153,2010,2010,1,1,1,0,0.625,0.75,0.5,1,2008,2008,0,0,1
v3_extremal_edge_a_powerful_cue_to_depth_pe,rpp.153,2010,2010,1,1,1,0,0.75,0.75,0.75,0,2008,2008,0,0,1
v3_extremal_edge_a_powerful_cue_to_depth_pe,rpp.153,2011,2011,1,1,0,0,,,,1,2008,2008,0,0,1
v3_extremal_edge_a_powerful_cue_to_depth_pe,rpp.153,2011,2011,1,1,1,0,0.625,0.5,0.75,1,2008,2008,0,0,1
v3_extremal_edge_a_powerful_cue_to_depth_pe,rpp.153,2011,2011,1,1,1,0,0.875,0.75,1.0,1,2008,2008,0,0,1
v3_extremal_edge_a_powerful_cue_to_depth_pe,rpp.153,2012,2012,1,1,0,0,,,,0,2008,2008,0,0,2
v3_extremal_edge_a_powerful_cue_to_depth_pe,rpp.153,2012,2012,1,1,0,0,,,,1,2008,2008,0,0,1
v3_extremal_edge_a_powerful_cue_to_depth_pe,rpp.153,2013,2014,2,2,1,0,0.5,0.5,0.5,1,2008,2008,0,0,1
v3_extremal_edge_a_powerful_cue_to_depth_pe,rpp.153,2014,2014,1,1,0,0,,,,1,2008,2008,0,0,1
v3_extremal_edge_a_powerful_cue_to_depth_pe,rpp.153,2015,2015,1,1,0,0,,,,1,2008,2008,0,0,1
v3_extremal_edge_a_powerful_cue_to_depth_pe,rpp.153,2015,2015,1,1,1,0,0.5,0.5,0.5,1,2008,2008,0,0,1
v3_extremal_edge_a_powerful_cue_to_depth_pe,rpp.153,2015,2015,1,1,1,0,0.75,0.75,0.75,1,2008,2008,0,0,1
v3_extremal_edge_a_powerful_cue_to_depth_pe,rpp.153,2016,2016,1,1,0,0,,,,0,2008,2008,0,0,1
v3_extremal_edge_a_powerful_cue_to_depth_pe,rpp.153,2016,2016,1,1,1,0,0.125,0,0.25,0,2008,2008,0,0,1
v3_extremal_edge_a_powerful_cue_to_depth_pe,rpp.153,2020,2020,1,1,0,0,,,,0,2008,2008,0,0,2
v3_extremal_edge_a_powerful_cue_to_depth_pe,rpp.153,2020,2020,1,1,0,0,,,,1,2008,2008,0,0,3
v3_extremal_edge_a_powerful_cue_to_depth_pe,rpp.153,2020,2020,1,1,1,0,0.5,0.5,0.5,1,2008,2008,0,0,1
v3_extremal_edge_a_powerful_cue_to_depth_pe,rpp.153,2021,2021,1,1,0,0,,,,0,2008,2008,0,0,1
v3_extremal_edge_a_powerful_cue_to_depth_pe,rpp.153,2021,2021,1,1,0,0,,,,1,2008,2008,0,0,1
v3_extremal_edge_a_powerful_cue_to_depth_pe,rpp.153,2021,2021,1,1,1,0,0.75,0.75,0.75,1,2008,2008,0,0,1
v3_extremal_edge_a_powerful_cue_to_depth_pe,rpp.153,2021,2021,1,1,1,0,0.875,0.75,1.0,1,2008,2008,0,0,1
v3_extremal_edge_a_powerful_cue_to_depth_pe,rpp.153,2025,2025,1,1,1,0,0.5,0.5,0.5,0,2008,2008,0,0,1
v3_extremal_edge_a_powerful_cue_to_depth_pe,rpp.153,2025,2025,1,1,1,0,0.625,0.75,0.5,1,2008,2008,0,0,1
v3_extremal_edge_a_powerful_cue_to_depth_pe,rpp.153,2026,2026,1,1,1,0,0.625,0.5,0.75,1,2008,2008,0,0,1
v3_happiness_and_time_preference_the_effect,ee.14,2011,2011,1,1,0,0,,,,1,2011,2011,0,0,2
v3_happiness_and_time_preference_the_effect,ee.14,2011,2011,1,1,1,0,0.25,0.25,0.25,1,2011,2011,0,0,1
v3_happiness_and_time_preference_the_effect,ee.14,2011,2011,1,1,1,0,0.375,0.25,0.5,1,2011,2011,0,0,1
v3_happiness_and_time_preference_the_effect,ee.14,2011,2011,1,1,1,0,0.75,0.75,0.75,1,2011,2011,0,0,1
v3_happiness_and_time_preference_the_effect,ee.14,2012,2012,1,1,1,0,0.625,0.75,0.5,0,2011,2011,0,0,1
v3_happiness_and_time_preference_the_effect,ee.14,2012,2012,1,1,1,0,0.875,0.75,1.0,0,2011,2011,0,0,1
v3_happiness_and_time_preference_the_effect,ee.14,2013,2013,1,1,0,0,,,,0,2011,2011,0,0,4
v3_happiness_and_time_preference_the_effect,ee.14,2013,2013,1,1,0,0,,,,1,2011,2011,0,0,6
v3_happiness_and_time_preference_the_effect,ee.14,2013,2013,1,1,1,0,0.25,0.25,0.25,1,2011,2011,0,0,2
v3_happiness_and_time_preference_the_effect,ee.14,2013,2013,1,1,1,0,0.5,0.5,0.5,0,2011,2011,0,0,2
v3_happiness_and_time_preference_the_effect,ee.14,2013,2013,1,1,1,0,0.5,0.5,0.5,1,2011,2011,0,0,5
v3_happiness_and_time_preference_the_effect,ee.14,2013,2013,1,1,1,0,0.75,0.75,0.75,1,2011,2011,0,0,2
v3_happiness_and_time_preference_the_effect,ee.14,2013,2018,2,2,0,0,,,,0,2011,2011,0,0,1
v3_happiness_and_time_preference_the_effect,ee.14,2014,2014,1,1,0,0,,,,0,2011,2011,0,0,6
v3_happiness_and_time_preference_the_effect,ee.14,2014,2014,1,1,0,0,,,,1,2011,2011,0,0,5
v3_happiness_and_time_preference_the_effect,ee.14,2014,2014,1,1,1,0,0.25,0.25,0.25,0,2011,2011,0,0,1
v3_happiness_and_time_preference_the_effect,ee.14,2014,2014,1,1,1,0,0.25,0.25,0.25,1,2011,2011,0,0,2
v3_happiness_and_time_preference_the_effect,ee.14,2014,2014,1,1,1,0,0.5,0.5,0.5,0,2011,2011,0,0,2
v3_happiness_and_time_preference_the_effect,ee.14,2014,2014,1,1,1,0,0.5,0.5,0.5,1,2011,2011,0,0,1
v3_happiness_and_time_preference_the_effect,ee.14,2015,2015,1,1,0,0,,,,0,2011,2011,0,0,5
v3_happiness_and_time_preference_the_effect,ee.14,2015,2015,1,1,0,0,,,,1,2011,2011,0,0,5
v3_happiness_and_time_preference_the_effect,ee.14,2015,2015,1,1,1,0,0.25,0.25,0.25,1,2011,2011,0,0,1
v3_happiness_and_time_preference_the_effect,ee.14,2015,2015,1,1,1,0,0.5,0.5,0.5,0,2011,2011,0,0,1
v3_happiness_and_time_preference_the_effect,ee.14,2015,2015,1,1,1,0,0.5,0.5,0.5,1,2011,2011,0,0,3
v3_happiness_and_time_preference_the_effect,ee.14,2015,2015,1,1,1,0,0.625,0.5,0.75,0,2011,2011,0,0,1
v3_happiness_and_time_preference_the_effect,ee.14,2015,2015,1,1,1,0,0.625,0.5,0.75,1,2011,2011,0,0,1
v3_happiness_and_time_preference_the_effect,ee.14,2015,2015,1,1,1,0,0.75,0.75,0.75,1,2011,2011,0,0,1
v3_happiness_and_time_preference_the_effect,ee.14,2016,2016,1,1,0,0,,,,1,2011,2011,0,0,4
v3_happiness_and_time_preference_the_effect,ee.14,2016,2016,1,1,1,0,0.25,0.25,0.25,1,2011,2011,0,0,2
v3_happiness_and_time_preference_the_effect,ee.14,2016,2016,1,1,1,0,0.375,0.25,0.5,0,2011,2011,0,0,1
v3_happiness_and_time_preference_the_effect,ee.14,2016,2016,1,1,1,0,0.5,0.5,0.5,1,2011,2011,0,0,2
v3_happiness_and_time_preference_the_effect,ee.14,2016,2016,1,1,1,0,0.625,0.5,0.75,1,2011,2011,0,0,1
v3_happiness_and_time_preference_the_effect,ee.14,2017,2017,1,1,0,0,,,,0,2011,2011,0,0,2
v3_happiness_and_time_preference_the_effect,ee.14,2017,2017,1,1,0,0,,,,1,2011,2011,0,0,2
v3_happiness_and_time_preference_the_effect,ee.14,2017,2017,1,1,1,0,0.375,0.5,0.25,0,2011,2011,0,0,1
v3_happiness_and_time_preference_the_effect,ee.14,2017,2017,1,1,1,0,0.375,0.5,0.25,1,2011,2011,0,0,2
v3_happiness_and_time_preference_the_effect,ee.14,2017,2017,1,1,1,0,0.5,0.5,0.5,0,2011,2011,0,0,1
v3_happiness_and_time_preference_the_effect,ee.14,2017,2017,1,1,1,0,0.5,0.5,0.5,1,2011,2011,0,0,2
v3_happiness_and_time_preference_the_effect,ee.14,2017,2017,1,1,1,0,0.625,0.5,0.75,1,2011,2011,0,0,1
v3_happiness_and_time_preference_the_effect,ee.14,2017,2017,1,1,1,0,0.625,0.75,0.5,1,2011,2011,0,0,1
v3_happiness_and_time_preference_the_effect,ee.14,2017,2017,1,1,1,0,0.75,0.75,0.75,1,2011,2011,0,0,1
v3_happiness_and_time_preference_the_effect,ee.14,2017,2017,1,1,1,0,0.875,0.75,1.0,1,2011,2011,0,0,2
v3_happiness_and_time_preference_the_effect,ee.14,2018,2018,1,1,0,0,,,,0,2011,2011,0,0,1
v3_happiness_and_time_preference_the_effect,ee.14,2018,2018,1,1,0,0,,,,1,2011,2011,0,0,3
v3_happiness_and_time_preference_the_effect,ee.14,2018,2018,1,1,1,0,0.375,0.5,0.25,1,2011,2011,0,0,1
v3_happiness_and_time_preference_the_effect,ee.14,2018,2018,1,1,1,0,0.5,0.5,0.5,0,2011,2011,0,0,1
v3_happiness_and_time_preference_the_effect,ee.14,2018,2018,1,1,1,0,0.5,0.5,0.5,1,2011,2011,0,0,1
v3_happiness_and_time_preference_the_effect,ee.14,2018,2018,1,1,1,0,0.625,0.5,0.75,1,2011,2011,0,0,1
v3_happiness_and_time_preference_the_effect,ee.14,2018,2018,1,1,1,0,0.75,0.5,1.0,1,2011,2011,0,0,1
v3_happiness_and_time_preference_the_effect,ee.14,2018,2018,1,1,1,0,0.75,0.75,0.75,0,2011,2011,0,0,1
v3_happiness_and_time_preference_the_effect,ee.14,2018,2018,1,1,1,0,0.75,0.75,0.75,1,2011,2011,0,0,1
v3_happiness_and_time_preference_the_effect,ee.14,2019,2019,1,1,0,0,,,,0,2011,2011,0,0,2
v3_happiness_and_time_preference_the_effect,ee.14,2019,2019,1,1,0,0,,,,1,2011,2011,0,0,5
v3_happiness_and_time_preference_the_effect,ee.14,2019,2019,1,1,1,0,0.125,0,0.25,0,2011,2011,0,0,1
v3_happiness_and_time_preference_the_effect,ee.14,2019,2019,1,1,1,0,0.25,0.25,0.25,1,2011,2011,0,0,1
v3_happiness_and_time_preference_the_effect,ee.14,2019,2019,1,1,1,0,0.375,0.25,0.5,0,2011,2011,0,0,1
v3_happiness_and_time_preference_the_effect,ee.14,2019,2019,1,1,1,0,0.375,0.5,0.25,1,2011,2011,0,0,1
v3_happiness_and_time_preference_the_effect,ee.14,2019,2019,1,1,1,0,0.5,0.5,0.5,0,2011,2011,0,0,2
v3_happiness_and_time_preference_the_effect,ee.14,2019,2019,1,1,1,0,0.5,0.5,0.5,1,2011,2011,0,0,5
v3_happiness_and_time_preference_the_effect,ee.14,2019,2019,1,1,1,0,0.625,0.5,0.75,1,2011,2011,0,0,1
v3_happiness_and_time_preference_the_effect,ee.14,2019,2019,1,1,1,0,0.75,0.75,0.75,1,2011,2011,0,0,2
v3_happiness_and_time_preference_the_effect,ee.14,2019,2019,1,1,1,0,0.875,0.75,1.0,1,2011,2011,0,0,2
v3_happiness_and_time_preference_the_effect,ee.14,2019,2019,1,1,1,0,1.0,1,1.0,1,2011,2011,0,0,2
v3_happiness_and_time_preference_the_effect,ee.14,2020,2020,1,1,0,0,,,,0,2011,2011,0,0,2
v3_happiness_and_time_preference_the_effect,ee.14,2020,2020,1,1,0,0,,,,1,2011,2011,0,0,3
v3_happiness_and_time_preference_the_effect,ee.14,2020,2020,1,1,1,0,0.375,0.25,0.5,0,2011,2011,0,0,1
v3_happiness_and_time_preference_the_effect,ee.14,2020,2020,1,1,1,0,0.375,0.25,0.5,1,2011,2011,0,0,1
v3_happiness_and_time_preference_the_effect,ee.14,2020,2020,1,1,1,0,0.5,0.5,0.5,1,2011,2011,0,0,3
v3_happiness_and_time_preference_the_effect,ee.14,2020,2020,1,1,1,0,0.625,0.5,0.75,0,2011,2011,0,0,1
v3_happiness_and_time_preference_the_effect,ee.14,2021,2021,1,1,0,0,,,,0,2011,2011,0,0,5
v3_happiness_and_time_preference_the_effect,ee.14,2021,2021,1,1,0,0,,,,1,2011,2011,0,0,6
v3_happiness_and_time_preference_the_effect,ee.14,2021,2021,1,1,1,0,0.25,0.5,0.0,0,2011,2011,0,0,1
v3_happiness_and_time_preference_the_effect,ee.14,2021,2021,1,1,1,0,0.375,0.25,0.5,1,2011,2011,0,0,1
v3_happiness_and_time_preference_the_effect,ee.14,2021,2021,1,1,1,0,0.5,0.25,0.75,0,2011,2011,0,0,1
v3_happiness_and_time_preference_the_effect,ee.14,2021,2021,1,1,1,0,0.5,0.5,0.5,0,2011,2011,0,0,2
v3_happiness_and_time_preference_the_effect,ee.14,2021,2021,1,1,1,0,0.5,0.5,0.5,1,2011,2011,0,0,4
v3_happiness_and_time_preference_the_effect,ee.14,2021,2021,1,1,1,0,0.625,0.5,0.75,0,2011,2011,0,0,1
v3_happiness_and_time_preference_the_effect,ee.14,2021,2021,1,1,1,0,0.625,0.5,0.75,1,2011,2011,0,0,3
v3_happiness_and_time_preference_the_effect,ee.14,2021,2021,1,1,1,0,0.75,0.5,1.0,0,2011,2011,0,0,1
v3_happiness_and_time_preference_the_effect,ee.14,2021,2021,1,1,1,0,0.875,0.75,1.0,1,2011,2011,0,0,1
v3_happiness_and_time_preference_the_effect,ee.14,2022,2022,1,1,0,0,,,,0,2011,2011,0,0,2
v3_happiness_and_time_preference_the_effect,ee.14,2022,2022,1,1,0,0,,,,1,2011,2011,0,0,9
v3_happiness_and_time_preference_the_effect,ee.14,2022,2022,1,1,1,0,0.5,0.5,0.5,0,2011,2011,0,0,2
v3_happiness_and_time_preference_the_effect,ee.14,2022,2022,1,1,1,0,0.5,0.5,0.5,1,2011,2011,0,0,5
v3_happiness_and_time_preference_the_effect,ee.14,2022,2022,1,1,1,0,1.0,1,1.0,1,2011,2011,0,0,1
v3_happiness_and_time_preference_the_effect,ee.14,2023,2023,1,1,0,0,,,,0,2011,2011,0,0,1
v3_happiness_and_time_preference_the_effect,ee.14,2023,2023,1,1,0,0,,,,1,2011,2011,0,0,2
v3_happiness_and_time_preference_the_effect,ee.14,2023,2023,1,1,1,0,0.25,0,0.5,1,2011,2011,0,0,1
v3_happiness_and_time_preference_the_effect,ee.14,2023,2023,1,1,1,0,0.25,0.25,0.25,1,2011,2011,0,0,1
v3_happiness_and_time_preference_the_effect,ee.14,2023,2023,1,1,1,0,0.375,0.5,0.25,0,2011,2011,0,0,1
v3_happiness_and_time_preference_the_effect,ee.14,2023,2023,1,1,1,0,0.5,0.25,0.75,1,2011,2011,0,0,1
v3_happiness_and_time_preference_the_effect,ee.14,2023,2023,1,1,1,0,0.5,0.5,0.5,1,2011,2011,0,0,1
v3_happiness_and_time_preference_the_effect,ee.14,2023,2023,1,1,1,0,0.625,0.5,0.75,1,2011,2011,0,0,1
v3_happiness_and_time_preference_the_effect,ee.14,2024,2024,1,1,0,0,,,,0,2011,2011,0,0,2
v3_happiness_and_time_preference_the_effect,ee.14,2024,2024,1,1,0,0,,,,1,2011,2011,0,0,3
v3_happiness_and_time_preference_the_effect,ee.14,2024,2024,1,1,1,0,0.75,0.75,0.75,1,2011,2011,0,0,2
v3_happiness_and_time_preference_the_effect,ee.14,2024,2024,1,1,1,0,0.875,0.75,1.0,1,2011,2011,0,0,2
v3_happiness_and_time_preference_the_effect,ee.14,2025,2025,1,1,0,0,,,,1,2011,2011,0,0,3
v3_happiness_and_time_preference_the_effect,ee.14,2025,2025,1,1,1,0,0.25,0.25,0.25,1,2011,2011,0,0,1
v3_happiness_and_time_preference_the_effect,ee.14,2025,2025,1,1,1,0,0.5,0.5,0.5,1,2011,2011,0,0,2
v3_happiness_and_time_preference_the_effect,ee.14,2025,2025,1,1,1,0,0.625,0.5,0.75,1,2011,2011,0,0,1
v3_happiness_and_time_preference_the_effect,ee.14,2025,2025,1,1,1,0,0.625,0.75,0.5,1,2011,2011,0,0,1
v3_happiness_and_time_preference_the_effect,ee.14,2026,2026,1,1,0,0,,,,0,2011,2011,0,0,2
v3_happiness_and_time_preference_the_effect,ee.14,2026,2026,1,1,0,0,,,,1,2011,2011,0,0,1
v3_happiness_and_time_preference_the_effect,ee.14,2026,2026,1,1,1,0,0.5,0.5,0.5,1,2011,2011,0,0,1
v3_happiness_and_time_preference_the_effect,ee.14,2026,2026,1,1,1,0,0.75,0.75,0.75,1,2011,2011,0,0,1
v3_head_up_foot_down_object_words_orient_at,rpp.167,2009,2009,1,1,0,0,,,,1,2008,2008,0,0,2
v3_head_up_foot_down_object_words_orient_at,rpp.167,2009,2009,1,1,1,0,0.25,0.25,0.25,0,2008,2008,0,0,1
v3_head_up_foot_down_object_words_orient_at,rpp.167,2009,2009,1,1,1,0,0.25,0.25,0.25,1,2008,2008,0,0,1
v3_head_up_foot_down_object_words_orient_at,rpp.167,2009,2009,1,1,1,0,0.5,0.5,0.5,0,2008,2008,0,0,1
v3_head_up_foot_down_object_words_orient_at,rpp.167,2009,2009,1,1,1,0,0.5,0.5,0.5,1,2008,2008,0,0,1
v3_head_up_foot_down_object_words_orient_at,rpp.167,2010,2010,1,1,0,0,,,,1,2008,2008,0,0,1
v3_head_up_foot_down_object_words_orient_at,rpp.167,2010,2010,1,1,1,0,0.875,0.75,1.0,1,2008,2008,0,0,1
v3_head_up_foot_down_object_words_orient_at,rpp.167,2011,2011,1,1,0,0,,,,0,2008,2008,0,0,4
v3_head_up_foot_down_object_words_orient_at,rpp.167,2011,2011,1,1,0,0,,,,1,2008,2008,0,0,15
v3_head_up_foot_down_object_words_orient_at,rpp.167,2011,2011,1,1,1,0,0.0,0,0.0,1,2008,2008,0,0,1
v3_head_up_foot_down_object_words_orient_at,rpp.167,2011,2011,1,1,1,0,0.25,0.25,0.25,0,2008,2008,0,0,1
v3_head_up_foot_down_object_words_orient_at,rpp.167,2011,2011,1,1,1,0,0.25,0.25,0.25,1,2008,2008,0,0,1
v3_head_up_foot_down_object_words_orient_at,rpp.167,2011,2011,1,1,1,0,0.5,0.5,0.5,0,2008,2008,0,0,1
v3_head_up_foot_down_object_words_orient_at,rpp.167,2011,2011,1,1,1,0,0.5,0.5,0.5,1,2008,2008,0,0,7
v3_head_up_foot_down_object_words_orient_at,rpp.167,2011,2011,1,1,1,0,0.875,0.75,1.0,1,2008,2008,0,0,1
v3_head_up_foot_down_object_words_orient_at,rpp.167,2012,2012,1,1,1,0,0.625,0.5,0.75,1,2008,2008,0,0,1
v3_head_up_foot_down_object_words_orient_at,rpp.167,2012,2012,1,1,1,0,0.75,0.75,0.75,1,2008,2008,0,0,1
v3_head_up_foot_down_object_words_orient_at,rpp.167,2013,2013,1,1,0,0,,,,0,2008,2008,0,0,4
v3_head_up_foot_down_object_words_orient_at,rpp.167,2013,2013,1,1,1,0,0.125,0.25,0.0,1,2008,2008,0,0,1
v3_head_up_foot_down_object_words_orient_at,rpp.167,2013,2013,1,1,1,0,0.25,0.25,0.25,1,2008,2008,0,0,1
v3_head_up_foot_down_object_words_orient_at,rpp.167,2013,2013,1,1,1,0,0.375,0.25,0.5,1,2008,2008,0,0,1
v3_head_up_foot_down_object_words_orient_at,rpp.167,2013,2013,1,1,1,0,0.5,0.5,0.5,0,2008,2008,0,0,1
v3_head_up_foot_down_object_words_orient_at,rpp.167,2013,2013,1,1,1,0,0.5,0.5,0.5,1,2008,2008,0,0,1
v3_head_up_foot_down_object_words_orient_at,rpp.167,2014,2014,1,1,0,0,,,,1,2008,2008,0,0,1
v3_head_up_foot_down_object_words_orient_at,rpp.167,2014,2014,1,1,1,0,0.5,0.5,0.5,1,2008,2008,0,0,1
v3_head_up_foot_down_object_words_orient_at,rpp.167,2015,2015,1,1,0,0,,,,0,2008,2008,0,0,4
v3_head_up_foot_down_object_words_orient_at,rpp.167,2015,2015,1,1,0,0,,,,1,2008,2008,0,0,10
v3_head_up_foot_down_object_words_orient_at,rpp.167,2015,2015,1,1,1,0,0.25,0.25,0.25,1,2008,2008,0,0,1
v3_head_up_foot_down_object_words_orient_at,rpp.167,2015,2015,1,1,1,0,0.375,0.25,0.5,0,2008,2008,0,0,2
v3_head_up_foot_down_object_words_orient_at,rpp.167,2015,2015,1,1,1,0,0.5,0.25,0.75,1,2008,2008,0,0,1
v3_head_up_foot_down_object_words_orient_at,rpp.167,2015,2015,1,1,1,0,0.5,0.5,0.5,0,2008,2008,0,0,2
v3_head_up_foot_down_object_words_orient_at,rpp.167,2015,2015,1,1,1,0,0.5,0.5,0.5,1,2008,2008,0,0,3
v3_head_up_foot_down_object_words_orient_at,rpp.167,2015,2015,1,1,1,0,0.625,0.75,0.5,0,2008,2008,0,0,1
v3_head_up_foot_down_object_words_orient_at,rpp.167,2015,2015,1,1,1,0,0.75,0.75,0.75,0,2008,2008,0,0,1
v3_head_up_foot_down_object_words_orient_at,rpp.167,2015,2015,1,1,1,0,0.75,0.75,0.75,1,2008,2008,0,0,2
v3_head_up_foot_down_object_words_orient_at,rpp.167,2015,2015,1,1,1,0,0.75,1,0.5,1,2008,2008,0,0,1
v3_head_up_foot_down_object_words_orient_at,rpp.167,2016,2016,1,1,0,0,,,,0,2008,2008,0,0,1
v3_head_up_foot_down_object_words_orient_at,rpp.167,2016,2016,1,1,0,0,,,,1,2008,2008,0,0,3
v3_head_up_foot_down_object_words_orient_at,rpp.167,2016,2016,1,1,1,0,0.25,0.25,0.25,0,2008,2008,0,0,1
v3_head_up_foot_down_object_words_orient_at,rpp.167,2016,2016,1,1,1,0,0.375,0.25,0.5,1,2008,2008,0,0,1
v3_head_up_foot_down_object_words_orient_at,rpp.167,2016,2016,1,1,1,0,0.5,0.5,0.5,1,2008,2008,0,0,1
v3_head_up_foot_down_object_words_orient_at,rpp.167,2016,2016,1,1,1,0,0.5,0.75,0.25,1,2008,2008,0,0,1
v3_head_up_foot_down_object_words_orient_at,rpp.167,2016,2016,1,1,1,0,0.625,0.75,0.5,1,2008,2008,0,0,1
v3_head_up_foot_down_object_words_orient_at,rpp.167,2016,2016,1,1,1,0,0.75,0.75,0.75,1,2008,2008,0,0,1
v3_head_up_foot_down_object_words_orient_at,rpp.167,2017,2017,1,1,0,0,,,,1,2008,2008,0,0,3
v3_head_up_foot_down_object_words_orient_at,rpp.167,2017,2017,1,1,1,0,0.5,0.5,0.5,1,2008,2008,0,0,1
v3_head_up_foot_down_object_words_orient_at,rpp.167,2017,2017,1,1,1,0,0.875,0.75,1.0,1,2008,2008,0,0,1
v3_head_up_foot_down_object_words_orient_at,rpp.167,2018,2018,1,1,0,0,,,,0,2008,2008,0,0,3
v3_head_up_foot_down_object_words_orient_at,rpp.167,2018,2018,1,1,0,0,,,,1,2008,2008,0,0,2
v3_head_up_foot_down_object_words_orient_at,rpp.167,2018,2018,1,1,1,0,0.5,0.5,0.5,0,2008,2008,0,0,1
v3_head_up_foot_down_object_words_orient_at,rpp.167,2018,2018,1,1,1,0,0.5,0.5,0.5,1,2008,2008,0,0,2
v3_head_up_foot_down_object_words_orient_at,rpp.167,2018,2018,1,1,1,0,0.625,0.75,0.5,0,2008,2008,0,0,1
v3_head_up_foot_down_object_words_orient_at,rpp.167,2018,2018,1,1,1,0,0.625,0.75,0.5,1,2008,2008,0,0,1
v3_head_up_foot_down_object_words_orient_at,rpp.167,2018,2018,1,1,1,0,0.75,0.5,1.0,1,2008,2008,0,0,1
v3_head_up_foot_down_object_words_orient_at,rpp.167,2019,2019,1,1,0,0,,,,0,2008,2008,0,0,3
v3_head_up_foot_down_object_words_orient_at,rpp.167,2019,2019,1,1,0,0,,,,1,2008,2008,0,0,10
v3_head_up_foot_down_object_words_orient_at,rpp.167,2019,2019,1,1,1,0,0.25,0.25,0.25,1,2008,2008,0,0,1
v3_head_up_foot_down_object_words_orient_at,rpp.167,2019,2019,1,1,1,0,0.5,0.5,0.5,1,2008,2008,0,0,1
v3_head_up_foot_down_object_words_orient_at,rpp.167,2019,2019,1,1,1,0,0.625,0.75,0.5,1,2008,2008,0,0,1
v3_head_up_foot_down_object_words_orient_at,rpp.167,2019,2019,1,1,1,0,0.75,0.75,0.75,0,2008,2008,0,0,1
v3_head_up_foot_down_object_words_orient_at,rpp.167,2019,2019,1,1,1,0,0.75,0.75,0.75,1,2008,2008,0,0,1
v3_head_up_foot_down_object_words_orient_at,rpp.167,2021,2021,1,1,0,0,,,,1,2008,2008,0,0,1
v3_head_up_foot_down_object_words_orient_at,rpp.167,2021,2021,1,1,1,0,0.75,0.5,1.0,1,2008,2008,0,0,1
v3_head_up_foot_down_object_words_orient_at,rpp.167,2022,2022,1,1,1,0,0.625,0.5,0.75,0,2008,2008,0,0,1
v3_head_up_foot_down_object_words_orient_at,rpp.167,2023,2023,1,1,0,0,,,,1,2008,2008,0,0,2
v3_head_up_foot_down_object_words_orient_at,rpp.167,2023,2023,1,1,1,0,0.25,0.25,0.25,1,2008,2008,0,0,1
v3_head_up_foot_down_object_words_orient_at,rpp.167,2023,2023,1,1,1,0,0.375,0.5,0.25,1,2008,2008,0,0,1
v3_head_up_foot_down_object_words_orient_at,rpp.167,2023,2023,1,1,1,0,0.625,0.5,0.75,1,2008,2008,0,0,1
v3_head_up_foot_down_object_words_orient_at,rpp.167,2024,2024,1,1,1,0,0.5,0.5,0.5,1,2008,2008,0,0,1
v3_head_up_foot_down_object_words_orient_at,rpp.167,2025,2025,1,1,0,0,,,,0,2008,2008,0,0,2
v3_head_up_foot_down_object_words_orient_at,rpp.167,2025,2025,1,1,0,0,,,,1,2008,2008,0,0,5
v3_head_up_foot_down_object_words_orient_at,rpp.167,2025,2025,1,1,1,0,0.5,0.5,0.5,0,2008,2008,0,0,1
v3_head_up_foot_down_object_words_orient_at,rpp.167,2025,2025,1,1,1,0,0.5,0.5,0.5,1,2008,2008,0,0,1
v3_head_up_foot_down_object_words_orient_at,rpp.167,2025,2025,1,1,1,0,0.75,0.75,0.75,0,2008,2008,0,0,1
v3_head_up_foot_down_object_words_orient_at,rpp.167,2025,2025,1,1,1,0,0.875,0.75,1.0,1,2008,2008,0,0,1
v3_hedonic_and_instrumental_motives_in_ange,rpp.142,2009,2009,1,1,0,0,,,,0,2008,2008,0,0,1
v3_hedonic_and_instrumental_motives_in_ange,rpp.142,2009,2009,1,1,1,0,0.25,0.25,0.25,1,2008,2008,0,0,1
v3_hedonic_and_instrumental_motives_in_ange,rpp.142,2009,2009,1,1,1,0,0.375,0.25,0.5,1,2008,2008,0,0,1
v3_hedonic_and_instrumental_motives_in_ange,rpp.142,2010,2010,1,1,0,0,,,,1,2008,2008,0,0,1
v3_hedonic_and_instrumental_motives_in_ange,rpp.142,2010,2010,1,1,1,0,0.5,0.5,0.5,1,2008,2008,0,0,1
v3_hedonic_and_instrumental_motives_in_ange,rpp.142,2010,2010,1,1,1,0,0.625,0.75,0.5,1,2008,2008,0,0,2
v3_hedonic_and_instrumental_motives_in_ange,rpp.142,2011,2011,1,1,0,0,,,,1,2008,2008,0,0,3
v3_hedonic_and_instrumental_motives_in_ange,rpp.142,2011,2011,1,1,1,0,0.125,0,0.25,1,2008,2008,0,0,1
v3_hedonic_and_instrumental_motives_in_ange,rpp.142,2011,2011,1,1,1,0,0.125,0.25,0.0,1,2008,2008,0,0,1
v3_hedonic_and_instrumental_motives_in_ange,rpp.142,2011,2011,1,1,1,0,0.375,0.5,0.25,1,2008,2008,0,0,1
v3_hedonic_and_instrumental_motives_in_ange,rpp.142,2011,2011,1,1,1,0,0.5,0.5,0.5,0,2008,2008,0,0,2
v3_hedonic_and_instrumental_motives_in_ange,rpp.142,2011,2011,1,1,1,0,0.75,0.5,1.0,1,2008,2008,0,0,1
v3_hedonic_and_instrumental_motives_in_ange,rpp.142,2011,2011,1,1,1,0,0.75,0.75,0.75,0,2008,2008,0,0,1
v3_hedonic_and_instrumental_motives_in_ange,rpp.142,2011,2011,1,1,1,0,0.75,0.75,0.75,1,2008,2008,0,0,1
v3_hedonic_and_instrumental_motives_in_ange,rpp.142,2012,2012,1,1,0,0,,,,1,2008,2008,0,0,2
v3_hedonic_and_instrumental_motives_in_ange,rpp.142,2012,2012,1,1,1,0,0.25,0.25,0.25,0,2008,2008,0,0,1
v3_hedonic_and_instrumental_motives_in_ange,rpp.142,2012,2012,1,1,1,0,0.375,0.25,0.5,1,2008,2008,0,0,2
v3_hedonic_and_instrumental_motives_in_ange,rpp.142,2012,2012,1,1,1,0,0.5,0.25,0.75,1,2008,2008,0,0,1
v3_hedonic_and_instrumental_motives_in_ange,rpp.142,2012,2012,1,1,1,0,0.5,0.5,0.5,0,2008,2008,0,0,1
v3_hedonic_and_instrumental_motives_in_ange,rpp.142,2012,2012,1,1,1,0,0.5,0.5,0.5,1,2008,2008,0,0,1
v3_hedonic_and_instrumental_motives_in_ange,rpp.142,2012,2012,1,1,1,0,0.625,0.25,1.0,1,2008,2008,0,0,1
v3_hedonic_and_instrumental_motives_in_ange,rpp.142,2012,2012,1,1,1,0,0.625,0.5,0.75,1,2008,2008,0,0,1
v3_hedonic_and_instrumental_motives_in_ange,rpp.142,2012,2012,1,1,1,0,0.625,0.75,0.5,0,2008,2008,0,0,1
v3_hedonic_and_instrumental_motives_in_ange,rpp.142,2012,2012,1,1,1,0,0.75,0.75,0.75,1,2008,2008,0,0,3
v3_hedonic_and_instrumental_motives_in_ange,rpp.142,2013,2013,1,1,0,0,,,,0,2008,2008,0,0,5
v3_hedonic_and_instrumental_motives_in_ange,rpp.142,2013,2013,1,1,0,0,,,,1,2008,2008,0,0,3
v3_hedonic_and_instrumental_motives_in_ange,rpp.142,2013,2013,1,1,1,0,0.25,0.5,0.0,1,2008,2008,0,0,1
v3_hedonic_and_instrumental_motives_in_ange,rpp.142,2013,2013,1,1,1,0,0.625,0.5,0.75,0,2008,2008,0,0,1
v3_hedonic_and_instrumental_motives_in_ange,rpp.142,2013,2013,1,1,1,0,0.625,0.5,0.75,1,2008,2008,0,0,2
v3_hedonic_and_instrumental_motives_in_ange,rpp.142,2013,2013,1,1,1,0,0.625,0.75,0.5,1,2008,2008,0,0,1
v3_hedonic_and_instrumental_motives_in_ange,rpp.142,2013,2013,1,1,1,0,0.75,0.75,0.75,1,2008,2008,0,0,2
v3_hedonic_and_instrumental_motives_in_ange,rpp.142,2014,2014,1,1,0,0,,,,0,2008,2008,0,0,1
v3_hedonic_and_instrumental_motives_in_ange,rpp.142,2014,2014,1,1,0,0,,,,1,2008,2008,0,0,1
v3_hedonic_and_instrumental_motives_in_ange,rpp.142,2014,2014,1,1,1,0,0.375,0.25,0.5,1,2008,2008,0,0,1
v3_hedonic_and_instrumental_motives_in_ange,rpp.142,2014,2014,1,1,1,0,0.5,0.5,0.5,1,2008,2008,0,0,2
v3_hedonic_and_instrumental_motives_in_ange,rpp.142,2014,2014,1,1,1,0,0.625,0.25,1.0,1,2008,2008,0,0,1
v3_hedonic_and_instrumental_motives_in_ange,rpp.142,2014,2014,1,1,1,0,0.625,0.75,0.5,1,2008,2008,0,0,2
v3_hedonic_and_instrumental_motives_in_ange,rpp.142,2014,2014,1,1,1,0,0.75,0.75,0.75,1,2008,2008,0,0,1
v3_hedonic_and_instrumental_motives_in_ange,rpp.142,2015,2015,1,1,0,0,,,,0,2008,2008,0,0,1
v3_hedonic_and_instrumental_motives_in_ange,rpp.142,2015,2015,1,1,0,0,,,,1,2008,2008,0,0,6
v3_hedonic_and_instrumental_motives_in_ange,rpp.142,2015,2015,1,1,1,0,0.375,0.25,0.5,1,2008,2008,0,0,1
v3_hedonic_and_instrumental_motives_in_ange,rpp.142,2015,2015,1,1,1,0,0.5,0.5,0.5,0,2008,2008,0,0,1
v3_hedonic_and_instrumental_motives_in_ange,rpp.142,2015,2015,1,1,1,0,0.5,0.5,0.5,1,2008,2008,0,0,2
v3_hedonic_and_instrumental_motives_in_ange,rpp.142,2015,2015,1,1,1,0,0.625,0.25,1.0,0,2008,2008,0,0,1
v3_hedonic_and_instrumental_motives_in_ange,rpp.142,2015,2015,1,1,1,0,0.625,0.75,0.5,1,2008,2008,0,0,2
v3_hedonic_and_instrumental_motives_in_ange,rpp.142,2015,2015,1,1,1,0,0.75,0.75,0.75,0,2008,2008,0,0,1
v3_hedonic_and_instrumental_motives_in_ange,rpp.142,2015,2016,2,2,0,0,,,,1,2008,2008,0,0,1
v3_hedonic_and_instrumental_motives_in_ange,rpp.142,2016,2016,1,1,0,0,,,,0,2008,2008,0,0,2
v3_hedonic_and_instrumental_motives_in_ange,rpp.142,2016,2016,1,1,0,0,,,,1,2008,2008,0,0,2
v3_hedonic_and_instrumental_motives_in_ange,rpp.142,2016,2016,1,1,1,0,0.125,0,0.25,1,2008,2008,0,0,1
v3_hedonic_and_instrumental_motives_in_ange,rpp.142,2016,2016,1,1,1,0,0.5,0.5,0.5,1,2008,2008,0,0,1
v3_hedonic_and_instrumental_motives_in_ange,rpp.142,2016,2016,1,1,1,0,0.625,0.75,0.5,1,2008,2008,0,0,1
v3_hedonic_and_instrumental_motives_in_ange,rpp.142,2016,2016,1,1,1,0,0.75,0.75,0.75,1,2008,2008,0,0,1
v3_hedonic_and_instrumental_motives_in_ange,rpp.142,2017,2017,1,1,0,0,,,,0,2008,2008,0,0,1
v3_hedonic_and_instrumental_motives_in_ange,rpp.142,2017,2017,1,1,0,0,,,,1,2008,2008,0,0,2
v3_hedonic_and_instrumental_motives_in_ange,rpp.142,2017,2017,1,1,1,0,0.125,0.25,0.0,1,2008,2008,0,0,1
v3_hedonic_and_instrumental_motives_in_ange,rpp.142,2017,2017,1,1,1,0,0.25,0.25,0.25,1,2008,2008,0,0,2
v3_hedonic_and_instrumental_motives_in_ange,rpp.142,2017,2017,1,1,1,0,0.375,0.25,0.5,1,2008,2008,0,0,1
v3_hedonic_and_instrumental_motives_in_ange,rpp.142,2017,2017,1,1,1,0,0.375,0.5,0.25,1,2008,2008,0,0,1
v3_hedonic_and_instrumental_motives_in_ange,rpp.142,2017,2017,1,1,1,0,0.5,0.5,0.5,1,2008,2008,0,0,3
v3_hedonic_and_instrumental_motives_in_ange,rpp.142,2017,2017,1,1,1,0,0.5,0.75,0.25,1,2008,2008,0,0,1
v3_hedonic_and_instrumental_motives_in_ange,rpp.142,2017,2017,1,1,1,0,0.625,0.5,0.75,1,2008,2008,0,0,2
v3_hedonic_and_instrumental_motives_in_ange,rpp.142,2017,2017,1,1,1,0,0.625,0.75,0.5,1,2008,2008,0,0,1
v3_hedonic_and_instrumental_motives_in_ange,rpp.142,2017,2017,1,1,1,0,0.875,0.75,1.0,1,2008,2008,0,0,1
v3_hedonic_and_instrumental_motives_in_ange,rpp.142,2018,2018,1,1,0,0,,,,0,2008,2008,0,0,2
v3_hedonic_and_instrumental_motives_in_ange,rpp.142,2018,2018,1,1,0,0,,,,1,2008,2008,0,0,3
v3_hedonic_and_instrumental_motives_in_ange,rpp.142,2018,2018,1,1,1,0,0.25,0.25,0.25,0,2008,2008,0,0,1
v3_hedonic_and_instrumental_motives_in_ange,rpp.142,2018,2018,1,1,1,0,0.25,0.25,0.25,1,2008,2008,0,0,1
v3_hedonic_and_instrumental_motives_in_ange,rpp.142,2018,2018,1,1,1,0,0.5,0.5,0.5,1,2008,2008,0,0,3
v3_hedonic_and_instrumental_motives_in_ange,rpp.142,2018,2018,1,1,1,0,0.625,0.75,0.5,0,2008,2008,0,0,1
v3_hedonic_and_instrumental_motives_in_ange,rpp.142,2018,2018,1,1,1,0,0.625,0.75,0.5,1,2008,2008,0,0,2
v3_hedonic_and_instrumental_motives_in_ange,rpp.142,2019,2019,1,1,0,0,,,,0,2008,2008,0,0,1
v3_hedonic_and_instrumental_motives_in_ange,rpp.142,2019,2019,1,1,1,0,0.125,0,0.25,0,2008,2008,0,0,1
v3_hedonic_and_instrumental_motives_in_ange,rpp.142,2019,2019,1,1,1,0,0.25,0.25,0.25,1,2008,2008,0,0,1
v3_hedonic_and_instrumental_motives_in_ange,rpp.142,2019,2019,1,1,1,0,0.5,0.5,0.5,1,2008,2008,0,0,1
v3_hedonic_and_instrumental_motives_in_ange,rpp.142,2019,2019,1,1,1,0,0.625,0.75,0.5,1,2008,2008,0,0,2
v3_hedonic_and_instrumental_motives_in_ange,rpp.142,2020,2020,1,1,0,0,,,,0,2008,2008,0,0,1
v3_hedonic_and_instrumental_motives_in_ange,rpp.142,2020,2020,1,1,1,0,0.125,0,0.25,1,2008,2008,0,0,1
v3_hedonic_and_instrumental_motives_in_ange,rpp.142,2020,2020,1,1,1,0,0.5,0.5,0.5,1,2008,2008,0,0,1
v3_hedonic_and_instrumental_motives_in_ange,rpp.142,2020,2020,1,1,1,0,0.625,0.75,0.5,0,2008,2008,0,0,1
v3_hedonic_and_instrumental_motives_in_ange,rpp.142,2020,2020,1,1,1,0,0.875,0.75,1.0,1,2008,2008,0,0,1
v3_hedonic_and_instrumental_motives_in_ange,rpp.142,2021,2021,1,1,1,0,0.125,0,0.25,0,2008,2008,0,0,1
v3_hedonic_and_instrumental_motives_in_ange,rpp.142,2021,2021,1,1,1,0,0.125,0,0.25,1,2008,2008,0,0,1
v3_hedonic_and_instrumental_motives_in_ange,rpp.142,2021,2021,1,1,1,0,0.25,0.25,0.25,1,2008,2008,0,0,1
v3_hedonic_and_instrumental_motives_in_ange,rpp.142,2021,2021,1,1,1,0,0.375,0.75,0.0,1,2008,2008,0,0,1
v3_hedonic_and_instrumental_motives_in_ange,rpp.142,2021,2021,1,1,1,0,0.5,0.25,0.75,1,2008,2008,0,0,1
v3_hedonic_and_instrumental_motives_in_ange,rpp.142,2021,2021,1,1,1,0,0.5,0.5,0.5,1,2008,2008,0,0,1
v3_hedonic_and_instrumental_motives_in_ange,rpp.142,2021,2021,1,1,1,0,0.625,0.5,0.75,1,2008,2008,0,0,2
v3_hedonic_and_instrumental_motives_in_ange,rpp.142,2021,2021,1,1,1,0,0.625,0.75,0.5,0,2008,2008,0,0,1
v3_hedonic_and_instrumental_motives_in_ange,rpp.142,2021,2021,1,1,1,0,0.625,0.75,0.5,1,2008,2008,0,0,3
v3_hedonic_and_instrumental_motives_in_ange,rpp.142,2021,2021,1,1,1,0,0.75,0.75,0.75,1,2008,2008,0,0,1
v3_hedonic_and_instrumental_motives_in_ange,rpp.142,2021,2021,1,1,1,0,0.875,0.75,1.0,0,2008,2008,0,0,1
v3_hedonic_and_instrumental_motives_in_ange,rpp.142,2021,2021,1,1,1,0,0.875,0.75,1.0,1,2008,2008,0,0,3
v3_hedonic_and_instrumental_motives_in_ange,rpp.142,2022,2022,1,1,0,0,,,,0,2008,2008,0,0,1
v3_hedonic_and_instrumental_motives_in_ange,rpp.142,2022,2022,1,1,1,0,0.0,0,0.0,1,2008,2008,0,0,1
v3_hedonic_and_instrumental_motives_in_ange,rpp.142,2022,2022,1,1,1,0,0.25,0.25,0.25,0,2008,2008,0,0,2
v3_hedonic_and_instrumental_motives_in_ange,rpp.142,2022,2022,1,1,1,0,0.25,0.25,0.25,1,2008,2008,0,0,1
v3_hedonic_and_instrumental_motives_in_ange,rpp.142,2022,2022,1,1,1,0,0.375,0.25,0.5,1,2008,2008,0,0,1
v3_hedonic_and_instrumental_motives_in_ange,rpp.142,2022,2022,1,1,1,0,0.5,0.5,0.5,1,2008,2008,0,0,1
v3_hedonic_and_instrumental_motives_in_ange,rpp.142,2022,2022,1,1,1,0,0.625,0.75,0.5,1,2008,2008,0,0,3
v3_hedonic_and_instrumental_motives_in_ange,rpp.142,2022,2022,1,1,1,0,0.75,0.75,0.75,1,2008,2008,0,0,1
v3_hedonic_and_instrumental_motives_in_ange,rpp.142,2023,2023,1,1,0,0,,,,0,2008,2008,0,0,7
v3_hedonic_and_instrumental_motives_in_ange,rpp.142,2023,2023,1,1,0,0,,,,1,2008,2008,0,0,13
v3_hedonic_and_instrumental_motives_in_ange,rpp.142,2023,2023,1,1,1,0,0.25,0.25,0.25,0,2008,2008,0,0,1
v3_hedonic_and_instrumental_motives_in_ange,rpp.142,2023,2023,1,1,1,0,0.375,0.5,0.25,1,2008,2008,0,0,1
v3_hedonic_and_instrumental_motives_in_ange,rpp.142,2023,2023,1,1,1,0,0.5,0.5,0.5,0,2008,2008,0,0,1
v3_hedonic_and_instrumental_motives_in_ange,rpp.142,2023,2023,1,1,1,0,0.5,0.5,0.5,1,2008,2008,0,0,4
v3_hedonic_and_instrumental_motives_in_ange,rpp.142,2023,2023,1,1,1,0,0.625,0.75,0.5,1,2008,2008,0,0,1
v3_hedonic_and_instrumental_motives_in_ange,rpp.142,2023,2023,1,1,1,0,0.75,0.75,0.75,1,2008,2008,0,0,3
v3_hedonic_and_instrumental_motives_in_ange,rpp.142,2023,2023,1,1,1,0,0.875,0.75,1.0,1,2008,2008,0,0,2
v3_hedonic_and_instrumental_motives_in_ange,rpp.142,2024,2024,1,1,0,0,,,,0,2008,2008,0,0,1
v3_hedonic_and_instrumental_motives_in_ange,rpp.142,2024,2024,1,1,0,0,,,,1,2008,2008,0,0,1
v3_hedonic_and_instrumental_motives_in_ange,rpp.142,2024,2024,1,1,1,0,0.125,0.25,0.0,0,2008,2008,0,0,1
v3_hedonic_and_instrumental_motives_in_ange,rpp.142,2024,2024,1,1,1,0,0.25,0.25,0.25,1,2008,2008,0,0,1
v3_hedonic_and_instrumental_motives_in_ange,rpp.142,2024,2024,1,1,1,0,0.625,0.75,0.5,0,2008,2008,0,0,1
v3_hedonic_and_instrumental_motives_in_ange,rpp.142,2025,2025,1,1,0,0,,,,0,2008,2008,0,0,2
v3_hedonic_and_instrumental_motives_in_ange,rpp.142,2025,2025,1,1,0,0,,,,1,2008,2008,0,0,1
v3_hedonic_and_instrumental_motives_in_ange,rpp.142,2025,2025,1,1,1,0,0.0,0,0.0,1,2008,2008,0,0,1
v3_hedonic_and_instrumental_motives_in_ange,rpp.142,2025,2025,1,1,1,0,0.125,0,0.25,1,2008,2008,0,0,1
v3_hedonic_and_instrumental_motives_in_ange,rpp.142,2025,2025,1,1,1,0,0.25,0.5,0.0,1,2008,2008,0,0,1
v3_hedonic_and_instrumental_motives_in_ange,rpp.142,2025,2025,1,1,1,0,0.375,0.5,0.25,1,2008,2008,0,0,1
v3_hedonic_and_instrumental_motives_in_ange,rpp.142,2025,2025,1,1,1,0,0.75,0.75,0.75,1,2008,2008,0,0,1
v3_hedonic_and_instrumental_motives_in_ange,rpp.142,2026,2026,1,1,0,0,,,,0,2008,2008,0,0,1
v3_hedonic_and_instrumental_motives_in_ange,rpp.142,2026,2026,1,1,0,0,,,,1,2008,2008,0,0,1
v3_hedonic_and_instrumental_motives_in_ange,rpp.142,2026,2026,1,1,1,0,0.625,0.75,0.5,0,2008,2008,0,0,1
v3_hedonic_and_instrumental_motives_in_ange,rpp.142,2026,2026,1,1,1,0,0.75,0.75,0.75,1,2008,2008,0,0,1
v3_hedonic_and_instrumental_motives_in_ange,rpp.142,2026,2026,1,1,1,0,0.875,0.75,1.0,1,2008,2008,0,0,2
v3_how_does_bilingualism_improve_executive_,rpp.22,2008,2008,1,1,1,0,0.25,0.25,0.25,0,2008,2008,0,0,1
v3_how_does_bilingualism_improve_executive_,rpp.22,2008,2008,1,1,1,0,0.25,0.25,0.25,1,2008,2008,0,0,1
v3_how_does_bilingualism_improve_executive_,rpp.22,2008,2008,1,1,1,0,0.75,0.75,0.75,1,2008,2008,0,0,1
v3_how_does_bilingualism_improve_executive_,rpp.22,2009,2009,1,1,0,0,,,,0,2008,2008,0,0,5
v3_how_does_bilingualism_improve_executive_,rpp.22,2009,2009,1,1,0,0,,,,1,2008,2008,0,0,10
v3_how_does_bilingualism_improve_executive_,rpp.22,2009,2009,1,1,1,0,0.25,0.25,0.25,1,2008,2008,0,0,3
v3_how_does_bilingualism_improve_executive_,rpp.22,2009,2009,1,1,1,0,0.375,0.25,0.5,0,2008,2008,0,0,1
v3_how_does_bilingualism_improve_executive_,rpp.22,2009,2009,1,1,1,0,0.5,0.5,0.5,0,2008,2008,0,0,1
v3_how_does_bilingualism_improve_executive_,rpp.22,2009,2009,1,1,1,0,0.5,0.5,0.5,1,2008,2008,0,0,1
v3_how_does_bilingualism_improve_executive_,rpp.22,2009,2009,1,1,1,0,0.625,0.5,0.75,0,2008,2008,0,0,1
v3_how_does_bilingualism_improve_executive_,rpp.22,2009,2009,1,1,1,0,0.625,0.75,0.5,1,2008,2008,0,0,1
v3_how_does_bilingualism_improve_executive_,rpp.22,2009,2009,1,1,1,0,0.75,0.75,0.75,0,2008,2008,0,0,1
v3_how_does_bilingualism_improve_executive_,rpp.22,2009,2009,1,1,1,0,0.75,1,0.5,0,2008,2008,0,0,1
v3_how_does_bilingualism_improve_executive_,rpp.22,2010,2010,1,1,0,0,,,,0,2008,2008,0,0,4
v3_how_does_bilingualism_improve_executive_,rpp.22,2010,2010,1,1,0,0,,,,1,2008,2008,0,0,8
v3_how_does_bilingualism_improve_executive_,rpp.22,2010,2010,1,1,1,0,0.0,0,0.0,1,2008,2008,0,0,1
v3_how_does_bilingualism_improve_executive_,rpp.22,2010,2010,1,1,1,0,0.125,0,0.25,0,2008,2008,0,0,1
v3_how_does_bilingualism_improve_executive_,rpp.22,2010,2010,1,1,1,0,0.25,0.25,0.25,1,2008,2008,0,0,1
v3_how_does_bilingualism_improve_executive_,rpp.22,2010,2010,1,1,1,0,0.375,0.25,0.5,0,2008,2008,0,0,1
v3_how_does_bilingualism_improve_executive_,rpp.22,2010,2010,1,1,1,0,0.5,0.5,0.5,0,2008,2008,0,0,1
v3_how_does_bilingualism_improve_executive_,rpp.22,2010,2010,1,1,1,0,0.5,0.5,0.5,1,2008,2008,0,0,4
v3_how_does_bilingualism_improve_executive_,rpp.22,2010,2010,1,1,1,0,0.625,0.75,0.5,1,2008,2008,0,0,1
v3_how_does_bilingualism_improve_executive_,rpp.22,2010,2010,1,1,1,0,0.75,0.5,1.0,1,2008,2008,0,0,1
v3_how_does_bilingualism_improve_executive_,rpp.22,2010,2010,1,1,1,0,0.75,0.75,0.75,0,2008,2008,0,0,1
v3_how_does_bilingualism_improve_executive_,rpp.22,2010,2010,1,1,1,0,0.75,0.75,0.75,1,2008,2008,0,0,5
v3_how_does_bilingualism_improve_executive_,rpp.22,2010,2010,1,1,1,0,0.75,1,0.5,1,2008,2008,0,0,1
v3_how_does_bilingualism_improve_executive_,rpp.22,2011,2011,1,1,0,0,,,,0,2008,2008,0,0,5
v3_how_does_bilingualism_improve_executive_,rpp.22,2011,2011,1,1,0,0,,,,1,2008,2008,0,0,5
v3_how_does_bilingualism_improve_executive_,rpp.22,2011,2011,1,1,1,0,0.0,0,0.0,1,2008,2008,0,0,1
v3_how_does_bilingualism_improve_executive_,rpp.22,2011,2011,1,1,1,0,0.125,0,0.25,1,2008,2008,0,0,1
v3_how_does_bilingualism_improve_executive_,rpp.22,2011,2011,1,1,1,0,0.125,0.25,0.0,0,2008,2008,0,0,1
v3_how_does_bilingualism_improve_executive_,rpp.22,2011,2011,1,1,1,0,0.25,0.25,0.25,0,2008,2008,0,0,3
v3_how_does_bilingualism_improve_executive_,rpp.22,2011,2011,1,1,1,0,0.25,0.25,0.25,1,2008,2008,0,0,3
v3_how_does_bilingualism_improve_executive_,rpp.22,2011,2011,1,1,1,0,0.375,0.25,0.5,1,2008,2008,0,0,2
v3_how_does_bilingualism_improve_executive_,rpp.22,2011,2011,1,1,1,0,0.375,0.5,0.25,0,2008,2008,0,0,1
v3_how_does_bilingualism_improve_executive_,rpp.22,2011,2011,1,1,1,0,0.375,0.5,0.25,1,2008,2008,0,0,1
v3_how_does_bilingualism_improve_executive_,rpp.22,2011,2011,1,1,1,0,0.5,0.5,0.5,1,2008,2008,0,0,1
v3_how_does_bilingualism_improve_executive_,rpp.22,2011,2011,1,1,1,0,0.625,0.5,0.75,1,2008,2008,0,0,1
v3_how_does_bilingualism_improve_executive_,rpp.22,2011,2011,1,1,1,0,0.75,0.75,0.75,1,2008,2008,0,0,1
v3_how_does_bilingualism_improve_executive_,rpp.22,2012,2012,1,1,0,0,,,,0,2008,2008,0,0,12
v3_how_does_bilingualism_improve_executive_,rpp.22,2012,2012,1,1,0,0,,,,1,2008,2008,0,0,6
v3_how_does_bilingualism_improve_executive_,rpp.22,2012,2012,1,1,1,0,0.25,0.25,0.25,0,2008,2008,0,0,2
v3_how_does_bilingualism_improve_executive_,rpp.22,2012,2012,1,1,1,0,0.25,0.25,0.25,1,2008,2008,0,0,2
v3_how_does_bilingualism_improve_executive_,rpp.22,2012,2012,1,1,1,0,0.375,0.25,0.5,1,2008,2008,0,0,1
v3_how_does_bilingualism_improve_executive_,rpp.22,2012,2012,1,1,1,0,0.5,0.5,0.5,0,2008,2008,0,0,3
v3_how_does_bilingualism_improve_executive_,rpp.22,2012,2012,1,1,1,0,0.5,0.5,0.5,1,2008,2008,0,0,8
v3_how_does_bilingualism_improve_executive_,rpp.22,2012,2012,1,1,1,0,0.625,0.75,0.5,1,2008,2008,0,0,1
v3_how_does_bilingualism_improve_executive_,rpp.22,2012,2012,1,1,1,0,0.875,0.75,1.0,1,2008,2008,0,0,1
v3_how_does_bilingualism_improve_executive_,rpp.22,2013,2013,1,1,0,0,,,,0,2008,2008,0,0,5
v3_how_does_bilingualism_improve_executive_,rpp.22,2013,2013,1,1,0,0,,,,1,2008,2008,0,0,5
v3_how_does_bilingualism_improve_executive_,rpp.22,2013,2013,1,1,1,0,0.0,0,0.0,0,2008,2008,0,0,1
v3_how_does_bilingualism_improve_executive_,rpp.22,2013,2013,1,1,1,0,0.25,0.25,0.25,0,2008,2008,0,0,1
v3_how_does_bilingualism_improve_executive_,rpp.22,2013,2013,1,1,1,0,0.25,0.25,0.25,1,2008,2008,0,0,6
v3_how_does_bilingualism_improve_executive_,rpp.22,2013,2013,1,1,1,0,0.375,0.25,0.5,1,2008,2008,0,0,1
v3_how_does_bilingualism_improve_executive_,rpp.22,2013,2013,1,1,1,0,0.375,0.5,0.25,0,2008,2008,0,0,2
v3_how_does_bilingualism_improve_executive_,rpp.22,2013,2013,1,1,1,0,0.375,0.5,0.25,1,2008,2008,0,0,1
v3_how_does_bilingualism_improve_executive_,rpp.22,2013,2013,1,1,1,0,0.5,0.5,0.5,0,2008,2008,0,0,2
v3_how_does_bilingualism_improve_executive_,rpp.22,2013,2013,1,1,1,0,0.5,0.5,0.5,1,2008,2008,0,0,5
v3_how_does_bilingualism_improve_executive_,rpp.22,2013,2013,1,1,1,0,0.75,0.75,0.75,1,2008,2008,0,0,1
v3_how_does_bilingualism_improve_executive_,rpp.22,2014,2014,1,1,0,0,,,,0,2008,2008,0,0,8
v3_how_does_bilingualism_improve_executive_,rpp.22,2014,2014,1,1,0,0,,,,1,2008,2008,0,0,9
v3_how_does_bilingualism_improve_executive_,rpp.22,2014,2014,1,1,1,0,0.25,0.25,0.25,1,2008,2008,0,0,2
v3_how_does_bilingualism_improve_executive_,rpp.22,2014,2014,1,1,1,0,0.375,0.25,0.5,0,2008,2008,0,0,2
v3_how_does_bilingualism_improve_executive_,rpp.22,2014,2014,1,1,1,0,0.5,0.5,0.5,0,2008,2008,0,0,2
v3_how_does_bilingualism_improve_executive_,rpp.22,2014,2014,1,1,1,0,0.5,0.5,0.5,1,2008,2008,0,0,2
v3_how_does_bilingualism_improve_executive_,rpp.22,2014,2014,1,1,1,0,0.75,0.75,0.75,0,2008,2008,0,0,1
v3_how_does_bilingualism_improve_executive_,rpp.22,2014,2014,1,1,1,0,0.75,0.75,0.75,1,2008,2008,0,0,1
v3_how_does_bilingualism_improve_executive_,rpp.22,2015,2015,1,1,0,0,,,,0,2008,2008,0,0,11
v3_how_does_bilingualism_improve_executive_,rpp.22,2015,2015,1,1,0,0,,,,1,2008,2008,0,0,8
v3_how_does_bilingualism_improve_executive_,rpp.22,2015,2015,1,1,1,0,0.0,0,0.0,0,2008,2008,0,0,1
v3_how_does_bilingualism_improve_executive_,rpp.22,2015,2015,1,1,1,0,0.25,0.25,0.25,0,2008,2008,0,0,3
v3_how_does_bilingualism_improve_executive_,rpp.22,2015,2015,1,1,1,0,0.25,0.25,0.25,1,2008,2008,0,0,4
v3_how_does_bilingualism_improve_executive_,rpp.22,2015,2015,1,1,1,0,0.375,0.25,0.5,0,2008,2008,0,0,1
v3_how_does_bilingualism_improve_executive_,rpp.22,2015,2015,1,1,1,0,0.375,0.25,0.5,1,2008,2008,0,0,1
v3_how_does_bilingualism_improve_executive_,rpp.22,2015,2015,1,1,1,0,0.375,0.5,0.25,1,2008,2008,0,0,2
v3_how_does_bilingualism_improve_executive_,rpp.22,2015,2015,1,1,1,0,0.5,0.5,0.5,0,2008,2008,0,0,1
v3_how_does_bilingualism_improve_executive_,rpp.22,2015,2015,1,1,1,0,0.625,0.5,0.75,1,2008,2008,0,0,1
v3_how_does_bilingualism_improve_executive_,rpp.22,2015,2015,1,1,1,0,0.75,0.75,0.75,1,2008,2008,0,0,1
v3_how_does_bilingualism_improve_executive_,rpp.22,2015,2022,3,3,1,0,0.5,0.5,0.5,0,2008,2008,0,0,1
v3_how_does_bilingualism_improve_executive_,rpp.22,2016,2016,1,1,0,0,,,,0,2008,2008,0,0,6
v3_how_does_bilingualism_improve_executive_,rpp.22,2016,2016,1,1,0,0,,,,1,2008,2008,0,0,11
v3_how_does_bilingualism_improve_executive_,rpp.22,2016,2016,1,1,1,0,0.25,0.25,0.25,0,2008,2008,0,0,1
v3_how_does_bilingualism_improve_executive_,rpp.22,2016,2016,1,1,1,0,0.375,0.25,0.5,1,2008,2008,0,0,2
v3_how_does_bilingualism_improve_executive_,rpp.22,2016,2016,1,1,1,0,0.375,0.5,0.25,1,2008,2008,0,0,1
v3_how_does_bilingualism_improve_executive_,rpp.22,2016,2016,1,1,1,0,0.5,0.5,0.5,1,2008,2008,0,0,3
v3_how_does_bilingualism_improve_executive_,rpp.22,2016,2016,1,1,1,0,0.625,0.5,0.75,1,2008,2008,0,0,1
v3_how_does_bilingualism_improve_executive_,rpp.22,2017,2017,1,1,0,0,,,,0,2008,2008,0,0,4
v3_how_does_bilingualism_improve_executive_,rpp.22,2017,2017,1,1,0,0,,,,1,2008,2008,0,0,2
v3_how_does_bilingualism_improve_executive_,rpp.22,2017,2017,1,1,1,0,0.125,0,0.25,0,2008,2008,0,0,1
v3_how_does_bilingualism_improve_executive_,rpp.22,2017,2017,1,1,1,0,0.125,0,0.25,1,2008,2008,0,0,1
v3_how_does_bilingualism_improve_executive_,rpp.22,2017,2017,1,1,1,0,0.25,0.25,0.25,0,2008,2008,0,0,1
v3_how_does_bilingualism_improve_executive_,rpp.22,2017,2017,1,1,1,0,0.25,0.25,0.25,1,2008,2008,0,0,5
v3_how_does_bilingualism_improve_executive_,rpp.22,2017,2017,1,1,1,0,0.375,0.25,0.5,0,2008,2008,0,0,2
v3_how_does_bilingualism_improve_executive_,rpp.22,2017,2017,1,1,1,0,0.375,0.5,0.25,0,2008,2008,0,0,1
v3_how_does_bilingualism_improve_executive_,rpp.22,2017,2017,1,1,1,0,0.375,0.5,0.25,1,2008,2008,0,0,3
v3_how_does_bilingualism_improve_executive_,rpp.22,2017,2017,1,1,1,0,0.5,0.5,0.5,0,2008,2008,0,0,3
v3_how_does_bilingualism_improve_executive_,rpp.22,2017,2017,1,1,1,0,0.5,0.5,0.5,1,2008,2008,0,0,2
v3_how_does_bilingualism_improve_executive_,rpp.22,2017,2017,1,1,1,0,0.75,1,0.5,0,2008,2008,0,0,1
v3_how_does_bilingualism_improve_executive_,rpp.22,2017,2017,1,1,1,0,0.875,1,0.75,0,2008,2008,0,0,1
v3_how_does_bilingualism_improve_executive_,rpp.22,2018,2018,1,1,0,0,,,,0,2008,2008,0,0,4
v3_how_does_bilingualism_improve_executive_,rpp.22,2018,2018,1,1,0,0,,,,1,2008,2008,0,0,15
v3_how_does_bilingualism_improve_executive_,rpp.22,2018,2018,1,1,1,0,0.0,0,0.0,1,2008,2008,0,0,1
v3_how_does_bilingualism_improve_executive_,rpp.22,2018,2018,1,1,1,0,0.125,0,0.25,0,2008,2008,0,0,1
v3_how_does_bilingualism_improve_executive_,rpp.22,2018,2018,1,1,1,0,0.25,0.25,0.25,0,2008,2008,0,0,4
v3_how_does_bilingualism_improve_executive_,rpp.22,2018,2018,1,1,1,0,0.375,0.25,0.5,1,2008,2008,0,0,1
v3_how_does_bilingualism_improve_executive_,rpp.22,2018,2018,1,1,1,0,0.375,0.5,0.25,0,2008,2008,0,0,1
v3_how_does_bilingualism_improve_executive_,rpp.22,2018,2018,1,1,1,0,0.375,0.5,0.25,1,2008,2008,0,0,1
v3_how_does_bilingualism_improve_executive_,rpp.22,2018,2018,1,1,1,0,0.5,0.5,0.5,1,2008,2008,0,0,6
v3_how_does_bilingualism_improve_executive_,rpp.22,2018,2018,1,1,1,0,0.625,0.5,0.75,0,2008,2008,0,0,2
v3_how_does_bilingualism_improve_executive_,rpp.22,2018,2018,1,1,1,0,0.625,0.75,0.5,0,2008,2008,0,0,1
v3_how_does_bilingualism_improve_executive_,rpp.22,2019,2019,1,1,0,0,,,,0,2008,2008,0,0,1
v3_how_does_bilingualism_improve_executive_,rpp.22,2019,2019,1,1,0,0,,,,1,2008,2008,0,0,1
v3_how_does_bilingualism_improve_executive_,rpp.22,2019,2019,1,1,1,0,0.25,0.25,0.25,0,2008,2008,0,0,1
v3_how_does_bilingualism_improve_executive_,rpp.22,2019,2019,1,1,1,0,0.25,0.25,0.25,1,2008,2008,0,0,3
v3_how_does_bilingualism_improve_executive_,rpp.22,2019,2019,1,1,1,0,0.375,0.25,0.5,0,2008,2008,0,0,1
v3_how_does_bilingualism_improve_executive_,rpp.22,2019,2019,1,1,1,0,0.375,0.5,0.25,0,2008,2008,0,0,1
v3_how_does_bilingualism_improve_executive_,rpp.22,2019,2019,1,1,1,0,0.5,0.5,0.5,1,2008,2008,0,0,2
v3_how_does_bilingualism_improve_executive_,rpp.22,2020,2020,1,1,0,0,,,,1,2008,2008,0,0,1
v3_how_does_bilingualism_improve_executive_,rpp.22,2020,2020,1,1,1,0,0.25,0.25,0.25,0,2008,2008,0,0,1
v3_how_does_bilingualism_improve_executive_,rpp.22,2020,2020,1,1,1,0,0.25,0.25,0.25,1,2008,2008,0,0,2
v3_how_does_bilingualism_improve_executive_,rpp.22,2020,2020,1,1,1,0,0.5,0.5,0.5,1,2008,2008,0,0,2
v3_how_does_bilingualism_improve_executive_,rpp.22,2021,2021,1,1,0,0,,,,1,2008,2008,0,0,1
v3_how_does_bilingualism_improve_executive_,rpp.22,2021,2021,1,1,1,0,0.25,0.25,0.25,1,2008,2008,0,0,1
v3_how_does_bilingualism_improve_executive_,rpp.22,2021,2021,1,1,1,0,0.375,0.5,0.25,0,2008,2008,0,0,1
v3_how_does_bilingualism_improve_executive_,rpp.22,2022,2022,1,1,0,0,,,,0,2008,2008,0,0,1
v3_how_does_bilingualism_improve_executive_,rpp.22,2022,2022,1,1,0,0,,,,1,2008,2008,0,0,1
v3_how_does_bilingualism_improve_executive_,rpp.22,2022,2022,1,1,1,0,0.25,0.25,0.25,0,2008,2008,0,0,1
v3_how_does_bilingualism_improve_executive_,rpp.22,2022,2022,1,1,1,0,0.375,0.25,0.5,1,2008,2008,0,0,1
v3_how_does_bilingualism_improve_executive_,rpp.22,2022,2022,1,1,1,0,0.5,0.5,0.5,1,2008,2008,0,0,3
v3_how_does_bilingualism_improve_executive_,rpp.22,2024,2024,1,1,1,0,0.125,0,0.25,1,2008,2008,0,0,1
v3_how_does_bilingualism_improve_executive_,rpp.22,2024,2024,1,1,1,0,0.75,0.75,0.75,0,2008,2008,0,0,1
v3_how_does_bilingualism_improve_executive_,rpp.22,2025,2025,1,1,1,0,0.375,0.5,0.25,1,2008,2008,0,0,1
v3_how_does_bilingualism_improve_executive_,rpp.22,2025,2025,1,1,1,0,0.5,0.5,0.5,1,2008,2008,0,0,2
v3_how_does_bilingualism_improve_executive_,rpp.22,2025,2025,1,1,1,0,0.75,0.75,0.75,1,2008,2008,0,0,1
v3_how_does_bilingualism_improve_executive_,rpp.22,2025,2025,1,1,1,0,0.875,0.75,1.0,1,2008,2008,0,0,1
v3_how_does_bilingualism_improve_executive_,rpp.22,2026,2026,1,1,1,0,0.625,0.5,0.75,0,2008,2008,0,0,1
v3_how_the_head_liberates_the_heart_project,rpp.59,2009,2009,1,1,1,0,0.5,0.5,0.5,1,2008,2008,0,0,1
v3_how_the_head_liberates_the_heart_project,rpp.59,2009,2010,2,2,1,0,0.625,0.5,0.75,1,2008,2008,0,0,1
v3_how_the_head_liberates_the_heart_project,rpp.59,2010,2010,1,1,0,0,,,,1,2008,2008,0,0,1
v3_how_the_head_liberates_the_heart_project,rpp.59,2011,2011,1,1,0,0,,,,1,2008,2008,0,0,1
v3_how_the_head_liberates_the_heart_project,rpp.59,2011,2011,1,1,1,0,0.125,0,0.25,0,2008,2008,0,0,1
v3_how_the_head_liberates_the_heart_project,rpp.59,2011,2011,1,1,1,0,0.25,0.25,0.25,1,2008,2008,0,0,1
v3_how_the_head_liberates_the_heart_project,rpp.59,2011,2011,1,1,1,0,0.5,0.5,0.5,1,2008,2008,0,0,1
v3_how_the_head_liberates_the_heart_project,rpp.59,2011,2011,1,1,1,0,0.75,0.5,1.0,1,2008,2008,0,0,1
v3_how_the_head_liberates_the_heart_project,rpp.59,2011,2011,1,1,1,0,0.75,0.75,0.75,1,2008,2008,0,0,1
v3_how_the_head_liberates_the_heart_project,rpp.59,2012,2012,1,1,0,0,,,,0,2008,2008,0,0,2
v3_how_the_head_liberates_the_heart_project,rpp.59,2012,2012,1,1,0,0,,,,1,2008,2008,0,0,4
v3_how_the_head_liberates_the_heart_project,rpp.59,2012,2012,1,1,1,0,0.25,0.25,0.25,1,2008,2008,0,0,2
v3_how_the_head_liberates_the_heart_project,rpp.59,2012,2012,1,1,1,0,0.375,0.25,0.5,0,2008,2008,0,0,1
v3_how_the_head_liberates_the_heart_project,rpp.59,2012,2012,1,1,1,0,0.375,0.5,0.25,1,2008,2008,0,0,1
v3_how_the_head_liberates_the_heart_project,rpp.59,2012,2012,1,1,1,0,0.5,0.5,0.5,0,2008,2008,0,0,1
v3_how_the_head_liberates_the_heart_project,rpp.59,2012,2012,1,1,1,0,0.5,0.5,0.5,1,2008,2008,0,0,2
v3_how_the_head_liberates_the_heart_project,rpp.59,2012,2012,1,1,1,0,0.625,0.5,0.75,0,2008,2008,0,0,1
v3_how_the_head_liberates_the_heart_project,rpp.59,2012,2012,1,1,1,0,0.625,0.5,0.75,1,2008,2008,0,0,1
v3_how_the_head_liberates_the_heart_project,rpp.59,2012,2012,1,1,1,0,0.625,0.75,0.5,0,2008,2008,0,0,1
v3_how_the_head_liberates_the_heart_project,rpp.59,2013,2013,1,1,0,0,,,,1,2008,2008,0,0,1
v3_how_the_head_liberates_the_heart_project,rpp.59,2013,2013,1,1,1,0,0.25,0.25,0.25,1,2008,2008,0,0,1
v3_how_the_head_liberates_the_heart_project,rpp.59,2013,2013,1,1,1,0,0.5,0.5,0.5,0,2008,2008,0,0,2
v3_how_the_head_liberates_the_heart_project,rpp.59,2013,2013,1,1,1,0,0.5,0.5,0.5,1,2008,2008,0,0,1
v3_how_the_head_liberates_the_heart_project,rpp.59,2013,2013,1,1,1,0,0.625,0.75,0.5,0,2008,2008,0,0,1
v3_how_the_head_liberates_the_heart_project,rpp.59,2013,2013,1,1,1,0,0.625,0.75,0.5,1,2008,2008,0,0,1
v3_how_the_head_liberates_the_heart_project,rpp.59,2013,2013,1,1,1,0,0.75,0.75,0.75,0,2008,2008,0,0,1
v3_how_the_head_liberates_the_heart_project,rpp.59,2013,2013,1,1,1,0,0.75,0.75,0.75,1,2008,2008,0,0,1
v3_how_the_head_liberates_the_heart_project,rpp.59,2013,2013,1,1,1,0,1.0,1,1.0,1,2008,2008,0,0,1
v3_how_the_head_liberates_the_heart_project,rpp.59,2014,2014,1,1,0,0,,,,0,2008,2008,0,0,2
v3_how_the_head_liberates_the_heart_project,rpp.59,2014,2014,1,1,1,0,0.375,0.25,0.5,1,2008,2008,0,0,1
v3_how_the_head_liberates_the_heart_project,rpp.59,2014,2014,1,1,1,0,0.5,0.5,0.5,0,2008,2008,0,0,1
v3_how_the_head_liberates_the_heart_project,rpp.59,2014,2014,1,1,1,0,0.5,0.5,0.5,1,2008,2008,0,0,1
v3_how_the_head_liberates_the_heart_project,rpp.59,2014,2014,1,1,1,0,0.625,0.75,0.5,1,2008,2008,0,0,1
v3_how_the_head_liberates_the_heart_project,rpp.59,2014,2014,1,1,1,0,0.875,1,0.75,1,2008,2008,0,0,1
v3_how_the_head_liberates_the_heart_project,rpp.59,2015,2015,1,1,0,0,,,,0,2008,2008,0,0,3
v3_how_the_head_liberates_the_heart_project,rpp.59,2015,2015,1,1,0,0,,,,1,2008,2008,0,0,1
v3_how_the_head_liberates_the_heart_project,rpp.59,2015,2015,1,1,1,0,0.25,0.25,0.25,1,2008,2008,0,0,1
v3_how_the_head_liberates_the_heart_project,rpp.59,2015,2015,1,1,1,0,0.375,0.25,0.5,0,2008,2008,0,0,1
v3_how_the_head_liberates_the_heart_project,rpp.59,2015,2015,1,1,1,0,0.375,0.25,0.5,1,2008,2008,0,0,1
v3_how_the_head_liberates_the_heart_project,rpp.59,2015,2015,1,1,1,0,0.5,0.5,0.5,0,2008,2008,0,0,3
v3_how_the_head_liberates_the_heart_project,rpp.59,2015,2015,1,1,1,0,0.5,0.5,0.5,1,2008,2008,0,0,2
v3_how_the_head_liberates_the_heart_project,rpp.59,2015,2015,1,1,1,0,0.625,0.5,0.75,1,2008,2008,0,0,1
v3_how_the_head_liberates_the_heart_project,rpp.59,2015,2015,1,1,1,0,0.75,0.75,0.75,1,2008,2008,0,0,2
v3_how_the_head_liberates_the_heart_project,rpp.59,2015,2015,1,1,1,0,1.0,1,1.0,1,2008,2008,0,0,1
v3_how_the_head_liberates_the_heart_project,rpp.59,2016,2016,1,1,0,0,,,,1,2008,2008,0,0,1
v3_how_the_head_liberates_the_heart_project,rpp.59,2016,2016,1,1,1,0,0.25,0,0.5,1,2008,2008,0,0,1
v3_how_the_head_liberates_the_heart_project,rpp.59,2016,2016,1,1,1,0,0.25,0.25,0.25,0,2008,2008,0,0,1
v3_how_the_head_liberates_the_heart_project,rpp.59,2016,2016,1,1,1,0,0.625,0.5,0.75,1,2008,2008,0,0,1
v3_how_the_head_liberates_the_heart_project,rpp.59,2017,2017,1,1,0,0,,,,0,2008,2008,0,0,1
v3_how_the_head_liberates_the_heart_project,rpp.59,2017,2017,1,1,0,0,,,,1,2008,2008,0,0,1
v3_how_the_head_liberates_the_heart_project,rpp.59,2017,2017,1,1,1,0,0.25,0.25,0.25,1,2008,2008,0,0,1
v3_how_the_head_liberates_the_heart_project,rpp.59,2017,2017,1,1,1,0,0.5,0.5,0.5,0,2008,2008,0,0,3
v3_how_the_head_liberates_the_heart_project,rpp.59,2017,2017,1,1,1,0,0.75,0.75,0.75,1,2008,2008,0,0,1
v3_how_the_head_liberates_the_heart_project,rpp.59,2017,2017,1,1,1,0,0.875,0.75,1.0,1,2008,2008,0,0,1
v3_how_the_head_liberates_the_heart_project,rpp.59,2018,2018,1,1,1,0,0.125,0,0.25,1,2008,2008,0,0,1
v3_how_the_head_liberates_the_heart_project,rpp.59,2018,2018,1,1,1,0,0.25,0.25,0.25,1,2008,2008,0,0,3
v3_how_the_head_liberates_the_heart_project,rpp.59,2018,2018,1,1,1,0,0.375,0.25,0.5,0,2008,2008,0,0,1
v3_how_the_head_liberates_the_heart_project,rpp.59,2018,2018,1,1,1,0,0.5,0.25,0.75,0,2008,2008,0,0,1
v3_how_the_head_liberates_the_heart_project,rpp.59,2018,2018,1,1,1,0,0.5,0.5,0.5,1,2008,2008,0,0,1
v3_how_the_head_liberates_the_heart_project,rpp.59,2018,2018,1,1,1,0,0.625,0.5,0.75,0,2008,2008,0,0,1
v3_how_the_head_liberates_the_heart_project,rpp.59,2018,2018,1,1,1,0,0.75,0.75,0.75,1,2008,2008,0,0,2
v3_how_the_head_liberates_the_heart_project,rpp.59,2018,2018,1,1,1,0,1.0,1,1.0,0,2008,2008,0,0,1
v3_how_the_head_liberates_the_heart_project,rpp.59,2019,2019,1,1,0,0,,,,0,2008,2008,0,0,1
v3_how_the_head_liberates_the_heart_project,rpp.59,2019,2019,1,1,0,0,,,,1,2008,2008,0,0,1
v3_how_the_head_liberates_the_heart_project,rpp.59,2019,2019,1,1,1,0,0.375,0.25,0.5,1,2008,2008,0,0,1
v3_how_the_head_liberates_the_heart_project,rpp.59,2019,2019,1,1,1,0,0.5,0.5,0.5,0,2008,2008,0,0,1
v3_how_the_head_liberates_the_heart_project,rpp.59,2019,2019,1,1,1,0,0.625,0.5,0.75,0,2008,2008,0,0,1
v3_how_the_head_liberates_the_heart_project,rpp.59,2019,2019,1,1,1,0,0.625,0.75,0.5,1,2008,2008,0,0,1
v3_how_the_head_liberates_the_heart_project,rpp.59,2020,2020,1,1,0,0,,,,0,2008,2008,0,0,1
v3_how_the_head_liberates_the_heart_project,rpp.59,2020,2020,1,1,1,0,0.5,0.5,0.5,1,2008,2008,0,0,2
v3_how_the_head_liberates_the_heart_project,rpp.59,2020,2020,1,1,1,0,0.625,0.75,0.5,1,2008,2008,0,0,2
v3_how_the_head_liberates_the_heart_project,rpp.59,2021,2021,1,1,0,0,,,,0,2008,2008,0,0,1
v3_how_the_head_liberates_the_heart_project,rpp.59,2021,2021,1,1,1,0,0.5,0.25,0.75,1,2008,2008,0,0,1
v3_how_the_head_liberates_the_heart_project,rpp.59,2021,2021,1,1,1,0,0.5,0.5,0.5,1,2008,2008,0,0,1
v3_how_the_head_liberates_the_heart_project,rpp.59,2022,2022,1,1,1,0,0.0,0,0.0,1,2008,2008,0,0,1
v3_how_the_head_liberates_the_heart_project,rpp.59,2022,2022,1,1,1,0,0.125,0,0.25,1,2008,2008,0,0,1
v3_how_the_head_liberates_the_heart_project,rpp.59,2022,2022,1,1,1,0,0.125,0.25,0.0,1,2008,2008,0,0,1
v3_how_the_head_liberates_the_heart_project,rpp.59,2022,2022,1,1,1,0,0.875,0.75,1.0,0,2008,2008,0,0,1
v3_how_the_head_liberates_the_heart_project,rpp.59,2023,2023,1,1,0,0,,,,1,2008,2008,0,0,1
v3_how_the_head_liberates_the_heart_project,rpp.59,2023,2023,1,1,1,0,0.375,0.25,0.5,0,2008,2008,0,0,2
v3_how_the_head_liberates_the_heart_project,rpp.59,2023,2023,1,1,1,0,0.625,0.75,0.5,0,2008,2008,0,0,1
v3_how_the_head_liberates_the_heart_project,rpp.59,2023,2023,1,1,1,0,0.75,0.75,0.75,1,2008,2008,0,0,1
v3_how_the_head_liberates_the_heart_project,rpp.59,2024,2024,1,1,1,0,0.0,0,0.0,0,2008,2008,0,0,1
v3_how_the_head_liberates_the_heart_project,rpp.59,2024,2024,1,1,1,0,0.125,0.25,0.0,0,2008,2008,0,0,1
v3_how_the_head_liberates_the_heart_project,rpp.59,2024,2024,1,1,1,0,0.375,0.25,0.5,0,2008,2008,0,0,1
v3_how_the_head_liberates_the_heart_project,rpp.59,2024,2024,1,1,1,0,0.625,0.5,0.75,1,2008,2008,0,0,1
v3_how_the_head_liberates_the_heart_project,rpp.59,2024,2024,1,1,1,0,0.875,0.75,1.0,1,2008,2008,0,0,1
v3_how_the_head_liberates_the_heart_project,rpp.59,2025,2025,1,1,1,0,0.0,0,0.0,1,2008,2008,0,0,1
v3_how_the_head_liberates_the_heart_project,rpp.59,2025,2025,1,1,1,0,0.125,0,0.25,1,2008,2008,0,0,1
v3_how_the_head_liberates_the_heart_project,rpp.59,2025,2025,1,1,1,0,0.5,0.5,0.5,0,2008,2008,0,0,1
v3_how_the_head_liberates_the_heart_project,rpp.59,2025,2025,1,1,1,0,0.625,0.5,0.75,1,2008,2008,0,0,1
v3_how_the_head_liberates_the_heart_project,rpp.59,2025,2025,1,1,1,0,0.625,0.75,0.5,1,2008,2008,0,0,1
v3_how_the_head_liberates_the_heart_project,rpp.59,2025,2025,1,1,1,0,0.75,1,0.5,1,2008,2008,0,0,1
v3_how_the_head_liberates_the_heart_project,rpp.59,2026,2026,1,1,1,0,0.625,0.5,0.75,0,2008,2008,0,0,1
v3_how_to_say_no_single_and_dual_process_th,rpp.19,2009,2009,1,1,0,0,,,,1,2008,2008,0,0,1
v3_how_to_say_no_single_and_dual_process_th,rpp.19,2009,2009,1,1,1,0,0.5,0.5,0.5,1,2008,2008,0,0,1
v3_how_to_say_no_single_and_dual_process_th,rpp.19,2009,2009,1,1,1,0,0.875,0.75,1.0,1,2008,2008,0,0,1
v3_how_to_say_no_single_and_dual_process_th,rpp.19,2009,2017,2,2,0,0,,,,1,2008,2008,0,0,1
v3_how_to_say_no_single_and_dual_process_th,rpp.19,2011,2011,1,1,0,0,,,,1,2008,2008,0,0,1
v3_how_to_say_no_single_and_dual_process_th,rpp.19,2013,2013,1,1,0,0,,,,0,2008,2008,0,0,1
v3_how_to_say_no_single_and_dual_process_th,rpp.19,2013,2013,1,1,0,0,,,,1,2008,2008,0,0,1
v3_how_to_say_no_single_and_dual_process_th,rpp.19,2013,2013,1,1,1,0,0.375,0.25,0.5,1,2008,2008,0,0,1
v3_how_to_say_no_single_and_dual_process_th,rpp.19,2014,2014,1,1,0,0,,,,0,2008,2008,0,0,2
v3_how_to_say_no_single_and_dual_process_th,rpp.19,2014,2014,1,1,0,0,,,,1,2008,2008,0,0,3
v3_how_to_say_no_single_and_dual_process_th,rpp.19,2014,2014,1,1,1,0,0.125,0,0.25,0,2008,2008,0,0,1
v3_how_to_say_no_single_and_dual_process_th,rpp.19,2014,2014,1,1,1,0,0.25,0.25,0.25,1,2008,2008,0,0,1
v3_how_to_say_no_single_and_dual_process_th,rpp.19,2014,2014,1,1,1,0,0.375,0.25,0.5,1,2008,2008,0,0,1
v3_how_to_say_no_single_and_dual_process_th,rpp.19,2014,2014,1,1,1,0,0.5,0.5,0.5,0,2008,2008,0,0,1
v3_how_to_say_no_single_and_dual_process_th,rpp.19,2014,2014,1,1,1,0,0.5,0.5,0.5,1,2008,2008,0,0,2
v3_how_to_say_no_single_and_dual_process_th,rpp.19,2014,2014,1,1,1,0,0.625,0.5,0.75,0,2008,2008,0,0,1
v3_how_to_say_no_single_and_dual_process_th,rpp.19,2014,2014,1,1,1,0,1.0,1,1.0,1,2008,2008,0,0,1
v3_how_to_say_no_single_and_dual_process_th,rpp.19,2015,2015,1,1,0,0,,,,0,2008,2008,0,0,1
v3_how_to_say_no_single_and_dual_process_th,rpp.19,2015,2015,1,1,0,0,,,,1,2008,2008,0,0,1
v3_how_to_say_no_single_and_dual_process_th,rpp.19,2016,2016,1,1,0,0,,,,1,2008,2008,0,0,1
v3_how_to_say_no_single_and_dual_process_th,rpp.19,2016,2016,1,1,1,0,0.125,0,0.25,1,2008,2008,0,0,1
v3_how_to_say_no_single_and_dual_process_th,rpp.19,2017,2017,1,1,0,0,,,,0,2008,2008,0,0,1
v3_how_to_say_no_single_and_dual_process_th,rpp.19,2017,2017,1,1,0,0,,,,1,2008,2008,0,0,9
v3_how_to_say_no_single_and_dual_process_th,rpp.19,2017,2017,1,1,1,0,0.25,0.25,0.25,1,2008,2008,0,0,1
v3_how_to_say_no_single_and_dual_process_th,rpp.19,2017,2017,1,1,1,0,0.5,0.5,0.5,1,2008,2008,0,0,2
v3_how_to_say_no_single_and_dual_process_th,rpp.19,2018,2018,1,1,0,0,,,,0,2008,2008,0,0,3
v3_how_to_say_no_single_and_dual_process_th,rpp.19,2018,2018,1,1,0,0,,,,1,2008,2008,0,0,3
v3_how_to_say_no_single_and_dual_process_th,rpp.19,2018,2018,1,1,1,0,0.25,0.25,0.25,1,2008,2008,0,0,1
v3_how_to_say_no_single_and_dual_process_th,rpp.19,2018,2018,1,1,1,0,0.625,0.5,0.75,1,2008,2008,0,0,1
v3_how_to_say_no_single_and_dual_process_th,rpp.19,2018,2018,1,1,1,0,0.75,0.75,0.75,1,2008,2008,0,0,1
v3_how_to_say_no_single_and_dual_process_th,rpp.19,2019,2019,1,1,0,0,,,,0,2008,2008,0,0,2
v3_how_to_say_no_single_and_dual_process_th,rpp.19,2019,2019,1,1,0,0,,,,1,2008,2008,0,0,10
v3_how_to_say_no_single_and_dual_process_th,rpp.19,2019,2019,1,1,1,0,0.25,0.25,0.25,1,2008,2008,0,0,2
v3_how_to_say_no_single_and_dual_process_th,rpp.19,2019,2019,1,1,1,0,0.5,0.5,0.5,1,2008,2008,0,0,1
v3_how_to_say_no_single_and_dual_process_th,rpp.19,2019,2019,1,1,1,0,0.75,0.75,0.75,1,2008,2008,0,0,1
v3_how_to_say_no_single_and_dual_process_th,rpp.19,2020,2020,1,1,0,0,,,,0,2008,2008,0,0,1
v3_how_to_say_no_single_and_dual_process_th,rpp.19,2020,2020,1,1,0,0,,,,1,2008,2008,0,0,1
v3_how_to_say_no_single_and_dual_process_th,rpp.19,2020,2020,1,1,1,0,0.5,0.25,0.75,0,2008,2008,0,0,1
v3_imperfect_public_monitoring_with_costly_,ee.2,2013,2013,1,1,0,0,,,,0,2012,2012,0,0,1
v3_imperfect_public_monitoring_with_costly_,ee.2,2013,2013,1,1,0,0,,,,1,2012,2012,0,0,10
v3_imperfect_public_monitoring_with_costly_,ee.2,2013,2013,1,1,1,0,0.25,0.25,0.25,1,2012,2012,0,0,2
v3_imperfect_public_monitoring_with_costly_,ee.2,2013,2013,1,1,1,0,0.5,0.5,0.5,1,2012,2012,0,0,3
v3_imperfect_public_monitoring_with_costly_,ee.2,2013,2013,1,1,1,0,0.625,0.5,0.75,1,2012,2012,0,0,2
v3_imperfect_public_monitoring_with_costly_,ee.2,2013,2013,1,1,1,0,0.75,0.75,0.75,1,2012,2012,0,0,1
v3_imperfect_public_monitoring_with_costly_,ee.2,2014,2014,1,1,0,0,,,,0,2012,2012,0,0,2
v3_imperfect_public_monitoring_with_costly_,ee.2,2014,2014,1,1,0,0,,,,1,2012,2012,0,0,5
v3_imperfect_public_monitoring_with_costly_,ee.2,2014,2014,1,1,1,0,0.375,0.25,0.5,1,2012,2012,0,0,2
v3_imperfect_public_monitoring_with_costly_,ee.2,2014,2014,1,1,1,0,0.375,0.5,0.25,0,2012,2012,0,0,1
v3_imperfect_public_monitoring_with_costly_,ee.2,2014,2014,1,1,1,0,0.5,0.5,0.5,1,2012,2012,0,0,1
v3_imperfect_public_monitoring_with_costly_,ee.2,2014,2014,1,1,1,0,0.75,0.75,0.75,1,2012,2012,0,0,2
v3_imperfect_public_monitoring_with_costly_,ee.2,2014,2017,2,2,0,0,,,,1,2012,2012,0,0,1
v3_imperfect_public_monitoring_with_costly_,ee.2,2014,2017,2,2,1,0,0.5,0.5,0.5,1,2012,2012,0,0,1
v3_imperfect_public_monitoring_with_costly_,ee.2,2015,2015,1,1,0,0,,,,0,2012,2012,0,0,2
v3_imperfect_public_monitoring_with_costly_,ee.2,2015,2015,1,1,0,0,,,,1,2012,2012,0,0,4
v3_imperfect_public_monitoring_with_costly_,ee.2,2015,2015,1,1,1,0,0.125,0,0.25,1,2012,2012,0,0,1
v3_imperfect_public_monitoring_with_costly_,ee.2,2015,2015,1,1,1,0,0.25,0.25,0.25,0,2012,2012,0,0,1
v3_imperfect_public_monitoring_with_costly_,ee.2,2015,2015,1,1,1,0,0.25,0.25,0.25,1,2012,2012,0,0,1
v3_imperfect_public_monitoring_with_costly_,ee.2,2015,2015,1,1,1,0,0.375,0.5,0.25,0,2012,2012,0,0,1
v3_imperfect_public_monitoring_with_costly_,ee.2,2015,2015,1,1,1,0,0.5,0.5,0.5,0,2012,2012,0,0,1
v3_imperfect_public_monitoring_with_costly_,ee.2,2015,2015,1,1,1,0,0.5,0.5,0.5,1,2012,2012,0,0,2
v3_imperfect_public_monitoring_with_costly_,ee.2,2015,2015,1,1,1,0,1.0,1,1.0,1,2012,2012,0,0,1
v3_imperfect_public_monitoring_with_costly_,ee.2,2015,2019,2,2,1,0,0.5,0.5,0.5,0,2012,2012,0,0,1
v3_imperfect_public_monitoring_with_costly_,ee.2,2015,2019,2,2,1,0,0.5,0.5,0.5,1,2012,2012,0,0,1
v3_imperfect_public_monitoring_with_costly_,ee.2,2016,2016,1,1,0,0,,,,0,2012,2012,0,0,3
v3_imperfect_public_monitoring_with_costly_,ee.2,2016,2016,1,1,0,0,,,,1,2012,2012,0,0,1
v3_imperfect_public_monitoring_with_costly_,ee.2,2016,2016,1,1,1,0,0.25,0.25,0.25,1,2012,2012,0,0,1
v3_imperfect_public_monitoring_with_costly_,ee.2,2016,2016,1,1,1,0,0.5,0.25,0.75,1,2012,2012,0,0,1
v3_imperfect_public_monitoring_with_costly_,ee.2,2016,2016,1,1,1,0,0.5,0.5,0.5,1,2012,2012,0,0,2
v3_imperfect_public_monitoring_with_costly_,ee.2,2017,2017,1,1,0,0,,,,0,2012,2012,0,0,5
v3_imperfect_public_monitoring_with_costly_,ee.2,2017,2017,1,1,0,0,,,,1,2012,2012,0,0,5
v3_imperfect_public_monitoring_with_costly_,ee.2,2017,2017,1,1,1,0,0.125,0,0.25,1,2012,2012,0,0,1
v3_imperfect_public_monitoring_with_costly_,ee.2,2017,2017,1,1,1,0,0.125,0.25,0.0,1,2012,2012,0,0,1
v3_imperfect_public_monitoring_with_costly_,ee.2,2017,2017,1,1,1,0,0.25,0.25,0.25,1,2012,2012,0,0,2
v3_imperfect_public_monitoring_with_costly_,ee.2,2017,2017,1,1,1,0,0.5,0.5,0.5,0,2012,2012,0,0,1
v3_imperfect_public_monitoring_with_costly_,ee.2,2017,2017,1,1,1,0,0.5,0.5,0.5,1,2012,2012,0,0,1
v3_imperfect_public_monitoring_with_costly_,ee.2,2017,2017,1,1,1,0,0.625,0.5,0.75,1,2012,2012,0,0,1
v3_imperfect_public_monitoring_with_costly_,ee.2,2017,2017,1,1,1,0,0.625,0.75,0.5,0,2012,2012,0,0,1
v3_imperfect_public_monitoring_with_costly_,ee.2,2017,2017,1,1,1,0,0.75,0.75,0.75,0,2012,2012,0,0,1
v3_imperfect_public_monitoring_with_costly_,ee.2,2018,2018,1,1,0,0,,,,0,2012,2012,0,0,4
v3_imperfect_public_monitoring_with_costly_,ee.2,2018,2018,1,1,0,0,,,,1,2012,2012,0,0,9
v3_imperfect_public_monitoring_with_costly_,ee.2,2018,2018,1,1,1,0,0.0,0,0.0,1,2012,2012,0,0,1
v3_imperfect_public_monitoring_with_costly_,ee.2,2018,2018,1,1,1,0,0.125,0.25,0.0,1,2012,2012,0,0,1
v3_imperfect_public_monitoring_with_costly_,ee.2,2018,2018,1,1,1,0,0.25,0.25,0.25,1,2012,2012,0,0,1
v3_imperfect_public_monitoring_with_costly_,ee.2,2018,2018,1,1,1,0,0.375,0.25,0.5,1,2012,2012,0,0,1
v3_imperfect_public_monitoring_with_costly_,ee.2,2018,2018,1,1,1,0,0.5,0.5,0.5,0,2012,2012,0,0,1
v3_imperfect_public_monitoring_with_costly_,ee.2,2018,2018,1,1,1,0,0.5,0.5,0.5,1,2012,2012,0,0,3
v3_imperfect_public_monitoring_with_costly_,ee.2,2018,2018,1,1,1,0,0.625,0.5,0.75,0,2012,2012,0,0,1
v3_imperfect_public_monitoring_with_costly_,ee.2,2018,2018,1,1,1,0,0.625,0.75,0.5,0,2012,2012,0,0,2
v3_imperfect_public_monitoring_with_costly_,ee.2,2018,2018,1,1,1,0,0.875,0.75,1.0,1,2012,2012,0,0,1
v3_imperfect_public_monitoring_with_costly_,ee.2,2018,2018,1,1,1,0,0.875,1,0.75,1,2012,2012,0,0,1
v3_imperfect_public_monitoring_with_costly_,ee.2,2019,2019,1,1,0,0,,,,0,2012,2012,0,0,4
v3_imperfect_public_monitoring_with_costly_,ee.2,2019,2019,1,1,0,0,,,,1,2012,2012,0,0,1
v3_imperfect_public_monitoring_with_costly_,ee.2,2019,2019,1,1,1,0,0.25,0.25,0.25,0,2012,2012,0,0,1
v3_imperfect_public_monitoring_with_costly_,ee.2,2019,2019,1,1,1,0,0.375,0.25,0.5,0,2012,2012,0,0,1
v3_imperfect_public_monitoring_with_costly_,ee.2,2019,2019,1,1,1,0,0.375,0.5,0.25,0,2012,2012,0,0,1
v3_imperfect_public_monitoring_with_costly_,ee.2,2019,2019,1,1,1,0,0.5,0.5,0.5,0,2012,2012,0,0,2
v3_imperfect_public_monitoring_with_costly_,ee.2,2019,2019,1,1,1,0,0.625,0.5,0.75,0,2012,2012,0,0,2
v3_imperfect_public_monitoring_with_costly_,ee.2,2019,2019,1,1,1,0,0.625,0.5,0.75,1,2012,2012,0,0,1
v3_imperfect_public_monitoring_with_costly_,ee.2,2019,2019,1,1,1,0,0.625,0.75,0.5,0,2012,2012,0,0,1
v3_imperfect_public_monitoring_with_costly_,ee.2,2019,2019,1,1,1,0,0.75,0.75,0.75,1,2012,2012,0,0,1
v3_imperfect_public_monitoring_with_costly_,ee.2,2019,2019,1,1,1,0,1.0,1,1.0,1,2012,2012,0,0,1
v3_imperfect_public_monitoring_with_costly_,ee.2,2019,2022,2,2,0,0,,,,1,2012,2012,0,0,1
v3_imperfect_public_monitoring_with_costly_,ee.2,2019,2022,2,2,1,0,0.5,0.5,0.5,0,2012,2012,0,0,1
v3_imperfect_public_monitoring_with_costly_,ee.2,2019,2022,2,2,1,0,0.75,0.75,0.75,1,2012,2012,0,0,1
v3_imperfect_public_monitoring_with_costly_,ee.2,2020,2020,1,1,0,0,,,,0,2012,2012,0,0,1
v3_imperfect_public_monitoring_with_costly_,ee.2,2021,2021,1,1,0,0,,,,1,2012,2012,0,0,1
v3_imperfect_public_monitoring_with_costly_,ee.2,2021,2021,1,1,1,0,1.0,1,1.0,0,2012,2012,0,0,1
v3_imperfect_public_monitoring_with_costly_,ee.2,2022,2022,1,1,0,0,,,,0,2012,2012,0,0,2
v3_imperfect_public_monitoring_with_costly_,ee.2,2022,2022,1,1,0,0,,,,1,2012,2012,0,0,6
v3_imperfect_public_monitoring_with_costly_,ee.2,2022,2022,1,1,1,0,0.5,0.5,0.5,1,2012,2012,0,0,2
v3_imperfect_public_monitoring_with_costly_,ee.2,2022,2022,1,1,1,0,0.625,0.5,0.75,1,2012,2012,0,0,2
v3_imperfect_public_monitoring_with_costly_,ee.2,2023,2023,1,1,0,0,,,,1,2012,2012,0,0,5
v3_imperfect_public_monitoring_with_costly_,ee.2,2023,2023,1,1,1,0,0.5,0.5,0.5,1,2012,2012,0,0,2
v3_imperfect_public_monitoring_with_costly_,ee.2,2023,2023,1,1,1,0,0.625,0.5,0.75,1,2012,2012,0,0,1
v3_imperfect_public_monitoring_with_costly_,ee.2,2023,2023,1,1,1,0,0.875,1,0.75,1,2012,2012,0,0,1
v3_imperfect_public_monitoring_with_costly_,ee.2,2024,2024,1,1,0,0,,,,0,2012,2012,0,0,2
v3_imperfect_public_monitoring_with_costly_,ee.2,2024,2024,1,1,0,0,,,,1,2012,2012,0,0,1
v3_imperfect_public_monitoring_with_costly_,ee.2,2026,2026,1,1,1,0,0.0,0,0.0,1,2012,2012,0,0,1
v3_increasing_and_decreasing_motor_and_cogn,rpp.49,2009,2009,1,1,0,0,,,,0,2008,2008,0,0,1
v3_increasing_and_decreasing_motor_and_cogn,rpp.49,2009,2009,1,1,0,0,,,,1,2008,2008,0,0,1
v3_increasing_and_decreasing_motor_and_cogn,rpp.49,2009,2009,1,1,1,0,0.125,0,0.25,1,2008,2008,0,0,1
v3_increasing_and_decreasing_motor_and_cogn,rpp.49,2009,2009,1,1,1,0,0.375,0.5,0.25,1,2008,2008,0,0,1
v3_increasing_and_decreasing_motor_and_cogn,rpp.49,2009,2009,1,1,1,0,0.5,0.5,0.5,1,2008,2008,0,0,1
v3_increasing_and_decreasing_motor_and_cogn,rpp.49,2009,2009,1,1,1,0,0.625,0.5,0.75,1,2008,2008,0,0,1
v3_increasing_and_decreasing_motor_and_cogn,rpp.49,2009,2009,1,1,1,0,0.75,0.75,0.75,0,2008,2008,0,0,1
v3_increasing_and_decreasing_motor_and_cogn,rpp.49,2010,2010,1,1,0,0,,,,0,2008,2008,0,0,3
v3_increasing_and_decreasing_motor_and_cogn,rpp.49,2010,2010,1,1,0,0,,,,1,2008,2008,0,0,11
v3_increasing_and_decreasing_motor_and_cogn,rpp.49,2010,2010,1,1,1,0,0.25,0,0.5,1,2008,2008,0,0,1
v3_increasing_and_decreasing_motor_and_cogn,rpp.49,2010,2010,1,1,1,0,0.25,0.25,0.25,1,2008,2008,0,0,2
v3_increasing_and_decreasing_motor_and_cogn,rpp.49,2010,2010,1,1,1,0,0.5,0.5,0.5,1,2008,2008,0,0,4
v3_increasing_and_decreasing_motor_and_cogn,rpp.49,2010,2010,1,1,1,0,0.625,0.5,0.75,1,2008,2008,0,0,5
v3_increasing_and_decreasing_motor_and_cogn,rpp.49,2010,2010,1,1,1,0,0.625,0.75,0.5,1,2008,2008,0,0,1
v3_increasing_and_decreasing_motor_and_cogn,rpp.49,2010,2010,1,1,1,0,0.75,0.5,1.0,0,2008,2008,0,0,1
v3_increasing_and_decreasing_motor_and_cogn,rpp.49,2010,2010,1,1,1,0,0.75,0.75,0.75,1,2008,2008,0,0,6
v3_increasing_and_decreasing_motor_and_cogn,rpp.49,2010,2011,2,2,0,0,,,,0,2008,2008,0,0,2
v3_increasing_and_decreasing_motor_and_cogn,rpp.49,2010,2011,2,2,1,0,0.875,0.75,1.0,1,2008,2008,0,0,1
v3_increasing_and_decreasing_motor_and_cogn,rpp.49,2011,2011,1,1,0,0,,,,0,2008,2008,0,0,8
v3_increasing_and_decreasing_motor_and_cogn,rpp.49,2011,2011,1,1,0,0,,,,1,2008,2008,0,0,9
v3_increasing_and_decreasing_motor_and_cogn,rpp.49,2011,2011,1,1,1,0,0.0,0,0.0,1,2008,2008,0,0,1
v3_increasing_and_decreasing_motor_and_cogn,rpp.49,2011,2011,1,1,1,0,0.125,0,0.25,1,2008,2008,0,0,1
v3_increasing_and_decreasing_motor_and_cogn,rpp.49,2011,2011,1,1,1,0,0.125,0.25,0.0,1,2008,2008,0,0,1
v3_increasing_and_decreasing_motor_and_cogn,rpp.49,2011,2011,1,1,1,0,0.25,0.25,0.25,0,2008,2008,0,0,1
v3_increasing_and_decreasing_motor_and_cogn,rpp.49,2011,2011,1,1,1,0,0.25,0.25,0.25,1,2008,2008,0,0,1
v3_increasing_and_decreasing_motor_and_cogn,rpp.49,2011,2011,1,1,1,0,0.375,0.25,0.5,0,2008,2008,0,0,1
v3_increasing_and_decreasing_motor_and_cogn,rpp.49,2011,2011,1,1,1,0,0.375,0.25,0.5,1,2008,2008,0,0,1
v3_increasing_and_decreasing_motor_and_cogn,rpp.49,2011,2011,1,1,1,0,0.5,0.5,0.5,0,2008,2008,0,0,1
v3_increasing_and_decreasing_motor_and_cogn,rpp.49,2011,2011,1,1,1,0,0.5,0.5,0.5,1,2008,2008,0,0,1
v3_increasing_and_decreasing_motor_and_cogn,rpp.49,2011,2011,1,1,1,0,0.625,0.5,0.75,0,2008,2008,0,0,3
v3_increasing_and_decreasing_motor_and_cogn,rpp.49,2011,2011,1,1,1,0,0.625,0.5,0.75,1,2008,2008,0,0,3
v3_increasing_and_decreasing_motor_and_cogn,rpp.49,2011,2011,1,1,1,0,0.625,0.75,0.5,0,2008,2008,0,0,2
v3_increasing_and_decreasing_motor_and_cogn,rpp.49,2011,2011,1,1,1,0,0.625,0.75,0.5,1,2008,2008,0,0,1
v3_increasing_and_decreasing_motor_and_cogn,rpp.49,2011,2011,1,1,1,0,0.75,0.75,0.75,0,2008,2008,0,0,1
v3_increasing_and_decreasing_motor_and_cogn,rpp.49,2011,2011,1,1,1,0,0.75,0.75,0.75,1,2008,2008,0,0,3
v3_increasing_and_decreasing_motor_and_cogn,rpp.49,2011,2011,1,1,1,0,0.875,0.75,1.0,1,2008,2008,0,0,3
v3_increasing_and_decreasing_motor_and_cogn,rpp.49,2011,2011,1,1,1,0,1.0,1,1.0,0,2008,2008,0,0,1
v3_increasing_and_decreasing_motor_and_cogn,rpp.49,2011,2011,1,1,1,0,1.0,1,1.0,1,2008,2008,0,0,2
v3_increasing_and_decreasing_motor_and_cogn,rpp.49,2012,2012,1,1,0,0,,,,0,2008,2008,0,0,3
v3_increasing_and_decreasing_motor_and_cogn,rpp.49,2012,2012,1,1,0,0,,,,1,2008,2008,0,0,5
v3_increasing_and_decreasing_motor_and_cogn,rpp.49,2012,2012,1,1,1,0,0.125,0,0.25,0,2008,2008,0,0,1
v3_increasing_and_decreasing_motor_and_cogn,rpp.49,2012,2012,1,1,1,0,0.125,0,0.25,1,2008,2008,0,0,2
v3_increasing_and_decreasing_motor_and_cogn,rpp.49,2012,2012,1,1,1,0,0.25,0.25,0.25,0,2008,2008,0,0,1
v3_increasing_and_decreasing_motor_and_cogn,rpp.49,2012,2012,1,1,1,0,0.25,0.25,0.25,1,2008,2008,0,0,2
v3_increasing_and_decreasing_motor_and_cogn,rpp.49,2012,2012,1,1,1,0,0.375,0.5,0.25,1,2008,2008,0,0,1
v3_increasing_and_decreasing_motor_and_cogn,rpp.49,2012,2012,1,1,1,0,0.5,0.5,0.5,0,2008,2008,0,0,1
v3_increasing_and_decreasing_motor_and_cogn,rpp.49,2012,2012,1,1,1,0,0.5,0.5,0.5,1,2008,2008,0,0,2
v3_increasing_and_decreasing_motor_and_cogn,rpp.49,2012,2012,1,1,1,0,0.625,0.5,0.75,1,2008,2008,0,0,2
v3_increasing_and_decreasing_motor_and_cogn,rpp.49,2012,2012,1,1,1,0,0.625,0.75,0.5,0,2008,2008,0,0,1
v3_increasing_and_decreasing_motor_and_cogn,rpp.49,2012,2012,1,1,1,0,0.75,0.75,0.75,1,2008,2008,0,0,3
v3_increasing_and_decreasing_motor_and_cogn,rpp.49,2012,2012,1,1,1,0,1.0,1,1.0,1,2008,2008,0,0,2
v3_increasing_and_decreasing_motor_and_cogn,rpp.49,2013,2013,1,1,0,0,,,,0,2008,2008,0,0,1
v3_increasing_and_decreasing_motor_and_cogn,rpp.49,2013,2013,1,1,0,0,,,,1,2008,2008,0,0,6
v3_increasing_and_decreasing_motor_and_cogn,rpp.49,2013,2013,1,1,1,0,0.125,0,0.25,0,2008,2008,0,0,1
v3_increasing_and_decreasing_motor_and_cogn,rpp.49,2013,2013,1,1,1,0,0.25,0.25,0.25,0,2008,2008,0,0,1
v3_increasing_and_decreasing_motor_and_cogn,rpp.49,2013,2013,1,1,1,0,0.375,0.25,0.5,0,2008,2008,0,0,1
v3_increasing_and_decreasing_motor_and_cogn,rpp.49,2013,2013,1,1,1,0,0.5,0.5,0.5,0,2008,2008,0,0,1
v3_increasing_and_decreasing_motor_and_cogn,rpp.49,2013,2013,1,1,1,0,0.5,0.5,0.5,1,2008,2008,0,0,2
v3_increasing_and_decreasing_motor_and_cogn,rpp.49,2013,2013,1,1,1,0,0.625,0.5,0.75,0,2008,2008,0,0,1
v3_increasing_and_decreasing_motor_and_cogn,rpp.49,2013,2013,1,1,1,0,0.625,0.5,0.75,1,2008,2008,0,0,1
v3_increasing_and_decreasing_motor_and_cogn,rpp.49,2013,2013,1,1,1,0,0.625,0.75,0.5,1,2008,2008,0,0,1
v3_increasing_and_decreasing_motor_and_cogn,rpp.49,2014,2014,1,1,0,0,,,,0,2008,2008,0,0,8
v3_increasing_and_decreasing_motor_and_cogn,rpp.49,2014,2014,1,1,0,0,,,,1,2008,2008,0,0,8
v3_increasing_and_decreasing_motor_and_cogn,rpp.49,2014,2014,1,1,1,0,0.25,0.25,0.25,1,2008,2008,0,0,1
v3_increasing_and_decreasing_motor_and_cogn,rpp.49,2014,2014,1,1,1,0,0.375,0.25,0.5,0,2008,2008,0,0,1
v3_increasing_and_decreasing_motor_and_cogn,rpp.49,2014,2014,1,1,1,0,0.5,0.5,0.5,0,2008,2008,0,0,2
v3_increasing_and_decreasing_motor_and_cogn,rpp.49,2014,2014,1,1,1,0,0.5,0.5,0.5,1,2008,2008,0,0,5
v3_increasing_and_decreasing_motor_and_cogn,rpp.49,2014,2014,1,1,1,0,0.625,0.5,0.75,1,2008,2008,0,0,1
v3_increasing_and_decreasing_motor_and_cogn,rpp.49,2014,2014,1,1,1,0,0.625,0.75,0.5,0,2008,2008,0,0,1
v3_increasing_and_decreasing_motor_and_cogn,rpp.49,2014,2014,1,1,1,0,0.75,0.75,0.75,1,2008,2008,0,0,5
v3_increasing_and_decreasing_motor_and_cogn,rpp.49,2014,2014,1,1,1,0,1.0,1,1.0,1,2008,2008,0,0,1
v3_increasing_and_decreasing_motor_and_cogn,rpp.49,2016,2016,1,1,0,0,,,,0,2008,2008,0,0,3
v3_increasing_and_decreasing_motor_and_cogn,rpp.49,2016,2016,1,1,0,0,,,,1,2008,2008,0,0,4
v3_increasing_and_decreasing_motor_and_cogn,rpp.49,2016,2016,1,1,1,0,0.25,0,0.5,1,2008,2008,0,0,1
v3_increasing_and_decreasing_motor_and_cogn,rpp.49,2016,2016,1,1,1,0,0.25,0.25,0.25,1,2008,2008,0,0,1
v3_increasing_and_decreasing_motor_and_cogn,rpp.49,2016,2016,1,1,1,0,0.5,0.5,0.5,1,2008,2008,0,0,2
v3_increasing_and_decreasing_motor_and_cogn,rpp.49,2016,2016,1,1,1,0,0.625,0.75,0.5,0,2008,2008,0,0,1
v3_increasing_and_decreasing_motor_and_cogn,rpp.49,2016,2016,1,1,1,0,0.75,0.75,0.75,1,2008,2008,0,0,2
v3_increasing_and_decreasing_motor_and_cogn,rpp.49,2016,2016,1,1,1,0,0.875,0.75,1.0,0,2008,2008,0,0,1
v3_increasing_and_decreasing_motor_and_cogn,rpp.49,2017,2017,1,1,0,0,,,,0,2008,2008,0,0,2
v3_increasing_and_decreasing_motor_and_cogn,rpp.49,2017,2017,1,1,0,0,,,,1,2008,2008,0,0,3
v3_increasing_and_decreasing_motor_and_cogn,rpp.49,2017,2017,1,1,1,0,0.375,0.25,0.5,0,2008,2008,0,0,1
v3_increasing_and_decreasing_motor_and_cogn,rpp.49,2017,2017,1,1,1,0,0.5,0.5,0.5,0,2008,2008,0,0,2
v3_increasing_and_decreasing_motor_and_cogn,rpp.49,2017,2017,1,1,1,0,0.5,0.5,0.5,1,2008,2008,0,0,1
v3_increasing_and_decreasing_motor_and_cogn,rpp.49,2017,2017,1,1,1,0,0.5,0.75,0.25,1,2008,2008,0,0,2
v3_increasing_and_decreasing_motor_and_cogn,rpp.49,2018,2018,1,1,0,0,,,,1,2008,2008,0,0,3
v3_increasing_and_decreasing_motor_and_cogn,rpp.49,2018,2018,1,1,1,0,0.125,0,0.25,1,2008,2008,0,0,1
v3_increasing_and_decreasing_motor_and_cogn,rpp.49,2018,2018,1,1,1,0,0.75,0.75,0.75,0,2008,2008,0,0,1
v3_increasing_and_decreasing_motor_and_cogn,rpp.49,2018,2018,1,1,1,0,0.875,0.75,1.0,0,2008,2008,0,0,1
v3_increasing_and_decreasing_motor_and_cogn,rpp.49,2018,2018,1,1,1,0,0.875,0.75,1.0,1,2008,2008,0,0,1
v3_increasing_and_decreasing_motor_and_cogn,rpp.49,2019,2019,1,1,0,0,,,,0,2008,2008,0,0,1
v3_increasing_and_decreasing_motor_and_cogn,rpp.49,2019,2019,1,1,1,0,0.25,0.25,0.25,0,2008,2008,0,0,1
v3_increasing_and_decreasing_motor_and_cogn,rpp.49,2019,2019,1,1,1,0,0.25,0.25,0.25,1,2008,2008,0,0,1
v3_increasing_and_decreasing_motor_and_cogn,rpp.49,2019,2019,1,1,1,0,0.5,0.5,0.5,0,2008,2008,0,0,1
v3_increasing_and_decreasing_motor_and_cogn,rpp.49,2019,2019,1,1,1,0,0.5,0.5,0.5,1,2008,2008,0,0,1
v3_increasing_and_decreasing_motor_and_cogn,rpp.49,2019,2019,1,1,1,0,0.625,0.5,0.75,1,2008,2008,0,0,1
v3_increasing_and_decreasing_motor_and_cogn,rpp.49,2019,2019,1,1,1,0,0.625,0.75,0.5,1,2008,2008,0,0,1
v3_increasing_and_decreasing_motor_and_cogn,rpp.49,2020,2020,1,1,0,0,,,,0,2008,2008,0,0,8
v3_increasing_and_decreasing_motor_and_cogn,rpp.49,2020,2020,1,1,0,0,,,,1,2008,2008,0,0,7
v3_increasing_and_decreasing_motor_and_cogn,rpp.49,2020,2020,1,1,1,0,0.25,0.25,0.25,1,2008,2008,0,0,1
v3_increasing_and_decreasing_motor_and_cogn,rpp.49,2020,2020,1,1,1,0,0.5,0.25,0.75,1,2008,2008,0,0,1
v3_increasing_and_decreasing_motor_and_cogn,rpp.49,2020,2020,1,1,1,0,0.5,0.5,0.5,1,2008,2008,0,0,2
v3_increasing_and_decreasing_motor_and_cogn,rpp.49,2021,2021,1,1,0,0,,,,0,2008,2008,0,0,3
v3_increasing_and_decreasing_motor_and_cogn,rpp.49,2021,2021,1,1,0,0,,,,1,2008,2008,0,0,12
v3_increasing_and_decreasing_motor_and_cogn,rpp.49,2021,2021,1,1,1,0,0.375,0.5,0.25,1,2008,2008,0,0,1
v3_increasing_and_decreasing_motor_and_cogn,rpp.49,2021,2021,1,1,1,0,0.5,0.5,0.5,1,2008,2008,0,0,2
v3_increasing_and_decreasing_motor_and_cogn,rpp.49,2021,2021,1,1,1,0,0.625,0.5,0.75,1,2008,2008,0,0,1
v3_increasing_and_decreasing_motor_and_cogn,rpp.49,2022,2022,1,1,1,0,0.25,0.25,0.25,1,2008,2008,0,0,1
v3_increasing_and_decreasing_motor_and_cogn,rpp.49,2023,2023,1,1,0,0,,,,1,2008,2008,0,0,1
v3_increasing_and_decreasing_motor_and_cogn,rpp.49,2023,2023,1,1,1,0,0.625,0.5,0.75,1,2008,2008,0,0,1
v3_increasing_and_decreasing_motor_and_cogn,rpp.49,2023,2023,1,1,1,0,0.875,0.75,1.0,1,2008,2008,0,0,1
v3_increasing_and_decreasing_motor_and_cogn,rpp.49,2024,2024,1,1,0,0,,,,1,2008,2008,0,0,1
v3_increasing_and_decreasing_motor_and_cogn,rpp.49,2024,2024,1,1,1,0,0.75,1,0.5,1,2008,2008,0,0,1
v3_increasing_and_decreasing_motor_and_cogn,rpp.49,2025,2025,1,1,0,0,,,,1,2008,2008,0,0,1
v3_increasing_and_decreasing_motor_and_cogn,rpp.49,2025,2025,1,1,1,0,0.75,0.5,1.0,1,2008,2008,0,0,1
v3_increasing_and_decreasing_motor_and_cogn,rpp.49,2025,2025,1,1,1,0,1.0,1,1.0,1,2008,2008,0,0,1
v3_individual_differences_in_the_regulation,rpp.53,2008,2008,1,1,0,0,,,,0,2008,2007,0,0,1
v3_individual_differences_in_the_regulation,rpp.53,2008,2008,1,1,0,0,,,,1,2008,2007,0,0,3
v3_individual_differences_in_the_regulation,rpp.53,2008,2008,1,1,1,0,0.25,0.25,0.25,0,2008,2007,0,0,1
v3_individual_differences_in_the_regulation,rpp.53,2008,2008,1,1,1,0,0.25,0.25,0.25,1,2008,2007,0,0,2
v3_individual_differences_in_the_regulation,rpp.53,2008,2008,1,1,1,0,0.5,0.5,0.5,0,2008,2007,0,0,1
v3_individual_differences_in_the_regulation,rpp.53,2008,2008,1,1,1,0,0.625,0.5,0.75,0,2008,2007,0,0,1
v3_individual_differences_in_the_regulation,rpp.53,2008,2008,1,1,1,0,0.625,0.75,0.5,0,2008,2007,0,0,2
v3_individual_differences_in_the_regulation,rpp.53,2008,2008,1,1,1,0,0.75,0.75,0.75,1,2008,2007,0,0,1
v3_individual_differences_in_the_regulation,rpp.53,2009,2009,1,1,0,0,,,,0,2008,2007,0,0,1
v3_individual_differences_in_the_regulation,rpp.53,2009,2009,1,1,0,0,,,,1,2008,2007,0,0,2
v3_individual_differences_in_the_regulation,rpp.53,2009,2009,1,1,1,0,0.375,0.5,0.25,0,2008,2007,0,0,1
v3_individual_differences_in_the_regulation,rpp.53,2009,2009,1,1,1,0,0.5,0.5,0.5,1,2008,2007,0,0,1
v3_individual_differences_in_the_regulation,rpp.53,2010,2010,1,1,0,0,,,,1,2008,2007,0,0,3
v3_individual_differences_in_the_regulation,rpp.53,2010,2010,1,1,1,0,0.25,0.25,0.25,0,2008,2007,0,0,4
v3_individual_differences_in_the_regulation,rpp.53,2010,2010,1,1,1,0,0.25,0.25,0.25,1,2008,2007,0,0,2
v3_individual_differences_in_the_regulation,rpp.53,2010,2010,1,1,1,0,0.375,0.25,0.5,0,2008,2007,0,0,1
v3_individual_differences_in_the_regulation,rpp.53,2010,2010,1,1,1,0,0.5,0.5,0.5,0,2008,2007,0,0,1
v3_individual_differences_in_the_regulation,rpp.53,2010,2010,1,1,1,0,0.5,0.5,0.5,1,2008,2007,0,0,3
v3_individual_differences_in_the_regulation,rpp.53,2010,2010,1,1,1,0,0.75,0.75,0.75,1,2008,2007,0,0,1
v3_individual_differences_in_the_regulation,rpp.53,2011,2011,1,1,0,0,,,,0,2008,2007,0,0,2
v3_individual_differences_in_the_regulation,rpp.53,2011,2011,1,1,0,0,,,,1,2008,2007,0,0,5
v3_individual_differences_in_the_regulation,rpp.53,2011,2011,1,1,1,0,0.25,0.25,0.25,1,2008,2007,0,0,1
v3_individual_differences_in_the_regulation,rpp.53,2011,2011,1,1,1,0,0.375,0.25,0.5,0,2008,2007,0,0,1
v3_individual_differences_in_the_regulation,rpp.53,2011,2011,1,1,1,0,0.375,0.25,0.5,1,2008,2007,0,0,1
v3_individual_differences_in_the_regulation,rpp.53,2011,2011,1,1,1,0,0.5,0.5,0.5,1,2008,2007,0,0,3
v3_individual_differences_in_the_regulation,rpp.53,2011,2011,1,1,1,0,0.625,0.5,0.75,0,2008,2007,0,0,1
v3_individual_differences_in_the_regulation,rpp.53,2011,2011,1,1,1,0,0.75,0.75,0.75,1,2008,2007,0,0,1
v3_individual_differences_in_the_regulation,rpp.53,2012,2012,1,1,1,0,0.25,0.25,0.25,0,2008,2007,0,0,1
v3_individual_differences_in_the_regulation,rpp.53,2012,2012,1,1,1,0,0.25,0.25,0.25,1,2008,2007,0,0,1
v3_individual_differences_in_the_regulation,rpp.53,2012,2012,1,1,1,0,0.625,0.75,0.5,0,2008,2007,0,0,1
v3_individual_differences_in_the_regulation,rpp.53,2012,2012,1,1,1,0,0.75,0.75,0.75,1,2008,2007,0,0,1
v3_individual_differences_in_the_regulation,rpp.53,2013,2013,1,1,1,0,0.25,0.25,0.25,0,2008,2007,0,0,1
v3_individual_differences_in_the_regulation,rpp.53,2013,2013,1,1,1,0,0.25,0.25,0.25,1,2008,2007,0,0,1
v3_individual_differences_in_the_regulation,rpp.53,2013,2013,1,1,1,0,0.5,0.5,0.5,0,2008,2007,0,0,1
v3_individual_differences_in_the_regulation,rpp.53,2014,2014,1,1,1,0,0.5,0.5,0.5,0,2008,2007,0,0,1
v3_individual_differences_in_the_regulation,rpp.53,2014,2014,1,1,1,0,0.5,0.5,0.5,1,2008,2007,0,0,3
v3_individual_differences_in_the_regulation,rpp.53,2014,2014,1,1,1,0,0.625,0.75,0.5,0,2008,2007,0,0,1
v3_individual_differences_in_the_regulation,rpp.53,2014,2014,1,1,1,0,0.625,0.75,0.5,1,2008,2007,0,0,1
v3_individual_differences_in_the_regulation,rpp.53,2014,2014,1,1,1,0,0.75,0.75,0.75,0,2008,2007,0,0,1
v3_individual_differences_in_the_regulation,rpp.53,2015,2015,1,1,0,0,,,,0,2008,2007,0,0,6
v3_individual_differences_in_the_regulation,rpp.53,2015,2015,1,1,0,0,,,,1,2008,2007,0,0,7
v3_individual_differences_in_the_regulation,rpp.53,2015,2015,1,1,1,0,0.125,0,0.25,0,2008,2007,0,0,1
v3_individual_differences_in_the_regulation,rpp.53,2015,2015,1,1,1,0,0.25,0.25,0.25,0,2008,2007,0,0,1
v3_individual_differences_in_the_regulation,rpp.53,2015,2015,1,1,1,0,0.25,0.25,0.25,1,2008,2007,0,0,1
v3_individual_differences_in_the_regulation,rpp.53,2015,2015,1,1,1,0,0.375,0.25,0.5,0,2008,2007,0,0,1
v3_individual_differences_in_the_regulation,rpp.53,2015,2015,1,1,1,0,0.375,0.25,0.5,1,2008,2007,0,0,1
v3_individual_differences_in_the_regulation,rpp.53,2015,2015,1,1,1,0,0.5,0.5,0.5,0,2008,2007,0,0,5
v3_individual_differences_in_the_regulation,rpp.53,2015,2015,1,1,1,0,0.5,0.5,0.5,1,2008,2007,0,0,2
v3_individual_differences_in_the_regulation,rpp.53,2015,2015,1,1,1,0,0.625,0.5,0.75,1,2008,2007,0,0,2
v3_individual_differences_in_the_regulation,rpp.53,2015,2015,1,1,1,0,0.625,0.75,0.5,0,2008,2007,0,0,1
v3_individual_differences_in_the_regulation,rpp.53,2015,2015,1,1,1,0,0.75,0.75,0.75,1,2008,2007,0,0,1
v3_individual_differences_in_the_regulation,rpp.53,2016,2016,1,1,1,0,0.75,0.75,0.75,1,2008,2007,0,0,1
v3_individual_differences_in_the_regulation,rpp.53,2017,2017,1,1,0,0,,,,0,2008,2007,0,0,1
v3_individual_differences_in_the_regulation,rpp.53,2017,2017,1,1,0,0,,,,1,2008,2007,0,0,7
v3_individual_differences_in_the_regulation,rpp.53,2017,2017,1,1,1,0,0.0,0,0.0,1,2008,2007,0,0,2
v3_individual_differences_in_the_regulation,rpp.53,2017,2017,1,1,1,0,0.125,0.25,0.0,0,2008,2007,0,0,1
v3_individual_differences_in_the_regulation,rpp.53,2017,2017,1,1,1,0,0.25,0.25,0.25,1,2008,2007,0,0,2
v3_individual_differences_in_the_regulation,rpp.53,2017,2017,1,1,1,0,0.375,0.5,0.25,1,2008,2007,0,0,1
v3_individual_differences_in_the_regulation,rpp.53,2017,2017,1,1,1,0,0.5,0.5,0.5,0,2008,2007,0,0,1
v3_individual_differences_in_the_regulation,rpp.53,2017,2017,1,1,1,0,0.5,0.5,0.5,1,2008,2007,0,0,2
v3_individual_differences_in_the_regulation,rpp.53,2017,2017,1,1,1,0,0.625,0.5,0.75,0,2008,2007,0,0,1
v3_individual_differences_in_the_regulation,rpp.53,2017,2017,1,1,1,0,0.625,0.75,0.5,0,2008,2007,0,0,1
v3_individual_differences_in_the_regulation,rpp.53,2017,2017,1,1,1,0,0.625,0.75,0.5,1,2008,2007,0,0,1
v3_individual_differences_in_the_regulation,rpp.53,2018,2018,1,1,0,0,,,,0,2008,2007,0,0,1
v3_individual_differences_in_the_regulation,rpp.53,2018,2018,1,1,0,0,,,,1,2008,2007,0,0,2
v3_individual_differences_in_the_regulation,rpp.53,2018,2018,1,1,1,0,0.25,0.25,0.25,0,2008,2007,0,0,1
v3_individual_differences_in_the_regulation,rpp.53,2018,2018,1,1,1,0,0.25,0.25,0.25,1,2008,2007,0,0,2
v3_individual_differences_in_the_regulation,rpp.53,2018,2018,1,1,1,0,0.5,0.5,0.5,1,2008,2007,0,0,1
v3_individual_differences_in_the_regulation,rpp.53,2019,2019,1,1,0,0,,,,1,2008,2007,0,0,1
v3_individual_differences_in_the_regulation,rpp.53,2019,2019,1,1,1,0,0.5,0.5,0.5,1,2008,2007,0,0,1
v3_individual_differences_in_the_regulation,rpp.53,2020,2020,1,1,0,0,,,,1,2008,2007,0,0,2
v3_individual_differences_in_the_regulation,rpp.53,2020,2020,1,1,1,0,0.25,0.5,0.0,0,2008,2007,0,0,1
v3_individual_differences_in_the_regulation,rpp.53,2020,2020,1,1,1,0,0.375,0.25,0.5,1,2008,2007,0,0,1
v3_individual_differences_in_the_regulation,rpp.53,2022,2022,1,1,1,0,0.375,0.25,0.5,1,2008,2007,0,0,1
v3_individual_differences_in_the_regulation,rpp.53,2023,2023,1,1,0,0,,,,1,2008,2007,0,0,2
v3_individual_differences_in_the_regulation,rpp.53,2023,2023,1,1,1,0,0.125,0,0.25,0,2008,2007,0,0,1
v3_individual_differences_in_the_regulation,rpp.53,2023,2023,1,1,1,0,0.5,0.5,0.5,1,2008,2007,0,0,1
v3_individual_differences_in_the_regulation,rpp.53,2023,2023,1,1,1,0,0.75,0.75,0.75,1,2008,2007,0,0,1
v3_instructional_manipulation_checks_detect,ml1.1,2007,2007,1,1,0,0,,,,0,2009,2009,1,1,1
v3_instructional_manipulation_checks_detect,ml1.1,2008,2008,1,1,0,0,,,,1,2009,2009,1,1,4
v3_instructional_manipulation_checks_detect,ml1.1,2010,2010,1,1,0,0,,,,0,2009,2009,0,0,4
v3_instructional_manipulation_checks_detect,ml1.1,2010,2010,1,1,0,0,,,,1,2009,2009,0,0,3
v3_instructional_manipulation_checks_detect,ml1.1,2010,2010,1,1,1,0,0.5,0.5,0.5,1,2009,2009,0,0,2
v3_instructional_manipulation_checks_detect,ml1.1,2011,2011,1,1,0,0,,,,0,2009,2009,0,0,1
v3_instructional_manipulation_checks_detect,ml1.1,2011,2011,1,1,0,0,,,,1,2009,2009,0,0,2
v3_instructional_manipulation_checks_detect,ml1.1,2012,2012,1,1,0,0,,,,0,2009,2009,0,0,2
v3_instructional_manipulation_checks_detect,ml1.1,2012,2012,1,1,0,0,,,,1,2009,2009,0,0,3
v3_instructional_manipulation_checks_detect,ml1.1,2012,2012,1,1,1,0,0.125,0,0.25,1,2009,2009,0,0,1
v3_instructional_manipulation_checks_detect,ml1.1,2012,2012,1,1,1,0,0.5,0.5,0.5,1,2009,2009,0,0,1
v3_instructional_manipulation_checks_detect,ml1.1,2019,2019,1,1,0,0,,,,0,2009,2009,0,0,2
v3_instructional_manipulation_checks_detect,ml1.1,2019,2019,1,1,0,0,,,,1,2009,2009,0,0,18
v3_instructional_manipulation_checks_detect,ml1.1,2019,2019,1,1,1,0,0.0,0,0.0,1,2009,2009,0,0,1
v3_instructional_manipulation_checks_detect,ml1.1,2019,2019,1,1,1,0,0.25,0.25,0.25,0,2009,2009,0,0,2
v3_instructional_manipulation_checks_detect,ml1.1,2019,2019,1,1,1,0,0.5,0.5,0.5,1,2009,2009,0,0,2
v3_instructional_manipulation_checks_detect,ml1.1,2019,2019,1,1,1,0,0.625,0.5,0.75,1,2009,2009,0,0,1
v3_instructional_manipulation_checks_detect,ml1.1,2019,2019,1,1,1,0,0.75,0.75,0.75,1,2009,2009,0,0,2
v3_instructional_manipulation_checks_detect,ml1.1,2019,2019,1,1,1,0,0.875,0.75,1.0,1,2009,2009,0,0,1
v3_instructional_manipulation_checks_detect,ml1.1,2026,2026,1,1,0,0,,,,0,2009,2009,0,0,5
v3_instructional_manipulation_checks_detect,ml1.1,2026,2026,1,1,0,0,,,,1,2009,2009,0,0,22
v3_instructional_manipulation_checks_detect,ml1.1,2026,2026,1,1,1,0,0.375,0.25,0.5,1,2009,2009,0,0,1
v3_intentional_forgetting_is_easier_after_t,rpp.20,2008,2008,1,1,1,0,0.375,0.25,0.5,1,2008,2008,0,0,1
v3_intentional_forgetting_is_easier_after_t,rpp.20,2009,2009,1,1,0,0,,,,0,2008,2008,0,0,1
v3_intentional_forgetting_is_easier_after_t,rpp.20,2009,2009,1,1,0,0,,,,1,2008,2008,0,0,1
v3_intentional_forgetting_is_easier_after_t,rpp.20,2009,2009,1,1,1,0,0.75,0.75,0.75,0,2008,2008,0,0,1
v3_intentional_forgetting_is_easier_after_t,rpp.20,2010,2010,1,1,0,0,,,,0,2008,2008,0,0,1
v3_intentional_forgetting_is_easier_after_t,rpp.20,2010,2010,1,1,0,0,,,,1,2008,2008,0,0,1
v3_intentional_forgetting_is_easier_after_t,rpp.20,2010,2010,1,1,1,0,0.125,0,0.25,1,2008,2008,0,0,1
v3_intentional_forgetting_is_easier_after_t,rpp.20,2010,2010,1,1,1,0,0.25,0.25,0.25,1,2008,2008,0,0,1
v3_intentional_forgetting_is_easier_after_t,rpp.20,2010,2010,1,1,1,0,0.5,0.5,0.5,0,2008,2008,0,0,1
v3_intentional_forgetting_is_easier_after_t,rpp.20,2010,2010,1,1,1,0,0.5,0.5,0.5,1,2008,2008,0,0,2
v3_intentional_forgetting_is_easier_after_t,rpp.20,2011,2011,1,1,1,0,0.5,0.5,0.5,0,2008,2008,0,0,1
v3_intentional_forgetting_is_easier_after_t,rpp.20,2011,2011,1,1,1,0,0.5,0.5,0.5,1,2008,2008,0,0,1
v3_intentional_forgetting_is_easier_after_t,rpp.20,2012,2012,1,1,1,0,0.0,0,0.0,1,2008,2008,0,0,1
v3_intentional_forgetting_is_easier_after_t,rpp.20,2012,2012,1,1,1,0,0.25,0.25,0.25,1,2008,2008,0,0,1
v3_intentional_forgetting_is_easier_after_t,rpp.20,2012,2012,1,1,1,0,0.5,0.5,0.5,0,2008,2008,0,0,1
v3_intentional_forgetting_is_easier_after_t,rpp.20,2012,2012,1,1,1,0,0.5,0.5,0.5,1,2008,2008,0,0,1
v3_intentional_forgetting_is_easier_after_t,rpp.20,2012,2012,1,1,1,0,0.75,0.75,0.75,1,2008,2008,0,0,1
v3_intentional_forgetting_is_easier_after_t,rpp.20,2014,2014,1,1,0,0,,,,1,2008,2008,0,0,3
v3_intentional_forgetting_is_easier_after_t,rpp.20,2014,2014,1,1,1,0,0.25,0.25,0.25,1,2008,2008,0,0,2
v3_intentional_forgetting_is_easier_after_t,rpp.20,2014,2014,1,1,1,0,0.625,0.5,0.75,1,2008,2008,0,0,1
v3_intentional_forgetting_is_easier_after_t,rpp.20,2017,2017,1,1,1,0,0.625,0.5,0.75,1,2008,2008,0,0,1
v3_intentional_forgetting_is_easier_after_t,rpp.20,2021,2021,1,1,0,0,,,,0,2008,2008,0,0,1
v3_intentional_forgetting_is_easier_after_t,rpp.20,2021,2021,1,1,1,0,0.5,0.5,0.5,1,2008,2008,0,0,3
v3_intentional_forgetting_is_easier_after_t,rpp.20,2024,2024,1,1,0,0,,,,1,2008,2008,0,0,1
v3_is_happiness_having_what_you_want_wantin,rpp.134,2010,2010,1,1,1,0,0.5,0.5,0.5,0,2008,2008,0,0,1
v3_is_happiness_having_what_you_want_wantin,rpp.134,2011,2011,1,1,0,0,,,,1,2008,2008,0,0,3
v3_is_happiness_having_what_you_want_wantin,rpp.134,2011,2011,1,1,1,0,0.0,0,0.0,1,2008,2008,0,0,1
v3_is_happiness_having_what_you_want_wantin,rpp.134,2011,2011,1,1,1,0,0.375,0.25,0.5,1,2008,2008,0,0,1
v3_is_happiness_having_what_you_want_wantin,rpp.134,2011,2011,1,1,1,0,0.375,0.5,0.25,1,2008,2008,0,0,1
v3_is_happiness_having_what_you_want_wantin,rpp.134,2011,2011,1,1,1,0,0.5,0.5,0.5,1,2008,2008,0,0,1
v3_is_happiness_having_what_you_want_wantin,rpp.134,2012,2012,1,1,0,0,,,,1,2008,2008,0,0,2
v3_is_happiness_having_what_you_want_wantin,rpp.134,2012,2012,1,1,1,0,0.5,0.5,0.5,0,2008,2008,0,0,1
v3_is_happiness_having_what_you_want_wantin,rpp.134,2013,2013,1,1,0,0,,,,1,2008,2008,0,0,1
v3_is_happiness_having_what_you_want_wantin,rpp.134,2013,2013,1,1,1,0,0.875,0.75,1.0,0,2008,2008,0,0,1
v3_is_happiness_having_what_you_want_wantin,rpp.134,2014,2014,1,1,0,0,,,,1,2008,2008,0,0,2
v3_is_happiness_having_what_you_want_wantin,rpp.134,2014,2014,1,1,1,0,0.5,0.5,0.5,1,2008,2008,0,0,1
v3_is_happiness_having_what_you_want_wantin,rpp.134,2015,2015,1,1,1,0,0.5,0.5,0.5,1,2008,2008,0,0,1
v3_is_happiness_having_what_you_want_wantin,rpp.134,2016,2016,1,1,1,0,0.625,0.5,0.75,1,2008,2008,0,0,1
v3_is_happiness_having_what_you_want_wantin,rpp.134,2016,2016,1,1,1,0,0.625,0.75,0.5,0,2008,2008,0,0,1
v3_is_happiness_having_what_you_want_wantin,rpp.134,2016,2016,1,1,1,0,0.625,0.75,0.5,1,2008,2008,0,0,2
v3_is_happiness_having_what_you_want_wantin,rpp.134,2017,2017,1,1,1,0,0.5,0.5,0.5,1,2008,2008,0,0,1
v3_is_happiness_having_what_you_want_wantin,rpp.134,2017,2017,1,1,1,0,0.75,1,0.5,1,2008,2008,0,0,1
v3_is_happiness_having_what_you_want_wantin,rpp.134,2018,2018,1,1,0,0,,,,1,2008,2008,0,0,1
v3_is_happiness_having_what_you_want_wantin,rpp.134,2018,2018,1,1,1,0,0.5,0.5,0.5,0,2008,2008,0,0,1
v3_is_happiness_having_what_you_want_wantin,rpp.134,2018,2018,1,1,1,0,0.625,0.5,0.75,1,2008,2008,0,0,1
v3_is_happiness_having_what_you_want_wantin,rpp.134,2019,2019,1,1,0,0,,,,0,2008,2008,0,0,1
v3_is_happiness_having_what_you_want_wantin,rpp.134,2020,2020,1,1,0,0,,,,1,2008,2008,0,0,1
v3_is_happiness_having_what_you_want_wantin,rpp.134,2020,2020,1,1,1,0,0.25,0.25,0.25,1,2008,2008,0,0,1
v3_is_happiness_having_what_you_want_wantin,rpp.134,2021,2021,1,1,1,0,0.75,0.75,0.75,1,2008,2008,0,0,1
v3_it_feels_like_yesterday_self_esteem_vale,ml3.3,2002,2002,1,1,1,0,0.5,0.5,0.5,1,2002,2002,0,0,1
v3_it_feels_like_yesterday_self_esteem_vale,ml3.3,2003,2003,1,1,0,0,,,,1,2002,2002,0,0,1
v3_it_feels_like_yesterday_self_esteem_vale,ml3.3,2004,2004,1,1,0,0,,,,0,2002,2002,0,0,3
v3_it_feels_like_yesterday_self_esteem_vale,ml3.3,2004,2004,1,1,0,0,,,,1,2002,2002,0,0,7
v3_it_feels_like_yesterday_self_esteem_vale,ml3.3,2004,2004,1,1,1,0,0.25,0,0.5,1,2002,2002,0,0,1
v3_it_feels_like_yesterday_self_esteem_vale,ml3.3,2004,2004,1,1,1,0,0.5,0.5,0.5,0,2002,2002,0,0,1
v3_it_feels_like_yesterday_self_esteem_vale,ml3.3,2004,2004,1,1,1,0,0.5,0.5,0.5,1,2002,2002,0,0,1
v3_it_feels_like_yesterday_self_esteem_vale,ml3.3,2004,2004,1,1,1,0,0.625,0.5,0.75,1,2002,2002,0,0,2
v3_it_feels_like_yesterday_self_esteem_vale,ml3.3,2004,2004,1,1,1,0,0.625,0.75,0.5,0,2002,2002,0,0,1
v3_it_feels_like_yesterday_self_esteem_vale,ml3.3,2004,2004,1,1,1,0,0.625,0.75,0.5,1,2002,2002,0,0,1
v3_it_feels_like_yesterday_self_esteem_vale,ml3.3,2004,2004,1,1,1,0,0.75,0.5,1.0,1,2002,2002,0,0,2
v3_it_feels_like_yesterday_self_esteem_vale,ml3.3,2004,2004,1,1,1,0,0.75,0.75,0.75,0,2002,2002,0,0,1
v3_it_feels_like_yesterday_self_esteem_vale,ml3.3,2004,2004,1,1,1,0,0.75,0.75,0.75,1,2002,2002,0,0,1
v3_it_feels_like_yesterday_self_esteem_vale,ml3.3,2004,2004,1,1,1,0,0.875,0.75,1.0,0,2002,2002,0,0,1
v3_it_feels_like_yesterday_self_esteem_vale,ml3.3,2005,2005,1,1,1,0,0.25,0.25,0.25,1,2002,2002,0,0,1
v3_it_feels_like_yesterday_self_esteem_vale,ml3.3,2006,2006,1,1,0,0,,,,0,2002,2002,0,0,2
v3_it_feels_like_yesterday_self_esteem_vale,ml3.3,2006,2006,1,1,0,0,,,,1,2002,2002,0,0,4
v3_it_feels_like_yesterday_self_esteem_vale,ml3.3,2006,2006,1,1,1,0,0.125,0,0.25,1,2002,2002,0,0,2
v3_it_feels_like_yesterday_self_esteem_vale,ml3.3,2006,2006,1,1,1,0,0.25,0.25,0.25,1,2002,2002,0,0,3
v3_it_feels_like_yesterday_self_esteem_vale,ml3.3,2006,2006,1,1,1,0,0.375,0.25,0.5,1,2002,2002,0,0,1
v3_it_feels_like_yesterday_self_esteem_vale,ml3.3,2006,2006,1,1,1,0,0.5,0.5,0.5,1,2002,2002,0,0,3
v3_it_feels_like_yesterday_self_esteem_vale,ml3.3,2006,2006,1,1,1,0,0.625,0.25,1.0,1,2002,2002,0,0,1
v3_it_feels_like_yesterday_self_esteem_vale,ml3.3,2006,2006,1,1,1,0,0.625,0.5,0.75,1,2002,2002,0,0,1
v3_it_feels_like_yesterday_self_esteem_vale,ml3.3,2006,2006,1,1,1,0,0.625,0.75,0.5,1,2002,2002,0,0,1
v3_it_feels_like_yesterday_self_esteem_vale,ml3.3,2006,2006,1,1,1,0,1.0,1,1.0,1,2002,2002,0,0,1
v3_it_feels_like_yesterday_self_esteem_vale,ml3.3,2007,2007,1,1,0,0,,,,1,2002,2002,0,0,10
v3_it_feels_like_yesterday_self_esteem_vale,ml3.3,2007,2007,1,1,1,0,0.25,0.25,0.25,1,2002,2002,0,0,1
v3_it_feels_like_yesterday_self_esteem_vale,ml3.3,2007,2007,1,1,1,0,0.5,0.5,0.5,1,2002,2002,0,0,1
v3_it_feels_like_yesterday_self_esteem_vale,ml3.3,2007,2007,1,1,1,0,0.625,0.75,0.5,1,2002,2002,0,0,2
v3_it_feels_like_yesterday_self_esteem_vale,ml3.3,2007,2007,1,1,1,0,0.75,0.5,1.0,1,2002,2002,0,0,1
v3_it_feels_like_yesterday_self_esteem_vale,ml3.3,2008,2008,1,1,0,0,,,,0,2002,2002,0,0,1
v3_it_feels_like_yesterday_self_esteem_vale,ml3.3,2008,2008,1,1,0,0,,,,1,2002,2002,0,0,3
v3_it_feels_like_yesterday_self_esteem_vale,ml3.3,2008,2008,1,1,1,0,0.25,0.25,0.25,1,2002,2002,0,0,5
v3_it_feels_like_yesterday_self_esteem_vale,ml3.3,2008,2008,1,1,1,0,0.375,0.25,0.5,1,2002,2002,0,0,2
v3_it_feels_like_yesterday_self_esteem_vale,ml3.3,2008,2008,1,1,1,0,0.5,0.5,0.5,0,2002,2002,0,0,1
v3_it_feels_like_yesterday_self_esteem_vale,ml3.3,2008,2008,1,1,1,0,0.5,0.5,0.5,1,2002,2002,0,0,4
v3_it_feels_like_yesterday_self_esteem_vale,ml3.3,2008,2008,1,1,1,0,0.625,0.5,0.75,1,2002,2002,0,0,1
v3_it_feels_like_yesterday_self_esteem_vale,ml3.3,2008,2008,1,1,1,0,0.75,0.75,0.75,0,2002,2002,0,0,1
v3_it_feels_like_yesterday_self_esteem_vale,ml3.3,2008,2008,1,1,1,0,0.875,0.75,1.0,1,2002,2002,0,0,1
v3_it_feels_like_yesterday_self_esteem_vale,ml3.3,2009,2009,1,1,0,0,,,,0,2002,2002,0,0,2
v3_it_feels_like_yesterday_self_esteem_vale,ml3.3,2009,2009,1,1,0,0,,,,1,2002,2002,0,0,4
v3_it_feels_like_yesterday_self_esteem_vale,ml3.3,2009,2009,1,1,1,0,0.25,0.25,0.25,1,2002,2002,0,0,1
v3_it_feels_like_yesterday_self_esteem_vale,ml3.3,2009,2009,1,1,1,0,0.375,0.25,0.5,0,2002,2002,0,0,1
v3_it_feels_like_yesterday_self_esteem_vale,ml3.3,2009,2009,1,1,1,0,0.375,0.5,0.25,1,2002,2002,0,0,2
v3_it_feels_like_yesterday_self_esteem_vale,ml3.3,2009,2009,1,1,1,0,0.625,0.5,0.75,1,2002,2002,0,0,1
v3_it_feels_like_yesterday_self_esteem_vale,ml3.3,2009,2009,1,1,1,0,0.625,0.75,0.5,1,2002,2002,0,0,2
v3_it_feels_like_yesterday_self_esteem_vale,ml3.3,2009,2009,1,1,1,0,0.75,1,0.5,1,2002,2002,0,0,1
v3_it_feels_like_yesterday_self_esteem_vale,ml3.3,2009,2009,1,1,1,0,0.875,0.75,1.0,1,2002,2002,0,0,1
v3_it_feels_like_yesterday_self_esteem_vale,ml3.3,2010,2010,1,1,0,0,,,,0,2002,2002,0,0,1
v3_it_feels_like_yesterday_self_esteem_vale,ml3.3,2010,2010,1,1,0,0,,,,1,2002,2002,0,0,5
v3_it_feels_like_yesterday_self_esteem_vale,ml3.3,2010,2010,1,1,1,0,0.0,0,0.0,1,2002,2002,0,0,1
v3_it_feels_like_yesterday_self_esteem_vale,ml3.3,2010,2010,1,1,1,0,0.25,0.25,0.25,1,2002,2002,0,0,2
v3_it_feels_like_yesterday_self_esteem_vale,ml3.3,2010,2010,1,1,1,0,0.375,0.5,0.25,1,2002,2002,0,0,1
v3_it_feels_like_yesterday_self_esteem_vale,ml3.3,2010,2010,1,1,1,0,0.5,0.5,0.5,1,2002,2002,0,0,1
v3_it_feels_like_yesterday_self_esteem_vale,ml3.3,2010,2010,1,1,1,0,0.625,0.5,0.75,0,2002,2002,0,0,1
v3_it_feels_like_yesterday_self_esteem_vale,ml3.3,2010,2010,1,1,1,0,0.625,0.75,0.5,0,2002,2002,0,0,1
v3_it_feels_like_yesterday_self_esteem_vale,ml3.3,2010,2010,1,1,1,0,0.625,0.75,0.5,1,2002,2002,0,0,1
v3_it_feels_like_yesterday_self_esteem_vale,ml3.3,2010,2010,1,1,1,0,0.75,0.5,1.0,1,2002,2002,0,0,2
v3_it_feels_like_yesterday_self_esteem_vale,ml3.3,2010,2010,1,1,1,0,0.75,0.75,0.75,1,2002,2002,0,0,2
v3_it_feels_like_yesterday_self_esteem_vale,ml3.3,2011,2011,1,1,0,0,,,,0,2002,2002,0,0,7
v3_it_feels_like_yesterday_self_esteem_vale,ml3.3,2011,2011,1,1,0,0,,,,1,2002,2002,0,0,5
v3_it_feels_like_yesterday_self_esteem_vale,ml3.3,2011,2011,1,1,1,0,0.125,0,0.25,1,2002,2002,0,0,1
v3_it_feels_like_yesterday_self_esteem_vale,ml3.3,2011,2011,1,1,1,0,0.25,0.25,0.25,0,2002,2002,0,0,1
v3_it_feels_like_yesterday_self_esteem_vale,ml3.3,2011,2011,1,1,1,0,0.375,0.25,0.5,1,2002,2002,0,0,2
v3_it_feels_like_yesterday_self_esteem_vale,ml3.3,2011,2011,1,1,1,0,0.5,0.5,0.5,1,2002,2002,0,0,4
v3_it_feels_like_yesterday_self_esteem_vale,ml3.3,2011,2011,1,1,1,0,0.625,0.75,0.5,1,2002,2002,0,0,1
v3_it_feels_like_yesterday_self_esteem_vale,ml3.3,2011,2011,1,1,1,0,0.75,0.75,0.75,0,2002,2002,0,0,1
v3_it_feels_like_yesterday_self_esteem_vale,ml3.3,2011,2011,1,1,1,0,0.75,0.75,0.75,1,2002,2002,0,0,1
v3_it_feels_like_yesterday_self_esteem_vale,ml3.3,2011,2011,1,1,1,0,1.0,1,1.0,1,2002,2002,0,0,1
v3_it_feels_like_yesterday_self_esteem_vale,ml3.3,2012,2012,1,1,0,0,,,,0,2002,2002,0,0,3
v3_it_feels_like_yesterday_self_esteem_vale,ml3.3,2012,2012,1,1,0,0,,,,1,2002,2002,0,0,3
v3_it_feels_like_yesterday_self_esteem_vale,ml3.3,2012,2012,1,1,1,0,0.25,0.25,0.25,0,2002,2002,0,0,1
v3_it_feels_like_yesterday_self_esteem_vale,ml3.3,2012,2012,1,1,1,0,0.25,0.25,0.25,1,2002,2002,0,0,1
v3_it_feels_like_yesterday_self_esteem_vale,ml3.3,2012,2012,1,1,1,0,0.5,0.5,0.5,0,2002,2002,0,0,1
v3_it_feels_like_yesterday_self_esteem_vale,ml3.3,2012,2012,1,1,1,0,0.5,0.5,0.5,1,2002,2002,0,0,3
v3_it_feels_like_yesterday_self_esteem_vale,ml3.3,2012,2012,1,1,1,0,0.625,0.25,1.0,1,2002,2002,0,0,1
v3_it_feels_like_yesterday_self_esteem_vale,ml3.3,2012,2012,1,1,1,0,0.625,0.75,0.5,1,2002,2002,0,0,1
v3_it_feels_like_yesterday_self_esteem_vale,ml3.3,2013,2013,1,1,1,0,0.125,0,0.25,0,2002,2002,0,0,1
v3_it_feels_like_yesterday_self_esteem_vale,ml3.3,2013,2013,1,1,1,0,0.25,0.25,0.25,0,2002,2002,0,0,1
v3_it_feels_like_yesterday_self_esteem_vale,ml3.3,2013,2013,1,1,1,0,0.25,0.25,0.25,1,2002,2002,0,0,1
v3_it_feels_like_yesterday_self_esteem_vale,ml3.3,2013,2013,1,1,1,0,0.5,0.5,0.5,1,2002,2002,0,0,1
v3_it_feels_like_yesterday_self_esteem_vale,ml3.3,2013,2013,1,1,1,0,0.75,0.75,0.75,0,2002,2002,0,0,1
v3_it_feels_like_yesterday_self_esteem_vale,ml3.3,2013,2013,1,1,1,0,0.75,0.75,0.75,1,2002,2002,0,0,1
v3_it_feels_like_yesterday_self_esteem_vale,ml3.3,2014,2014,1,1,0,0,,,,0,2002,2002,0,0,1
v3_it_feels_like_yesterday_self_esteem_vale,ml3.3,2014,2014,1,1,1,0,0.0,0,0.0,1,2002,2002,0,0,1
v3_it_feels_like_yesterday_self_esteem_vale,ml3.3,2014,2014,1,1,1,0,0.25,0.25,0.25,0,2002,2002,0,0,1
v3_it_feels_like_yesterday_self_esteem_vale,ml3.3,2014,2014,1,1,1,0,0.25,0.25,0.25,1,2002,2002,0,0,1
v3_it_feels_like_yesterday_self_esteem_vale,ml3.3,2014,2014,1,1,1,0,0.5,0.5,0.5,0,2002,2002,0,0,2
v3_it_feels_like_yesterday_self_esteem_vale,ml3.3,2014,2014,1,1,1,0,0.5,0.5,0.5,1,2002,2002,0,0,2
v3_it_feels_like_yesterday_self_esteem_vale,ml3.3,2014,2014,1,1,1,0,0.625,0.5,0.75,1,2002,2002,0,0,1
v3_it_feels_like_yesterday_self_esteem_vale,ml3.3,2014,2014,1,1,1,0,0.625,0.75,0.5,1,2002,2002,0,0,1
v3_it_feels_like_yesterday_self_esteem_vale,ml3.3,2014,2014,1,1,1,0,0.75,0.5,1.0,1,2002,2002,0,0,1
v3_it_feels_like_yesterday_self_esteem_vale,ml3.3,2014,2014,1,1,1,0,0.875,0.75,1.0,1,2002,2002,0,0,1
v3_it_feels_like_yesterday_self_esteem_vale,ml3.3,2014,2014,1,1,1,0,1.0,1,1.0,1,2002,2002,0,0,1
v3_it_feels_like_yesterday_self_esteem_vale,ml3.3,2015,2015,1,1,0,0,,,,0,2002,2002,0,0,2
v3_it_feels_like_yesterday_self_esteem_vale,ml3.3,2015,2015,1,1,0,0,,,,1,2002,2002,0,0,3
v3_it_feels_like_yesterday_self_esteem_vale,ml3.3,2015,2015,1,1,1,0,0.375,0.5,0.25,1,2002,2002,0,0,1
v3_it_feels_like_yesterday_self_esteem_vale,ml3.3,2015,2015,1,1,1,0,0.5,0.25,0.75,1,2002,2002,0,0,1
v3_it_feels_like_yesterday_self_esteem_vale,ml3.3,2015,2015,1,1,1,0,0.5,0.5,0.5,1,2002,2002,0,0,1
v3_it_feels_like_yesterday_self_esteem_vale,ml3.3,2015,2015,1,1,1,0,0.625,0.5,0.75,1,2002,2002,0,0,3
v3_it_feels_like_yesterday_self_esteem_vale,ml3.3,2015,2015,1,1,1,0,0.625,0.75,0.5,0,2002,2002,0,0,1
v3_it_feels_like_yesterday_self_esteem_vale,ml3.3,2015,2015,1,1,1,0,0.625,0.75,0.5,1,2002,2002,0,0,2
v3_it_feels_like_yesterday_self_esteem_vale,ml3.3,2015,2015,1,1,1,0,0.75,0.5,1.0,1,2002,2002,0,0,1
v3_it_feels_like_yesterday_self_esteem_vale,ml3.3,2015,2015,1,1,1,0,0.75,0.75,0.75,1,2002,2002,0,0,1
v3_it_feels_like_yesterday_self_esteem_vale,ml3.3,2015,2015,1,1,1,0,0.875,0.75,1.0,1,2002,2002,0,0,1
v3_it_feels_like_yesterday_self_esteem_vale,ml3.3,2016,2016,1,1,0,0,,,,0,2002,2002,0,0,4
v3_it_feels_like_yesterday_self_esteem_vale,ml3.3,2016,2016,1,1,0,0,,,,1,2002,2002,0,0,8
v3_it_feels_like_yesterday_self_esteem_vale,ml3.3,2016,2016,1,1,1,0,0.0,0,0.0,1,2002,2002,0,0,1
v3_it_feels_like_yesterday_self_esteem_vale,ml3.3,2016,2016,1,1,1,0,0.125,0,0.25,1,2002,2002,0,0,1
v3_it_feels_like_yesterday_self_esteem_vale,ml3.3,2016,2016,1,1,1,0,0.125,0.25,0.0,1,2002,2002,0,0,1
v3_it_feels_like_yesterday_self_esteem_vale,ml3.3,2016,2016,1,1,1,0,0.25,0.25,0.25,1,2002,2002,0,0,1
v3_it_feels_like_yesterday_self_esteem_vale,ml3.3,2016,2016,1,1,1,0,0.375,0.25,0.5,0,2002,2002,0,0,1
v3_it_feels_like_yesterday_self_esteem_vale,ml3.3,2016,2016,1,1,1,0,0.375,0.25,0.5,1,2002,2002,0,0,1
v3_it_feels_like_yesterday_self_esteem_vale,ml3.3,2016,2016,1,1,1,0,0.5,0.5,0.5,1,2002,2002,0,0,3
v3_it_feels_like_yesterday_self_esteem_vale,ml3.3,2016,2016,1,1,1,0,0.625,0.75,0.5,1,2002,2002,0,0,2
v3_it_feels_like_yesterday_self_esteem_vale,ml3.3,2016,2016,1,1,1,0,0.75,0.5,1.0,0,2002,2002,0,0,1
v3_it_feels_like_yesterday_self_esteem_vale,ml3.3,2016,2016,1,1,1,0,0.75,0.75,0.75,1,2002,2002,0,0,1
v3_it_feels_like_yesterday_self_esteem_vale,ml3.3,2016,2016,1,1,1,0,0.875,0.75,1.0,1,2002,2002,0,0,1
v3_it_feels_like_yesterday_self_esteem_vale,ml3.3,2017,2017,1,1,0,0,,,,0,2002,2002,0,0,3
v3_it_feels_like_yesterday_self_esteem_vale,ml3.3,2017,2017,1,1,0,0,,,,1,2002,2002,0,0,7
v3_it_feels_like_yesterday_self_esteem_vale,ml3.3,2017,2017,1,1,1,0,0.25,0.25,0.25,1,2002,2002,0,0,2
v3_it_feels_like_yesterday_self_esteem_vale,ml3.3,2017,2017,1,1,1,0,0.375,0.25,0.5,0,2002,2002,0,0,2
v3_it_feels_like_yesterday_self_esteem_vale,ml3.3,2017,2017,1,1,1,0,0.5,0.5,0.5,0,2002,2002,0,0,1
v3_it_feels_like_yesterday_self_esteem_vale,ml3.3,2017,2017,1,1,1,0,0.5,0.5,0.5,1,2002,2002,0,0,1
v3_it_feels_like_yesterday_self_esteem_vale,ml3.3,2017,2017,1,1,1,0,0.625,0.5,0.75,0,2002,2002,0,0,1
v3_it_feels_like_yesterday_self_esteem_vale,ml3.3,2017,2017,1,1,1,0,0.625,0.5,0.75,1,2002,2002,0,0,1
v3_it_feels_like_yesterday_self_esteem_vale,ml3.3,2017,2017,1,1,1,0,0.625,0.75,0.5,1,2002,2002,0,0,2
v3_it_feels_like_yesterday_self_esteem_vale,ml3.3,2017,2017,1,1,1,0,0.75,0.5,1.0,0,2002,2002,0,0,1
v3_it_feels_like_yesterday_self_esteem_vale,ml3.3,2017,2017,1,1,1,0,0.75,0.75,0.75,1,2002,2002,0,0,2
v3_it_feels_like_yesterday_self_esteem_vale,ml3.3,2018,2018,1,1,0,0,,,,0,2002,2002,0,0,5
v3_it_feels_like_yesterday_self_esteem_vale,ml3.3,2018,2018,1,1,0,0,,,,1,2002,2002,0,0,6
v3_it_feels_like_yesterday_self_esteem_vale,ml3.3,2018,2018,1,1,1,0,0.125,0.25,0.0,1,2002,2002,0,0,1
v3_it_feels_like_yesterday_self_esteem_vale,ml3.3,2018,2018,1,1,1,0,0.375,0.25,0.5,0,2002,2002,0,0,1
v3_it_feels_like_yesterday_self_esteem_vale,ml3.3,2018,2018,1,1,1,0,0.5,0.5,0.5,0,2002,2002,0,0,2
v3_it_feels_like_yesterday_self_esteem_vale,ml3.3,2018,2018,1,1,1,0,0.5,0.5,0.5,1,2002,2002,0,0,7
v3_it_feels_like_yesterday_self_esteem_vale,ml3.3,2018,2018,1,1,1,0,0.5,0.75,0.25,0,2002,2002,0,0,1
v3_it_feels_like_yesterday_self_esteem_vale,ml3.3,2018,2018,1,1,1,0,0.625,0.5,0.75,1,2002,2002,0,0,1
v3_it_feels_like_yesterday_self_esteem_vale,ml3.3,2018,2018,1,1,1,0,0.625,0.75,0.5,0,2002,2002,0,0,1
v3_it_feels_like_yesterday_self_esteem_vale,ml3.3,2018,2018,1,1,1,0,0.625,0.75,0.5,1,2002,2002,0,0,2
v3_it_feels_like_yesterday_self_esteem_vale,ml3.3,2018,2018,1,1,1,0,0.75,0.5,1.0,1,2002,2002,0,0,1
v3_it_feels_like_yesterday_self_esteem_vale,ml3.3,2018,2018,1,1,1,0,0.75,0.75,0.75,1,2002,2002,0,0,1
v3_it_feels_like_yesterday_self_esteem_vale,ml3.3,2018,2018,1,1,1,0,1.0,1,1.0,1,2002,2002,0,0,1
v3_it_feels_like_yesterday_self_esteem_vale,ml3.3,2019,2019,1,1,1,0,0.5,0.5,0.5,0,2002,2002,0,0,1
v3_it_feels_like_yesterday_self_esteem_vale,ml3.3,2019,2019,1,1,1,0,0.5,0.5,0.5,1,2002,2002,0,0,1
v3_it_feels_like_yesterday_self_esteem_vale,ml3.3,2019,2019,1,1,1,0,0.75,0.75,0.75,1,2002,2002,0,0,1
v3_it_feels_like_yesterday_self_esteem_vale,ml3.3,2020,2020,1,1,0,0,,,,0,2002,2002,0,0,2
v3_it_feels_like_yesterday_self_esteem_vale,ml3.3,2020,2020,1,1,0,0,,,,1,2002,2002,0,0,4
v3_it_feels_like_yesterday_self_esteem_vale,ml3.3,2020,2020,1,1,1,0,0.25,0.25,0.25,1,2002,2002,0,0,2
v3_it_feels_like_yesterday_self_esteem_vale,ml3.3,2020,2020,1,1,1,0,0.375,0.25,0.5,1,2002,2002,0,0,2
v3_it_feels_like_yesterday_self_esteem_vale,ml3.3,2020,2020,1,1,1,0,0.5,0.5,0.5,0,2002,2002,0,0,2
v3_it_feels_like_yesterday_self_esteem_vale,ml3.3,2020,2020,1,1,1,0,0.5,0.5,0.5,1,2002,2002,0,0,4
v3_it_feels_like_yesterday_self_esteem_vale,ml3.3,2020,2020,1,1,1,0,0.625,0.5,0.75,1,2002,2002,0,0,1
v3_it_feels_like_yesterday_self_esteem_vale,ml3.3,2020,2020,1,1,1,0,0.625,0.75,0.5,0,2002,2002,0,0,1
v3_it_feels_like_yesterday_self_esteem_vale,ml3.3,2020,2020,1,1,1,0,0.625,0.75,0.5,1,2002,2002,0,0,1
v3_it_feels_like_yesterday_self_esteem_vale,ml3.3,2020,2020,1,1,1,0,0.75,0.5,1.0,0,2002,2002,0,0,1
v3_it_feels_like_yesterday_self_esteem_vale,ml3.3,2020,2020,1,1,1,0,0.75,0.75,0.75,1,2002,2002,0,0,2
v3_it_feels_like_yesterday_self_esteem_vale,ml3.3,2020,2020,1,1,1,0,0.875,0.75,1.0,1,2002,2002,0,0,2
v3_it_feels_like_yesterday_self_esteem_vale,ml3.3,2021,2021,1,1,0,0,,,,0,2002,2002,0,0,1
v3_it_feels_like_yesterday_self_esteem_vale,ml3.3,2021,2021,1,1,0,0,,,,1,2002,2002,0,0,5
v3_it_feels_like_yesterday_self_esteem_vale,ml3.3,2021,2021,1,1,1,0,0.0,0,0.0,0,2002,2002,0,0,1
v3_it_feels_like_yesterday_self_esteem_vale,ml3.3,2021,2021,1,1,1,0,0.0,0,0.0,1,2002,2002,0,0,1
v3_it_feels_like_yesterday_self_esteem_vale,ml3.3,2021,2021,1,1,1,0,0.25,0,0.5,1,2002,2002,0,0,1
v3_it_feels_like_yesterday_self_esteem_vale,ml3.3,2021,2021,1,1,1,0,0.25,0.25,0.25,0,2002,2002,0,0,1
v3_it_feels_like_yesterday_self_esteem_vale,ml3.3,2021,2021,1,1,1,0,0.5,0.5,0.5,0,2002,2002,0,0,1
v3_it_feels_like_yesterday_self_esteem_vale,ml3.3,2021,2021,1,1,1,0,0.5,0.5,0.5,1,2002,2002,0,0,3
v3_it_feels_like_yesterday_self_esteem_vale,ml3.3,2021,2021,1,1,1,0,0.5,0.75,0.25,1,2002,2002,0,0,1
v3_it_feels_like_yesterday_self_esteem_vale,ml3.3,2021,2021,1,1,1,0,0.625,0.25,1.0,1,2002,2002,0,0,1
v3_it_feels_like_yesterday_self_esteem_vale,ml3.3,2021,2021,1,1,1,0,0.625,0.5,0.75,1,2002,2002,0,0,1
v3_it_feels_like_yesterday_self_esteem_vale,ml3.3,2021,2021,1,1,1,0,0.625,0.75,0.5,1,2002,2002,0,0,1
v3_it_feels_like_yesterday_self_esteem_vale,ml3.3,2021,2021,1,1,1,0,0.75,0.5,1.0,1,2002,2002,0,0,1
v3_it_feels_like_yesterday_self_esteem_vale,ml3.3,2021,2021,1,1,1,0,1.0,1,1.0,1,2002,2002,0,0,1
v3_it_feels_like_yesterday_self_esteem_vale,ml3.3,2022,2022,1,1,0,0,,,,1,2002,2002,0,0,2
v3_it_feels_like_yesterday_self_esteem_vale,ml3.3,2022,2022,1,1,1,0,0.125,0.25,0.0,1,2002,2002,0,0,1
v3_it_feels_like_yesterday_self_esteem_vale,ml3.3,2022,2022,1,1,1,0,0.25,0.25,0.25,1,2002,2002,0,0,2
v3_it_feels_like_yesterday_self_esteem_vale,ml3.3,2022,2022,1,1,1,0,0.375,0.25,0.5,1,2002,2002,0,0,1
v3_it_feels_like_yesterday_self_esteem_vale,ml3.3,2022,2022,1,1,1,0,1.0,1,1.0,1,2002,2002,0,0,1
v3_it_feels_like_yesterday_self_esteem_vale,ml3.3,2023,2023,1,1,0,0,,,,0,2002,2002,0,0,1
v3_it_feels_like_yesterday_self_esteem_vale,ml3.3,2023,2023,1,1,0,0,,,,1,2002,2002,0,0,3
v3_it_feels_like_yesterday_self_esteem_vale,ml3.3,2023,2023,1,1,1,0,0.375,0.25,0.5,1,2002,2002,0,0,1
v3_it_feels_like_yesterday_self_esteem_vale,ml3.3,2023,2023,1,1,1,0,0.5,0.5,0.5,0,2002,2002,0,0,1
v3_it_feels_like_yesterday_self_esteem_vale,ml3.3,2023,2023,1,1,1,0,0.75,0.75,0.75,1,2002,2002,0,0,1
v3_it_feels_like_yesterday_self_esteem_vale,ml3.3,2024,2024,1,1,0,0,,,,0,2002,2002,0,0,1
v3_it_feels_like_yesterday_self_esteem_vale,ml3.3,2024,2024,1,1,0,0,,,,1,2002,2002,0,0,2
v3_it_feels_like_yesterday_self_esteem_vale,ml3.3,2024,2024,1,1,1,0,0.25,0.25,0.25,0,2002,2002,0,0,1
v3_it_feels_like_yesterday_self_esteem_vale,ml3.3,2024,2024,1,1,1,0,0.25,0.25,0.25,1,2002,2002,0,0,1
v3_it_feels_like_yesterday_self_esteem_vale,ml3.3,2025,2025,1,1,0,0,,,,0,2002,2002,0,0,2
v3_it_feels_like_yesterday_self_esteem_vale,ml3.3,2025,2025,1,1,0,0,,,,1,2002,2002,0,0,2
v3_it_feels_like_yesterday_self_esteem_vale,ml3.3,2025,2025,1,1,1,0,0.0,0,0.0,1,2002,2002,0,0,1
v3_it_feels_like_yesterday_self_esteem_vale,ml3.3,2025,2025,1,1,1,0,0.125,0,0.25,1,2002,2002,0,0,1
v3_it_feels_like_yesterday_self_esteem_vale,ml3.3,2025,2025,1,1,1,0,0.25,0.25,0.25,1,2002,2002,0,0,1
v3_it_feels_like_yesterday_self_esteem_vale,ml3.3,2025,2025,1,1,1,0,0.375,0.25,0.5,0,2002,2002,0,0,1
v3_it_feels_like_yesterday_self_esteem_vale,ml3.3,2025,2025,1,1,1,0,0.5,0.5,0.5,1,2002,2002,0,0,1
v3_it_feels_like_yesterday_self_esteem_vale,ml3.3,2025,2025,1,1,1,0,0.625,0.75,0.5,0,2002,2002,0,0,1
v3_it_feels_like_yesterday_self_esteem_vale,ml3.3,2025,2025,1,1,1,0,0.75,0.75,0.75,0,2002,2002,0,0,1
v3_it_feels_like_yesterday_self_esteem_vale,ml3.3,2026,2026,1,1,1,0,0.375,0.25,0.5,1,2002,2002,0,0,1
v3_it_feels_like_yesterday_self_esteem_vale,ml3.3,2026,2026,1,1,1,0,0.5,0.5,0.5,0,2002,2002,0,0,1
v3_it_feels_like_yesterday_self_esteem_vale,ml3.3,2026,2026,1,1,1,0,0.5,0.5,0.5,1,2002,2002,0,0,1
v3_last_place_aversion_evidence_and_redistr,ee.18,2012,2012,1,1,0,0,,,,0,2014,2014,1,1,1
v3_last_place_aversion_evidence_and_redistr,ee.18,2012,2012,1,1,1,0,0.25,0.25,0.25,0,2014,2014,1,1,1
v3_last_place_aversion_evidence_and_redistr,ee.18,2012,2012,1,1,1,0,0.75,0.75,0.75,1,2014,2014,1,1,1
v3_last_place_aversion_evidence_and_redistr,ee.18,2013,2013,1,1,0,0,,,,0,2014,2014,1,1,2
v3_last_place_aversion_evidence_and_redistr,ee.18,2013,2013,1,1,0,0,,,,1,2014,2014,1,1,3
v3_last_place_aversion_evidence_and_redistr,ee.18,2013,2013,1,1,1,0,0.375,0.25,0.5,0,2014,2014,1,1,1
v3_last_place_aversion_evidence_and_redistr,ee.18,2013,2013,1,1,1,0,0.5,0.5,0.5,1,2014,2014,1,1,2
v3_last_place_aversion_evidence_and_redistr,ee.18,2013,2013,1,1,1,0,0.75,0.75,0.75,1,2014,2014,1,1,1
v3_last_place_aversion_evidence_and_redistr,ee.18,2014,2014,1,1,0,0,,,,1,2014,2014,0,0,2
v3_last_place_aversion_evidence_and_redistr,ee.18,2014,2014,1,1,1,0,0.375,0.25,0.5,1,2014,2014,0,0,1
v3_last_place_aversion_evidence_and_redistr,ee.18,2014,2014,1,1,1,0,0.5,0.25,0.75,0,2014,2014,0,0,1
v3_last_place_aversion_evidence_and_redistr,ee.18,2014,2014,1,1,1,0,0.5,0.5,0.5,1,2014,2014,0,0,1
v3_last_place_aversion_evidence_and_redistr,ee.18,2014,2014,1,1,1,0,0.625,0.5,0.75,1,2014,2014,0,0,1
v3_last_place_aversion_evidence_and_redistr,ee.18,2014,2014,1,1,1,0,0.75,1,0.5,1,2014,2014,0,0,1
v3_last_place_aversion_evidence_and_redistr,ee.18,2014,2014,1,1,1,0,1.0,1,1.0,1,2014,2014,0,0,1
v3_last_place_aversion_evidence_and_redistr,ee.18,2015,2015,1,1,0,0,,,,0,2014,2014,0,0,2
v3_last_place_aversion_evidence_and_redistr,ee.18,2015,2015,1,1,0,0,,,,1,2014,2014,0,0,1
v3_last_place_aversion_evidence_and_redistr,ee.18,2015,2015,1,1,1,0,0.125,0,0.25,1,2014,2014,0,0,2
v3_last_place_aversion_evidence_and_redistr,ee.18,2015,2015,1,1,1,0,0.5,0.5,0.5,1,2014,2014,0,0,1
v3_last_place_aversion_evidence_and_redistr,ee.18,2015,2015,1,1,1,0,0.75,0.75,0.75,1,2014,2014,0,0,1
v3_last_place_aversion_evidence_and_redistr,ee.18,2015,2015,1,1,1,0,0.875,0.75,1.0,1,2014,2014,0,0,1
v3_last_place_aversion_evidence_and_redistr,ee.18,2016,2016,1,1,0,0,,,,0,2014,2014,0,0,4
v3_last_place_aversion_evidence_and_redistr,ee.18,2016,2016,1,1,0,0,,,,1,2014,2014,0,0,5
v3_last_place_aversion_evidence_and_redistr,ee.18,2016,2016,1,1,1,0,0.25,0.25,0.25,1,2014,2014,0,0,2
v3_last_place_aversion_evidence_and_redistr,ee.18,2016,2016,1,1,1,0,0.5,0.5,0.5,0,2014,2014,0,0,1
v3_last_place_aversion_evidence_and_redistr,ee.18,2016,2016,1,1,1,0,0.5,0.5,0.5,1,2014,2014,0,0,2
v3_last_place_aversion_evidence_and_redistr,ee.18,2016,2017,2,2,0,0,,,,0,2014,2014,0,0,1
v3_last_place_aversion_evidence_and_redistr,ee.18,2016,2017,2,2,1,0,0.625,0.5,0.75,0,2014,2014,0,0,1
v3_last_place_aversion_evidence_and_redistr,ee.18,2017,2017,1,1,0,0,,,,0,2014,2014,0,0,5
v3_last_place_aversion_evidence_and_redistr,ee.18,2017,2017,1,1,0,0,,,,1,2014,2014,0,0,7
v3_last_place_aversion_evidence_and_redistr,ee.18,2017,2017,1,1,1,0,0.0,0,0.0,1,2014,2014,0,0,2
v3_last_place_aversion_evidence_and_redistr,ee.18,2017,2017,1,1,1,0,0.25,0.25,0.25,1,2014,2014,0,0,1
v3_last_place_aversion_evidence_and_redistr,ee.18,2017,2017,1,1,1,0,0.5,0.5,0.5,0,2014,2014,0,0,1
v3_last_place_aversion_evidence_and_redistr,ee.18,2017,2017,1,1,1,0,0.5,0.5,0.5,1,2014,2014,0,0,2
v3_last_place_aversion_evidence_and_redistr,ee.18,2017,2017,1,1,1,0,0.625,0.5,0.75,0,2014,2014,0,0,2
v3_last_place_aversion_evidence_and_redistr,ee.18,2017,2017,1,1,1,0,0.625,0.75,0.5,0,2014,2014,0,0,1
v3_last_place_aversion_evidence_and_redistr,ee.18,2017,2017,1,1,1,0,0.625,0.75,0.5,1,2014,2014,0,0,2
v3_last_place_aversion_evidence_and_redistr,ee.18,2017,2017,1,1,1,0,0.75,0.5,1.0,1,2014,2014,0,0,1
v3_last_place_aversion_evidence_and_redistr,ee.18,2017,2017,1,1,1,0,0.75,0.75,0.75,1,2014,2014,0,0,1
v3_last_place_aversion_evidence_and_redistr,ee.18,2017,2017,1,1,1,0,0.875,0.75,1.0,1,2014,2014,0,0,1
v3_last_place_aversion_evidence_and_redistr,ee.18,2017,2017,1,1,1,0,0.875,1,0.75,1,2014,2014,0,0,1
v3_last_place_aversion_evidence_and_redistr,ee.18,2018,2018,1,1,0,0,,,,0,2014,2014,0,0,3
v3_last_place_aversion_evidence_and_redistr,ee.18,2018,2018,1,1,0,0,,,,1,2014,2014,0,0,5
v3_last_place_aversion_evidence_and_redistr,ee.18,2018,2018,1,1,1,0,0.375,0.5,0.25,1,2014,2014,0,0,1
v3_last_place_aversion_evidence_and_redistr,ee.18,2018,2018,1,1,1,0,0.5,0.5,0.5,0,2014,2014,0,0,1
v3_last_place_aversion_evidence_and_redistr,ee.18,2018,2018,1,1,1,0,0.5,0.5,0.5,1,2014,2014,0,0,3
v3_last_place_aversion_evidence_and_redistr,ee.18,2018,2018,1,1,1,0,0.625,0.5,0.75,0,2014,2014,0,0,3
v3_last_place_aversion_evidence_and_redistr,ee.18,2018,2018,1,1,1,0,0.625,0.5,0.75,1,2014,2014,0,0,1
v3_last_place_aversion_evidence_and_redistr,ee.18,2018,2018,1,1,1,0,0.625,0.75,0.5,0,2014,2014,0,0,1
v3_last_place_aversion_evidence_and_redistr,ee.18,2018,2018,1,1,1,0,0.625,0.75,0.5,1,2014,2014,0,0,1
v3_last_place_aversion_evidence_and_redistr,ee.18,2018,2018,1,1,1,0,0.75,0.75,0.75,0,2014,2014,0,0,1
v3_last_place_aversion_evidence_and_redistr,ee.18,2019,2019,1,1,0,0,,,,0,2014,2014,0,0,5
v3_last_place_aversion_evidence_and_redistr,ee.18,2019,2019,1,1,0,0,,,,1,2014,2014,0,0,6
v3_last_place_aversion_evidence_and_redistr,ee.18,2019,2019,1,1,1,0,0.0,0,0.0,1,2014,2014,0,0,1
v3_last_place_aversion_evidence_and_redistr,ee.18,2019,2019,1,1,1,0,0.125,0.25,0.0,0,2014,2014,0,0,1
v3_last_place_aversion_evidence_and_redistr,ee.18,2019,2019,1,1,1,0,0.125,0.25,0.0,1,2014,2014,0,0,1
v3_last_place_aversion_evidence_and_redistr,ee.18,2019,2019,1,1,1,0,0.25,0.25,0.25,1,2014,2014,0,0,1
v3_last_place_aversion_evidence_and_redistr,ee.18,2019,2019,1,1,1,0,0.375,0.25,0.5,0,2014,2014,0,0,1
v3_last_place_aversion_evidence_and_redistr,ee.18,2019,2019,1,1,1,0,0.375,0.25,0.5,1,2014,2014,0,0,1
v3_last_place_aversion_evidence_and_redistr,ee.18,2019,2019,1,1,1,0,0.375,0.5,0.25,0,2014,2014,0,0,1
v3_last_place_aversion_evidence_and_redistr,ee.18,2019,2019,1,1,1,0,0.5,0.25,0.75,1,2014,2014,0,0,1
v3_last_place_aversion_evidence_and_redistr,ee.18,2019,2019,1,1,1,0,0.5,0.5,0.5,0,2014,2014,0,0,3
v3_last_place_aversion_evidence_and_redistr,ee.18,2019,2019,1,1,1,0,0.5,0.5,0.5,1,2014,2014,0,0,3
v3_last_place_aversion_evidence_and_redistr,ee.18,2019,2019,1,1,1,0,0.625,0.5,0.75,0,2014,2014,0,0,2
v3_last_place_aversion_evidence_and_redistr,ee.18,2019,2019,1,1,1,0,0.625,0.5,0.75,1,2014,2014,0,0,4
v3_last_place_aversion_evidence_and_redistr,ee.18,2019,2019,1,1,1,0,0.625,0.75,0.5,0,2014,2014,0,0,1
v3_last_place_aversion_evidence_and_redistr,ee.18,2019,2019,1,1,1,0,0.625,0.75,0.5,1,2014,2014,0,0,1
v3_last_place_aversion_evidence_and_redistr,ee.18,2019,2019,1,1,1,0,0.75,0.75,0.75,1,2014,2014,0,0,1
v3_last_place_aversion_evidence_and_redistr,ee.18,2019,2019,1,1,1,0,0.875,0.75,1.0,0,2014,2014,0,0,2
v3_last_place_aversion_evidence_and_redistr,ee.18,2020,2020,1,1,0,0,,,,0,2014,2014,0,0,4
v3_last_place_aversion_evidence_and_redistr,ee.18,2020,2020,1,1,0,0,,,,1,2014,2014,0,0,8
v3_last_place_aversion_evidence_and_redistr,ee.18,2020,2020,1,1,1,0,0.125,0,0.25,1,2014,2014,0,0,1
v3_last_place_aversion_evidence_and_redistr,ee.18,2020,2020,1,1,1,0,0.125,0.25,0.0,1,2014,2014,0,0,1
v3_last_place_aversion_evidence_and_redistr,ee.18,2020,2020,1,1,1,0,0.25,0.25,0.25,1,2014,2014,0,0,6
v3_last_place_aversion_evidence_and_redistr,ee.18,2020,2020,1,1,1,0,0.25,0.5,0.0,1,2014,2014,0,0,1
v3_last_place_aversion_evidence_and_redistr,ee.18,2020,2020,1,1,1,0,0.375,0.25,0.5,1,2014,2014,0,0,1
v3_last_place_aversion_evidence_and_redistr,ee.18,2020,2020,1,1,1,0,0.375,0.5,0.25,0,2014,2014,0,0,1
v3_last_place_aversion_evidence_and_redistr,ee.18,2020,2020,1,1,1,0,0.375,0.5,0.25,1,2014,2014,0,0,1
v3_last_place_aversion_evidence_and_redistr,ee.18,2020,2020,1,1,1,0,0.5,0,1.0,1,2014,2014,0,0,1
v3_last_place_aversion_evidence_and_redistr,ee.18,2020,2020,1,1,1,0,0.5,0.25,0.75,1,2014,2014,0,0,1
v3_last_place_aversion_evidence_and_redistr,ee.18,2020,2020,1,1,1,0,0.5,0.5,0.5,0,2014,2014,0,0,2
v3_last_place_aversion_evidence_and_redistr,ee.18,2020,2020,1,1,1,0,0.5,0.5,0.5,1,2014,2014,0,0,4
v3_last_place_aversion_evidence_and_redistr,ee.18,2020,2020,1,1,1,0,0.625,0.5,0.75,1,2014,2014,0,0,1
v3_last_place_aversion_evidence_and_redistr,ee.18,2020,2020,1,1,1,0,0.75,0.5,1.0,1,2014,2014,0,0,1
v3_last_place_aversion_evidence_and_redistr,ee.18,2020,2020,1,1,1,0,0.75,0.75,0.75,1,2014,2014,0,0,2
v3_last_place_aversion_evidence_and_redistr,ee.18,2020,2020,1,1,1,0,0.875,0.75,1.0,1,2014,2014,0,0,1
v3_last_place_aversion_evidence_and_redistr,ee.18,2020,2021,2,2,0,0,,,,1,2014,2014,0,0,1
v3_last_place_aversion_evidence_and_redistr,ee.18,2020,2021,2,2,1,0,0.375,0.5,0.25,1,2014,2014,0,0,1
v3_last_place_aversion_evidence_and_redistr,ee.18,2020,2021,2,2,1,0,0.625,0.5,0.75,1,2014,2014,0,0,1
v3_last_place_aversion_evidence_and_redistr,ee.18,2021,2021,1,1,0,0,,,,0,2014,2014,0,0,4
v3_last_place_aversion_evidence_and_redistr,ee.18,2021,2021,1,1,0,0,,,,1,2014,2014,0,0,6
v3_last_place_aversion_evidence_and_redistr,ee.18,2021,2021,1,1,1,0,0.0,0,0.0,1,2014,2014,0,0,2
v3_last_place_aversion_evidence_and_redistr,ee.18,2021,2021,1,1,1,0,0.125,0,0.25,0,2014,2014,0,0,1
v3_last_place_aversion_evidence_and_redistr,ee.18,2021,2021,1,1,1,0,0.125,0,0.25,1,2014,2014,0,0,1
v3_last_place_aversion_evidence_and_redistr,ee.18,2021,2021,1,1,1,0,0.25,0,0.5,1,2014,2014,0,0,1
v3_last_place_aversion_evidence_and_redistr,ee.18,2021,2021,1,1,1,0,0.25,0.25,0.25,1,2014,2014,0,0,3
v3_last_place_aversion_evidence_and_redistr,ee.18,2021,2021,1,1,1,0,0.375,0.25,0.5,0,2014,2014,0,0,1
v3_last_place_aversion_evidence_and_redistr,ee.18,2021,2021,1,1,1,0,0.5,0.5,0.5,0,2014,2014,0,0,1
v3_last_place_aversion_evidence_and_redistr,ee.18,2021,2021,1,1,1,0,0.5,0.5,0.5,1,2014,2014,0,0,2
v3_last_place_aversion_evidence_and_redistr,ee.18,2021,2021,1,1,1,0,0.625,0.75,0.5,0,2014,2014,0,0,2
v3_last_place_aversion_evidence_and_redistr,ee.18,2021,2021,1,1,1,0,0.625,0.75,0.5,1,2014,2014,0,0,1
v3_last_place_aversion_evidence_and_redistr,ee.18,2022,2022,1,1,0,0,,,,0,2014,2014,0,0,2
v3_last_place_aversion_evidence_and_redistr,ee.18,2022,2022,1,1,0,0,,,,1,2014,2014,0,0,1
v3_last_place_aversion_evidence_and_redistr,ee.18,2022,2022,1,1,1,0,0.0,0,0.0,0,2014,2014,0,0,1
v3_last_place_aversion_evidence_and_redistr,ee.18,2022,2022,1,1,1,0,0.0,0,0.0,1,2014,2014,0,0,1
v3_last_place_aversion_evidence_and_redistr,ee.18,2022,2022,1,1,1,0,0.125,0,0.25,1,2014,2014,0,0,2
v3_last_place_aversion_evidence_and_redistr,ee.18,2022,2022,1,1,1,0,0.25,0.25,0.25,1,2014,2014,0,0,2
v3_last_place_aversion_evidence_and_redistr,ee.18,2022,2022,1,1,1,0,0.375,0.25,0.5,0,2014,2014,0,0,1
v3_last_place_aversion_evidence_and_redistr,ee.18,2022,2022,1,1,1,0,0.375,0.25,0.5,1,2014,2014,0,0,1
v3_last_place_aversion_evidence_and_redistr,ee.18,2022,2022,1,1,1,0,0.5,0.5,0.5,0,2014,2014,0,0,2
v3_last_place_aversion_evidence_and_redistr,ee.18,2022,2022,1,1,1,0,0.5,0.5,0.5,1,2014,2014,0,0,4
v3_last_place_aversion_evidence_and_redistr,ee.18,2022,2022,1,1,1,0,0.625,0.75,0.5,0,2014,2014,0,0,2
v3_last_place_aversion_evidence_and_redistr,ee.18,2022,2022,1,1,1,0,0.75,0.75,0.75,1,2014,2014,0,0,2
v3_last_place_aversion_evidence_and_redistr,ee.18,2022,2022,1,1,1,0,0.875,1,0.75,1,2014,2014,0,0,1
v3_last_place_aversion_evidence_and_redistr,ee.18,2023,2023,1,1,0,0,,,,1,2014,2014,0,0,2
v3_last_place_aversion_evidence_and_redistr,ee.18,2023,2023,1,1,1,0,0.0,0,0.0,1,2014,2014,0,0,1
v3_last_place_aversion_evidence_and_redistr,ee.18,2023,2023,1,1,1,0,0.25,0.25,0.25,0,2014,2014,0,0,1
v3_last_place_aversion_evidence_and_redistr,ee.18,2023,2023,1,1,1,0,0.25,0.5,0.0,1,2014,2014,0,0,1
v3_last_place_aversion_evidence_and_redistr,ee.18,2023,2023,1,1,1,0,0.375,0.25,0.5,0,2014,2014,0,0,1
v3_last_place_aversion_evidence_and_redistr,ee.18,2023,2023,1,1,1,0,0.375,0.25,0.5,1,2014,2014,0,0,1
v3_last_place_aversion_evidence_and_redistr,ee.18,2023,2023,1,1,1,0,0.5,0.5,0.5,1,2014,2014,0,0,1
v3_last_place_aversion_evidence_and_redistr,ee.18,2023,2023,1,1,1,0,0.75,0.75,0.75,0,2014,2014,0,0,1
v3_last_place_aversion_evidence_and_redistr,ee.18,2023,2023,1,1,1,0,0.75,0.75,0.75,1,2014,2014,0,0,2
v3_last_place_aversion_evidence_and_redistr,ee.18,2024,2024,1,1,0,0,,,,0,2014,2014,0,0,2
v3_last_place_aversion_evidence_and_redistr,ee.18,2024,2024,1,1,0,0,,,,1,2014,2014,0,0,3
v3_last_place_aversion_evidence_and_redistr,ee.18,2024,2024,1,1,1,0,0.125,0,0.25,0,2014,2014,0,0,1
v3_last_place_aversion_evidence_and_redistr,ee.18,2024,2024,1,1,1,0,0.125,0,0.25,1,2014,2014,0,0,1
v3_last_place_aversion_evidence_and_redistr,ee.18,2024,2024,1,1,1,0,0.25,0.25,0.25,1,2014,2014,0,0,2
v3_last_place_aversion_evidence_and_redistr,ee.18,2024,2024,1,1,1,0,0.375,0.25,0.5,0,2014,2014,0,0,1
v3_last_place_aversion_evidence_and_redistr,ee.18,2024,2024,1,1,1,0,0.375,0.25,0.5,1,2014,2014,0,0,1
v3_last_place_aversion_evidence_and_redistr,ee.18,2024,2024,1,1,1,0,0.375,0.5,0.25,1,2014,2014,0,0,1
v3_last_place_aversion_evidence_and_redistr,ee.18,2024,2024,1,1,1,0,0.5,0.5,0.5,1,2014,2014,0,0,1
v3_last_place_aversion_evidence_and_redistr,ee.18,2024,2024,1,1,1,0,0.625,0.5,0.75,1,2014,2014,0,0,1
v3_last_place_aversion_evidence_and_redistr,ee.18,2024,2024,1,1,1,0,0.625,0.75,0.5,0,2014,2014,0,0,1
v3_last_place_aversion_evidence_and_redistr,ee.18,2024,2024,1,1,1,0,0.625,0.75,0.5,1,2014,2014,0,0,1
v3_last_place_aversion_evidence_and_redistr,ee.18,2024,2024,1,1,1,0,0.875,0.75,1.0,1,2014,2014,0,0,1
v3_last_place_aversion_evidence_and_redistr,ee.18,2025,2025,1,1,0,0,,,,0,2014,2014,0,0,2
v3_last_place_aversion_evidence_and_redistr,ee.18,2025,2025,1,1,0,0,,,,1,2014,2014,0,0,4
v3_last_place_aversion_evidence_and_redistr,ee.18,2025,2025,1,1,1,0,0.0,0,0.0,0,2014,2014,0,0,1
v3_last_place_aversion_evidence_and_redistr,ee.18,2025,2025,1,1,1,0,0.125,0.25,0.0,1,2014,2014,0,0,1
v3_last_place_aversion_evidence_and_redistr,ee.18,2025,2025,1,1,1,0,0.25,0.25,0.25,0,2014,2014,0,0,2
v3_last_place_aversion_evidence_and_redistr,ee.18,2025,2025,1,1,1,0,0.25,0.25,0.25,1,2014,2014,0,0,2
v3_last_place_aversion_evidence_and_redistr,ee.18,2025,2025,1,1,1,0,0.375,0.5,0.25,1,2014,2014,0,0,1
v3_last_place_aversion_evidence_and_redistr,ee.18,2025,2025,1,1,1,0,0.5,0.5,0.5,1,2014,2014,0,0,5
v3_last_place_aversion_evidence_and_redistr,ee.18,2025,2025,1,1,1,0,0.625,0.75,0.5,1,2014,2014,0,0,1
v3_last_place_aversion_evidence_and_redistr,ee.18,2025,2025,1,1,1,0,1.0,1,1.0,1,2014,2014,0,0,1
v3_last_place_aversion_evidence_and_redistr,ee.18,2026,2026,1,1,1,0,0.5,0.5,0.5,1,2014,2014,0,0,1
v3_last_place_aversion_evidence_and_redistr,ee.18,2026,2026,1,1,1,0,0.625,0.75,0.5,1,2014,2014,0,0,1
v3_learning_correct_responses_and_errors_in,rpp.25,2009,2009,1,1,1,0,0.5,0.5,0.5,1,2008,2008,0,0,1
v3_learning_correct_responses_and_errors_in,rpp.25,2010,2010,1,1,1,0,0.125,0,0.25,1,2008,2008,0,0,1
v3_learning_correct_responses_and_errors_in,rpp.25,2010,2010,1,1,1,0,0.125,0.25,0.0,0,2008,2008,0,0,1
v3_learning_correct_responses_and_errors_in,rpp.25,2010,2010,1,1,1,0,0.25,0.25,0.25,0,2008,2008,0,0,1
v3_learning_correct_responses_and_errors_in,rpp.25,2012,2012,1,1,0,0,,,,0,2008,2008,0,0,1
v3_learning_correct_responses_and_errors_in,rpp.25,2012,2012,1,1,1,0,0.5,0.5,0.5,1,2008,2008,0,0,1
v3_learning_correct_responses_and_errors_in,rpp.25,2012,2012,1,1,1,0,0.625,0.5,0.75,0,2008,2008,0,0,1
v3_learning_correct_responses_and_errors_in,rpp.25,2015,2015,1,1,0,0,,,,1,2008,2008,0,0,3
v3_learning_correct_responses_and_errors_in,rpp.25,2015,2015,1,1,1,0,0.25,0.25,0.25,1,2008,2008,0,0,1
v3_learning_correct_responses_and_errors_in,rpp.25,2015,2015,1,1,1,0,0.5,0.5,0.5,1,2008,2008,0,0,3
v3_learning_correct_responses_and_errors_in,rpp.25,2015,2015,1,1,1,0,0.625,0.5,0.75,1,2008,2008,0,0,1
v3_learning_correct_responses_and_errors_in,rpp.25,2015,2015,1,1,1,0,0.75,0.75,0.75,1,2008,2008,0,0,1
v3_learning_correct_responses_and_errors_in,rpp.25,2017,2017,1,1,1,0,0.25,0.25,0.25,1,2008,2008,0,0,2
v3_learning_correct_responses_and_errors_in,rpp.25,2025,2025,1,1,1,0,0.875,0.75,1.0,1,2008,2008,0,0,1
v3_left_frontal_cortical_activation_and_spr,rpp.55,2008,2008,1,1,0,0,,,,0,2008,2008,0,0,1
v3_left_frontal_cortical_activation_and_spr,rpp.55,2008,2009,2,2,1,0,0.75,0.75,0.75,0,2008,2008,0,0,1
v3_left_frontal_cortical_activation_and_spr,rpp.55,2009,2009,1,1,0,0,,,,0,2008,2008,0,0,2
v3_left_frontal_cortical_activation_and_spr,rpp.55,2009,2009,1,1,0,0,,,,1,2008,2008,0,0,3
v3_left_frontal_cortical_activation_and_spr,rpp.55,2009,2009,1,1,1,0,0.5,0.5,0.5,1,2008,2008,0,0,1
v3_left_frontal_cortical_activation_and_spr,rpp.55,2009,2009,1,1,1,0,0.625,0.5,0.75,0,2008,2008,0,0,1
v3_left_frontal_cortical_activation_and_spr,rpp.55,2009,2009,1,1,1,0,0.75,1,0.5,0,2008,2008,0,0,1
v3_left_frontal_cortical_activation_and_spr,rpp.55,2009,2009,1,1,1,0,1.0,1,1.0,1,2008,2008,0,0,1
v3_left_frontal_cortical_activation_and_spr,rpp.55,2010,2010,1,1,0,0,,,,0,2008,2008,0,0,1
v3_left_frontal_cortical_activation_and_spr,rpp.55,2010,2010,1,1,0,0,,,,1,2008,2008,0,0,5
v3_left_frontal_cortical_activation_and_spr,rpp.55,2010,2010,1,1,1,0,0.375,0.25,0.5,1,2008,2008,0,0,1
v3_left_frontal_cortical_activation_and_spr,rpp.55,2010,2010,1,1,1,0,0.5,0.5,0.5,0,2008,2008,0,0,1
v3_left_frontal_cortical_activation_and_spr,rpp.55,2010,2010,1,1,1,0,0.5,0.5,0.5,1,2008,2008,0,0,1
v3_left_frontal_cortical_activation_and_spr,rpp.55,2010,2010,1,1,1,0,0.625,0.5,0.75,1,2008,2008,0,0,1
v3_left_frontal_cortical_activation_and_spr,rpp.55,2010,2010,1,1,1,0,0.75,0.75,0.75,0,2008,2008,0,0,1
v3_left_frontal_cortical_activation_and_spr,rpp.55,2011,2011,1,1,1,0,0.375,0.25,0.5,1,2008,2008,0,0,1
v3_left_frontal_cortical_activation_and_spr,rpp.55,2011,2011,1,1,1,0,0.5,0.5,0.5,0,2008,2008,0,0,1
v3_left_frontal_cortical_activation_and_spr,rpp.55,2012,2012,1,1,1,0,0.5,0.5,0.5,1,2008,2008,0,0,2
v3_left_frontal_cortical_activation_and_spr,rpp.55,2012,2012,1,1,1,0,0.625,0.75,0.5,1,2008,2008,0,0,2
v3_left_frontal_cortical_activation_and_spr,rpp.55,2012,2012,1,1,1,0,0.75,0.75,0.75,1,2008,2008,0,0,1
v3_left_frontal_cortical_activation_and_spr,rpp.55,2012,2012,1,1,1,0,1.0,1,1.0,1,2008,2008,0,0,1
v3_left_frontal_cortical_activation_and_spr,rpp.55,2013,2013,1,1,0,0,,,,1,2008,2008,0,0,1
v3_left_frontal_cortical_activation_and_spr,rpp.55,2013,2013,1,1,1,0,0.125,0,0.25,1,2008,2008,0,0,1
v3_left_frontal_cortical_activation_and_spr,rpp.55,2013,2013,1,1,1,0,0.5,0.5,0.5,1,2008,2008,0,0,2
v3_left_frontal_cortical_activation_and_spr,rpp.55,2013,2013,1,1,1,0,0.625,0.25,1.0,1,2008,2008,0,0,1
v3_left_frontal_cortical_activation_and_spr,rpp.55,2014,2014,1,1,1,0,0.5,0.5,0.5,1,2008,2008,0,0,2
v3_left_frontal_cortical_activation_and_spr,rpp.55,2014,2014,1,1,1,0,0.75,1,0.5,1,2008,2008,0,0,1
v3_left_frontal_cortical_activation_and_spr,rpp.55,2015,2015,1,1,0,0,,,,0,2008,2008,0,0,1
v3_left_frontal_cortical_activation_and_spr,rpp.55,2015,2015,1,1,0,0,,,,1,2008,2008,0,0,2
v3_left_frontal_cortical_activation_and_spr,rpp.55,2015,2015,1,1,1,0,0.25,0.25,0.25,0,2008,2008,0,0,1
v3_left_frontal_cortical_activation_and_spr,rpp.55,2015,2015,1,1,1,0,0.5,0.5,0.5,1,2008,2008,0,0,1
v3_left_frontal_cortical_activation_and_spr,rpp.55,2015,2015,1,1,1,0,0.75,0.75,0.75,1,2008,2008,0,0,1
v3_left_frontal_cortical_activation_and_spr,rpp.55,2016,2016,1,1,0,0,,,,0,2008,2008,0,0,2
v3_left_frontal_cortical_activation_and_spr,rpp.55,2016,2016,1,1,0,0,,,,1,2008,2008,0,0,1
v3_left_frontal_cortical_activation_and_spr,rpp.55,2016,2016,1,1,1,0,0.25,0.25,0.25,1,2008,2008,0,0,2
v3_left_frontal_cortical_activation_and_spr,rpp.55,2016,2016,1,1,1,0,0.5,0.5,0.5,0,2008,2008,0,0,3
v3_left_frontal_cortical_activation_and_spr,rpp.55,2016,2016,1,1,1,0,0.5,0.5,0.5,1,2008,2008,0,0,1
v3_left_frontal_cortical_activation_and_spr,rpp.55,2016,2016,1,1,1,0,0.75,0.75,0.75,1,2008,2008,0,0,1
v3_left_frontal_cortical_activation_and_spr,rpp.55,2017,2017,1,1,0,0,,,,1,2008,2008,0,0,2
v3_left_frontal_cortical_activation_and_spr,rpp.55,2017,2017,1,1,1,0,0.5,0.5,0.5,0,2008,2008,0,0,1
v3_left_frontal_cortical_activation_and_spr,rpp.55,2017,2017,1,1,1,0,0.5,0.5,0.5,1,2008,2008,0,0,2
v3_left_frontal_cortical_activation_and_spr,rpp.55,2018,2018,1,1,0,0,,,,0,2008,2008,0,0,2
v3_left_frontal_cortical_activation_and_spr,rpp.55,2018,2018,1,1,1,0,0.25,0.25,0.25,0,2008,2008,0,0,1
v3_left_frontal_cortical_activation_and_spr,rpp.55,2018,2018,1,1,1,0,0.25,0.25,0.25,1,2008,2008,0,0,1
v3_left_frontal_cortical_activation_and_spr,rpp.55,2018,2018,1,1,1,0,0.5,0.5,0.5,1,2008,2008,0,0,1
v3_left_frontal_cortical_activation_and_spr,rpp.55,2018,2018,1,1,1,0,0.625,0.5,0.75,0,2008,2008,0,0,1
v3_left_frontal_cortical_activation_and_spr,rpp.55,2018,2018,1,1,1,0,0.75,0.75,0.75,1,2008,2008,0,0,1
v3_left_frontal_cortical_activation_and_spr,rpp.55,2019,2019,1,1,0,0,,,,0,2008,2008,0,0,1
v3_left_frontal_cortical_activation_and_spr,rpp.55,2019,2019,1,1,0,0,,,,1,2008,2008,0,0,3
v3_left_frontal_cortical_activation_and_spr,rpp.55,2019,2019,1,1,1,0,0.5,0.5,0.5,1,2008,2008,0,0,1
v3_left_frontal_cortical_activation_and_spr,rpp.55,2019,2019,1,1,1,0,0.5,0.75,0.25,1,2008,2008,0,0,1
v3_left_frontal_cortical_activation_and_spr,rpp.55,2019,2019,1,1,1,0,0.625,0.5,0.75,0,2008,2008,0,0,1
v3_left_frontal_cortical_activation_and_spr,rpp.55,2019,2019,1,1,1,0,0.75,0.75,0.75,1,2008,2008,0,0,1
v3_left_frontal_cortical_activation_and_spr,rpp.55,2019,2019,1,1,1,0,1.0,1,1.0,1,2008,2008,0,0,1
v3_left_frontal_cortical_activation_and_spr,rpp.55,2020,2020,1,1,0,0,,,,0,2008,2008,0,0,4
v3_left_frontal_cortical_activation_and_spr,rpp.55,2020,2020,1,1,0,0,,,,1,2008,2008,0,0,2
v3_left_frontal_cortical_activation_and_spr,rpp.55,2020,2020,1,1,1,0,0.625,0.75,0.5,0,2008,2008,0,0,1
v3_left_frontal_cortical_activation_and_spr,rpp.55,2021,2021,1,1,1,0,0.75,1,0.5,0,2008,2008,0,0,1
v3_left_frontal_cortical_activation_and_spr,rpp.55,2021,2021,1,1,1,0,0.875,0.75,1.0,0,2008,2008,0,0,1
v3_left_frontal_cortical_activation_and_spr,rpp.55,2022,2022,1,1,0,0,,,,0,2008,2008,0,0,1
v3_left_frontal_cortical_activation_and_spr,rpp.55,2022,2022,1,1,0,0,,,,1,2008,2008,0,0,1
v3_left_frontal_cortical_activation_and_spr,rpp.55,2022,2022,1,1,1,0,0.375,0.25,0.5,1,2008,2008,0,0,1
v3_left_frontal_cortical_activation_and_spr,rpp.55,2022,2022,1,1,1,0,0.5,0.5,0.5,0,2008,2008,0,0,1
v3_left_frontal_cortical_activation_and_spr,rpp.55,2022,2022,1,1,1,0,0.75,0.75,0.75,0,2008,2008,0,0,1
v3_left_frontal_cortical_activation_and_spr,rpp.55,2022,2022,1,1,1,0,0.875,1,0.75,1,2008,2008,0,0,1
v3_left_frontal_cortical_activation_and_spr,rpp.55,2023,2023,1,1,1,0,0.625,0.75,0.5,1,2008,2008,0,0,1
v3_left_frontal_cortical_activation_and_spr,rpp.55,2023,2023,1,1,1,0,0.875,0.75,1.0,1,2008,2008,0,0,1
v3_left_frontal_cortical_activation_and_spr,rpp.55,2024,2024,1,1,1,0,0.5,0.5,0.5,0,2008,2008,0,0,1
v3_left_frontal_cortical_activation_and_spr,rpp.55,2024,2024,1,1,1,0,0.5,0.5,0.5,1,2008,2008,0,0,1
v3_left_frontal_cortical_activation_and_spr,rpp.55,2024,2024,1,1,1,0,0.75,0.75,0.75,1,2008,2008,0,0,2
v3_left_frontal_cortical_activation_and_spr,rpp.55,2026,2026,1,1,0,0,,,,0,2008,2008,0,0,1
v3_left_frontal_cortical_activation_and_spr,rpp.55,2026,2026,1,1,0,0,,,,1,2008,2008,0,0,1
v3_left_frontal_cortical_activation_and_spr,rpp.55,2026,2026,1,1,1,0,0.5,0.5,0.5,0,2008,2008,0,0,1
v3_math_male_me_female_therefore_math_ne_me,ml1.15,2017,2017,1,1,0,0,,,,1,2002,2002,0,0,1
v3_math_male_me_female_therefore_math_ne_me,ml1.15,2017,2017,1,1,1,0,0.5,0.5,0.5,1,2002,2002,0,0,1
v3_math_male_me_female_therefore_math_ne_me,ml1.15,2017,2017,1,1,1,0,0.625,0.5,0.75,1,2002,2002,0,0,1
v3_math_male_me_female_therefore_math_ne_me,ml1.15,2017,2017,1,1,1,0,1.0,1,1.0,1,2002,2002,0,0,1
v3_math_male_me_female_therefore_math_ne_me,ml1.15,2018,2018,1,1,0,0,,,,0,2002,2002,0,0,3
v3_math_male_me_female_therefore_math_ne_me,ml1.15,2018,2018,1,1,0,0,,,,1,2002,2002,0,0,2
v3_math_male_me_female_therefore_math_ne_me,ml1.15,2018,2018,1,1,1,0,0.0,0,0.0,0,2002,2002,0,0,1
v3_math_male_me_female_therefore_math_ne_me,ml1.15,2018,2018,1,1,1,0,0.125,0.25,0.0,1,2002,2002,0,0,2
v3_math_male_me_female_therefore_math_ne_me,ml1.15,2018,2018,1,1,1,0,0.25,0,0.5,1,2002,2002,0,0,1
v3_math_male_me_female_therefore_math_ne_me,ml1.15,2018,2018,1,1,1,0,0.25,0.25,0.25,1,2002,2002,0,0,1
v3_math_male_me_female_therefore_math_ne_me,ml1.15,2018,2018,1,1,1,0,0.375,0.25,0.5,1,2002,2002,0,0,1
v3_math_male_me_female_therefore_math_ne_me,ml1.15,2018,2018,1,1,1,0,0.375,0.5,0.25,1,2002,2002,0,0,1
v3_math_male_me_female_therefore_math_ne_me,ml1.15,2018,2018,1,1,1,0,0.5,0.5,0.5,0,2002,2002,0,0,2
v3_math_male_me_female_therefore_math_ne_me,ml1.15,2018,2018,1,1,1,0,0.5,0.5,0.5,1,2002,2002,0,0,2
v3_math_male_me_female_therefore_math_ne_me,ml1.15,2018,2018,1,1,1,0,0.625,0.75,0.5,0,2002,2002,0,0,1
v3_math_male_me_female_therefore_math_ne_me,ml1.15,2018,2018,1,1,1,0,0.75,0.75,0.75,1,2002,2002,0,0,2
v3_math_male_me_female_therefore_math_ne_me,ml1.15,2019,2019,1,1,0,0,,,,0,2002,2002,0,0,3
v3_math_male_me_female_therefore_math_ne_me,ml1.15,2019,2019,1,1,0,0,,,,1,2002,2002,0,0,5
v3_math_male_me_female_therefore_math_ne_me,ml1.15,2019,2019,1,1,1,0,0.25,0.25,0.25,0,2002,2002,0,0,1
v3_math_male_me_female_therefore_math_ne_me,ml1.15,2019,2019,1,1,1,0,0.25,0.25,0.25,1,2002,2002,0,0,1
v3_math_male_me_female_therefore_math_ne_me,ml1.15,2019,2019,1,1,1,0,0.5,0.25,0.75,1,2002,2002,0,0,1
v3_math_male_me_female_therefore_math_ne_me,ml1.15,2019,2019,1,1,1,0,0.5,0.5,0.5,1,2002,2002,0,0,3
v3_math_male_me_female_therefore_math_ne_me,ml1.15,2019,2019,1,1,1,0,0.625,0.75,0.5,1,2002,2002,0,0,1
v3_math_male_me_female_therefore_math_ne_me,ml1.15,2019,2019,1,1,1,0,0.75,0.75,0.75,0,2002,2002,0,0,1
v3_math_male_me_female_therefore_math_ne_me,ml1.15,2019,2019,1,1,1,0,0.75,0.75,0.75,1,2002,2002,0,0,1
v3_math_male_me_female_therefore_math_ne_me,ml1.15,2019,2019,1,1,1,0,0.875,0.75,1.0,1,2002,2002,0,0,1
v3_math_male_me_female_therefore_math_ne_me,ml1.15,2020,2020,1,1,0,0,,,,0,2002,2002,0,0,12
v3_math_male_me_female_therefore_math_ne_me,ml1.15,2020,2020,1,1,0,0,,,,1,2002,2002,0,0,3
v3_math_male_me_female_therefore_math_ne_me,ml1.15,2020,2020,1,1,1,0,0.25,0.25,0.25,1,2002,2002,0,0,1
v3_math_male_me_female_therefore_math_ne_me,ml1.15,2020,2020,1,1,1,0,0.5,0.5,0.5,0,2002,2002,0,0,1
v3_math_male_me_female_therefore_math_ne_me,ml1.15,2020,2020,1,1,1,0,0.5,0.5,0.5,1,2002,2002,0,0,4
v3_math_male_me_female_therefore_math_ne_me,ml1.15,2020,2020,1,1,1,0,0.625,0.5,0.75,1,2002,2002,0,0,2
v3_math_male_me_female_therefore_math_ne_me,ml1.15,2020,2020,1,1,1,0,0.625,0.75,0.5,0,2002,2002,0,0,1
v3_math_male_me_female_therefore_math_ne_me,ml1.15,2020,2020,1,1,1,0,0.75,0.75,0.75,0,2002,2002,0,0,1
v3_math_male_me_female_therefore_math_ne_me,ml1.15,2020,2020,1,1,1,0,0.75,0.75,0.75,1,2002,2002,0,0,1
v3_math_male_me_female_therefore_math_ne_me,ml1.15,2021,2021,1,1,0,0,,,,0,2002,2002,0,0,1
v3_math_male_me_female_therefore_math_ne_me,ml1.15,2021,2021,1,1,0,0,,,,1,2002,2002,0,0,1
v3_math_male_me_female_therefore_math_ne_me,ml1.15,2021,2021,1,1,1,0,0.5,0.5,0.5,1,2002,2002,0,0,2
v3_math_male_me_female_therefore_math_ne_me,ml1.15,2021,2021,1,1,1,0,0.625,0.75,0.5,1,2002,2002,0,0,3
v3_math_male_me_female_therefore_math_ne_me,ml1.15,2022,2022,1,1,0,0,,,,0,2002,2002,0,0,1
v3_math_male_me_female_therefore_math_ne_me,ml1.15,2022,2022,1,1,0,0,,,,1,2002,2002,0,0,3
v3_math_male_me_female_therefore_math_ne_me,ml1.15,2022,2022,1,1,1,0,0.375,0.25,0.5,0,2002,2002,0,0,1
v3_math_male_me_female_therefore_math_ne_me,ml1.15,2022,2022,1,1,1,0,0.5,0.5,0.5,0,2002,2002,0,0,1
v3_math_male_me_female_therefore_math_ne_me,ml1.15,2022,2022,1,1,1,0,0.5,0.5,0.5,1,2002,2002,0,0,1
v3_math_male_me_female_therefore_math_ne_me,ml1.15,2022,2022,1,1,1,0,0.625,0.75,0.5,1,2002,2002,0,0,1
v3_math_male_me_female_therefore_math_ne_me,ml1.15,2022,2022,1,1,1,0,0.75,0.75,0.75,1,2002,2002,0,0,2
v3_math_male_me_female_therefore_math_ne_me,ml1.15,2022,2022,1,1,1,0,0.875,0.75,1.0,1,2002,2002,0,0,2
v3_math_male_me_female_therefore_math_ne_me,ml1.15,2022,2022,1,1,1,0,1.0,1,1.0,1,2002,2002,0,0,3
v3_math_male_me_female_therefore_math_ne_me,ml1.15,2023,2023,1,1,0,0,,,,0,2002,2002,0,0,2
v3_math_male_me_female_therefore_math_ne_me,ml1.15,2023,2023,1,1,0,0,,,,1,2002,2002,0,0,4
v3_math_male_me_female_therefore_math_ne_me,ml1.15,2023,2023,1,1,1,0,0.125,0,0.25,1,2002,2002,0,0,1
v3_math_male_me_female_therefore_math_ne_me,ml1.15,2023,2023,1,1,1,0,0.25,0.25,0.25,1,2002,2002,0,0,1
v3_math_male_me_female_therefore_math_ne_me,ml1.15,2023,2023,1,1,1,0,0.375,0.25,0.5,1,2002,2002,0,0,3
v3_math_male_me_female_therefore_math_ne_me,ml1.15,2023,2023,1,1,1,0,0.375,0.5,0.25,0,2002,2002,0,0,1
v3_math_male_me_female_therefore_math_ne_me,ml1.15,2023,2023,1,1,1,0,0.5,0.25,0.75,0,2002,2002,0,0,1
v3_math_male_me_female_therefore_math_ne_me,ml1.15,2023,2023,1,1,1,0,0.5,0.5,0.5,0,2002,2002,0,0,1
v3_math_male_me_female_therefore_math_ne_me,ml1.15,2023,2023,1,1,1,0,0.5,0.5,0.5,1,2002,2002,0,0,5
v3_math_male_me_female_therefore_math_ne_me,ml1.15,2023,2023,1,1,1,0,0.625,0.5,0.75,1,2002,2002,0,0,1
v3_math_male_me_female_therefore_math_ne_me,ml1.15,2023,2023,1,1,1,0,0.625,0.75,0.5,1,2002,2002,0,0,1
v3_math_male_me_female_therefore_math_ne_me,ml1.15,2023,2023,1,1,1,0,0.75,0.5,1.0,1,2002,2002,0,0,1
v3_math_male_me_female_therefore_math_ne_me,ml1.15,2023,2023,1,1,1,0,0.75,0.75,0.75,0,2002,2002,0,0,1
v3_math_male_me_female_therefore_math_ne_me,ml1.15,2023,2023,1,1,1,0,0.75,0.75,0.75,1,2002,2002,0,0,2
v3_math_male_me_female_therefore_math_ne_me,ml1.15,2023,2023,1,1,1,0,0.875,0.75,1.0,1,2002,2002,0,0,1
v3_math_male_me_female_therefore_math_ne_me,ml1.15,2024,2024,1,1,0,0,,,,0,2002,2002,0,0,2
v3_math_male_me_female_therefore_math_ne_me,ml1.15,2024,2024,1,1,0,0,,,,1,2002,2002,0,0,8
v3_math_male_me_female_therefore_math_ne_me,ml1.15,2024,2024,1,1,1,0,0.0,0,0.0,1,2002,2002,0,0,1
v3_math_male_me_female_therefore_math_ne_me,ml1.15,2024,2024,1,1,1,0,0.125,0.25,0.0,1,2002,2002,0,0,1
v3_math_male_me_female_therefore_math_ne_me,ml1.15,2024,2024,1,1,1,0,0.25,0.25,0.25,1,2002,2002,0,0,4
v3_math_male_me_female_therefore_math_ne_me,ml1.15,2024,2024,1,1,1,0,0.375,0.25,0.5,1,2002,2002,0,0,1
v3_math_male_me_female_therefore_math_ne_me,ml1.15,2024,2024,1,1,1,0,0.375,0.75,0.0,1,2002,2002,0,0,1
v3_math_male_me_female_therefore_math_ne_me,ml1.15,2024,2024,1,1,1,0,0.5,0.5,0.5,1,2002,2002,0,0,4
v3_math_male_me_female_therefore_math_ne_me,ml1.15,2024,2024,1,1,1,0,0.625,0.75,0.5,1,2002,2002,0,0,2
v3_math_male_me_female_therefore_math_ne_me,ml1.15,2024,2024,1,1,1,0,0.75,0.75,0.75,0,2002,2002,0,0,1
v3_math_male_me_female_therefore_math_ne_me,ml1.15,2024,2024,1,1,1,0,0.75,0.75,0.75,1,2002,2002,0,0,3
v3_math_male_me_female_therefore_math_ne_me,ml1.15,2024,2024,1,1,1,0,0.875,1,0.75,1,2002,2002,0,0,1
v3_math_male_me_female_therefore_math_ne_me,ml1.15,2025,2025,1,1,0,0,,,,0,2002,2002,0,0,3
v3_math_male_me_female_therefore_math_ne_me,ml1.15,2025,2025,1,1,0,0,,,,1,2002,2002,0,0,3
v3_math_male_me_female_therefore_math_ne_me,ml1.15,2025,2025,1,1,1,0,0.125,0,0.25,1,2002,2002,0,0,1
v3_math_male_me_female_therefore_math_ne_me,ml1.15,2025,2025,1,1,1,0,0.25,0.25,0.25,1,2002,2002,0,0,1
v3_math_male_me_female_therefore_math_ne_me,ml1.15,2025,2025,1,1,1,0,0.375,0.25,0.5,1,2002,2002,0,0,2
v3_math_male_me_female_therefore_math_ne_me,ml1.15,2025,2025,1,1,1,0,0.5,0.5,0.5,0,2002,2002,0,0,1
v3_math_male_me_female_therefore_math_ne_me,ml1.15,2025,2025,1,1,1,0,0.5,0.5,0.5,1,2002,2002,0,0,3
v3_math_male_me_female_therefore_math_ne_me,ml1.15,2025,2025,1,1,1,0,0.625,0.25,1.0,0,2002,2002,0,0,1
v3_math_male_me_female_therefore_math_ne_me,ml1.15,2025,2025,1,1,1,0,0.625,0.5,0.75,0,2002,2002,0,0,1
v3_math_male_me_female_therefore_math_ne_me,ml1.15,2025,2025,1,1,1,0,0.625,0.5,0.75,1,2002,2002,0,0,2
v3_math_male_me_female_therefore_math_ne_me,ml1.15,2025,2025,1,1,1,0,0.625,0.75,0.5,1,2002,2002,0,0,2
v3_math_male_me_female_therefore_math_ne_me,ml1.15,2025,2025,1,1,1,0,0.75,0.5,1.0,1,2002,2002,0,0,1
v3_math_male_me_female_therefore_math_ne_me,ml1.15,2025,2025,1,1,1,0,0.75,0.75,0.75,1,2002,2002,0,0,1
v3_math_male_me_female_therefore_math_ne_me,ml1.15,2025,2025,1,1,1,0,0.75,1,0.5,1,2002,2002,0,0,1
v3_math_male_me_female_therefore_math_ne_me,ml1.15,2025,2025,1,1,1,0,0.875,0.75,1.0,1,2002,2002,0,0,1
v3_math_male_me_female_therefore_math_ne_me,ml1.15,2025,2025,1,1,1,0,1.0,1,1.0,0,2002,2002,0,0,1
v3_math_male_me_female_therefore_math_ne_me,ml1.15,2025,2025,1,1,1,0,1.0,1,1.0,1,2002,2002,0,0,2
v3_math_male_me_female_therefore_math_ne_me,ml1.15,2026,2026,1,1,0,0,,,,0,2002,2002,0,0,1
v3_math_male_me_female_therefore_math_ne_me,ml1.15,2026,2026,1,1,0,0,,,,1,2002,2002,0,0,1
v3_math_male_me_female_therefore_math_ne_me,ml1.15,2026,2026,1,1,1,0,0.25,0.25,0.25,1,2002,2002,0,0,2
v3_measures_of_anchoring_in_estimation_task,ml1.3,2015,2015,1,1,0,0,,,,1,1995,1995,0,0,2
v3_measures_of_anchoring_in_estimation_task,ml1.3,2015,2015,1,1,1,0,0.5,0.5,0.5,1,1995,1995,0,0,1
v3_measures_of_anchoring_in_estimation_task,ml1.3,2015,2015,1,1,1,0,1.0,1,1.0,0,1995,1995,0,0,1
v3_measures_of_anchoring_in_estimation_task,ml1.3,2016,2016,1,1,0,0,,,,0,1995,1995,0,0,3
v3_measures_of_anchoring_in_estimation_task,ml1.3,2016,2016,1,1,0,0,,,,1,1995,1995,0,0,14
v3_measures_of_anchoring_in_estimation_task,ml1.3,2016,2016,1,1,1,0,0.125,0,0.25,1,1995,1995,0,0,1
v3_measures_of_anchoring_in_estimation_task,ml1.3,2016,2016,1,1,1,0,0.125,0.25,0.0,1,1995,1995,0,0,1
v3_measures_of_anchoring_in_estimation_task,ml1.3,2016,2016,1,1,1,0,0.25,0.25,0.25,0,1995,1995,0,0,1
v3_measures_of_anchoring_in_estimation_task,ml1.3,2016,2016,1,1,1,0,0.25,0.25,0.25,1,1995,1995,0,0,1
v3_measures_of_anchoring_in_estimation_task,ml1.3,2016,2016,1,1,1,0,0.375,0.25,0.5,1,1995,1995,0,0,1
v3_measures_of_anchoring_in_estimation_task,ml1.3,2016,2016,1,1,1,0,0.625,0.5,0.75,1,1995,1995,0,0,1
v3_measures_of_anchoring_in_estimation_task,ml1.3,2016,2016,1,1,1,0,0.625,0.75,0.5,1,1995,1995,0,0,1
v3_measures_of_anchoring_in_estimation_task,ml1.3,2016,2016,1,1,1,0,0.75,0.75,0.75,0,1995,1995,0,0,1
v3_measures_of_anchoring_in_estimation_task,ml1.3,2017,2017,1,1,0,0,,,,0,1995,1995,0,0,5
v3_measures_of_anchoring_in_estimation_task,ml1.3,2017,2017,1,1,0,0,,,,1,1995,1995,0,0,14
v3_measures_of_anchoring_in_estimation_task,ml1.3,2017,2017,1,1,1,0,0.0,0,0.0,1,1995,1995,0,0,1
v3_measures_of_anchoring_in_estimation_task,ml1.3,2017,2017,1,1,1,0,0.125,0,0.25,1,1995,1995,0,0,1
v3_measures_of_anchoring_in_estimation_task,ml1.3,2017,2017,1,1,1,0,0.25,0,0.5,1,1995,1995,0,0,1
v3_measures_of_anchoring_in_estimation_task,ml1.3,2017,2017,1,1,1,0,0.25,0.25,0.25,1,1995,1995,0,0,2
v3_measures_of_anchoring_in_estimation_task,ml1.3,2017,2017,1,1,1,0,0.25,0.5,0.0,1,1995,1995,0,0,1
v3_measures_of_anchoring_in_estimation_task,ml1.3,2017,2017,1,1,1,0,0.375,0.25,0.5,1,1995,1995,0,0,1
v3_measures_of_anchoring_in_estimation_task,ml1.3,2017,2017,1,1,1,0,0.5,0.25,0.75,1,1995,1995,0,0,2
v3_measures_of_anchoring_in_estimation_task,ml1.3,2017,2017,1,1,1,0,0.5,0.5,0.5,0,1995,1995,0,0,1
v3_measures_of_anchoring_in_estimation_task,ml1.3,2017,2017,1,1,1,0,0.5,0.5,0.5,1,1995,1995,0,0,5
v3_measures_of_anchoring_in_estimation_task,ml1.3,2017,2017,1,1,1,0,0.625,0.75,0.5,1,1995,1995,0,0,3
v3_measures_of_anchoring_in_estimation_task,ml1.3,2017,2017,1,1,1,0,0.75,0.75,0.75,1,1995,1995,0,0,1
v3_measures_of_anchoring_in_estimation_task,ml1.3,2017,2017,1,1,1,0,0.875,0.75,1.0,1,1995,1995,0,0,3
v3_measures_of_anchoring_in_estimation_task,ml1.3,2017,2017,1,1,1,0,1.0,1,1.0,1,1995,1995,0,0,1
v3_measures_of_anchoring_in_estimation_task,ml1.3,2018,2018,1,1,0,0,,,,0,1995,1995,0,0,4
v3_measures_of_anchoring_in_estimation_task,ml1.3,2018,2018,1,1,0,0,,,,1,1995,1995,0,0,14
v3_measures_of_anchoring_in_estimation_task,ml1.3,2018,2018,1,1,1,0,0.125,0,0.25,1,1995,1995,0,0,1
v3_measures_of_anchoring_in_estimation_task,ml1.3,2018,2018,1,1,1,0,0.125,0.25,0.0,0,1995,1995,0,0,1
v3_measures_of_anchoring_in_estimation_task,ml1.3,2018,2018,1,1,1,0,0.125,0.25,0.0,1,1995,1995,0,0,1
v3_measures_of_anchoring_in_estimation_task,ml1.3,2018,2018,1,1,1,0,0.25,0.25,0.25,1,1995,1995,0,0,1
v3_measures_of_anchoring_in_estimation_task,ml1.3,2018,2018,1,1,1,0,0.375,0.25,0.5,1,1995,1995,0,0,3
v3_measures_of_anchoring_in_estimation_task,ml1.3,2018,2018,1,1,1,0,0.5,0.5,0.5,0,1995,1995,0,0,6
v3_measures_of_anchoring_in_estimation_task,ml1.3,2018,2018,1,1,1,0,0.5,0.5,0.5,1,1995,1995,0,0,5
v3_measures_of_anchoring_in_estimation_task,ml1.3,2018,2018,1,1,1,0,0.625,0.5,0.75,1,1995,1995,0,0,1
v3_measures_of_anchoring_in_estimation_task,ml1.3,2018,2018,1,1,1,0,0.625,0.75,0.5,1,1995,1995,0,0,1
v3_measures_of_anchoring_in_estimation_task,ml1.3,2018,2018,1,1,1,0,0.75,0.75,0.75,0,1995,1995,0,0,1
v3_measures_of_anchoring_in_estimation_task,ml1.3,2018,2018,1,1,1,0,0.75,0.75,0.75,1,1995,1995,0,0,2
v3_measures_of_anchoring_in_estimation_task,ml1.3,2018,2018,1,1,1,0,0.75,1,0.5,1,1995,1995,0,0,1
v3_measures_of_anchoring_in_estimation_task,ml1.3,2018,2018,1,1,1,0,0.875,0.75,1.0,1,1995,1995,0,0,2
v3_measures_of_anchoring_in_estimation_task,ml1.3,2018,2018,1,1,1,0,1.0,1,1.0,1,1995,1995,0,0,1
v3_measures_of_anchoring_in_estimation_task,ml1.3,2019,2019,1,1,1,0,0.25,0,0.5,1,1995,1995,0,0,1
v3_measures_of_anchoring_in_estimation_task,ml1.3,2019,2019,1,1,1,0,0.375,0.25,0.5,1,1995,1995,0,0,1
v3_measures_of_anchoring_in_estimation_task,ml1.3,2019,2019,1,1,1,0,0.5,0.5,0.5,1,1995,1995,0,0,4
v3_measures_of_anchoring_in_estimation_task,ml1.3,2022,2022,1,1,0,0,,,,0,1995,1995,0,0,1
v3_measures_of_anchoring_in_estimation_task,ml1.3,2022,2022,1,1,0,0,,,,1,1995,1995,0,0,3
v3_measures_of_anchoring_in_estimation_task,ml1.3,2022,2022,1,1,1,0,0.375,0.25,0.5,1,1995,1995,0,0,1
v3_measures_of_anchoring_in_estimation_task,ml1.3,2022,2022,1,1,1,0,0.5,0.25,0.75,1,1995,1995,0,0,1
v3_measures_of_anchoring_in_estimation_task,ml1.3,2022,2022,1,1,1,0,0.5,0.5,0.5,0,1995,1995,0,0,1
v3_measures_of_anchoring_in_estimation_task,ml1.3,2022,2022,1,1,1,0,0.5,0.5,0.5,1,1995,1995,0,0,2
v3_measures_of_anchoring_in_estimation_task,ml1.3,2022,2022,1,1,1,0,0.625,0.75,0.5,1,1995,1995,0,0,1
v3_measures_of_anchoring_in_estimation_task,ml1.3,2022,2022,1,1,1,0,0.75,0.75,0.75,0,1995,1995,0,0,1
v3_measures_of_anchoring_in_estimation_task,ml1.3,2022,2022,1,1,1,0,1.0,1,1.0,0,1995,1995,0,0,1
v3_measures_of_anchoring_in_estimation_task,ml1.3,2023,2023,1,1,0,0,,,,0,1995,1995,0,0,2
v3_measures_of_anchoring_in_estimation_task,ml1.3,2023,2023,1,1,0,0,,,,1,1995,1995,0,0,9
v3_measures_of_anchoring_in_estimation_task,ml1.3,2023,2023,1,1,1,0,0.5,0.5,0.5,0,1995,1995,0,0,1
v3_measures_of_anchoring_in_estimation_task,ml1.3,2023,2023,1,1,1,0,0.5,0.5,0.5,1,1995,1995,0,0,1
v3_measures_of_anchoring_in_estimation_task,ml1.3,2023,2023,1,1,1,0,0.5,0.75,0.25,1,1995,1995,0,0,1
v3_measures_of_anchoring_in_estimation_task,ml1.3,2023,2023,1,1,1,0,0.625,0.5,0.75,1,1995,1995,0,0,1
v3_measures_of_anchoring_in_estimation_task,ml1.3,2023,2023,1,1,1,0,0.625,0.75,0.5,1,1995,1995,0,0,1
v3_measures_of_anchoring_in_estimation_task,ml1.3,2023,2023,1,1,1,0,1.0,1,1.0,1,1995,1995,0,0,1
v3_measures_of_anchoring_in_estimation_task,ml1.3,2024,2024,1,1,0,0,,,,1,1995,1995,0,0,10
v3_measures_of_anchoring_in_estimation_task,ml1.3,2024,2024,1,1,1,0,0.25,0.25,0.25,1,1995,1995,0,0,1
v3_measures_of_anchoring_in_estimation_task,ml1.3,2024,2024,1,1,1,0,0.375,0.25,0.5,1,1995,1995,0,0,1
v3_measures_of_anchoring_in_estimation_task,ml1.3,2024,2024,1,1,1,0,0.625,0.5,0.75,1,1995,1995,0,0,1
v3_measures_of_anchoring_in_estimation_task,ml1.3,2025,2025,1,1,0,0,,,,0,1995,1995,0,0,3
v3_measures_of_anchoring_in_estimation_task,ml1.3,2025,2025,1,1,0,0,,,,1,1995,1995,0,0,11
v3_measures_of_anchoring_in_estimation_task,ml1.3,2025,2025,1,1,1,0,0.125,0.25,0.0,1,1995,1995,0,0,1
v3_measures_of_anchoring_in_estimation_task,ml1.3,2025,2025,1,1,1,0,0.5,0.5,0.5,1,1995,1995,0,0,2
v3_measures_of_anchoring_in_estimation_task,ml1.3,2025,2025,1,1,1,0,0.625,0.5,0.75,0,1995,1995,0,0,1
v3_measures_of_anchoring_in_estimation_task,ml1.3,2025,2025,1,1,1,0,0.75,0.75,0.75,0,1995,1995,0,0,1
v3_measures_of_anchoring_in_estimation_task,ml1.3,2025,2025,1,1,1,0,0.75,1,0.5,1,1995,1995,0,0,1
v3_measures_of_anchoring_in_estimation_task,ml1.3,2026,2026,1,1,0,0,,,,0,1995,1995,0,0,2
v3_measures_of_anchoring_in_estimation_task,ml1.3,2026,2026,1,1,0,0,,,,1,1995,1995,0,0,7
v3_measures_of_anchoring_in_estimation_task,ml1.3,2026,2026,1,1,1,0,0.625,0.5,0.75,1,1995,1995,0,0,1
v3_measures_of_anchoring_in_estimation_task,ml1.3,2026,2026,1,1,1,0,0.75,0.75,0.75,1,1995,1995,0,0,1
v3_measuring_the_crowd_within_probabilistic,rpp.116,2009,2009,1,1,1,0,0.375,0.25,0.5,1,2008,2008,0,0,1
v3_measuring_the_crowd_within_probabilistic,rpp.116,2010,2010,1,1,0,0,,,,0,2008,2008,0,0,1
v3_measuring_the_crowd_within_probabilistic,rpp.116,2010,2010,1,1,0,0,,,,1,2008,2008,0,0,2
v3_measuring_the_crowd_within_probabilistic,rpp.116,2010,2010,1,1,1,0,0.5,0.5,0.5,1,2008,2008,0,0,1
v3_measuring_the_crowd_within_probabilistic,rpp.116,2011,2011,1,1,0,0,,,,0,2008,2008,0,0,2
v3_measuring_the_crowd_within_probabilistic,rpp.116,2011,2011,1,1,0,0,,,,1,2008,2008,0,0,7
v3_measuring_the_crowd_within_probabilistic,rpp.116,2011,2011,1,1,1,0,0.25,0.25,0.25,1,2008,2008,0,0,1
v3_measuring_the_crowd_within_probabilistic,rpp.116,2011,2011,1,1,1,0,0.5,0.5,0.5,1,2008,2008,0,0,2
v3_measuring_the_crowd_within_probabilistic,rpp.116,2011,2011,1,1,1,0,0.625,0.75,0.5,0,2008,2008,0,0,1
v3_measuring_the_crowd_within_probabilistic,rpp.116,2011,2011,1,1,1,0,0.75,0.75,0.75,1,2008,2008,0,0,1
v3_measuring_the_crowd_within_probabilistic,rpp.116,2012,2012,1,1,0,0,,,,0,2008,2008,0,0,2
v3_measuring_the_crowd_within_probabilistic,rpp.116,2012,2012,1,1,0,0,,,,1,2008,2008,0,0,1
v3_measuring_the_crowd_within_probabilistic,rpp.116,2012,2012,1,1,1,0,0.25,0.25,0.25,1,2008,2008,0,0,2
v3_measuring_the_crowd_within_probabilistic,rpp.116,2012,2012,1,1,1,0,0.625,0.5,0.75,1,2008,2008,0,0,2
v3_measuring_the_crowd_within_probabilistic,rpp.116,2013,2013,1,1,0,0,,,,0,2008,2008,0,0,4
v3_measuring_the_crowd_within_probabilistic,rpp.116,2013,2013,1,1,0,0,,,,1,2008,2008,0,0,11
v3_measuring_the_crowd_within_probabilistic,rpp.116,2013,2013,1,1,1,0,0.375,0.5,0.25,1,2008,2008,0,0,1
v3_measuring_the_crowd_within_probabilistic,rpp.116,2013,2013,1,1,1,0,0.5,0.25,0.75,1,2008,2008,0,0,1
v3_measuring_the_crowd_within_probabilistic,rpp.116,2013,2013,1,1,1,0,0.5,0.5,0.5,0,2008,2008,0,0,2
v3_measuring_the_crowd_within_probabilistic,rpp.116,2013,2013,1,1,1,0,0.5,0.5,0.5,1,2008,2008,0,0,4
v3_measuring_the_crowd_within_probabilistic,rpp.116,2013,2013,1,1,1,0,0.75,0.5,1.0,1,2008,2008,0,0,2
v3_measuring_the_crowd_within_probabilistic,rpp.116,2013,2013,1,1,1,0,0.75,0.75,0.75,1,2008,2008,0,0,1
v3_measuring_the_crowd_within_probabilistic,rpp.116,2013,2013,1,1,1,0,0.75,1,0.5,1,2008,2008,0,0,1
v3_measuring_the_crowd_within_probabilistic,rpp.116,2013,2013,1,1,1,0,0.875,0.75,1.0,1,2008,2008,0,0,1
v3_measuring_the_crowd_within_probabilistic,rpp.116,2014,2014,1,1,0,0,,,,0,2008,2008,0,0,4
v3_measuring_the_crowd_within_probabilistic,rpp.116,2014,2014,1,1,0,0,,,,1,2008,2008,0,0,4
v3_measuring_the_crowd_within_probabilistic,rpp.116,2014,2014,1,1,1,0,0.125,0,0.25,1,2008,2008,0,0,1
v3_measuring_the_crowd_within_probabilistic,rpp.116,2014,2014,1,1,1,0,0.25,0.25,0.25,1,2008,2008,0,0,2
v3_measuring_the_crowd_within_probabilistic,rpp.116,2014,2014,1,1,1,0,0.5,0.5,0.5,0,2008,2008,0,0,2
v3_measuring_the_crowd_within_probabilistic,rpp.116,2014,2014,1,1,1,0,0.5,0.5,0.5,1,2008,2008,0,0,2
v3_measuring_the_crowd_within_probabilistic,rpp.116,2014,2014,1,1,1,0,0.625,0.5,0.75,1,2008,2008,0,0,1
v3_measuring_the_crowd_within_probabilistic,rpp.116,2015,2015,1,1,0,0,,,,0,2008,2008,0,0,3
v3_measuring_the_crowd_within_probabilistic,rpp.116,2015,2015,1,1,0,0,,,,1,2008,2008,0,0,2
v3_measuring_the_crowd_within_probabilistic,rpp.116,2015,2015,1,1,1,0,0.25,0.25,0.25,0,2008,2008,0,0,1
v3_measuring_the_crowd_within_probabilistic,rpp.116,2015,2015,1,1,1,0,0.375,0.25,0.5,0,2008,2008,0,0,1
v3_measuring_the_crowd_within_probabilistic,rpp.116,2015,2015,1,1,1,0,0.5,0.5,0.5,0,2008,2008,0,0,2
v3_measuring_the_crowd_within_probabilistic,rpp.116,2015,2015,1,1,1,0,0.5,0.75,0.25,0,2008,2008,0,0,1
v3_measuring_the_crowd_within_probabilistic,rpp.116,2015,2015,1,1,1,0,0.625,0.5,0.75,1,2008,2008,0,0,2
v3_measuring_the_crowd_within_probabilistic,rpp.116,2015,2015,1,1,1,0,0.625,0.75,0.5,0,2008,2008,0,0,1
v3_measuring_the_crowd_within_probabilistic,rpp.116,2015,2015,1,1,1,0,0.75,0.75,0.75,1,2008,2008,0,0,1
v3_measuring_the_crowd_within_probabilistic,rpp.116,2016,2016,1,1,0,0,,,,0,2008,2008,0,0,3
v3_measuring_the_crowd_within_probabilistic,rpp.116,2016,2016,1,1,0,0,,,,1,2008,2008,0,0,2
v3_measuring_the_crowd_within_probabilistic,rpp.116,2016,2016,1,1,1,0,0.75,0.75,0.75,1,2008,2008,0,0,1
v3_measuring_the_crowd_within_probabilistic,rpp.116,2017,2017,1,1,0,0,,,,0,2008,2008,0,0,5
v3_measuring_the_crowd_within_probabilistic,rpp.116,2017,2017,1,1,0,0,,,,1,2008,2008,0,0,8
v3_measuring_the_crowd_within_probabilistic,rpp.116,2017,2017,1,1,1,0,0.125,0,0.25,1,2008,2008,0,0,1
v3_measuring_the_crowd_within_probabilistic,rpp.116,2017,2017,1,1,1,0,0.25,0.25,0.25,1,2008,2008,0,0,1
v3_measuring_the_crowd_within_probabilistic,rpp.116,2017,2017,1,1,1,0,0.5,0.5,0.5,0,2008,2008,0,0,3
v3_measuring_the_crowd_within_probabilistic,rpp.116,2017,2017,1,1,1,0,0.5,0.5,0.5,1,2008,2008,0,0,2
v3_measuring_the_crowd_within_probabilistic,rpp.116,2017,2017,1,1,1,0,0.625,0.5,0.75,1,2008,2008,0,0,1
v3_measuring_the_crowd_within_probabilistic,rpp.116,2017,2017,1,1,1,0,0.75,0.75,0.75,1,2008,2008,0,0,1
v3_measuring_the_crowd_within_probabilistic,rpp.116,2017,2017,1,1,1,0,0.75,1,0.5,1,2008,2008,0,0,1
v3_measuring_the_crowd_within_probabilistic,rpp.116,2017,2017,1,1,1,0,0.875,0.75,1.0,0,2008,2008,0,0,1
v3_measuring_the_crowd_within_probabilistic,rpp.116,2017,2017,1,1,1,0,0.875,1,0.75,1,2008,2008,0,0,1
v3_measuring_the_crowd_within_probabilistic,rpp.116,2018,2018,1,1,0,0,,,,0,2008,2008,0,0,5
v3_measuring_the_crowd_within_probabilistic,rpp.116,2018,2018,1,1,0,0,,,,1,2008,2008,0,0,3
v3_measuring_the_crowd_within_probabilistic,rpp.116,2018,2018,1,1,1,0,0.25,0.25,0.25,0,2008,2008,0,0,1
v3_measuring_the_crowd_within_probabilistic,rpp.116,2018,2018,1,1,1,0,0.375,0.5,0.25,1,2008,2008,0,0,1
v3_measuring_the_crowd_within_probabilistic,rpp.116,2019,2019,1,1,0,0,,,,0,2008,2008,0,0,1
v3_measuring_the_crowd_within_probabilistic,rpp.116,2019,2019,1,1,0,0,,,,1,2008,2008,0,0,2
v3_measuring_the_crowd_within_probabilistic,rpp.116,2019,2019,1,1,1,0,0.125,0,0.25,1,2008,2008,0,0,1
v3_measuring_the_crowd_within_probabilistic,rpp.116,2019,2019,1,1,1,0,0.25,0.25,0.25,0,2008,2008,0,0,1
v3_measuring_the_crowd_within_probabilistic,rpp.116,2019,2019,1,1,1,0,0.25,0.25,0.25,1,2008,2008,0,0,1
v3_measuring_the_crowd_within_probabilistic,rpp.116,2019,2019,1,1,1,0,0.5,0.5,0.5,1,2008,2008,0,0,1
v3_measuring_the_crowd_within_probabilistic,rpp.116,2019,2019,1,1,1,0,0.75,0.75,0.75,1,2008,2008,0,0,1
v3_measuring_the_crowd_within_probabilistic,rpp.116,2019,2019,1,1,1,0,0.75,1,0.5,1,2008,2008,0,0,1
v3_measuring_the_crowd_within_probabilistic,rpp.116,2020,2020,1,1,0,0,,,,1,2008,2008,0,0,4
v3_measuring_the_crowd_within_probabilistic,rpp.116,2020,2020,1,1,1,0,0.125,0.25,0.0,1,2008,2008,0,0,1
v3_measuring_the_crowd_within_probabilistic,rpp.116,2020,2020,1,1,1,0,0.375,0.25,0.5,0,2008,2008,0,0,1
v3_measuring_the_crowd_within_probabilistic,rpp.116,2020,2020,1,1,1,0,0.5,0.5,0.5,1,2008,2008,0,0,1
v3_measuring_the_crowd_within_probabilistic,rpp.116,2020,2020,1,1,1,0,0.625,0.5,0.75,1,2008,2008,0,0,1
v3_measuring_the_crowd_within_probabilistic,rpp.116,2020,2020,1,1,1,0,0.625,0.75,0.5,0,2008,2008,0,0,1
v3_measuring_the_crowd_within_probabilistic,rpp.116,2021,2021,1,1,0,0,,,,0,2008,2008,0,0,1
v3_measuring_the_crowd_within_probabilistic,rpp.116,2021,2021,1,1,0,0,,,,1,2008,2008,0,0,3
v3_measuring_the_crowd_within_probabilistic,rpp.116,2021,2021,1,1,1,0,0.25,0.25,0.25,1,2008,2008,0,0,1
v3_measuring_the_crowd_within_probabilistic,rpp.116,2021,2021,1,1,1,0,0.5,0.5,0.5,0,2008,2008,0,0,2
v3_measuring_the_crowd_within_probabilistic,rpp.116,2021,2021,1,1,1,0,0.5,0.5,0.5,1,2008,2008,0,0,1
v3_measuring_the_crowd_within_probabilistic,rpp.116,2021,2021,1,1,1,0,0.625,0.75,0.5,1,2008,2008,0,0,1
v3_measuring_the_crowd_within_probabilistic,rpp.116,2021,2021,1,1,1,0,0.75,0.75,0.75,0,2008,2008,0,0,1
v3_measuring_the_crowd_within_probabilistic,rpp.116,2022,2022,1,1,0,0,,,,0,2008,2008,0,0,4
v3_measuring_the_crowd_within_probabilistic,rpp.116,2022,2022,1,1,0,0,,,,1,2008,2008,0,0,6
v3_measuring_the_crowd_within_probabilistic,rpp.116,2022,2022,1,1,1,0,0.125,0,0.25,1,2008,2008,0,0,1
v3_measuring_the_crowd_within_probabilistic,rpp.116,2022,2022,1,1,1,0,0.25,0.25,0.25,1,2008,2008,0,0,3
v3_measuring_the_crowd_within_probabilistic,rpp.116,2022,2022,1,1,1,0,0.5,0.5,0.5,1,2008,2008,0,0,1
v3_measuring_the_crowd_within_probabilistic,rpp.116,2022,2022,1,1,1,0,0.75,0.75,0.75,1,2008,2008,0,0,1
v3_measuring_the_crowd_within_probabilistic,rpp.116,2022,2022,1,1,1,0,1.0,1,1.0,1,2008,2008,0,0,1
v3_measuring_the_crowd_within_probabilistic,rpp.116,2023,2023,1,1,0,0,,,,0,2008,2008,0,0,2
v3_measuring_the_crowd_within_probabilistic,rpp.116,2023,2023,1,1,0,0,,,,1,2008,2008,0,0,5
v3_measuring_the_crowd_within_probabilistic,rpp.116,2023,2023,1,1,1,0,0.125,0,0.25,1,2008,2008,0,0,1
v3_measuring_the_crowd_within_probabilistic,rpp.116,2023,2023,1,1,1,0,0.25,0.25,0.25,1,2008,2008,0,0,1
v3_measuring_the_crowd_within_probabilistic,rpp.116,2023,2023,1,1,1,0,0.375,0.25,0.5,1,2008,2008,0,0,1
v3_measuring_the_crowd_within_probabilistic,rpp.116,2023,2023,1,1,1,0,0.5,0.5,0.5,1,2008,2008,0,0,1
v3_measuring_the_crowd_within_probabilistic,rpp.116,2024,2024,1,1,0,0,,,,0,2008,2008,0,0,1
v3_measuring_the_crowd_within_probabilistic,rpp.116,2024,2024,1,1,0,0,,,,1,2008,2008,0,0,1
v3_measuring_the_crowd_within_probabilistic,rpp.116,2024,2024,1,1,1,0,0.0,0,0.0,0,2008,2008,0,0,1
v3_measuring_the_crowd_within_probabilistic,rpp.116,2024,2024,1,1,1,0,0.375,0.5,0.25,0,2008,2008,0,0,1
v3_measuring_the_crowd_within_probabilistic,rpp.116,2024,2024,1,1,1,0,0.375,0.5,0.25,1,2008,2008,0,0,1
v3_measuring_the_crowd_within_probabilistic,rpp.116,2024,2024,1,1,1,0,0.5,0.5,0.5,1,2008,2008,0,0,2
v3_measuring_the_crowd_within_probabilistic,rpp.116,2024,2024,1,1,1,0,0.625,0.5,0.75,1,2008,2008,0,0,1
v3_measuring_the_crowd_within_probabilistic,rpp.116,2024,2024,1,1,1,0,0.75,0.75,0.75,1,2008,2008,0,0,2
v3_measuring_the_crowd_within_probabilistic,rpp.116,2025,2025,1,1,0,0,,,,0,2008,2008,0,0,1
v3_measuring_the_crowd_within_probabilistic,rpp.116,2025,2025,1,1,0,0,,,,1,2008,2008,0,0,8
v3_measuring_the_crowd_within_probabilistic,rpp.116,2025,2025,1,1,1,0,0.5,0.5,0.5,0,2008,2008,0,0,2
v3_measuring_the_crowd_within_probabilistic,rpp.116,2025,2025,1,1,1,0,0.75,0.75,0.75,1,2008,2008,0,0,1
v3_measuring_the_crowd_within_probabilistic,rpp.116,2026,2026,1,1,0,0,,,,1,2008,2008,0,0,1
v3_mere_exposure_to_money_increases_endorse,ml1.13,2014,2014,1,1,0,0,,,,0,2013,2013,0,0,2
v3_mere_exposure_to_money_increases_endorse,ml1.13,2014,2014,1,1,1,0,0.5,0.5,0.5,0,2013,2013,0,0,2
v3_mere_exposure_to_money_increases_endorse,ml1.13,2014,2014,1,1,1,0,0.625,0.75,0.5,1,2013,2013,0,0,1
v3_mere_exposure_to_money_increases_endorse,ml1.13,2014,2014,1,1,1,0,0.625,1,0.25,0,2013,2013,0,0,1
v3_mere_exposure_to_money_increases_endorse,ml1.13,2014,2014,1,1,1,0,0.875,0.75,1.0,1,2013,2013,0,0,2
v3_mere_exposure_to_money_increases_endorse,ml1.13,2014,2015,2,2,1,0,0.75,0.75,0.75,0,2013,2013,0,0,1
v3_mere_exposure_to_money_increases_endorse,ml1.13,2014,2022,2,2,0,0,,,,0,2013,2013,0,0,1
v3_mere_exposure_to_money_increases_endorse,ml1.13,2015,2015,1,1,0,0,,,,0,2013,2013,0,0,6
v3_mere_exposure_to_money_increases_endorse,ml1.13,2015,2015,1,1,0,0,,,,1,2013,2013,0,0,28
v3_mere_exposure_to_money_increases_endorse,ml1.13,2015,2015,1,1,1,0,0.125,0.25,0.0,1,2013,2013,0,0,1
v3_mere_exposure_to_money_increases_endorse,ml1.13,2015,2015,1,1,1,0,0.25,0.25,0.25,1,2013,2013,0,0,4
v3_mere_exposure_to_money_increases_endorse,ml1.13,2015,2015,1,1,1,0,0.5,0.5,0.5,1,2013,2013,0,0,7
v3_mere_exposure_to_money_increases_endorse,ml1.13,2015,2015,1,1,1,0,0.5,0.75,0.25,1,2013,2013,0,0,1
v3_mere_exposure_to_money_increases_endorse,ml1.13,2015,2015,1,1,1,0,0.625,0.5,0.75,1,2013,2013,0,0,1
v3_mere_exposure_to_money_increases_endorse,ml1.13,2015,2015,1,1,1,0,0.625,0.75,0.5,0,2013,2013,0,0,1
v3_mere_exposure_to_money_increases_endorse,ml1.13,2015,2015,1,1,1,0,0.75,0.5,1.0,1,2013,2013,0,0,2
v3_mere_exposure_to_money_increases_endorse,ml1.13,2015,2015,1,1,1,0,0.75,0.75,0.75,1,2013,2013,0,0,2
v3_mere_exposure_to_money_increases_endorse,ml1.13,2015,2015,1,1,1,0,0.875,1,0.75,1,2013,2013,0,0,1
v3_mere_exposure_to_money_increases_endorse,ml1.13,2016,2016,1,1,0,0,,,,0,2013,2013,0,0,4
v3_mere_exposure_to_money_increases_endorse,ml1.13,2016,2016,1,1,0,0,,,,1,2013,2013,0,0,8
v3_mere_exposure_to_money_increases_endorse,ml1.13,2016,2016,1,1,1,0,0.0,0,0.0,1,2013,2013,0,0,1
v3_mere_exposure_to_money_increases_endorse,ml1.13,2016,2016,1,1,1,0,0.25,0.25,0.25,0,2013,2013,0,0,1
v3_mere_exposure_to_money_increases_endorse,ml1.13,2016,2016,1,1,1,0,0.25,0.25,0.25,1,2013,2013,0,0,4
v3_mere_exposure_to_money_increases_endorse,ml1.13,2016,2016,1,1,1,0,0.375,0.25,0.5,0,2013,2013,0,0,1
v3_mere_exposure_to_money_increases_endorse,ml1.13,2016,2016,1,1,1,0,0.5,0.5,0.5,1,2013,2013,0,0,1
v3_mere_exposure_to_money_increases_endorse,ml1.13,2016,2016,1,1,1,0,0.625,0.5,0.75,1,2013,2013,0,0,1
v3_mere_exposure_to_money_increases_endorse,ml1.13,2017,2017,1,1,0,0,,,,0,2013,2013,0,0,3
v3_mere_exposure_to_money_increases_endorse,ml1.13,2017,2017,1,1,0,0,,,,1,2013,2013,0,0,2
v3_mere_exposure_to_money_increases_endorse,ml1.13,2017,2017,1,1,1,0,0.25,0,0.5,1,2013,2013,0,0,1
v3_mere_exposure_to_money_increases_endorse,ml1.13,2017,2017,1,1,1,0,0.25,0.25,0.25,0,2013,2013,0,0,1
v3_mere_exposure_to_money_increases_endorse,ml1.13,2017,2017,1,1,1,0,0.25,0.25,0.25,1,2013,2013,0,0,2
v3_mere_exposure_to_money_increases_endorse,ml1.13,2017,2017,1,1,1,0,0.375,0.5,0.25,0,2013,2013,0,0,1
v3_mere_exposure_to_money_increases_endorse,ml1.13,2017,2017,1,1,1,0,0.375,0.5,0.25,1,2013,2013,0,0,1
v3_mere_exposure_to_money_increases_endorse,ml1.13,2017,2017,1,1,1,0,0.5,0.5,0.5,1,2013,2013,0,0,1
v3_mere_exposure_to_money_increases_endorse,ml1.13,2017,2017,1,1,1,0,0.625,0.25,1.0,1,2013,2013,0,0,1
v3_mere_exposure_to_money_increases_endorse,ml1.13,2017,2017,1,1,1,0,0.875,0.75,1.0,1,2013,2013,0,0,2
v3_mere_exposure_to_money_increases_endorse,ml1.13,2017,2017,1,1,1,0,1.0,1,1.0,0,2013,2013,0,0,1
v3_mere_exposure_to_money_increases_endorse,ml1.13,2018,2018,1,1,0,0,,,,0,2013,2013,0,0,1
v3_mere_exposure_to_money_increases_endorse,ml1.13,2018,2018,1,1,0,0,,,,1,2013,2013,0,0,1
v3_mere_exposure_to_money_increases_endorse,ml1.13,2018,2018,1,1,1,0,0.375,0.25,0.5,1,2013,2013,0,0,1
v3_mere_exposure_to_money_increases_endorse,ml1.13,2018,2018,1,1,1,0,0.5,0.5,0.5,0,2013,2013,0,0,1
v3_mere_exposure_to_money_increases_endorse,ml1.13,2018,2018,1,1,1,0,0.5,0.5,0.5,1,2013,2013,0,0,1
v3_mere_exposure_to_money_increases_endorse,ml1.13,2019,2019,1,1,0,0,,,,0,2013,2013,0,0,1
v3_mere_exposure_to_money_increases_endorse,ml1.13,2019,2019,1,1,0,0,,,,1,2013,2013,0,0,3
v3_mere_exposure_to_money_increases_endorse,ml1.13,2019,2019,1,1,1,0,0.25,0.25,0.25,0,2013,2013,0,0,2
v3_mere_exposure_to_money_increases_endorse,ml1.13,2019,2019,1,1,1,0,0.25,0.25,0.25,1,2013,2013,0,0,3
v3_mere_exposure_to_money_increases_endorse,ml1.13,2019,2019,1,1,1,0,0.375,0.25,0.5,0,2013,2013,0,0,1
v3_mere_exposure_to_money_increases_endorse,ml1.13,2019,2019,1,1,1,0,0.375,0.5,0.25,0,2013,2013,0,0,1
v3_mere_exposure_to_money_increases_endorse,ml1.13,2019,2019,1,1,1,0,0.5,0.5,0.5,1,2013,2013,0,0,1
v3_mere_exposure_to_money_increases_endorse,ml1.13,2019,2019,1,1,1,0,0.625,0.5,0.75,1,2013,2013,0,0,2
v3_mere_exposure_to_money_increases_endorse,ml1.13,2019,2019,1,1,1,0,0.75,0.75,0.75,1,2013,2013,0,0,1
v3_mere_exposure_to_money_increases_endorse,ml1.13,2019,2019,1,1,1,0,0.875,0.75,1.0,1,2013,2013,0,0,1
v3_mere_exposure_to_money_increases_endorse,ml1.13,2020,2020,1,1,0,0,,,,1,2013,2013,0,0,3
v3_mere_exposure_to_money_increases_endorse,ml1.13,2020,2020,1,1,1,0,0.25,0.25,0.25,0,2013,2013,0,0,1
v3_mere_exposure_to_money_increases_endorse,ml1.13,2020,2020,1,1,1,0,0.625,0.75,0.5,1,2013,2013,0,0,1
v3_mere_exposure_to_money_increases_endorse,ml1.13,2020,2020,1,1,1,0,0.75,1,0.5,1,2013,2013,0,0,1
v3_mere_exposure_to_money_increases_endorse,ml1.13,2021,2021,1,1,0,0,,,,1,2013,2013,0,0,1
v3_mere_exposure_to_money_increases_endorse,ml1.13,2021,2021,1,1,1,0,0.0,0,0.0,1,2013,2013,0,0,1
v3_mere_exposure_to_money_increases_endorse,ml1.13,2021,2021,1,1,1,0,0.125,0,0.25,1,2013,2013,0,0,1
v3_mere_exposure_to_money_increases_endorse,ml1.13,2021,2021,1,1,1,0,0.25,0.25,0.25,1,2013,2013,0,0,1
v3_mere_exposure_to_money_increases_endorse,ml1.13,2021,2021,1,1,1,0,0.375,0.25,0.5,1,2013,2013,0,0,1
v3_mere_exposure_to_money_increases_endorse,ml1.13,2022,2022,1,1,0,0,,,,1,2013,2013,0,0,2
v3_mere_exposure_to_money_increases_endorse,ml1.13,2022,2022,1,1,1,0,0.125,0,0.25,0,2013,2013,0,0,1
v3_mere_exposure_to_money_increases_endorse,ml1.13,2022,2022,1,1,1,0,0.125,0.25,0.0,1,2013,2013,0,0,1
v3_mere_exposure_to_money_increases_endorse,ml1.13,2022,2022,1,1,1,0,0.5,0.5,0.5,1,2013,2013,0,0,2
v3_mere_exposure_to_money_increases_endorse,ml1.13,2022,2022,1,1,1,0,0.625,0.5,0.75,0,2013,2013,0,0,2
v3_mere_exposure_to_money_increases_endorse,ml1.13,2022,2022,1,1,1,0,0.625,0.5,0.75,1,2013,2013,0,0,1
v3_mere_exposure_to_money_increases_endorse,ml1.13,2022,2022,1,1,1,0,0.75,0.75,0.75,1,2013,2013,0,0,1
v3_mere_exposure_to_money_increases_endorse,ml1.13,2023,2023,1,1,1,0,0.25,0.25,0.25,1,2013,2013,0,0,1
v3_mere_exposure_to_money_increases_endorse,ml1.13,2023,2023,1,1,1,0,0.5,0.5,0.5,1,2013,2013,0,0,2
v3_mere_exposure_to_money_increases_endorse,ml1.13,2023,2023,1,1,1,0,0.625,0.5,0.75,1,2013,2013,0,0,1
v3_mere_exposure_to_money_increases_endorse,ml1.13,2024,2024,1,1,0,0,,,,0,2013,2013,0,0,1
v3_mere_exposure_to_money_increases_endorse,ml1.13,2024,2024,1,1,0,0,,,,1,2013,2013,0,0,1
v3_mere_exposure_to_money_increases_endorse,ml1.13,2024,2024,1,1,1,0,0.5,0.5,0.5,1,2013,2013,0,0,1
v3_mere_exposure_to_money_increases_endorse,ml1.13,2025,2025,1,1,0,0,,,,0,2013,2013,0,0,1
v3_mere_exposure_to_money_increases_endorse,ml1.13,2025,2025,1,1,1,0,0.125,0,0.25,1,2013,2013,0,0,1
v3_mere_exposure_to_money_increases_endorse,ml1.13,2025,2025,1,1,1,0,0.25,0.25,0.25,0,2013,2013,0,0,2
v3_mere_exposure_to_money_increases_endorse,ml1.13,2025,2025,1,1,1,0,0.5,0.5,0.5,1,2013,2013,0,0,1
v3_mere_exposure_to_money_increases_endorse,ml1.13,2025,2025,1,1,1,0,0.625,0.5,0.75,0,2013,2013,0,0,1
v3_mere_exposure_to_money_increases_endorse,ml1.13,2025,2025,1,1,1,0,0.75,0.75,0.75,1,2013,2013,0,0,1
v3_mere_exposure_to_money_increases_endorse,ml1.13,2026,2026,1,1,1,0,0.375,0.25,0.5,1,2013,2013,0,0,1
v3_metaphoric_structuring_understanding_tim,ml3.9,2019,2019,1,1,0,0,,,,0,2000,2000,0,0,2
v3_metaphoric_structuring_understanding_tim,ml3.9,2019,2019,1,1,0,0,,,,1,2000,2000,0,0,9
v3_metaphoric_structuring_understanding_tim,ml3.9,2019,2019,1,1,1,0,0.125,0,0.25,1,2000,2000,0,0,1
v3_metaphoric_structuring_understanding_tim,ml3.9,2019,2019,1,1,1,0,0.25,0.25,0.25,1,2000,2000,0,0,3
v3_metaphoric_structuring_understanding_tim,ml3.9,2019,2019,1,1,1,0,0.5,0.5,0.5,1,2000,2000,0,0,5
v3_metaphoric_structuring_understanding_tim,ml3.9,2019,2019,1,1,1,0,0.625,0.25,1.0,1,2000,2000,0,0,1
v3_metaphoric_structuring_understanding_tim,ml3.9,2019,2019,1,1,1,0,0.625,0.5,0.75,0,2000,2000,0,0,2
v3_metaphoric_structuring_understanding_tim,ml3.9,2019,2019,1,1,1,0,0.625,0.5,0.75,1,2000,2000,0,0,1
v3_metaphoric_structuring_understanding_tim,ml3.9,2019,2019,1,1,1,0,0.75,0.75,0.75,1,2000,2000,0,0,2
v3_metaphoric_structuring_understanding_tim,ml3.9,2019,2019,1,1,1,0,1.0,1,1.0,1,2000,2000,0,0,1
v3_metaphoric_structuring_understanding_tim,ml3.9,2020,2020,1,1,0,0,,,,0,2000,2000,0,0,23
v3_metaphoric_structuring_understanding_tim,ml3.9,2020,2020,1,1,0,0,,,,1,2000,2000,0,0,21
v3_metaphoric_structuring_understanding_tim,ml3.9,2020,2020,1,1,1,0,0.0,0,0.0,0,2000,2000,0,0,1
v3_metaphoric_structuring_understanding_tim,ml3.9,2020,2020,1,1,1,0,0.125,0,0.25,0,2000,2000,0,0,1
v3_metaphoric_structuring_understanding_tim,ml3.9,2020,2020,1,1,1,0,0.125,0,0.25,1,2000,2000,0,0,2
v3_metaphoric_structuring_understanding_tim,ml3.9,2020,2020,1,1,1,0,0.25,0.25,0.25,0,2000,2000,0,0,2
v3_metaphoric_structuring_understanding_tim,ml3.9,2020,2020,1,1,1,0,0.25,0.25,0.25,1,2000,2000,0,0,1
v3_metaphoric_structuring_understanding_tim,ml3.9,2020,2020,1,1,1,0,0.375,0.5,0.25,1,2000,2000,0,0,1
v3_metaphoric_structuring_understanding_tim,ml3.9,2020,2020,1,1,1,0,0.375,0.75,0.0,1,2000,2000,0,0,1
v3_metaphoric_structuring_understanding_tim,ml3.9,2020,2020,1,1,1,0,0.5,0.5,0.5,0,2000,2000,0,0,7
v3_metaphoric_structuring_understanding_tim,ml3.9,2020,2020,1,1,1,0,0.5,0.5,0.5,1,2000,2000,0,0,1
v3_metaphoric_structuring_understanding_tim,ml3.9,2020,2020,1,1,1,0,0.625,0.75,0.5,1,2000,2000,0,0,1
v3_metaphoric_structuring_understanding_tim,ml3.9,2020,2020,1,1,1,0,0.75,0.5,1.0,0,2000,2000,0,0,1
v3_metaphoric_structuring_understanding_tim,ml3.9,2020,2020,1,1,1,0,0.75,0.75,0.75,0,2000,2000,0,0,1
v3_metaphoric_structuring_understanding_tim,ml3.9,2020,2020,1,1,1,0,0.75,0.75,0.75,1,2000,2000,0,0,2
v3_metaphoric_structuring_understanding_tim,ml3.9,2020,2020,1,1,1,0,0.875,0.75,1.0,1,2000,2000,0,0,2
v3_metaphoric_structuring_understanding_tim,ml3.9,2020,2020,1,1,1,0,1.0,1,1.0,1,2000,2000,0,0,1
v3_metaphoric_structuring_understanding_tim,ml3.9,2021,2021,1,1,0,0,,,,0,2000,2000,0,0,13
v3_metaphoric_structuring_understanding_tim,ml3.9,2021,2021,1,1,0,0,,,,1,2000,2000,0,0,11
v3_metaphoric_structuring_understanding_tim,ml3.9,2021,2021,1,1,1,0,0.125,0,0.25,1,2000,2000,0,0,1
v3_metaphoric_structuring_understanding_tim,ml3.9,2021,2021,1,1,1,0,0.25,0.25,0.25,1,2000,2000,0,0,2
v3_metaphoric_structuring_understanding_tim,ml3.9,2021,2021,1,1,1,0,0.25,0.5,0.0,0,2000,2000,0,0,1
v3_metaphoric_structuring_understanding_tim,ml3.9,2021,2021,1,1,1,0,0.375,0.25,0.5,1,2000,2000,0,0,2
v3_metaphoric_structuring_understanding_tim,ml3.9,2021,2021,1,1,1,0,0.375,0.5,0.25,1,2000,2000,0,0,2
v3_metaphoric_structuring_understanding_tim,ml3.9,2021,2021,1,1,1,0,0.5,0.5,0.5,0,2000,2000,0,0,5
v3_metaphoric_structuring_understanding_tim,ml3.9,2021,2021,1,1,1,0,0.5,0.5,0.5,1,2000,2000,0,0,6
v3_metaphoric_structuring_understanding_tim,ml3.9,2021,2021,1,1,1,0,0.5,0.75,0.25,0,2000,2000,0,0,1
v3_metaphoric_structuring_understanding_tim,ml3.9,2021,2021,1,1,1,0,0.625,0.25,1.0,1,2000,2000,0,0,1
v3_metaphoric_structuring_understanding_tim,ml3.9,2021,2021,1,1,1,0,0.625,0.5,0.75,1,2000,2000,0,0,2
v3_metaphoric_structuring_understanding_tim,ml3.9,2021,2021,1,1,1,0,0.625,0.75,0.5,0,2000,2000,0,0,1
v3_metaphoric_structuring_understanding_tim,ml3.9,2021,2021,1,1,1,0,0.625,0.75,0.5,1,2000,2000,0,0,1
v3_metaphoric_structuring_understanding_tim,ml3.9,2021,2021,1,1,1,0,0.75,0.75,0.75,0,2000,2000,0,0,1
v3_metaphoric_structuring_understanding_tim,ml3.9,2021,2021,1,1,1,0,0.75,0.75,0.75,1,2000,2000,0,0,2
v3_metaphoric_structuring_understanding_tim,ml3.9,2021,2021,1,1,1,0,0.75,1,0.5,1,2000,2000,0,0,1
v3_metaphoric_structuring_understanding_tim,ml3.9,2021,2021,1,1,1,0,0.875,0.75,1.0,1,2000,2000,0,0,1
v3_metaphoric_structuring_understanding_tim,ml3.9,2021,2021,1,1,1,0,0.875,1,0.75,1,2000,2000,0,0,1
v3_metaphoric_structuring_understanding_tim,ml3.9,2021,2021,1,1,1,0,1.0,1,1.0,1,2000,2000,0,0,1
v3_metaphoric_structuring_understanding_tim,ml3.9,2022,2022,1,1,0,0,,,,0,2000,2000,0,0,11
v3_metaphoric_structuring_understanding_tim,ml3.9,2022,2022,1,1,0,0,,,,1,2000,2000,0,0,16
v3_metaphoric_structuring_understanding_tim,ml3.9,2022,2022,1,1,1,0,0.125,0,0.25,1,2000,2000,0,0,1
v3_metaphoric_structuring_understanding_tim,ml3.9,2022,2022,1,1,1,0,0.25,0.25,0.25,0,2000,2000,0,0,2
v3_metaphoric_structuring_understanding_tim,ml3.9,2022,2022,1,1,1,0,0.25,0.25,0.25,1,2000,2000,0,0,1
v3_metaphoric_structuring_understanding_tim,ml3.9,2022,2022,1,1,1,0,0.375,0.25,0.5,1,2000,2000,0,0,2
v3_metaphoric_structuring_understanding_tim,ml3.9,2022,2022,1,1,1,0,0.5,0.5,0.5,1,2000,2000,0,0,5
v3_metaphoric_structuring_understanding_tim,ml3.9,2022,2022,1,1,1,0,0.625,0.5,0.75,0,2000,2000,0,0,1
v3_metaphoric_structuring_understanding_tim,ml3.9,2022,2022,1,1,1,0,0.625,0.5,0.75,1,2000,2000,0,0,1
v3_metaphoric_structuring_understanding_tim,ml3.9,2022,2022,1,1,1,0,0.75,0.75,0.75,1,2000,2000,0,0,2
v3_metaphoric_structuring_understanding_tim,ml3.9,2022,2022,1,1,1,0,1.0,1,1.0,1,2000,2000,0,0,1
v3_metaphoric_structuring_understanding_tim,ml3.9,2022,2024,2,2,1,0,0.625,0.75,0.5,1,2000,2000,0,0,1
v3_metaphoric_structuring_understanding_tim,ml3.9,2023,2023,1,1,0,0,,,,0,2000,2000,0,0,5
v3_metaphoric_structuring_understanding_tim,ml3.9,2023,2023,1,1,0,0,,,,1,2000,2000,0,0,11
v3_metaphoric_structuring_understanding_tim,ml3.9,2023,2023,1,1,1,0,0.25,0.25,0.25,0,2000,2000,0,0,2
v3_metaphoric_structuring_understanding_tim,ml3.9,2023,2023,1,1,1,0,0.25,0.25,0.25,1,2000,2000,0,0,1
v3_metaphoric_structuring_understanding_tim,ml3.9,2023,2023,1,1,1,0,0.375,0.25,0.5,1,2000,2000,0,0,1
v3_metaphoric_structuring_understanding_tim,ml3.9,2023,2023,1,1,1,0,0.375,0.5,0.25,1,2000,2000,0,0,1
v3_metaphoric_structuring_understanding_tim,ml3.9,2023,2023,1,1,1,0,0.5,0.5,0.5,0,2000,2000,0,0,1
v3_metaphoric_structuring_understanding_tim,ml3.9,2023,2023,1,1,1,0,0.5,0.5,0.5,1,2000,2000,0,0,7
v3_metaphoric_structuring_understanding_tim,ml3.9,2023,2023,1,1,1,0,0.625,0.5,0.75,0,2000,2000,0,0,1
v3_metaphoric_structuring_understanding_tim,ml3.9,2023,2023,1,1,1,0,0.625,0.75,0.5,1,2000,2000,0,0,4
v3_metaphoric_structuring_understanding_tim,ml3.9,2023,2023,1,1,1,0,0.75,0.75,0.75,1,2000,2000,0,0,1
v3_metaphoric_structuring_understanding_tim,ml3.9,2023,2023,1,1,1,0,0.75,1,0.5,1,2000,2000,0,0,1
v3_metaphoric_structuring_understanding_tim,ml3.9,2023,2023,1,1,1,0,1.0,1,1.0,1,2000,2000,0,0,1
v3_metaphoric_structuring_understanding_tim,ml3.9,2024,2024,1,1,0,0,,,,0,2000,2000,0,0,7
v3_metaphoric_structuring_understanding_tim,ml3.9,2024,2024,1,1,0,0,,,,1,2000,2000,0,0,6
v3_metaphoric_structuring_understanding_tim,ml3.9,2024,2024,1,1,1,0,0.125,0,0.25,1,2000,2000,0,0,1
v3_metaphoric_structuring_understanding_tim,ml3.9,2024,2024,1,1,1,0,0.25,0.25,0.25,1,2000,2000,0,0,2
v3_metaphoric_structuring_understanding_tim,ml3.9,2024,2024,1,1,1,0,0.375,0.25,0.5,1,2000,2000,0,0,2
v3_metaphoric_structuring_understanding_tim,ml3.9,2024,2024,1,1,1,0,0.5,0.5,0.5,0,2000,2000,0,0,1
v3_metaphoric_structuring_understanding_tim,ml3.9,2024,2024,1,1,1,0,0.625,0.25,1.0,0,2000,2000,0,0,1
v3_metaphoric_structuring_understanding_tim,ml3.9,2024,2024,1,1,1,0,0.75,0.75,0.75,0,2000,2000,0,0,1
v3_metaphoric_structuring_understanding_tim,ml3.9,2024,2024,1,1,1,0,0.75,0.75,0.75,1,2000,2000,0,0,3
v3_metaphoric_structuring_understanding_tim,ml3.9,2024,2024,1,1,1,0,0.875,0.75,1.0,0,2000,2000,0,0,1
v3_metaphoric_structuring_understanding_tim,ml3.9,2024,2024,1,1,1,0,0.875,0.75,1.0,1,2000,2000,0,0,1
v3_metaphoric_structuring_understanding_tim,ml3.9,2025,2025,1,1,0,0,,,,0,2000,2000,0,0,3
v3_metaphoric_structuring_understanding_tim,ml3.9,2025,2025,1,1,0,0,,,,1,2000,2000,0,0,10
v3_metaphoric_structuring_understanding_tim,ml3.9,2025,2025,1,1,1,0,0.125,0,0.25,1,2000,2000,0,0,1
v3_metaphoric_structuring_understanding_tim,ml3.9,2025,2025,1,1,1,0,0.25,0.25,0.25,0,2000,2000,0,0,1
v3_metaphoric_structuring_understanding_tim,ml3.9,2025,2025,1,1,1,0,0.25,0.25,0.25,1,2000,2000,0,0,1
v3_metaphoric_structuring_understanding_tim,ml3.9,2025,2025,1,1,1,0,0.375,0.25,0.5,0,2000,2000,0,0,1
v3_metaphoric_structuring_understanding_tim,ml3.9,2025,2025,1,1,1,0,0.375,0.5,0.25,0,2000,2000,0,0,2
v3_metaphoric_structuring_understanding_tim,ml3.9,2025,2025,1,1,1,0,0.5,0.5,0.5,0,2000,2000,0,0,1
v3_metaphoric_structuring_understanding_tim,ml3.9,2025,2025,1,1,1,0,0.5,0.5,0.5,1,2000,2000,0,0,5
v3_metaphoric_structuring_understanding_tim,ml3.9,2025,2025,1,1,1,0,0.625,0.5,0.75,1,2000,2000,0,0,1
v3_metaphoric_structuring_understanding_tim,ml3.9,2025,2025,1,1,1,0,0.625,0.75,0.5,1,2000,2000,0,0,3
v3_metaphoric_structuring_understanding_tim,ml3.9,2025,2025,1,1,1,0,0.75,0.5,1.0,1,2000,2000,0,0,2
v3_metaphoric_structuring_understanding_tim,ml3.9,2025,2025,1,1,1,0,0.75,0.75,0.75,0,2000,2000,0,0,1
v3_metaphoric_structuring_understanding_tim,ml3.9,2025,2025,1,1,1,0,0.75,0.75,0.75,1,2000,2000,0,0,3
v3_metaphoric_structuring_understanding_tim,ml3.9,2025,2025,1,1,1,0,0.875,0.75,1.0,1,2000,2000,0,0,1
v3_metaphoric_structuring_understanding_tim,ml3.9,2025,2025,1,1,1,0,1.0,1,1.0,1,2000,2000,0,0,1
v3_metaphoric_structuring_understanding_tim,ml3.9,2026,2026,1,1,0,0,,,,0,2000,2000,0,0,3
v3_metaphoric_structuring_understanding_tim,ml3.9,2026,2026,1,1,0,0,,,,1,2000,2000,0,0,5
v3_metaphoric_structuring_understanding_tim,ml3.9,2026,2026,1,1,1,0,0.25,0.25,0.25,1,2000,2000,0,0,1
v3_metaphoric_structuring_understanding_tim,ml3.9,2026,2026,1,1,1,0,0.375,0.25,0.5,1,2000,2000,0,0,1
v3_metaphoric_structuring_understanding_tim,ml3.9,2026,2026,1,1,1,0,0.5,0.5,0.5,1,2000,2000,0,0,1
v3_metaphoric_structuring_understanding_tim,ml3.9,2026,2026,1,1,1,0,0.625,0.5,0.75,1,2000,2000,0,0,1
v3_metaphoric_structuring_understanding_tim,ml3.9,2026,2026,1,1,1,0,0.75,0.75,0.75,1,2000,2000,0,0,1
v3_modeling_distributions_of_immediate_memo,rpp.7,2009,2009,1,1,0,0,,,,1,2008,2008,0,0,4
v3_modeling_distributions_of_immediate_memo,rpp.7,2013,2013,1,1,0,0,,,,1,2008,2008,0,0,1
v3_modeling_distributions_of_immediate_memo,rpp.7,2013,2013,1,1,1,0,0.5,0.25,0.75,1,2008,2008,0,0,1
v3_modeling_distributions_of_immediate_memo,rpp.7,2013,2013,1,1,1,0,0.5,0.5,0.5,1,2008,2008,0,0,1
v3_modeling_distributions_of_immediate_memo,rpp.7,2016,2016,1,1,0,0,,,,0,2008,2008,0,0,1
v3_modeling_distributions_of_immediate_memo,rpp.7,2016,2016,1,1,0,0,,,,1,2008,2008,0,0,3
v3_modeling_distributions_of_immediate_memo,rpp.7,2016,2016,1,1,1,0,0.125,0,0.25,1,2008,2008,0,0,1
v3_modeling_distributions_of_immediate_memo,rpp.7,2016,2016,1,1,1,0,0.375,0.25,0.5,0,2008,2008,0,0,1
v3_modeling_distributions_of_immediate_memo,rpp.7,2016,2016,1,1,1,0,0.5,0.5,0.5,1,2008,2008,0,0,1
v3_modeling_distributions_of_immediate_memo,rpp.7,2019,2019,1,1,1,0,0.25,0.25,0.25,1,2008,2008,0,0,1
v3_modeling_distributions_of_immediate_memo,rpp.7,2023,2023,1,1,0,0,,,,0,2008,2008,0,0,1
v3_moral_credentials_and_the_expression_of_,ml3.2,2019,2019,1,1,0,0,,,,0,2001,2001,0,0,2
v3_moral_credentials_and_the_expression_of_,ml3.2,2019,2019,1,1,0,0,,,,1,2001,2001,0,0,1
v3_moral_credentials_and_the_expression_of_,ml3.2,2019,2019,1,1,1,0,0.25,0.25,0.25,1,2001,2001,0,0,2
v3_moral_credentials_and_the_expression_of_,ml3.2,2019,2019,1,1,1,0,0.5,0.5,0.5,0,2001,2001,0,0,1
v3_moral_credentials_and_the_expression_of_,ml3.2,2019,2019,1,1,1,0,0.5,0.5,0.5,1,2001,2001,0,0,3
v3_moral_credentials_and_the_expression_of_,ml3.2,2020,2020,1,1,0,0,,,,0,2001,2001,0,0,8
v3_moral_credentials_and_the_expression_of_,ml3.2,2020,2020,1,1,0,0,,,,1,2001,2001,0,0,16
v3_moral_credentials_and_the_expression_of_,ml3.2,2020,2020,1,1,1,0,0.125,0,0.25,1,2001,2001,0,0,2
v3_moral_credentials_and_the_expression_of_,ml3.2,2020,2020,1,1,1,0,0.125,0.25,0.0,1,2001,2001,0,0,1
v3_moral_credentials_and_the_expression_of_,ml3.2,2020,2020,1,1,1,0,0.25,0.25,0.25,0,2001,2001,0,0,2
v3_moral_credentials_and_the_expression_of_,ml3.2,2020,2020,1,1,1,0,0.25,0.25,0.25,1,2001,2001,0,0,3
v3_moral_credentials_and_the_expression_of_,ml3.2,2020,2020,1,1,1,0,0.375,0.25,0.5,1,2001,2001,0,0,2
v3_moral_credentials_and_the_expression_of_,ml3.2,2020,2020,1,1,1,0,0.375,0.5,0.25,0,2001,2001,0,0,1
v3_moral_credentials_and_the_expression_of_,ml3.2,2020,2020,1,1,1,0,0.5,0.5,0.5,0,2001,2001,0,0,2
v3_moral_credentials_and_the_expression_of_,ml3.2,2020,2020,1,1,1,0,0.5,0.5,0.5,1,2001,2001,0,0,8
v3_moral_credentials_and_the_expression_of_,ml3.2,2020,2020,1,1,1,0,0.625,0.5,0.75,0,2001,2001,0,0,1
v3_moral_credentials_and_the_expression_of_,ml3.2,2020,2020,1,1,1,0,0.625,0.75,0.5,0,2001,2001,0,0,2
v3_moral_credentials_and_the_expression_of_,ml3.2,2020,2020,1,1,1,0,0.625,0.75,0.5,1,2001,2001,0,0,2
v3_moral_credentials_and_the_expression_of_,ml3.2,2020,2020,1,1,1,0,0.75,0.75,0.75,1,2001,2001,0,0,3
v3_moral_credentials_and_the_expression_of_,ml3.2,2020,2020,1,1,1,0,1.0,1,1.0,1,2001,2001,0,0,1
v3_moral_credentials_and_the_expression_of_,ml3.2,2021,2021,1,1,0,0,,,,0,2001,2001,0,0,2
v3_moral_credentials_and_the_expression_of_,ml3.2,2021,2021,1,1,0,0,,,,1,2001,2001,0,0,1
v3_moral_credentials_and_the_expression_of_,ml3.2,2021,2021,1,1,1,0,0.125,0,0.25,1,2001,2001,0,0,1
v3_moral_credentials_and_the_expression_of_,ml3.2,2021,2021,1,1,1,0,0.25,0.25,0.25,0,2001,2001,0,0,1
v3_moral_credentials_and_the_expression_of_,ml3.2,2021,2021,1,1,1,0,0.375,0.25,0.5,0,2001,2001,0,0,1
v3_moral_credentials_and_the_expression_of_,ml3.2,2021,2021,1,1,1,0,0.5,0.5,0.5,1,2001,2001,0,0,4
v3_moral_credentials_and_the_expression_of_,ml3.2,2021,2021,1,1,1,0,0.625,0.75,0.5,1,2001,2001,0,0,2
v3_moral_credentials_and_the_expression_of_,ml3.2,2021,2021,1,1,1,0,0.75,0.5,1.0,1,2001,2001,0,0,2
v3_moral_credentials_and_the_expression_of_,ml3.2,2021,2021,1,1,1,0,0.875,0.75,1.0,1,2001,2001,0,0,2
v3_moral_credentials_and_the_expression_of_,ml3.2,2021,2021,1,1,1,0,1.0,1,1.0,1,2001,2001,0,0,1
v3_moral_credentials_and_the_expression_of_,ml3.2,2022,2022,1,1,0,0,,,,0,2001,2001,0,0,1
v3_moral_credentials_and_the_expression_of_,ml3.2,2022,2022,1,1,0,0,,,,1,2001,2001,0,0,6
v3_moral_credentials_and_the_expression_of_,ml3.2,2022,2022,1,1,1,0,0.0,0,0.0,0,2001,2001,0,0,1
v3_moral_credentials_and_the_expression_of_,ml3.2,2022,2022,1,1,1,0,0.125,0,0.25,0,2001,2001,0,0,1
v3_moral_credentials_and_the_expression_of_,ml3.2,2022,2022,1,1,1,0,0.25,0,0.5,0,2001,2001,0,0,1
v3_moral_credentials_and_the_expression_of_,ml3.2,2022,2022,1,1,1,0,0.25,0.25,0.25,1,2001,2001,0,0,6
v3_moral_credentials_and_the_expression_of_,ml3.2,2022,2022,1,1,1,0,0.375,0.25,0.5,1,2001,2001,0,0,6
v3_moral_credentials_and_the_expression_of_,ml3.2,2022,2022,1,1,1,0,0.375,0.5,0.25,1,2001,2001,0,0,1
v3_moral_credentials_and_the_expression_of_,ml3.2,2022,2022,1,1,1,0,0.5,0.5,0.5,1,2001,2001,0,0,5
v3_moral_credentials_and_the_expression_of_,ml3.2,2022,2022,1,1,1,0,0.625,0.5,0.75,1,2001,2001,0,0,1
v3_moral_credentials_and_the_expression_of_,ml3.2,2022,2022,1,1,1,0,0.625,0.75,0.5,0,2001,2001,0,0,1
v3_moral_credentials_and_the_expression_of_,ml3.2,2022,2022,1,1,1,0,0.625,0.75,0.5,1,2001,2001,0,0,1
v3_moral_credentials_and_the_expression_of_,ml3.2,2022,2022,1,1,1,0,0.75,0.5,1.0,0,2001,2001,0,0,1
v3_moral_credentials_and_the_expression_of_,ml3.2,2022,2022,1,1,1,0,0.75,0.5,1.0,1,2001,2001,0,0,1
v3_moral_credentials_and_the_expression_of_,ml3.2,2022,2022,1,1,1,0,0.75,0.75,0.75,1,2001,2001,0,0,2
v3_moral_credentials_and_the_expression_of_,ml3.2,2022,2022,1,1,1,0,0.875,0.75,1.0,1,2001,2001,0,0,1
v3_moral_credentials_and_the_expression_of_,ml3.2,2023,2023,1,1,0,0,,,,0,2001,2001,0,0,4
v3_moral_credentials_and_the_expression_of_,ml3.2,2023,2023,1,1,0,0,,,,1,2001,2001,0,0,8
v3_moral_credentials_and_the_expression_of_,ml3.2,2023,2023,1,1,1,0,0.125,0.25,0.0,1,2001,2001,0,0,1
v3_moral_credentials_and_the_expression_of_,ml3.2,2023,2023,1,1,1,0,0.25,0.25,0.25,0,2001,2001,0,0,2
v3_moral_credentials_and_the_expression_of_,ml3.2,2023,2023,1,1,1,0,0.25,0.25,0.25,1,2001,2001,0,0,3
v3_moral_credentials_and_the_expression_of_,ml3.2,2023,2023,1,1,1,0,0.375,0.25,0.5,1,2001,2001,0,0,2
v3_moral_credentials_and_the_expression_of_,ml3.2,2023,2023,1,1,1,0,0.375,0.5,0.25,1,2001,2001,0,0,2
v3_moral_credentials_and_the_expression_of_,ml3.2,2023,2023,1,1,1,0,0.5,0.25,0.75,0,2001,2001,0,0,2
v3_moral_credentials_and_the_expression_of_,ml3.2,2023,2023,1,1,1,0,0.5,0.25,0.75,1,2001,2001,0,0,1
v3_moral_credentials_and_the_expression_of_,ml3.2,2023,2023,1,1,1,0,0.5,0.5,0.5,1,2001,2001,0,0,9
v3_moral_credentials_and_the_expression_of_,ml3.2,2023,2023,1,1,1,0,0.625,0.5,0.75,0,2001,2001,0,0,2
v3_moral_credentials_and_the_expression_of_,ml3.2,2023,2023,1,1,1,0,0.625,0.5,0.75,1,2001,2001,0,0,4
v3_moral_credentials_and_the_expression_of_,ml3.2,2023,2023,1,1,1,0,0.625,0.75,0.5,0,2001,2001,0,0,1
v3_moral_credentials_and_the_expression_of_,ml3.2,2023,2023,1,1,1,0,0.625,0.75,0.5,1,2001,2001,0,0,1
v3_moral_credentials_and_the_expression_of_,ml3.2,2023,2023,1,1,1,0,0.75,0.5,1.0,1,2001,2001,0,0,3
v3_moral_credentials_and_the_expression_of_,ml3.2,2023,2023,1,1,1,0,0.75,0.75,0.75,0,2001,2001,0,0,1
v3_moral_credentials_and_the_expression_of_,ml3.2,2023,2023,1,1,1,0,0.75,0.75,0.75,1,2001,2001,0,0,1
v3_moral_credentials_and_the_expression_of_,ml3.2,2023,2023,1,1,1,0,0.875,0.75,1.0,1,2001,2001,0,0,3
v3_moral_credentials_and_the_expression_of_,ml3.2,2024,2024,1,1,0,0,,,,0,2001,2001,0,0,4
v3_moral_credentials_and_the_expression_of_,ml3.2,2024,2024,1,1,0,0,,,,1,2001,2001,0,0,7
v3_moral_credentials_and_the_expression_of_,ml3.2,2024,2024,1,1,1,0,0.0,0,0.0,1,2001,2001,0,0,1
v3_moral_credentials_and_the_expression_of_,ml3.2,2024,2024,1,1,1,0,0.125,0,0.25,1,2001,2001,0,0,1
v3_moral_credentials_and_the_expression_of_,ml3.2,2024,2024,1,1,1,0,0.5,0.25,0.75,1,2001,2001,0,0,1
v3_moral_credentials_and_the_expression_of_,ml3.2,2024,2024,1,1,1,0,0.5,0.5,0.5,0,2001,2001,0,0,3
v3_moral_credentials_and_the_expression_of_,ml3.2,2024,2024,1,1,1,0,0.5,0.5,0.5,1,2001,2001,0,0,3
v3_moral_credentials_and_the_expression_of_,ml3.2,2024,2024,1,1,1,0,0.625,0.5,0.75,1,2001,2001,0,0,1
v3_moral_credentials_and_the_expression_of_,ml3.2,2024,2024,1,1,1,0,0.625,0.75,0.5,1,2001,2001,0,0,1
v3_moral_credentials_and_the_expression_of_,ml3.2,2024,2024,1,1,1,0,0.75,0.75,0.75,1,2001,2001,0,0,3
v3_moral_credentials_and_the_expression_of_,ml3.2,2025,2025,1,1,0,0,,,,0,2001,2001,0,0,5
v3_moral_credentials_and_the_expression_of_,ml3.2,2025,2025,1,1,0,0,,,,1,2001,2001,0,0,3
v3_moral_credentials_and_the_expression_of_,ml3.2,2025,2025,1,1,1,0,0.125,0,0.25,0,2001,2001,0,0,1
v3_moral_credentials_and_the_expression_of_,ml3.2,2025,2025,1,1,1,0,0.125,0,0.25,1,2001,2001,0,0,2
v3_moral_credentials_and_the_expression_of_,ml3.2,2025,2025,1,1,1,0,0.125,0.25,0.0,1,2001,2001,0,0,1
v3_moral_credentials_and_the_expression_of_,ml3.2,2025,2025,1,1,1,0,0.25,0,0.5,0,2001,2001,0,0,1
v3_moral_credentials_and_the_expression_of_,ml3.2,2025,2025,1,1,1,0,0.25,0,0.5,1,2001,2001,0,0,1
v3_moral_credentials_and_the_expression_of_,ml3.2,2025,2025,1,1,1,0,0.25,0.25,0.25,1,2001,2001,0,0,3
v3_moral_credentials_and_the_expression_of_,ml3.2,2025,2025,1,1,1,0,0.5,0.5,0.5,0,2001,2001,0,0,2
v3_moral_credentials_and_the_expression_of_,ml3.2,2025,2025,1,1,1,0,0.5,0.5,0.5,1,2001,2001,0,0,4
v3_moral_credentials_and_the_expression_of_,ml3.2,2025,2025,1,1,1,0,0.625,0.75,0.5,1,2001,2001,0,0,1
v3_moral_credentials_and_the_expression_of_,ml3.2,2025,2025,1,1,1,0,0.75,0.75,0.75,0,2001,2001,0,0,1
v3_moral_credentials_and_the_expression_of_,ml3.2,2025,2025,1,1,1,0,0.75,0.75,0.75,1,2001,2001,0,0,1
v3_moral_credentials_and_the_expression_of_,ml3.2,2025,2025,1,1,1,0,0.75,1,0.5,0,2001,2001,0,0,1
v3_moral_credentials_and_the_expression_of_,ml3.2,2025,2025,1,1,1,0,0.875,0.75,1.0,1,2001,2001,0,0,1
v3_moral_credentials_and_the_expression_of_,ml3.2,2026,2026,1,1,0,0,,,,1,2001,2001,0,0,2
v3_moral_credentials_and_the_expression_of_,ml3.2,2026,2026,1,1,1,0,0.375,0.25,0.5,1,2001,2001,0,0,1
v3_moral_credentials_and_the_expression_of_,ml3.2,2026,2026,1,1,1,0,0.5,0.5,0.5,1,2001,2001,0,0,1
v3_moral_credentials_and_the_expression_of_,ml3.2,2026,2026,1,1,1,0,0.75,0.5,1.0,1,2001,2001,0,0,1
v3_moral_credentials_and_the_expression_of_,ml3.2,2026,2026,1,1,1,0,0.875,0.75,1.0,1,2001,2001,0,0,1
v3_multidimensional_visual_statistical_lear,rpp.29,2009,2009,1,1,0,0,,,,0,2008,2008,0,0,5
v3_multidimensional_visual_statistical_lear,rpp.29,2009,2009,1,1,0,0,,,,1,2008,2008,0,0,3
v3_multidimensional_visual_statistical_lear,rpp.29,2009,2009,1,1,1,0,0.25,0.25,0.25,1,2008,2008,0,0,2
v3_multidimensional_visual_statistical_lear,rpp.29,2009,2009,1,1,1,0,0.625,0.5,0.75,0,2008,2008,0,0,1
v3_multidimensional_visual_statistical_lear,rpp.29,2009,2009,1,1,1,0,0.625,0.5,0.75,1,2008,2008,0,0,1
v3_multidimensional_visual_statistical_lear,rpp.29,2010,2010,1,1,0,0,,,,0,2008,2008,0,0,2
v3_multidimensional_visual_statistical_lear,rpp.29,2010,2010,1,1,0,0,,,,1,2008,2008,0,0,2
v3_multidimensional_visual_statistical_lear,rpp.29,2010,2010,1,1,1,0,0.375,0.5,0.25,1,2008,2008,0,0,2
v3_multidimensional_visual_statistical_lear,rpp.29,2010,2010,1,1,1,0,0.5,0.5,0.5,1,2008,2008,0,0,2
v3_multidimensional_visual_statistical_lear,rpp.29,2010,2010,1,1,1,0,0.75,0.75,0.75,1,2008,2008,0,0,1
v3_multidimensional_visual_statistical_lear,rpp.29,2011,2011,1,1,0,0,,,,1,2008,2008,0,0,1
v3_multidimensional_visual_statistical_lear,rpp.29,2011,2011,1,1,1,0,0.25,0.25,0.25,1,2008,2008,0,0,1
v3_multidimensional_visual_statistical_lear,rpp.29,2011,2011,1,1,1,0,0.375,0.25,0.5,1,2008,2008,0,0,1
v3_multidimensional_visual_statistical_lear,rpp.29,2011,2011,1,1,1,0,0.5,0.5,0.5,1,2008,2008,0,0,1
v3_multidimensional_visual_statistical_lear,rpp.29,2011,2011,1,1,1,0,0.625,0.5,0.75,1,2008,2008,0,0,1
v3_multidimensional_visual_statistical_lear,rpp.29,2012,2012,1,1,0,0,,,,0,2008,2008,0,0,5
v3_multidimensional_visual_statistical_lear,rpp.29,2012,2012,1,1,0,0,,,,1,2008,2008,0,0,1
v3_multidimensional_visual_statistical_lear,rpp.29,2012,2012,1,1,1,0,0.625,0.75,0.5,1,2008,2008,0,0,1
v3_multidimensional_visual_statistical_lear,rpp.29,2013,2013,1,1,0,0,,,,0,2008,2008,0,0,3
v3_multidimensional_visual_statistical_lear,rpp.29,2013,2013,1,1,0,0,,,,1,2008,2008,0,0,2
v3_multidimensional_visual_statistical_lear,rpp.29,2013,2013,1,1,1,0,0.125,0.25,0.0,1,2008,2008,0,0,1
v3_multidimensional_visual_statistical_lear,rpp.29,2013,2013,1,1,1,0,0.75,0.75,0.75,1,2008,2008,0,0,1
v3_multidimensional_visual_statistical_lear,rpp.29,2013,2013,1,1,1,0,0.875,0.75,1.0,1,2008,2008,0,0,1
v3_multidimensional_visual_statistical_lear,rpp.29,2014,2014,1,1,0,0,,,,0,2008,2008,0,0,1
v3_multidimensional_visual_statistical_lear,rpp.29,2014,2014,1,1,0,0,,,,1,2008,2008,0,0,3
v3_multidimensional_visual_statistical_lear,rpp.29,2014,2014,1,1,1,0,0.375,0.25,0.5,1,2008,2008,0,0,1
v3_multidimensional_visual_statistical_lear,rpp.29,2014,2014,1,1,1,0,0.5,0.5,0.5,1,2008,2008,0,0,2
v3_multidimensional_visual_statistical_lear,rpp.29,2014,2014,1,1,1,0,0.75,0.75,0.75,1,2008,2008,0,0,1
v3_multidimensional_visual_statistical_lear,rpp.29,2014,2014,1,1,1,0,1.0,1,1.0,1,2008,2008,0,0,1
v3_multidimensional_visual_statistical_lear,rpp.29,2015,2015,1,1,0,0,,,,0,2008,2008,0,0,3
v3_multidimensional_visual_statistical_lear,rpp.29,2015,2015,1,1,0,0,,,,1,2008,2008,0,0,12
v3_multidimensional_visual_statistical_lear,rpp.29,2015,2015,1,1,1,0,0.375,0.5,0.25,0,2008,2008,0,0,1
v3_multidimensional_visual_statistical_lear,rpp.29,2016,2016,1,1,0,0,,,,0,2008,2008,0,0,8
v3_multidimensional_visual_statistical_lear,rpp.29,2016,2016,1,1,0,0,,,,1,2008,2008,0,0,2
v3_multidimensional_visual_statistical_lear,rpp.29,2016,2016,1,1,1,0,0.5,0.5,0.5,0,2008,2008,0,0,1
v3_multidimensional_visual_statistical_lear,rpp.29,2016,2016,1,1,1,0,0.5,0.5,0.5,1,2008,2008,0,0,1
v3_multidimensional_visual_statistical_lear,rpp.29,2016,2016,1,1,1,0,0.625,0.5,0.75,0,2008,2008,0,0,1
v3_multidimensional_visual_statistical_lear,rpp.29,2016,2016,1,1,1,0,0.625,0.5,0.75,1,2008,2008,0,0,1
v3_multidimensional_visual_statistical_lear,rpp.29,2016,2016,1,1,1,0,0.75,0.75,0.75,1,2008,2008,0,0,1
v3_multidimensional_visual_statistical_lear,rpp.29,2016,2016,1,1,1,0,0.875,0.75,1.0,1,2008,2008,0,0,1
v3_multidimensional_visual_statistical_lear,rpp.29,2016,2016,1,1,1,0,1.0,1,1.0,0,2008,2008,0,0,1
v3_multidimensional_visual_statistical_lear,rpp.29,2017,2017,1,1,0,0,,,,1,2008,2008,0,0,1
v3_multidimensional_visual_statistical_lear,rpp.29,2017,2017,1,1,1,0,0.125,0,0.25,1,2008,2008,0,0,1
v3_multidimensional_visual_statistical_lear,rpp.29,2018,2018,1,1,0,0,,,,0,2008,2008,0,0,1
v3_multidimensional_visual_statistical_lear,rpp.29,2018,2018,1,1,0,0,,,,1,2008,2008,0,0,2
v3_multidimensional_visual_statistical_lear,rpp.29,2018,2018,1,1,1,0,0.25,0.25,0.25,1,2008,2008,0,0,1
v3_multidimensional_visual_statistical_lear,rpp.29,2018,2018,1,1,1,0,0.5,0.5,0.5,1,2008,2008,0,0,1
v3_multidimensional_visual_statistical_lear,rpp.29,2019,2019,1,1,0,0,,,,0,2008,2008,0,0,1
v3_multidimensional_visual_statistical_lear,rpp.29,2019,2019,1,1,0,0,,,,1,2008,2008,0,0,1
v3_multidimensional_visual_statistical_lear,rpp.29,2019,2019,1,1,1,0,0.75,0.75,0.75,1,2008,2008,0,0,1
v3_multidimensional_visual_statistical_lear,rpp.29,2020,2020,1,1,0,0,,,,0,2008,2008,0,0,2
v3_multidimensional_visual_statistical_lear,rpp.29,2020,2020,1,1,0,0,,,,1,2008,2008,0,0,2
v3_multidimensional_visual_statistical_lear,rpp.29,2020,2020,1,1,1,0,0.5,0.5,0.5,0,2008,2008,0,0,1
v3_multidimensional_visual_statistical_lear,rpp.29,2020,2020,1,1,1,0,0.75,0.75,0.75,1,2008,2008,0,0,1
v3_multidimensional_visual_statistical_lear,rpp.29,2021,2021,1,1,0,0,,,,1,2008,2008,0,0,1
v3_multidimensional_visual_statistical_lear,rpp.29,2022,2022,1,1,0,0,,,,0,2008,2008,0,0,1
v3_multidimensional_visual_statistical_lear,rpp.29,2022,2022,1,1,1,0,0.25,0.25,0.25,0,2008,2008,0,0,1
v3_multidimensional_visual_statistical_lear,rpp.29,2023,2023,1,1,0,0,,,,0,2008,2008,0,0,2
v3_multidimensional_visual_statistical_lear,rpp.29,2023,2023,1,1,0,0,,,,1,2008,2008,0,0,3
v3_multidimensional_visual_statistical_lear,rpp.29,2023,2023,1,1,1,0,0.0,0,0.0,1,2008,2008,0,0,1
v3_multidimensional_visual_statistical_lear,rpp.29,2023,2023,1,1,1,0,0.25,0.25,0.25,0,2008,2008,0,0,1
v3_multidimensional_visual_statistical_lear,rpp.29,2023,2023,1,1,1,0,0.5,0.5,0.5,1,2008,2008,0,0,1
v3_multidimensional_visual_statistical_lear,rpp.29,2024,2024,1,1,0,0,,,,1,2008,2008,0,0,2
v3_multidimensional_visual_statistical_lear,rpp.29,2025,2025,1,1,0,0,,,,0,2008,2008,0,0,2
v3_multidimensional_visual_statistical_lear,rpp.29,2025,2025,1,1,0,0,,,,1,2008,2008,0,0,3
v3_multidimensional_visual_statistical_lear,rpp.29,2025,2025,1,1,1,0,0.5,0.5,0.5,0,2008,2008,0,0,1
v3_multidimensional_visual_statistical_lear,rpp.29,2025,2025,1,1,1,0,0.625,0.5,0.75,1,2008,2008,0,0,1
v3_multidimensional_visual_statistical_lear,rpp.29,2026,2026,1,1,0,0,,,,0,2008,2008,0,0,1
v3_multidimensional_visual_statistical_lear,rpp.29,2026,2026,1,1,1,0,0.625,0.75,0.5,0,2008,2008,0,0,1
v3_multiple_roles_for_time_in_short_term_me,rpp.33,2008,2008,1,1,1,0,0.375,0.25,0.5,1,2008,2008,0,0,1
v3_multiple_roles_for_time_in_short_term_me,rpp.33,2009,2009,1,1,0,0,,,,0,2008,2008,0,0,6
v3_multiple_roles_for_time_in_short_term_me,rpp.33,2009,2009,1,1,0,0,,,,1,2008,2008,0,0,8
v3_multiple_roles_for_time_in_short_term_me,rpp.33,2009,2009,1,1,1,0,0.25,0.25,0.25,1,2008,2008,0,0,2
v3_multiple_roles_for_time_in_short_term_me,rpp.33,2009,2009,1,1,1,0,0.375,0.5,0.25,1,2008,2008,0,0,1
v3_multiple_roles_for_time_in_short_term_me,rpp.33,2009,2009,1,1,1,0,0.5,0.5,0.5,0,2008,2008,0,0,1
v3_multiple_roles_for_time_in_short_term_me,rpp.33,2009,2009,1,1,1,0,0.5,0.5,0.5,1,2008,2008,0,0,1
v3_multiple_roles_for_time_in_short_term_me,rpp.33,2009,2009,1,1,1,0,0.625,0.75,0.5,1,2008,2008,0,0,1
v3_multiple_roles_for_time_in_short_term_me,rpp.33,2009,2009,1,1,1,0,0.75,0.75,0.75,0,2008,2008,0,0,3
v3_multiple_roles_for_time_in_short_term_me,rpp.33,2010,2010,1,1,0,0,,,,0,2008,2008,0,0,3
v3_multiple_roles_for_time_in_short_term_me,rpp.33,2010,2010,1,1,1,0,0.375,0.25,0.5,0,2008,2008,0,0,1
v3_multiple_roles_for_time_in_short_term_me,rpp.33,2010,2010,1,1,1,0,0.375,0.25,0.5,1,2008,2008,0,0,1
v3_multiple_roles_for_time_in_short_term_me,rpp.33,2010,2010,1,1,1,0,0.625,0.5,0.75,1,2008,2008,0,0,1
v3_multiple_roles_for_time_in_short_term_me,rpp.33,2011,2011,1,1,0,0,,,,0,2008,2008,0,0,8
v3_multiple_roles_for_time_in_short_term_me,rpp.33,2011,2011,1,1,0,0,,,,1,2008,2008,0,0,6
v3_multiple_roles_for_time_in_short_term_me,rpp.33,2011,2011,1,1,1,0,0.0,0,0.0,1,2008,2008,0,0,1
v3_multiple_roles_for_time_in_short_term_me,rpp.33,2011,2011,1,1,1,0,0.25,0.25,0.25,0,2008,2008,0,0,7
v3_multiple_roles_for_time_in_short_term_me,rpp.33,2011,2011,1,1,1,0,0.25,0.25,0.25,1,2008,2008,0,0,2
v3_multiple_roles_for_time_in_short_term_me,rpp.33,2011,2011,1,1,1,0,0.375,0.25,0.5,0,2008,2008,0,0,1
v3_multiple_roles_for_time_in_short_term_me,rpp.33,2011,2011,1,1,1,0,0.375,0.25,0.5,1,2008,2008,0,0,1
v3_multiple_roles_for_time_in_short_term_me,rpp.33,2011,2011,1,1,1,0,0.375,0.5,0.25,1,2008,2008,0,0,1
v3_multiple_roles_for_time_in_short_term_me,rpp.33,2011,2011,1,1,1,0,0.5,0.25,0.75,0,2008,2008,0,0,1
v3_multiple_roles_for_time_in_short_term_me,rpp.33,2011,2011,1,1,1,0,0.5,0.5,0.5,0,2008,2008,0,0,3
v3_multiple_roles_for_time_in_short_term_me,rpp.33,2011,2011,1,1,1,0,0.5,0.5,0.5,1,2008,2008,0,0,6
v3_multiple_roles_for_time_in_short_term_me,rpp.33,2011,2011,1,1,1,0,0.625,0.5,0.75,0,2008,2008,0,0,1
v3_multiple_roles_for_time_in_short_term_me,rpp.33,2011,2011,1,1,1,0,0.625,0.5,0.75,1,2008,2008,0,0,1
v3_multiple_roles_for_time_in_short_term_me,rpp.33,2011,2011,1,1,1,0,0.75,0.75,0.75,0,2008,2008,0,0,1
v3_multiple_roles_for_time_in_short_term_me,rpp.33,2012,2012,1,1,0,0,,,,0,2008,2008,0,0,1
v3_multiple_roles_for_time_in_short_term_me,rpp.33,2012,2012,1,1,0,0,,,,1,2008,2008,0,0,1
v3_multiple_roles_for_time_in_short_term_me,rpp.33,2013,2013,1,1,0,0,,,,0,2008,2008,0,0,9
v3_multiple_roles_for_time_in_short_term_me,rpp.33,2013,2013,1,1,0,0,,,,1,2008,2008,0,0,3
v3_multiple_roles_for_time_in_short_term_me,rpp.33,2014,2014,1,1,0,0,,,,0,2008,2008,0,0,16
v3_multiple_roles_for_time_in_short_term_me,rpp.33,2014,2014,1,1,0,0,,,,1,2008,2008,0,0,21
v3_multiple_roles_for_time_in_short_term_me,rpp.33,2014,2014,1,1,1,0,0.25,0.25,0.25,0,2008,2008,0,0,1
v3_multiple_roles_for_time_in_short_term_me,rpp.33,2014,2014,1,1,1,0,0.25,0.25,0.25,1,2008,2008,0,0,2
v3_multiple_roles_for_time_in_short_term_me,rpp.33,2014,2014,1,1,1,0,0.375,0.25,0.5,0,2008,2008,0,0,2
v3_multiple_roles_for_time_in_short_term_me,rpp.33,2014,2014,1,1,1,0,0.375,0.5,0.25,1,2008,2008,0,0,2
v3_multiple_roles_for_time_in_short_term_me,rpp.33,2014,2014,1,1,1,0,0.5,0.25,0.75,0,2008,2008,0,0,1
v3_multiple_roles_for_time_in_short_term_me,rpp.33,2014,2014,1,1,1,0,0.5,0.5,0.5,0,2008,2008,0,0,2
v3_multiple_roles_for_time_in_short_term_me,rpp.33,2014,2014,1,1,1,0,0.5,0.5,0.5,1,2008,2008,0,0,2
v3_multiple_roles_for_time_in_short_term_me,rpp.33,2014,2014,1,1,1,0,0.625,0.25,1.0,1,2008,2008,0,0,1
v3_multiple_roles_for_time_in_short_term_me,rpp.33,2014,2014,1,1,1,0,0.625,0.5,0.75,0,2008,2008,0,0,2
v3_multiple_roles_for_time_in_short_term_me,rpp.33,2014,2014,1,1,1,0,0.625,0.5,0.75,1,2008,2008,0,0,4
v3_multiple_roles_for_time_in_short_term_me,rpp.33,2014,2014,1,1,1,0,0.625,0.75,0.5,0,2008,2008,0,0,1
v3_multiple_roles_for_time_in_short_term_me,rpp.33,2014,2014,1,1,1,0,0.75,0.5,1.0,0,2008,2008,0,0,1
v3_multiple_roles_for_time_in_short_term_me,rpp.33,2014,2014,1,1,1,0,0.875,0.75,1.0,1,2008,2008,0,0,2
v3_multiple_roles_for_time_in_short_term_me,rpp.33,2015,2015,1,1,1,0,0.5,0.5,0.5,1,2008,2008,0,0,1
v3_multiple_roles_for_time_in_short_term_me,rpp.33,2015,2015,1,1,1,0,0.625,0.5,0.75,1,2008,2008,0,0,1
v3_multiple_roles_for_time_in_short_term_me,rpp.33,2017,2017,1,1,1,0,0.375,0.25,0.5,1,2008,2008,0,0,1
v3_multiple_roles_for_time_in_short_term_me,rpp.33,2018,2018,1,1,0,0,,,,0,2008,2008,0,0,5
v3_multiple_roles_for_time_in_short_term_me,rpp.33,2018,2018,1,1,0,0,,,,1,2008,2008,0,0,8
v3_multiple_roles_for_time_in_short_term_me,rpp.33,2018,2018,1,1,1,0,0.125,0.25,0.0,0,2008,2008,0,0,1
v3_multiple_roles_for_time_in_short_term_me,rpp.33,2018,2018,1,1,1,0,0.375,0.5,0.25,1,2008,2008,0,0,1
v3_multiple_roles_for_time_in_short_term_me,rpp.33,2018,2018,1,1,1,0,0.5,0.5,0.5,0,2008,2008,0,0,1
v3_multiple_roles_for_time_in_short_term_me,rpp.33,2018,2018,1,1,1,0,0.5,0.5,0.5,1,2008,2008,0,0,4
v3_multiple_roles_for_time_in_short_term_me,rpp.33,2018,2018,1,1,1,0,0.625,0.5,0.75,0,2008,2008,0,0,1
v3_multiple_roles_for_time_in_short_term_me,rpp.33,2018,2018,1,1,1,0,0.625,0.5,0.75,1,2008,2008,0,0,1
v3_multiple_roles_for_time_in_short_term_me,rpp.33,2019,2019,1,1,0,0,,,,0,2008,2008,0,0,1
v3_multiple_roles_for_time_in_short_term_me,rpp.33,2019,2019,1,1,1,0,0.5,0.5,0.5,1,2008,2008,0,0,1
v3_multiple_roles_for_time_in_short_term_me,rpp.33,2020,2020,1,1,0,0,,,,0,2008,2008,0,0,10
v3_multiple_roles_for_time_in_short_term_me,rpp.33,2020,2020,1,1,0,0,,,,1,2008,2008,0,0,15
v3_multiple_roles_for_time_in_short_term_me,rpp.33,2020,2020,1,1,1,0,0.25,0.25,0.25,1,2008,2008,0,0,2
v3_multiple_roles_for_time_in_short_term_me,rpp.33,2020,2020,1,1,1,0,0.375,0.25,0.5,1,2008,2008,0,0,1
v3_multiple_roles_for_time_in_short_term_me,rpp.33,2020,2020,1,1,1,0,0.375,0.5,0.25,0,2008,2008,0,0,1
v3_multiple_roles_for_time_in_short_term_me,rpp.33,2020,2020,1,1,1,0,0.5,0.5,0.5,0,2008,2008,0,0,3
v3_multiple_roles_for_time_in_short_term_me,rpp.33,2020,2020,1,1,1,0,0.5,0.5,0.5,1,2008,2008,0,0,8
v3_multiple_roles_for_time_in_short_term_me,rpp.33,2020,2020,1,1,1,0,0.625,0.5,0.75,0,2008,2008,0,0,1
v3_multiple_roles_for_time_in_short_term_me,rpp.33,2020,2020,1,1,1,0,0.625,0.5,0.75,1,2008,2008,0,0,1
v3_multiple_roles_for_time_in_short_term_me,rpp.33,2020,2020,1,1,1,0,0.625,0.75,0.5,1,2008,2008,0,0,1
v3_multiple_roles_for_time_in_short_term_me,rpp.33,2020,2020,1,1,1,0,0.75,0.75,0.75,0,2008,2008,0,0,1
v3_multiple_roles_for_time_in_short_term_me,rpp.33,2020,2020,1,1,1,0,0.75,0.75,0.75,1,2008,2008,0,0,3
v3_multiple_roles_for_time_in_short_term_me,rpp.33,2020,2020,1,1,1,0,0.875,0.75,1.0,1,2008,2008,0,0,1
v3_multiple_roles_for_time_in_short_term_me,rpp.33,2021,2021,1,1,0,0,,,,0,2008,2008,0,0,2
v3_multiple_roles_for_time_in_short_term_me,rpp.33,2021,2021,1,1,0,0,,,,1,2008,2008,0,0,1
v3_multiple_roles_for_time_in_short_term_me,rpp.33,2021,2021,1,1,1,0,0.375,0.25,0.5,1,2008,2008,0,0,1
v3_multiple_roles_for_time_in_short_term_me,rpp.33,2021,2021,1,1,1,0,0.375,0.5,0.25,1,2008,2008,0,0,1
v3_multiple_roles_for_time_in_short_term_me,rpp.33,2021,2021,1,1,1,0,0.5,0.5,0.5,0,2008,2008,0,0,1
v3_multiple_roles_for_time_in_short_term_me,rpp.33,2021,2021,1,1,1,0,0.5,0.5,0.5,1,2008,2008,0,0,3
v3_multiple_roles_for_time_in_short_term_me,rpp.33,2021,2021,1,1,1,0,0.625,0.5,0.75,1,2008,2008,0,0,3
v3_multiple_roles_for_time_in_short_term_me,rpp.33,2021,2021,1,1,1,0,0.75,0.75,0.75,0,2008,2008,0,0,1
v3_multiple_roles_for_time_in_short_term_me,rpp.33,2021,2021,1,1,1,0,0.875,0.75,1.0,0,2008,2008,0,0,1
v3_multiple_roles_for_time_in_short_term_me,rpp.33,2021,2021,1,1,1,0,0.875,0.75,1.0,1,2008,2008,0,0,1
v3_multiple_roles_for_time_in_short_term_me,rpp.33,2023,2023,1,1,0,0,,,,0,2008,2008,0,0,2
v3_multiple_roles_for_time_in_short_term_me,rpp.33,2023,2023,1,1,1,0,0.375,0.5,0.25,1,2008,2008,0,0,1
v3_multiple_roles_for_time_in_short_term_me,rpp.33,2025,2025,1,1,0,0,,,,1,2008,2008,0,0,1
v3_multiple_roles_for_time_in_short_term_me,rpp.33,2025,2025,1,1,1,0,0.125,0.25,0.0,1,2008,2008,0,0,1
v3_not_so_innocent_does_seeing_one_s_own_ca,rpp.65,2008,2008,1,1,0,0,,,,0,2008,2008,0,0,1
v3_not_so_innocent_does_seeing_one_s_own_ca,rpp.65,2008,2008,1,1,0,0,,,,1,2008,2008,0,0,3
v3_not_so_innocent_does_seeing_one_s_own_ca,rpp.65,2008,2008,1,1,1,0,0.25,0.25,0.25,1,2008,2008,0,0,1
v3_not_so_innocent_does_seeing_one_s_own_ca,rpp.65,2008,2008,1,1,1,0,0.5,0.5,0.5,0,2008,2008,0,0,1
v3_not_so_innocent_does_seeing_one_s_own_ca,rpp.65,2008,2008,1,1,1,0,0.5,0.5,0.5,1,2008,2008,0,0,4
v3_not_so_innocent_does_seeing_one_s_own_ca,rpp.65,2009,2009,1,1,0,0,,,,0,2008,2008,0,0,3
v3_not_so_innocent_does_seeing_one_s_own_ca,rpp.65,2009,2009,1,1,0,0,,,,1,2008,2008,0,0,4
v3_not_so_innocent_does_seeing_one_s_own_ca,rpp.65,2009,2009,1,1,1,0,0.125,0.25,0.0,1,2008,2008,0,0,1
v3_not_so_innocent_does_seeing_one_s_own_ca,rpp.65,2009,2009,1,1,1,0,0.25,0.25,0.25,0,2008,2008,0,0,1
v3_not_so_innocent_does_seeing_one_s_own_ca,rpp.65,2009,2009,1,1,1,0,0.25,0.25,0.25,1,2008,2008,0,0,1
v3_not_so_innocent_does_seeing_one_s_own_ca,rpp.65,2009,2009,1,1,1,0,0.375,0.25,0.5,1,2008,2008,0,0,2
v3_not_so_innocent_does_seeing_one_s_own_ca,rpp.65,2009,2009,1,1,1,0,0.5,0.5,0.5,0,2008,2008,0,0,1
v3_not_so_innocent_does_seeing_one_s_own_ca,rpp.65,2009,2009,1,1,1,0,0.5,0.5,0.5,1,2008,2008,0,0,3
v3_not_so_innocent_does_seeing_one_s_own_ca,rpp.65,2010,2010,1,1,0,0,,,,0,2008,2008,0,0,2
v3_not_so_innocent_does_seeing_one_s_own_ca,rpp.65,2010,2010,1,1,0,0,,,,1,2008,2008,0,0,2
v3_not_so_innocent_does_seeing_one_s_own_ca,rpp.65,2010,2010,1,1,1,0,0.25,0.25,0.25,1,2008,2008,0,0,1
v3_not_so_innocent_does_seeing_one_s_own_ca,rpp.65,2010,2010,1,1,1,0,0.5,0.5,0.5,0,2008,2008,0,0,1
v3_not_so_innocent_does_seeing_one_s_own_ca,rpp.65,2010,2010,1,1,1,0,0.5,0.5,0.5,1,2008,2008,0,0,2
v3_not_so_innocent_does_seeing_one_s_own_ca,rpp.65,2010,2010,1,1,1,0,0.625,0.75,0.5,1,2008,2008,0,0,1
v3_not_so_innocent_does_seeing_one_s_own_ca,rpp.65,2011,2011,1,1,0,0,,,,1,2008,2008,0,0,1
v3_not_so_innocent_does_seeing_one_s_own_ca,rpp.65,2011,2011,1,1,1,0,0.125,0.25,0.0,0,2008,2008,0,0,1
v3_not_so_innocent_does_seeing_one_s_own_ca,rpp.65,2011,2011,1,1,1,0,0.25,0.25,0.25,1,2008,2008,0,0,4
v3_not_so_innocent_does_seeing_one_s_own_ca,rpp.65,2011,2011,1,1,1,0,0.375,0.5,0.25,1,2008,2008,0,0,1
v3_not_so_innocent_does_seeing_one_s_own_ca,rpp.65,2011,2011,1,1,1,0,0.5,0.5,0.5,0,2008,2008,0,0,1
v3_not_so_innocent_does_seeing_one_s_own_ca,rpp.65,2011,2011,1,1,1,0,0.5,0.5,0.5,1,2008,2008,0,0,7
v3_not_so_innocent_does_seeing_one_s_own_ca,rpp.65,2011,2011,1,1,1,0,0.625,0.5,0.75,1,2008,2008,0,0,1
v3_not_so_innocent_does_seeing_one_s_own_ca,rpp.65,2011,2011,1,1,1,0,0.75,0.5,1.0,1,2008,2008,0,0,1
v3_not_so_innocent_does_seeing_one_s_own_ca,rpp.65,2013,2013,1,1,0,0,,,,0,2008,2008,0,0,1
v3_not_so_innocent_does_seeing_one_s_own_ca,rpp.65,2013,2013,1,1,0,0,,,,1,2008,2008,0,0,1
v3_not_so_innocent_does_seeing_one_s_own_ca,rpp.65,2013,2013,1,1,1,0,0.375,0.25,0.5,1,2008,2008,0,0,1
v3_not_so_innocent_does_seeing_one_s_own_ca,rpp.65,2013,2013,1,1,1,0,0.375,0.5,0.25,0,2008,2008,0,0,1
v3_not_so_innocent_does_seeing_one_s_own_ca,rpp.65,2013,2013,1,1,1,0,0.5,0.5,0.5,0,2008,2008,0,0,1
v3_not_so_innocent_does_seeing_one_s_own_ca,rpp.65,2013,2013,1,1,1,0,0.5,0.5,0.5,1,2008,2008,0,0,2
v3_not_so_innocent_does_seeing_one_s_own_ca,rpp.65,2013,2013,1,1,1,0,0.625,0.75,0.5,1,2008,2008,0,0,1
v3_not_so_innocent_does_seeing_one_s_own_ca,rpp.65,2013,2013,1,1,1,0,0.75,0.75,0.75,1,2008,2008,0,0,1
v3_not_so_innocent_does_seeing_one_s_own_ca,rpp.65,2014,2014,1,1,0,0,,,,0,2008,2008,0,0,1
v3_not_so_innocent_does_seeing_one_s_own_ca,rpp.65,2014,2014,1,1,0,0,,,,1,2008,2008,0,0,3
v3_not_so_innocent_does_seeing_one_s_own_ca,rpp.65,2014,2014,1,1,1,0,0.0,0,0.0,1,2008,2008,0,0,1
v3_not_so_innocent_does_seeing_one_s_own_ca,rpp.65,2014,2014,1,1,1,0,0.125,0,0.25,0,2008,2008,0,0,1
v3_not_so_innocent_does_seeing_one_s_own_ca,rpp.65,2014,2014,1,1,1,0,0.125,0,0.25,1,2008,2008,0,0,1
v3_not_so_innocent_does_seeing_one_s_own_ca,rpp.65,2014,2014,1,1,1,0,0.25,0.25,0.25,1,2008,2008,0,0,1
v3_not_so_innocent_does_seeing_one_s_own_ca,rpp.65,2014,2014,1,1,1,0,0.375,0.25,0.5,0,2008,2008,0,0,1
v3_not_so_innocent_does_seeing_one_s_own_ca,rpp.65,2014,2014,1,1,1,0,0.5,0.5,0.5,0,2008,2008,0,0,1
v3_not_so_innocent_does_seeing_one_s_own_ca,rpp.65,2014,2014,1,1,1,0,0.75,0.75,0.75,1,2008,2008,0,0,2
v3_not_so_innocent_does_seeing_one_s_own_ca,rpp.65,2014,2014,1,1,1,0,0.875,0.75,1.0,1,2008,2008,0,0,1
v3_not_so_innocent_does_seeing_one_s_own_ca,rpp.65,2014,2014,1,1,1,0,1.0,1,1.0,1,2008,2008,0,0,1
v3_not_so_innocent_does_seeing_one_s_own_ca,rpp.65,2015,2015,1,1,0,0,,,,0,2008,2008,0,0,2
v3_not_so_innocent_does_seeing_one_s_own_ca,rpp.65,2015,2015,1,1,0,0,,,,1,2008,2008,0,0,2
v3_not_so_innocent_does_seeing_one_s_own_ca,rpp.65,2015,2015,1,1,1,0,0.0,0,0.0,1,2008,2008,0,0,1
v3_not_so_innocent_does_seeing_one_s_own_ca,rpp.65,2015,2015,1,1,1,0,0.25,0.25,0.25,1,2008,2008,0,0,2
v3_not_so_innocent_does_seeing_one_s_own_ca,rpp.65,2015,2015,1,1,1,0,0.75,0.75,0.75,1,2008,2008,0,0,1
v3_not_so_innocent_does_seeing_one_s_own_ca,rpp.65,2016,2016,1,1,0,0,,,,0,2008,2008,0,0,2
v3_not_so_innocent_does_seeing_one_s_own_ca,rpp.65,2016,2016,1,1,1,0,0.25,0.25,0.25,0,2008,2008,0,0,1
v3_not_so_innocent_does_seeing_one_s_own_ca,rpp.65,2016,2016,1,1,1,0,0.25,0.25,0.25,1,2008,2008,0,0,1
v3_not_so_innocent_does_seeing_one_s_own_ca,rpp.65,2016,2016,1,1,1,0,0.75,0.75,0.75,1,2008,2008,0,0,1
v3_not_so_innocent_does_seeing_one_s_own_ca,rpp.65,2017,2017,1,1,0,0,,,,0,2008,2008,0,0,5
v3_not_so_innocent_does_seeing_one_s_own_ca,rpp.65,2017,2017,1,1,0,0,,,,1,2008,2008,0,0,6
v3_not_so_innocent_does_seeing_one_s_own_ca,rpp.65,2017,2017,1,1,1,0,0.125,0.25,0.0,1,2008,2008,0,0,1
v3_not_so_innocent_does_seeing_one_s_own_ca,rpp.65,2017,2017,1,1,1,0,0.25,0.25,0.25,1,2008,2008,0,0,1
v3_not_so_innocent_does_seeing_one_s_own_ca,rpp.65,2017,2017,1,1,1,0,0.25,0.5,0.0,1,2008,2008,0,0,2
v3_not_so_innocent_does_seeing_one_s_own_ca,rpp.65,2017,2017,1,1,1,0,0.375,0.25,0.5,1,2008,2008,0,0,1
v3_not_so_innocent_does_seeing_one_s_own_ca,rpp.65,2017,2017,1,1,1,0,0.5,0.25,0.75,0,2008,2008,0,0,1
v3_not_so_innocent_does_seeing_one_s_own_ca,rpp.65,2017,2017,1,1,1,0,0.5,0.5,0.5,0,2008,2008,0,0,1
v3_not_so_innocent_does_seeing_one_s_own_ca,rpp.65,2017,2017,1,1,1,0,0.5,0.5,0.5,1,2008,2008,0,0,7
v3_not_so_innocent_does_seeing_one_s_own_ca,rpp.65,2017,2017,1,1,1,0,0.5,0.75,0.25,1,2008,2008,0,0,1
v3_not_so_innocent_does_seeing_one_s_own_ca,rpp.65,2017,2017,1,1,1,0,0.625,0.5,0.75,0,2008,2008,0,0,1
v3_not_so_innocent_does_seeing_one_s_own_ca,rpp.65,2017,2017,1,1,1,0,0.625,0.75,0.5,1,2008,2008,0,0,1
v3_not_so_innocent_does_seeing_one_s_own_ca,rpp.65,2017,2017,1,1,1,0,0.75,0.75,0.75,1,2008,2008,0,0,2
v3_not_so_innocent_does_seeing_one_s_own_ca,rpp.65,2017,2017,1,1,1,0,1.0,1,1.0,1,2008,2008,0,0,1
v3_not_so_innocent_does_seeing_one_s_own_ca,rpp.65,2018,2018,1,1,0,0,,,,0,2008,2008,0,0,6
v3_not_so_innocent_does_seeing_one_s_own_ca,rpp.65,2018,2018,1,1,0,0,,,,1,2008,2008,0,0,1
v3_not_so_innocent_does_seeing_one_s_own_ca,rpp.65,2018,2018,1,1,1,0,0.375,0.25,0.5,1,2008,2008,0,0,1
v3_not_so_innocent_does_seeing_one_s_own_ca,rpp.65,2018,2018,1,1,1,0,0.5,0.25,0.75,0,2008,2008,0,0,1
v3_not_so_innocent_does_seeing_one_s_own_ca,rpp.65,2018,2018,1,1,1,0,0.5,0.5,0.5,0,2008,2008,0,0,1
v3_not_so_innocent_does_seeing_one_s_own_ca,rpp.65,2018,2018,1,1,1,0,0.5,0.5,0.5,1,2008,2008,0,0,2
v3_not_so_innocent_does_seeing_one_s_own_ca,rpp.65,2018,2018,1,1,1,0,0.625,0.5,0.75,1,2008,2008,0,0,1
v3_not_so_innocent_does_seeing_one_s_own_ca,rpp.65,2018,2018,1,1,1,0,0.625,0.75,0.5,0,2008,2008,0,0,1
v3_not_so_innocent_does_seeing_one_s_own_ca,rpp.65,2019,2019,1,1,0,0,,,,0,2008,2008,0,0,3
v3_not_so_innocent_does_seeing_one_s_own_ca,rpp.65,2019,2019,1,1,0,0,,,,1,2008,2008,0,0,1
v3_not_so_innocent_does_seeing_one_s_own_ca,rpp.65,2019,2019,1,1,1,0,0.25,0.25,0.25,0,2008,2008,0,0,2
v3_not_so_innocent_does_seeing_one_s_own_ca,rpp.65,2019,2019,1,1,1,0,0.5,0.5,0.5,1,2008,2008,0,0,1
v3_not_so_innocent_does_seeing_one_s_own_ca,rpp.65,2019,2019,1,1,1,0,0.625,0.5,0.75,1,2008,2008,0,0,1
v3_not_so_innocent_does_seeing_one_s_own_ca,rpp.65,2019,2019,1,1,1,0,0.75,0.75,0.75,1,2008,2008,0,0,1
v3_not_so_innocent_does_seeing_one_s_own_ca,rpp.65,2020,2020,1,1,0,0,,,,1,2008,2008,0,0,1
v3_not_so_innocent_does_seeing_one_s_own_ca,rpp.65,2020,2020,1,1,1,0,0.625,0.5,0.75,0,2008,2008,0,0,1
v3_not_so_innocent_does_seeing_one_s_own_ca,rpp.65,2020,2020,1,1,1,0,0.75,0.75,0.75,1,2008,2008,0,0,1
v3_not_so_innocent_does_seeing_one_s_own_ca,rpp.65,2022,2022,1,1,1,0,0.5,0.5,0.5,1,2008,2008,0,0,1
v3_not_so_innocent_does_seeing_one_s_own_ca,rpp.65,2023,2023,1,1,1,0,0.25,0.25,0.25,1,2008,2008,0,0,1
v3_not_so_innocent_does_seeing_one_s_own_ca,rpp.65,2024,2024,1,1,1,0,0.5,0.5,0.5,0,2008,2008,0,0,1
v3_not_so_innocent_does_seeing_one_s_own_ca,rpp.65,2025,2025,1,1,1,0,0.25,0.25,0.25,1,2008,2008,0,0,1
v3_not_so_innocent_does_seeing_one_s_own_ca,rpp.65,2026,2026,1,1,1,0,0.625,0.5,0.75,1,2008,2008,0,0,1
v3_on_the_additive_effects_of_stimulus_qual,rpp.27,2008,2008,1,1,0,0,,,,1,2008,2008,0,0,1
v3_on_the_additive_effects_of_stimulus_qual,rpp.27,2009,2009,1,1,0,0,,,,1,2008,2008,0,0,3
v3_on_the_additive_effects_of_stimulus_qual,rpp.27,2010,2010,1,1,0,0,,,,1,2008,2008,0,0,1
v3_on_the_additive_effects_of_stimulus_qual,rpp.27,2011,2011,1,1,0,0,,,,0,2008,2008,0,0,7
v3_on_the_additive_effects_of_stimulus_qual,rpp.27,2011,2011,1,1,0,0,,,,1,2008,2008,0,0,4
v3_on_the_additive_effects_of_stimulus_qual,rpp.27,2011,2011,1,1,1,0,0.25,0.25,0.25,1,2008,2008,0,0,2
v3_on_the_additive_effects_of_stimulus_qual,rpp.27,2011,2011,1,1,1,0,0.375,0.5,0.25,0,2008,2008,0,0,1
v3_on_the_additive_effects_of_stimulus_qual,rpp.27,2011,2011,1,1,1,0,0.5,0.5,0.5,0,2008,2008,0,0,3
v3_on_the_additive_effects_of_stimulus_qual,rpp.27,2011,2011,1,1,1,0,0.75,0.75,0.75,0,2008,2008,0,0,1
v3_on_the_additive_effects_of_stimulus_qual,rpp.27,2011,2011,1,1,1,0,0.75,0.75,0.75,1,2008,2008,0,0,1
v3_on_the_additive_effects_of_stimulus_qual,rpp.27,2013,2013,1,1,0,0,,,,0,2008,2008,0,0,4
v3_on_the_additive_effects_of_stimulus_qual,rpp.27,2013,2013,1,1,0,0,,,,1,2008,2008,0,0,6
v3_on_the_additive_effects_of_stimulus_qual,rpp.27,2014,2014,1,1,1,0,0.625,0.75,0.5,0,2008,2008,0,0,1
v3_on_the_additive_effects_of_stimulus_qual,rpp.27,2014,2014,1,1,1,0,0.75,0.75,0.75,0,2008,2008,0,0,1
v3_on_the_additive_effects_of_stimulus_qual,rpp.27,2015,2015,1,1,0,0,,,,0,2008,2008,0,0,6
v3_on_the_additive_effects_of_stimulus_qual,rpp.27,2015,2015,1,1,0,0,,,,1,2008,2008,0,0,3
v3_on_the_additive_effects_of_stimulus_qual,rpp.27,2015,2015,1,1,1,0,0.25,0.25,0.25,0,2008,2008,0,0,1
v3_on_the_additive_effects_of_stimulus_qual,rpp.27,2015,2015,1,1,1,0,0.5,0.5,0.5,1,2008,2008,0,0,1
v3_on_the_additive_effects_of_stimulus_qual,rpp.27,2015,2015,1,1,1,0,0.75,0.75,0.75,0,2008,2008,0,0,1
v3_on_the_additive_effects_of_stimulus_qual,rpp.27,2016,2016,1,1,0,0,,,,0,2008,2008,0,0,1
v3_on_the_additive_effects_of_stimulus_qual,rpp.27,2016,2016,1,1,0,0,,,,1,2008,2008,0,0,5
v3_on_the_additive_effects_of_stimulus_qual,rpp.27,2016,2016,1,1,1,0,0.5,0.5,0.5,0,2008,2008,0,0,2
v3_on_the_additive_effects_of_stimulus_qual,rpp.27,2016,2016,1,1,1,0,0.5,0.5,0.5,1,2008,2008,0,0,2
v3_on_the_additive_effects_of_stimulus_qual,rpp.27,2016,2016,1,1,1,0,0.75,0.75,0.75,1,2008,2008,0,0,2
v3_on_the_additive_effects_of_stimulus_qual,rpp.27,2016,2017,2,2,0,0,,,,1,2008,2008,0,0,3
v3_on_the_additive_effects_of_stimulus_qual,rpp.27,2016,2017,2,2,1,0,0.25,0.25,0.25,1,2008,2008,0,0,1
v3_on_the_additive_effects_of_stimulus_qual,rpp.27,2016,2017,2,2,1,0,0.75,0.5,1.0,1,2008,2008,0,0,1
v3_on_the_additive_effects_of_stimulus_qual,rpp.27,2017,2017,1,1,0,0,,,,0,2008,2008,0,0,4
v3_on_the_additive_effects_of_stimulus_qual,rpp.27,2017,2017,1,1,0,0,,,,1,2008,2008,0,0,7
v3_on_the_additive_effects_of_stimulus_qual,rpp.27,2017,2017,1,1,1,0,0.125,0,0.25,1,2008,2008,0,0,2
v3_on_the_additive_effects_of_stimulus_qual,rpp.27,2017,2017,1,1,1,0,0.375,0.5,0.25,1,2008,2008,0,0,1
v3_on_the_additive_effects_of_stimulus_qual,rpp.27,2017,2017,1,1,1,0,0.5,0.5,0.5,1,2008,2008,0,0,2
v3_on_the_additive_effects_of_stimulus_qual,rpp.27,2017,2017,1,1,1,0,0.625,0.5,0.75,1,2008,2008,0,0,1
v3_on_the_additive_effects_of_stimulus_qual,rpp.27,2017,2017,1,1,1,0,0.75,0.5,1.0,1,2008,2008,0,0,2
v3_on_the_additive_effects_of_stimulus_qual,rpp.27,2018,2018,1,1,1,0,0.5,0.5,0.5,0,2008,2008,0,0,1
v3_on_the_additive_effects_of_stimulus_qual,rpp.27,2019,2019,1,1,0,0,,,,1,2008,2008,0,0,2
v3_on_the_additive_effects_of_stimulus_qual,rpp.27,2020,2020,1,1,0,0,,,,0,2008,2008,0,0,1
v3_on_the_additive_effects_of_stimulus_qual,rpp.27,2021,2021,1,1,0,0,,,,0,2008,2008,0,0,1
v3_on_the_additive_effects_of_stimulus_qual,rpp.27,2021,2021,1,1,0,0,,,,1,2008,2008,0,0,2
v3_on_the_additive_effects_of_stimulus_qual,rpp.27,2021,2021,1,1,1,0,0.5,0.5,0.5,1,2008,2008,0,0,1
v3_on_the_additive_effects_of_stimulus_qual,rpp.27,2022,2022,1,1,0,0,,,,0,2008,2008,0,0,1
v3_on_the_additive_effects_of_stimulus_qual,rpp.27,2024,2024,1,1,1,0,0.25,0.25,0.25,0,2008,2008,0,0,1
v3_on_the_additive_effects_of_stimulus_qual,rpp.27,2024,2024,1,1,1,0,0.5,0.5,0.5,0,2008,2008,0,0,2
v3_on_the_additive_effects_of_stimulus_qual,rpp.27,2024,2024,1,1,1,0,0.5,0.5,0.5,1,2008,2008,0,0,1
v3_on_the_additive_effects_of_stimulus_qual,rpp.27,2024,2024,1,1,1,0,0.625,0.5,0.75,1,2008,2008,0,0,2
v3_on_the_additive_effects_of_stimulus_qual,rpp.27,2025,2025,1,1,0,0,,,,0,2008,2008,0,0,1
v3_on_the_relative_independence_of_thinking,rpp.71,2015,2015,1,1,0,0,,,,0,2008,2008,0,0,2
v3_on_the_relative_independence_of_thinking,rpp.71,2015,2015,1,1,0,0,,,,1,2008,2008,0,0,7
v3_on_the_relative_independence_of_thinking,rpp.71,2015,2015,1,1,1,0,0.125,0,0.25,0,2008,2008,0,0,1
v3_on_the_relative_independence_of_thinking,rpp.71,2015,2015,1,1,1,0,0.125,0.25,0.0,1,2008,2008,0,0,1
v3_on_the_relative_independence_of_thinking,rpp.71,2015,2015,1,1,1,0,0.25,0.25,0.25,1,2008,2008,0,0,3
v3_on_the_relative_independence_of_thinking,rpp.71,2015,2015,1,1,1,0,0.375,0.25,0.5,1,2008,2008,0,0,1
v3_on_the_relative_independence_of_thinking,rpp.71,2015,2015,1,1,1,0,0.5,0.5,0.5,0,2008,2008,0,0,2
v3_on_the_relative_independence_of_thinking,rpp.71,2015,2015,1,1,1,0,0.5,0.5,0.5,1,2008,2008,0,0,3
v3_on_the_relative_independence_of_thinking,rpp.71,2015,2015,1,1,1,0,0.625,0.5,0.75,1,2008,2008,0,0,1
v3_on_the_relative_independence_of_thinking,rpp.71,2015,2015,1,1,1,0,0.625,0.75,0.5,1,2008,2008,0,0,1
v3_on_the_relative_independence_of_thinking,rpp.71,2015,2015,1,1,1,0,0.75,0.75,0.75,0,2008,2008,0,0,1
v3_on_the_relative_independence_of_thinking,rpp.71,2016,2016,1,1,0,0,,,,0,2008,2008,0,0,6
v3_on_the_relative_independence_of_thinking,rpp.71,2016,2016,1,1,0,0,,,,1,2008,2008,0,0,9
v3_on_the_relative_independence_of_thinking,rpp.71,2016,2016,1,1,1,0,0.25,0.25,0.25,0,2008,2008,0,0,1
v3_on_the_relative_independence_of_thinking,rpp.71,2016,2016,1,1,1,0,0.25,0.25,0.25,1,2008,2008,0,0,3
v3_on_the_relative_independence_of_thinking,rpp.71,2016,2016,1,1,1,0,0.375,0.25,0.5,0,2008,2008,0,0,2
v3_on_the_relative_independence_of_thinking,rpp.71,2016,2016,1,1,1,0,0.5,0.5,0.5,1,2008,2008,0,0,6
v3_on_the_relative_independence_of_thinking,rpp.71,2016,2016,1,1,1,0,0.625,0.5,0.75,0,2008,2008,0,0,1
v3_on_the_relative_independence_of_thinking,rpp.71,2016,2016,1,1,1,0,0.625,0.5,0.75,1,2008,2008,0,0,1
v3_on_the_relative_independence_of_thinking,rpp.71,2016,2016,1,1,1,0,0.75,0.75,0.75,1,2008,2008,0,0,1
v3_on_the_relative_independence_of_thinking,rpp.71,2016,2016,1,1,1,0,0.75,1,0.5,0,2008,2008,0,0,1
v3_on_the_relative_independence_of_thinking,rpp.71,2017,2017,1,1,0,0,,,,0,2008,2008,0,0,5
v3_on_the_relative_independence_of_thinking,rpp.71,2017,2017,1,1,0,0,,,,1,2008,2008,0,0,3
v3_on_the_relative_independence_of_thinking,rpp.71,2017,2017,1,1,1,0,0.0,0,0.0,1,2008,2008,0,0,1
v3_on_the_relative_independence_of_thinking,rpp.71,2017,2017,1,1,1,0,0.25,0.25,0.25,0,2008,2008,0,0,2
v3_on_the_relative_independence_of_thinking,rpp.71,2017,2017,1,1,1,0,0.25,0.25,0.25,1,2008,2008,0,0,2
v3_on_the_relative_independence_of_thinking,rpp.71,2017,2017,1,1,1,0,0.375,0.25,0.5,0,2008,2008,0,0,1
v3_on_the_relative_independence_of_thinking,rpp.71,2017,2017,1,1,1,0,0.5,0.5,0.5,0,2008,2008,0,0,1
v3_on_the_relative_independence_of_thinking,rpp.71,2017,2017,1,1,1,0,0.5,0.5,0.5,1,2008,2008,0,0,2
v3_on_the_relative_independence_of_thinking,rpp.71,2017,2017,1,1,1,0,0.625,0.5,0.75,0,2008,2008,0,0,1
v3_on_the_relative_independence_of_thinking,rpp.71,2017,2017,1,1,1,0,0.625,0.5,0.75,1,2008,2008,0,0,1
v3_on_the_relative_independence_of_thinking,rpp.71,2017,2017,1,1,1,0,0.625,0.75,0.5,1,2008,2008,0,0,2
v3_on_the_relative_independence_of_thinking,rpp.71,2017,2017,1,1,1,0,0.75,0.75,0.75,1,2008,2008,0,0,1
v3_on_the_relative_independence_of_thinking,rpp.71,2018,2018,1,1,0,0,,,,0,2008,2008,0,0,2
v3_on_the_relative_independence_of_thinking,rpp.71,2018,2018,1,1,0,0,,,,1,2008,2008,0,0,5
v3_on_the_relative_independence_of_thinking,rpp.71,2018,2018,1,1,1,0,0.125,0.25,0.0,1,2008,2008,0,0,1
v3_on_the_relative_independence_of_thinking,rpp.71,2018,2018,1,1,1,0,0.25,0.25,0.25,1,2008,2008,0,0,2
v3_on_the_relative_independence_of_thinking,rpp.71,2018,2018,1,1,1,0,0.375,0.25,0.5,1,2008,2008,0,0,2
v3_on_the_relative_independence_of_thinking,rpp.71,2018,2018,1,1,1,0,0.375,0.5,0.25,1,2008,2008,0,0,1
v3_on_the_relative_independence_of_thinking,rpp.71,2018,2018,1,1,1,0,0.5,0.5,0.5,0,2008,2008,0,0,1
v3_on_the_relative_independence_of_thinking,rpp.71,2018,2018,1,1,1,0,0.5,0.5,0.5,1,2008,2008,0,0,2
v3_on_the_relative_independence_of_thinking,rpp.71,2018,2018,1,1,1,0,0.625,0.5,0.75,1,2008,2008,0,0,1
v3_on_the_relative_independence_of_thinking,rpp.71,2018,2018,1,1,1,0,0.625,0.75,0.5,1,2008,2008,0,0,1
v3_on_the_relative_independence_of_thinking,rpp.71,2018,2018,1,1,1,0,0.75,0.75,0.75,1,2008,2008,0,0,1
v3_on_the_relative_independence_of_thinking,rpp.71,2019,2019,1,1,0,0,,,,0,2008,2008,0,0,3
v3_on_the_relative_independence_of_thinking,rpp.71,2019,2019,1,1,0,0,,,,1,2008,2008,0,0,10
v3_on_the_relative_independence_of_thinking,rpp.71,2019,2019,1,1,1,0,0.125,0.25,0.0,0,2008,2008,0,0,1
v3_on_the_relative_independence_of_thinking,rpp.71,2019,2019,1,1,1,0,0.25,0.25,0.25,0,2008,2008,0,0,1
v3_on_the_relative_independence_of_thinking,rpp.71,2019,2019,1,1,1,0,0.25,0.25,0.25,1,2008,2008,0,0,6
v3_on_the_relative_independence_of_thinking,rpp.71,2019,2019,1,1,1,0,0.375,0.25,0.5,0,2008,2008,0,0,2
v3_on_the_relative_independence_of_thinking,rpp.71,2019,2019,1,1,1,0,0.375,0.25,0.5,1,2008,2008,0,0,1
v3_on_the_relative_independence_of_thinking,rpp.71,2019,2019,1,1,1,0,0.5,0.5,0.5,1,2008,2008,0,0,4
v3_on_the_relative_independence_of_thinking,rpp.71,2019,2019,1,1,1,0,0.625,0.5,0.75,0,2008,2008,0,0,1
v3_on_the_relative_independence_of_thinking,rpp.71,2019,2019,1,1,1,0,0.625,0.75,0.5,1,2008,2008,0,0,2
v3_on_the_relative_independence_of_thinking,rpp.71,2019,2019,1,1,1,0,0.75,0.75,0.75,0,2008,2008,0,0,2
v3_on_the_relative_independence_of_thinking,rpp.71,2019,2019,1,1,1,0,0.75,0.75,0.75,1,2008,2008,0,0,1
v3_on_the_relative_independence_of_thinking,rpp.71,2019,2019,1,1,1,0,0.875,0.75,1.0,1,2008,2008,0,0,1
v3_on_the_relative_independence_of_thinking,rpp.71,2020,2020,1,1,0,0,,,,0,2008,2008,0,0,11
v3_on_the_relative_independence_of_thinking,rpp.71,2020,2020,1,1,0,0,,,,1,2008,2008,0,0,8
v3_on_the_relative_independence_of_thinking,rpp.71,2020,2020,1,1,1,0,0.0,0,0.0,0,2008,2008,0,0,1
v3_on_the_relative_independence_of_thinking,rpp.71,2020,2020,1,1,1,0,0.125,0,0.25,0,2008,2008,0,0,1
v3_on_the_relative_independence_of_thinking,rpp.71,2020,2020,1,1,1,0,0.25,0.25,0.25,0,2008,2008,0,0,2
v3_on_the_relative_independence_of_thinking,rpp.71,2020,2020,1,1,1,0,0.25,0.25,0.25,1,2008,2008,0,0,1
v3_on_the_relative_independence_of_thinking,rpp.71,2020,2020,1,1,1,0,0.375,0.25,0.5,0,2008,2008,0,0,1
v3_on_the_relative_independence_of_thinking,rpp.71,2020,2020,1,1,1,0,0.375,0.25,0.5,1,2008,2008,0,0,2
v3_on_the_relative_independence_of_thinking,rpp.71,2020,2020,1,1,1,0,0.375,0.5,0.25,1,2008,2008,0,0,1
v3_on_the_relative_independence_of_thinking,rpp.71,2020,2020,1,1,1,0,0.5,0.5,0.5,0,2008,2008,0,0,2
v3_on_the_relative_independence_of_thinking,rpp.71,2020,2020,1,1,1,0,0.5,0.5,0.5,1,2008,2008,0,0,4
v3_on_the_relative_independence_of_thinking,rpp.71,2020,2020,1,1,1,0,0.625,0.5,0.75,1,2008,2008,0,0,3
v3_on_the_relative_independence_of_thinking,rpp.71,2020,2020,1,1,1,0,0.625,0.75,0.5,0,2008,2008,0,0,1
v3_on_the_relative_independence_of_thinking,rpp.71,2020,2020,1,1,1,0,0.625,0.75,0.5,1,2008,2008,0,0,1
v3_on_the_relative_independence_of_thinking,rpp.71,2020,2020,1,1,1,0,0.75,0.75,0.75,0,2008,2008,0,0,1
v3_on_the_relative_independence_of_thinking,rpp.71,2020,2020,1,1,1,0,0.75,0.75,0.75,1,2008,2008,0,0,2
v3_on_the_relative_independence_of_thinking,rpp.71,2020,2020,1,1,1,0,0.75,1,0.5,0,2008,2008,0,0,1
v3_on_the_relative_independence_of_thinking,rpp.71,2020,2020,1,1,1,0,0.75,1,0.5,1,2008,2008,0,0,2
v3_on_the_relative_independence_of_thinking,rpp.71,2020,2020,1,1,1,0,0.875,0.75,1.0,1,2008,2008,0,0,2
v3_on_the_relative_independence_of_thinking,rpp.71,2020,2020,1,1,1,0,1.0,1,1.0,1,2008,2008,0,0,1
v3_on_the_relative_independence_of_thinking,rpp.71,2021,2021,1,1,0,0,,,,0,2008,2008,0,0,4
v3_on_the_relative_independence_of_thinking,rpp.71,2021,2021,1,1,0,0,,,,1,2008,2008,0,0,4
v3_on_the_relative_independence_of_thinking,rpp.71,2021,2021,1,1,1,0,0.125,0,0.25,0,2008,2008,0,0,1
v3_on_the_relative_independence_of_thinking,rpp.71,2021,2021,1,1,1,0,0.375,0.5,0.25,1,2008,2008,0,0,1
v3_on_the_relative_independence_of_thinking,rpp.71,2021,2021,1,1,1,0,0.5,0.5,0.5,0,2008,2008,0,0,1
v3_on_the_relative_independence_of_thinking,rpp.71,2021,2021,1,1,1,0,0.5,0.5,0.5,1,2008,2008,0,0,1
v3_on_the_relative_independence_of_thinking,rpp.71,2021,2021,1,1,1,0,0.5,0.75,0.25,1,2008,2008,0,0,1
v3_on_the_relative_independence_of_thinking,rpp.71,2021,2021,1,1,1,0,0.625,0.5,0.75,0,2008,2008,0,0,2
v3_on_the_relative_independence_of_thinking,rpp.71,2021,2021,1,1,1,0,0.625,0.5,0.75,1,2008,2008,0,0,1
v3_on_the_relative_independence_of_thinking,rpp.71,2021,2021,1,1,1,0,0.75,0.75,0.75,1,2008,2008,0,0,1
v3_on_the_relative_independence_of_thinking,rpp.71,2021,2021,1,1,1,0,0.875,0.75,1.0,1,2008,2008,0,0,1
v3_on_the_relative_independence_of_thinking,rpp.71,2021,2021,1,1,1,0,1.0,1,1.0,1,2008,2008,0,0,1
v3_on_the_relative_independence_of_thinking,rpp.71,2022,2022,1,1,0,0,,,,0,2008,2008,0,0,5
v3_on_the_relative_independence_of_thinking,rpp.71,2022,2022,1,1,0,0,,,,1,2008,2008,0,0,2
v3_on_the_relative_independence_of_thinking,rpp.71,2022,2022,1,1,1,0,0.0,0,0.0,0,2008,2008,0,0,1
v3_on_the_relative_independence_of_thinking,rpp.71,2022,2022,1,1,1,0,0.25,0.25,0.25,1,2008,2008,0,0,1
v3_on_the_relative_independence_of_thinking,rpp.71,2022,2022,1,1,1,0,0.5,0.5,0.5,1,2008,2008,0,0,2
v3_on_the_relative_independence_of_thinking,rpp.71,2022,2022,1,1,1,0,0.625,0.5,0.75,1,2008,2008,0,0,2
v3_on_the_relative_independence_of_thinking,rpp.71,2022,2022,1,1,1,0,0.75,0.75,0.75,1,2008,2008,0,0,1
v3_on_the_relative_independence_of_thinking,rpp.71,2022,2022,1,1,1,0,0.875,0.75,1.0,0,2008,2008,0,0,1
v3_on_the_relative_independence_of_thinking,rpp.71,2022,2022,1,1,1,0,0.875,0.75,1.0,1,2008,2008,0,0,1
v3_on_the_relative_independence_of_thinking,rpp.71,2022,2022,1,1,1,0,1.0,1,1.0,1,2008,2008,0,0,2
v3_on_the_relative_independence_of_thinking,rpp.71,2023,2023,1,1,0,0,,,,0,2008,2008,0,0,3
v3_on_the_relative_independence_of_thinking,rpp.71,2023,2023,1,1,0,0,,,,1,2008,2008,0,0,2
v3_on_the_relative_independence_of_thinking,rpp.71,2023,2023,1,1,1,0,0.25,0.25,0.25,1,2008,2008,0,0,1
v3_on_the_relative_independence_of_thinking,rpp.71,2023,2023,1,1,1,0,0.5,0,1.0,1,2008,2008,0,0,1
v3_on_the_relative_independence_of_thinking,rpp.71,2023,2023,1,1,1,0,0.625,0.75,0.5,1,2008,2008,0,0,1
v3_on_the_relative_independence_of_thinking,rpp.71,2023,2023,1,1,1,0,0.875,0.75,1.0,0,2008,2008,0,0,1
v3_on_the_relative_independence_of_thinking,rpp.71,2023,2023,1,1,1,0,1.0,1,1.0,1,2008,2008,0,0,1
v3_on_the_selection_of_arbitrators,ee.6,2013,2013,1,1,0,0,,,,0,2014,2014,1,1,1
v3_on_the_selection_of_arbitrators,ee.6,2013,2013,1,1,0,0,,,,1,2014,2014,1,1,10
v3_on_the_selection_of_arbitrators,ee.6,2013,2013,1,1,1,0,1.0,1,1.0,1,2014,2014,1,1,2
v3_on_the_selection_of_arbitrators,ee.6,2015,2015,1,1,0,0,,,,0,2014,2014,0,0,1
v3_on_the_selection_of_arbitrators,ee.6,2015,2015,1,1,0,0,,,,1,2014,2014,0,0,3
v3_on_the_selection_of_arbitrators,ee.6,2017,2017,1,1,0,0,,,,0,2014,2014,0,0,1
v3_on_the_selection_of_arbitrators,ee.6,2017,2017,1,1,0,0,,,,1,2014,2014,0,0,1
v3_on_the_selection_of_arbitrators,ee.6,2017,2017,1,1,1,0,0.625,0.5,0.75,1,2014,2014,0,0,1
v3_on_the_selection_of_arbitrators,ee.6,2018,2018,1,1,0,0,,,,0,2014,2014,0,0,2
v3_on_the_selection_of_arbitrators,ee.6,2018,2018,1,1,0,0,,,,1,2014,2014,0,0,4
v3_on_the_selection_of_arbitrators,ee.6,2019,2019,1,1,0,0,,,,0,2014,2014,0,0,3
v3_on_the_selection_of_arbitrators,ee.6,2019,2019,1,1,1,0,0.625,0.75,0.5,1,2014,2014,0,0,1
v3_on_the_selection_of_arbitrators,ee.6,2020,2020,1,1,0,0,,,,0,2014,2014,0,0,1
v3_on_the_selection_of_arbitrators,ee.6,2020,2020,1,1,0,0,,,,1,2014,2014,0,0,6
v3_on_the_selection_of_arbitrators,ee.6,2020,2020,1,1,1,0,1.0,1,1.0,1,2014,2014,0,0,1
v3_on_the_selection_of_arbitrators,ee.6,2021,2021,1,1,0,0,,,,1,2014,2014,0,0,2
v3_on_the_selection_of_arbitrators,ee.6,2022,2022,1,1,0,0,,,,0,2014,2014,0,0,1
v3_on_the_selection_of_arbitrators,ee.6,2022,2022,1,1,0,0,,,,1,2014,2014,0,0,6
v3_on_the_selection_of_arbitrators,ee.6,2022,2022,1,1,1,0,0.625,0.5,0.75,1,2014,2014,0,0,1
v3_on_the_selection_of_arbitrators,ee.6,2023,2023,1,1,0,0,,,,0,2014,2014,0,0,2
v3_on_the_selection_of_arbitrators,ee.6,2023,2023,1,1,0,0,,,,1,2014,2014,0,0,1
v3_on_the_selection_of_arbitrators,ee.6,2024,2024,1,1,0,0,,,,1,2014,2014,0,0,6
v3_on_the_selection_of_arbitrators,ee.6,2024,2024,1,1,1,0,0.625,0.5,0.75,0,2014,2014,0,0,1
v3_on_the_selection_of_arbitrators,ee.6,2026,2026,1,1,0,0,,,,1,2014,2014,0,0,1
v3_opening_the_mind_to_close_it_considering,rpp.72,2008,2008,1,1,0,0,,,,0,2008,2008,0,0,1
v3_opening_the_mind_to_close_it_considering,rpp.72,2008,2008,1,1,1,0,0.5,0.5,0.5,1,2008,2008,0,0,1
v3_opening_the_mind_to_close_it_considering,rpp.72,2010,2010,1,1,0,0,,,,1,2008,2008,0,0,1
v3_opening_the_mind_to_close_it_considering,rpp.72,2010,2010,1,1,1,0,0.5,0.5,0.5,1,2008,2008,0,0,1
v3_opening_the_mind_to_close_it_considering,rpp.72,2011,2011,1,1,1,0,0.75,0.75,0.75,1,2008,2008,0,0,1
v3_opening_the_mind_to_close_it_considering,rpp.72,2012,2012,1,1,0,0,,,,0,2008,2008,0,0,1
v3_opening_the_mind_to_close_it_considering,rpp.72,2012,2012,1,1,0,0,,,,1,2008,2008,0,0,2
v3_opening_the_mind_to_close_it_considering,rpp.72,2012,2012,1,1,1,0,0.125,0.25,0.0,1,2008,2008,0,0,1
v3_opening_the_mind_to_close_it_considering,rpp.72,2012,2012,1,1,1,0,0.5,0.5,0.5,1,2008,2008,0,0,2
v3_opening_the_mind_to_close_it_considering,rpp.72,2012,2012,1,1,1,0,0.75,0.75,0.75,1,2008,2008,0,0,1
v3_opening_the_mind_to_close_it_considering,rpp.72,2014,2014,1,1,0,0,,,,1,2008,2008,0,0,2
v3_opening_the_mind_to_close_it_considering,rpp.72,2014,2014,1,1,1,0,0.25,0.25,0.25,1,2008,2008,0,0,1
v3_opening_the_mind_to_close_it_considering,rpp.72,2014,2014,1,1,1,0,0.375,0.5,0.25,1,2008,2008,0,0,1
v3_opening_the_mind_to_close_it_considering,rpp.72,2014,2014,1,1,1,0,0.5,0.25,0.75,1,2008,2008,0,0,1
v3_opening_the_mind_to_close_it_considering,rpp.72,2015,2015,1,1,0,0,,,,0,2008,2008,0,0,1
v3_opening_the_mind_to_close_it_considering,rpp.72,2015,2015,1,1,1,0,0.25,0.25,0.25,1,2008,2008,0,0,1
v3_opening_the_mind_to_close_it_considering,rpp.72,2016,2016,1,1,1,0,0.25,0.25,0.25,0,2008,2008,0,0,1
v3_opening_the_mind_to_close_it_considering,rpp.72,2016,2016,1,1,1,0,0.5,0.25,0.75,0,2008,2008,0,0,1
v3_opening_the_mind_to_close_it_considering,rpp.72,2017,2017,1,1,0,0,,,,1,2008,2008,0,0,1
v3_opening_the_mind_to_close_it_considering,rpp.72,2017,2017,1,1,1,0,0.5,0.5,0.5,1,2008,2008,0,0,1
v3_opening_the_mind_to_close_it_considering,rpp.72,2017,2017,1,1,1,0,0.625,0.75,0.5,1,2008,2008,0,0,1
v3_opening_the_mind_to_close_it_considering,rpp.72,2018,2018,1,1,0,0,,,,0,2008,2008,0,0,1
v3_opening_the_mind_to_close_it_considering,rpp.72,2020,2020,1,1,0,0,,,,0,2008,2008,0,0,1
v3_opening_the_mind_to_close_it_considering,rpp.72,2020,2020,1,1,0,0,,,,1,2008,2008,0,0,2
v3_opening_the_mind_to_close_it_considering,rpp.72,2020,2020,1,1,1,0,0.5,0.5,0.5,0,2008,2008,0,0,1
v3_opening_the_mind_to_close_it_considering,rpp.72,2020,2020,1,1,1,0,0.5,0.5,0.5,1,2008,2008,0,0,1
v3_opening_the_mind_to_close_it_considering,rpp.72,2021,2021,1,1,0,0,,,,1,2008,2008,0,0,1
v3_opening_the_mind_to_close_it_considering,rpp.72,2021,2021,1,1,1,0,0.125,0,0.25,1,2008,2008,0,0,1
v3_opening_the_mind_to_close_it_considering,rpp.72,2021,2021,1,1,1,0,0.25,0.25,0.25,1,2008,2008,0,0,1
v3_opening_the_mind_to_close_it_considering,rpp.72,2021,2021,1,1,1,0,0.375,0.25,0.5,0,2008,2008,0,0,1
v3_opening_the_mind_to_close_it_considering,rpp.72,2021,2021,1,1,1,0,0.5,0.5,0.5,1,2008,2008,0,0,1
v3_opening_the_mind_to_close_it_considering,rpp.72,2021,2021,1,1,1,0,0.625,0.5,0.75,1,2008,2008,0,0,1
v3_opening_the_mind_to_close_it_considering,rpp.72,2022,2022,1,1,0,0,,,,1,2008,2008,0,0,2
v3_opening_the_mind_to_close_it_considering,rpp.72,2022,2022,1,1,1,0,0.875,0.75,1.0,1,2008,2008,0,0,1
v3_opening_the_mind_to_close_it_considering,rpp.72,2024,2024,1,1,1,0,0.875,0.75,1.0,1,2008,2008,0,0,2
v3_opening_the_mind_to_close_it_considering,rpp.72,2025,2025,1,1,1,0,0.5,0.5,0.5,1,2008,2008,0,0,1
v3_opening_the_mind_to_close_it_considering,rpp.72,2025,2025,1,1,1,0,1.0,1,1.0,1,2008,2008,0,0,1
v3_organ_allocation_policy_and_the_decision,ee.15,2011,2011,1,1,1,0,0.625,0.5,0.75,1,2012,2011,1,0,1
v3_organ_allocation_policy_and_the_decision,ee.15,2012,2012,1,1,0,0,,,,0,2012,2011,0,0,2
v3_organ_allocation_policy_and_the_decision,ee.15,2012,2012,1,1,0,0,,,,1,2012,2011,0,0,2
v3_organ_allocation_policy_and_the_decision,ee.15,2012,2012,1,1,1,0,0.5,0.5,0.5,1,2012,2011,0,0,1
v3_organ_allocation_policy_and_the_decision,ee.15,2012,2012,1,1,1,0,0.75,1,0.5,0,2012,2011,0,0,1
v3_organ_allocation_policy_and_the_decision,ee.15,2013,2013,1,1,0,0,,,,0,2012,2011,0,0,1
v3_organ_allocation_policy_and_the_decision,ee.15,2013,2013,1,1,0,0,,,,1,2012,2011,0,0,7
v3_organ_allocation_policy_and_the_decision,ee.15,2013,2013,1,1,1,0,0.5,0.5,0.5,1,2012,2011,0,0,2
v3_organ_allocation_policy_and_the_decision,ee.15,2013,2013,1,1,1,0,0.625,0.5,0.75,1,2012,2011,0,0,1
v3_organ_allocation_policy_and_the_decision,ee.15,2013,2013,1,1,1,0,0.75,0.5,1.0,1,2012,2011,0,0,1
v3_organ_allocation_policy_and_the_decision,ee.15,2013,2013,1,1,1,0,0.875,0.75,1.0,1,2012,2011,0,0,1
v3_organ_allocation_policy_and_the_decision,ee.15,2014,2014,1,1,0,0,,,,0,2012,2011,0,0,1
v3_organ_allocation_policy_and_the_decision,ee.15,2014,2014,1,1,0,0,,,,1,2012,2011,0,0,2
v3_organ_allocation_policy_and_the_decision,ee.15,2014,2014,1,1,1,0,0.5,0.5,0.5,1,2012,2011,0,0,1
v3_organ_allocation_policy_and_the_decision,ee.15,2015,2015,1,1,0,0,,,,0,2012,2011,0,0,2
v3_organ_allocation_policy_and_the_decision,ee.15,2015,2015,1,1,0,0,,,,1,2012,2011,0,0,2
v3_organ_allocation_policy_and_the_decision,ee.15,2016,2016,1,1,0,0,,,,0,2012,2011,0,0,5
v3_organ_allocation_policy_and_the_decision,ee.15,2016,2016,1,1,0,0,,,,1,2012,2011,0,0,19
v3_organ_allocation_policy_and_the_decision,ee.15,2016,2016,1,1,1,0,0.25,0.25,0.25,1,2012,2011,0,0,1
v3_organ_allocation_policy_and_the_decision,ee.15,2016,2016,1,1,1,0,0.5,0.5,0.5,1,2012,2011,0,0,4
v3_organ_allocation_policy_and_the_decision,ee.15,2016,2016,1,1,1,0,0.625,0.5,0.75,1,2012,2011,0,0,2
v3_organ_allocation_policy_and_the_decision,ee.15,2016,2016,1,1,1,0,0.75,0.75,0.75,1,2012,2011,0,0,1
v3_organ_allocation_policy_and_the_decision,ee.15,2016,2016,1,1,1,0,0.875,0.75,1.0,0,2012,2011,0,0,2
v3_organ_allocation_policy_and_the_decision,ee.15,2017,2017,1,1,0,0,,,,0,2012,2011,0,0,1
v3_organ_allocation_policy_and_the_decision,ee.15,2017,2017,1,1,0,0,,,,1,2012,2011,0,0,1
v3_organ_allocation_policy_and_the_decision,ee.15,2018,2018,1,1,0,0,,,,0,2012,2011,0,0,1
v3_organ_allocation_policy_and_the_decision,ee.15,2018,2018,1,1,0,0,,,,1,2012,2011,0,0,3
v3_organ_allocation_policy_and_the_decision,ee.15,2018,2018,1,1,1,0,0.5,0.5,0.5,1,2012,2011,0,0,1
v3_organ_allocation_policy_and_the_decision,ee.15,2019,2019,1,1,0,0,,,,0,2012,2011,0,0,3
v3_organ_allocation_policy_and_the_decision,ee.15,2019,2019,1,1,0,0,,,,1,2012,2011,0,0,10
v3_organ_allocation_policy_and_the_decision,ee.15,2019,2019,1,1,1,0,0.5,0.5,0.5,1,2012,2011,0,0,1
v3_organ_allocation_policy_and_the_decision,ee.15,2020,2020,1,1,0,0,,,,1,2012,2011,0,0,7
v3_organ_allocation_policy_and_the_decision,ee.15,2020,2020,1,1,1,0,0.5,0.75,0.25,1,2012,2011,0,0,1
v3_organ_allocation_policy_and_the_decision,ee.15,2021,2021,1,1,0,0,,,,0,2012,2011,0,0,1
v3_organ_allocation_policy_and_the_decision,ee.15,2022,2022,1,1,0,0,,,,1,2012,2011,0,0,2
v3_organ_allocation_policy_and_the_decision,ee.15,2023,2023,1,1,0,0,,,,1,2012,2011,0,0,2
v3_organ_allocation_policy_and_the_decision,ee.15,2023,2023,1,1,1,0,0.5,0.5,0.5,1,2012,2011,0,0,1
v3_organ_allocation_policy_and_the_decision,ee.15,2024,2024,1,1,0,0,,,,1,2012,2011,0,0,2
v3_organ_allocation_policy_and_the_decision,ee.15,2025,2025,1,1,0,0,,,,0,2012,2011,0,0,4
v3_organ_allocation_policy_and_the_decision,ee.15,2025,2025,1,1,0,0,,,,1,2012,2011,0,0,2
v3_organ_allocation_policy_and_the_decision,ee.15,2025,2025,1,1,1,0,0.625,0.5,0.75,1,2012,2011,0,0,1
v3_organ_allocation_policy_and_the_decision,ee.15,2025,2025,1,1,1,0,0.75,0.5,1.0,1,2012,2011,0,0,1
v3_organ_allocation_policy_and_the_decision,ee.15,2025,2025,1,1,1,0,0.75,0.75,0.75,1,2012,2011,0,0,1
v3_organ_allocation_policy_and_the_decision,ee.15,2026,2026,1,1,0,0,,,,0,2012,2011,0,0,1
v3_orienting_attention_in_visual_working_me,rpp.37,2007,2007,1,1,0,0,,,,0,2008,2008,1,1,1
v3_orienting_attention_in_visual_working_me,rpp.37,2007,2007,1,1,0,0,,,,1,2008,2008,1,1,1
v3_orienting_attention_in_visual_working_me,rpp.37,2007,2007,1,1,1,0,0.375,0.5,0.25,1,2008,2008,1,1,2
v3_orienting_attention_in_visual_working_me,rpp.37,2007,2007,1,1,1,0,0.625,0.5,0.75,0,2008,2008,1,1,1
v3_orienting_attention_in_visual_working_me,rpp.37,2008,2008,1,1,1,0,0.25,0.25,0.25,1,2008,2008,0,0,1
v3_orienting_attention_in_visual_working_me,rpp.37,2008,2008,1,1,1,0,0.5,0.5,0.5,1,2008,2008,0,0,1
v3_orienting_attention_in_visual_working_me,rpp.37,2009,2009,1,1,1,0,0.25,0.25,0.25,1,2008,2008,0,0,1
v3_orienting_attention_in_visual_working_me,rpp.37,2009,2009,1,1,1,0,0.5,0.5,0.5,1,2008,2008,0,0,1
v3_orienting_attention_in_visual_working_me,rpp.37,2009,2009,1,1,1,0,0.75,0.75,0.75,1,2008,2008,0,0,1
v3_orienting_attention_in_visual_working_me,rpp.37,2009,2009,1,1,1,0,0.875,0.75,1.0,0,2008,2008,0,0,1
v3_orienting_attention_in_visual_working_me,rpp.37,2010,2010,1,1,0,0,,,,0,2008,2008,0,0,3
v3_orienting_attention_in_visual_working_me,rpp.37,2010,2010,1,1,0,0,,,,1,2008,2008,0,0,2
v3_orienting_attention_in_visual_working_me,rpp.37,2010,2010,1,1,1,0,0.25,0.25,0.25,0,2008,2008,0,0,1
v3_orienting_attention_in_visual_working_me,rpp.37,2010,2010,1,1,1,0,0.25,0.25,0.25,1,2008,2008,0,0,2
v3_orienting_attention_in_visual_working_me,rpp.37,2010,2010,1,1,1,0,0.5,0.5,0.5,1,2008,2008,0,0,3
v3_orienting_attention_in_visual_working_me,rpp.37,2010,2010,1,1,1,0,0.625,0.75,0.5,0,2008,2008,0,0,1
v3_orienting_attention_in_visual_working_me,rpp.37,2010,2010,1,1,1,0,0.625,0.75,0.5,1,2008,2008,0,0,3
v3_orienting_attention_in_visual_working_me,rpp.37,2010,2010,1,1,1,0,0.75,0.75,0.75,0,2008,2008,0,0,1
v3_orienting_attention_in_visual_working_me,rpp.37,2010,2010,1,1,1,0,0.75,0.75,0.75,1,2008,2008,0,0,1
v3_orienting_attention_in_visual_working_me,rpp.37,2010,2010,1,1,1,0,0.75,1,0.5,1,2008,2008,0,0,1
v3_orienting_attention_in_visual_working_me,rpp.37,2010,2010,1,1,1,0,0.875,0.75,1.0,1,2008,2008,0,0,2
v3_orienting_attention_in_visual_working_me,rpp.37,2011,2011,1,1,0,0,,,,0,2008,2008,0,0,6
v3_orienting_attention_in_visual_working_me,rpp.37,2011,2011,1,1,0,0,,,,1,2008,2008,0,0,11
v3_orienting_attention_in_visual_working_me,rpp.37,2011,2011,1,1,1,0,0.125,0,0.25,1,2008,2008,0,0,1
v3_orienting_attention_in_visual_working_me,rpp.37,2011,2011,1,1,1,0,0.125,0.25,0.0,1,2008,2008,0,0,1
v3_orienting_attention_in_visual_working_me,rpp.37,2011,2011,1,1,1,0,0.25,0.25,0.25,1,2008,2008,0,0,1
v3_orienting_attention_in_visual_working_me,rpp.37,2011,2011,1,1,1,0,0.375,0.5,0.25,1,2008,2008,0,0,1
v3_orienting_attention_in_visual_working_me,rpp.37,2011,2011,1,1,1,0,0.5,0.5,0.5,1,2008,2008,0,0,5
v3_orienting_attention_in_visual_working_me,rpp.37,2011,2011,1,1,1,0,0.625,0.75,0.5,1,2008,2008,0,0,1
v3_orienting_attention_in_visual_working_me,rpp.37,2011,2011,1,1,1,0,0.75,0.5,1.0,1,2008,2008,0,0,1
v3_orienting_attention_in_visual_working_me,rpp.37,2011,2011,1,1,1,0,0.75,0.75,0.75,0,2008,2008,0,0,1
v3_orienting_attention_in_visual_working_me,rpp.37,2011,2011,1,1,1,0,0.75,0.75,0.75,1,2008,2008,0,0,2
v3_orienting_attention_in_visual_working_me,rpp.37,2011,2011,1,1,1,0,0.875,1,0.75,0,2008,2008,0,0,3
v3_orienting_attention_in_visual_working_me,rpp.37,2012,2012,1,1,0,0,,,,0,2008,2008,0,0,12
v3_orienting_attention_in_visual_working_me,rpp.37,2012,2012,1,1,0,0,,,,1,2008,2008,0,0,11
v3_orienting_attention_in_visual_working_me,rpp.37,2012,2012,1,1,1,0,0.0,0,0.0,0,2008,2008,0,0,1
v3_orienting_attention_in_visual_working_me,rpp.37,2012,2012,1,1,1,0,0.125,0,0.25,0,2008,2008,0,0,1
v3_orienting_attention_in_visual_working_me,rpp.37,2012,2012,1,1,1,0,0.25,0.25,0.25,0,2008,2008,0,0,3
v3_orienting_attention_in_visual_working_me,rpp.37,2012,2012,1,1,1,0,0.25,0.25,0.25,1,2008,2008,0,0,2
v3_orienting_attention_in_visual_working_me,rpp.37,2012,2012,1,1,1,0,0.25,0.5,0.0,0,2008,2008,0,0,1
v3_orienting_attention_in_visual_working_me,rpp.37,2012,2012,1,1,1,0,0.5,0.5,0.5,1,2008,2008,0,0,4
v3_orienting_attention_in_visual_working_me,rpp.37,2012,2012,1,1,1,0,0.625,0.5,0.75,0,2008,2008,0,0,2
v3_orienting_attention_in_visual_working_me,rpp.37,2012,2012,1,1,1,0,0.625,0.5,0.75,1,2008,2008,0,0,5
v3_orienting_attention_in_visual_working_me,rpp.37,2012,2012,1,1,1,0,0.625,0.75,0.5,0,2008,2008,0,0,2
v3_orienting_attention_in_visual_working_me,rpp.37,2012,2012,1,1,1,0,0.625,0.75,0.5,1,2008,2008,0,0,1
v3_orienting_attention_in_visual_working_me,rpp.37,2012,2012,1,1,1,0,0.75,0.75,0.75,0,2008,2008,0,0,1
v3_orienting_attention_in_visual_working_me,rpp.37,2012,2012,1,1,1,0,0.75,0.75,0.75,1,2008,2008,0,0,2
v3_orienting_attention_in_visual_working_me,rpp.37,2013,2013,1,1,0,0,,,,0,2008,2008,0,0,1
v3_orienting_attention_in_visual_working_me,rpp.37,2013,2013,1,1,0,0,,,,1,2008,2008,0,0,1
v3_orienting_attention_in_visual_working_me,rpp.37,2013,2013,1,1,1,0,0.0,0,0.0,1,2008,2008,0,0,1
v3_orienting_attention_in_visual_working_me,rpp.37,2013,2013,1,1,1,0,0.125,0,0.25,1,2008,2008,0,0,1
v3_orienting_attention_in_visual_working_me,rpp.37,2013,2013,1,1,1,0,0.125,0.25,0.0,1,2008,2008,0,0,1
v3_orienting_attention_in_visual_working_me,rpp.37,2013,2013,1,1,1,0,0.25,0.25,0.25,0,2008,2008,0,0,1
v3_orienting_attention_in_visual_working_me,rpp.37,2013,2013,1,1,1,0,0.25,0.25,0.25,1,2008,2008,0,0,1
v3_orienting_attention_in_visual_working_me,rpp.37,2013,2013,1,1,1,0,0.375,0.25,0.5,1,2008,2008,0,0,1
v3_orienting_attention_in_visual_working_me,rpp.37,2013,2013,1,1,1,0,0.375,0.5,0.25,1,2008,2008,0,0,1
v3_orienting_attention_in_visual_working_me,rpp.37,2013,2013,1,1,1,0,0.5,0.5,0.5,0,2008,2008,0,0,1
v3_orienting_attention_in_visual_working_me,rpp.37,2013,2013,1,1,1,0,0.5,0.5,0.5,1,2008,2008,0,0,1
v3_orienting_attention_in_visual_working_me,rpp.37,2013,2013,1,1,1,0,0.625,0.5,0.75,0,2008,2008,0,0,2
v3_orienting_attention_in_visual_working_me,rpp.37,2013,2013,1,1,1,0,0.625,0.5,0.75,1,2008,2008,0,0,2
v3_orienting_attention_in_visual_working_me,rpp.37,2013,2013,1,1,1,0,0.75,0.75,0.75,0,2008,2008,0,0,2
v3_orienting_attention_in_visual_working_me,rpp.37,2013,2013,1,1,1,0,0.875,1,0.75,1,2008,2008,0,0,1
v3_orienting_attention_in_visual_working_me,rpp.37,2013,2013,1,1,1,0,1.0,1,1.0,1,2008,2008,0,0,1
v3_orienting_attention_in_visual_working_me,rpp.37,2014,2014,1,1,0,0,,,,0,2008,2008,0,0,5
v3_orienting_attention_in_visual_working_me,rpp.37,2014,2014,1,1,0,0,,,,1,2008,2008,0,0,2
v3_orienting_attention_in_visual_working_me,rpp.37,2014,2014,1,1,1,0,0.0,0,0.0,1,2008,2008,0,0,1
v3_orienting_attention_in_visual_working_me,rpp.37,2014,2014,1,1,1,0,0.125,0.25,0.0,0,2008,2008,0,0,1
v3_orienting_attention_in_visual_working_me,rpp.37,2014,2014,1,1,1,0,0.25,0.25,0.25,0,2008,2008,0,0,1
v3_orienting_attention_in_visual_working_me,rpp.37,2014,2014,1,1,1,0,0.25,0.25,0.25,1,2008,2008,0,0,2
v3_orienting_attention_in_visual_working_me,rpp.37,2014,2014,1,1,1,0,0.375,0.25,0.5,1,2008,2008,0,0,1
v3_orienting_attention_in_visual_working_me,rpp.37,2014,2014,1,1,1,0,0.375,0.5,0.25,1,2008,2008,0,0,1
v3_orienting_attention_in_visual_working_me,rpp.37,2014,2014,1,1,1,0,0.5,0.5,0.5,0,2008,2008,0,0,2
v3_orienting_attention_in_visual_working_me,rpp.37,2014,2014,1,1,1,0,0.5,0.5,0.5,1,2008,2008,0,0,2
v3_orienting_attention_in_visual_working_me,rpp.37,2014,2014,1,1,1,0,0.625,0.75,0.5,0,2008,2008,0,0,1
v3_orienting_attention_in_visual_working_me,rpp.37,2014,2014,1,1,1,0,0.75,0.5,1.0,1,2008,2008,0,0,2
v3_orienting_attention_in_visual_working_me,rpp.37,2014,2014,1,1,1,0,0.75,0.75,0.75,1,2008,2008,0,0,1
v3_orienting_attention_in_visual_working_me,rpp.37,2015,2015,1,1,0,0,,,,0,2008,2008,0,0,7
v3_orienting_attention_in_visual_working_me,rpp.37,2015,2015,1,1,0,0,,,,1,2008,2008,0,0,6
v3_orienting_attention_in_visual_working_me,rpp.37,2015,2015,1,1,1,0,0.25,0.25,0.25,1,2008,2008,0,0,3
v3_orienting_attention_in_visual_working_me,rpp.37,2015,2015,1,1,1,0,0.5,0.5,0.5,0,2008,2008,0,0,2
v3_orienting_attention_in_visual_working_me,rpp.37,2015,2015,1,1,1,0,0.5,0.5,0.5,1,2008,2008,0,0,7
v3_orienting_attention_in_visual_working_me,rpp.37,2015,2015,1,1,1,0,0.625,0.5,0.75,1,2008,2008,0,0,2
v3_orienting_attention_in_visual_working_me,rpp.37,2015,2015,1,1,1,0,0.625,0.75,0.5,1,2008,2008,0,0,1
v3_orienting_attention_in_visual_working_me,rpp.37,2015,2015,1,1,1,0,0.75,0.75,0.75,0,2008,2008,0,0,1
v3_orienting_attention_in_visual_working_me,rpp.37,2015,2015,1,1,1,0,0.75,0.75,0.75,1,2008,2008,0,0,2
v3_orienting_attention_in_visual_working_me,rpp.37,2015,2015,1,1,1,0,1.0,1,1.0,1,2008,2008,0,0,1
v3_orienting_attention_in_visual_working_me,rpp.37,2016,2016,1,1,0,0,,,,0,2008,2008,0,0,5
v3_orienting_attention_in_visual_working_me,rpp.37,2016,2016,1,1,0,0,,,,1,2008,2008,0,0,7
v3_orienting_attention_in_visual_working_me,rpp.37,2016,2016,1,1,1,0,0.125,0,0.25,1,2008,2008,0,0,1
v3_orienting_attention_in_visual_working_me,rpp.37,2016,2016,1,1,1,0,0.25,0.25,0.25,1,2008,2008,0,0,1
v3_orienting_attention_in_visual_working_me,rpp.37,2016,2016,1,1,1,0,0.375,0.25,0.5,0,2008,2008,0,0,1
v3_orienting_attention_in_visual_working_me,rpp.37,2016,2016,1,1,1,0,0.375,0.25,0.5,1,2008,2008,0,0,1
v3_orienting_attention_in_visual_working_me,rpp.37,2016,2016,1,1,1,0,0.625,0.5,0.75,1,2008,2008,0,0,2
v3_orienting_attention_in_visual_working_me,rpp.37,2016,2016,1,1,1,0,0.75,0.75,0.75,1,2008,2008,0,0,1
v3_orienting_attention_in_visual_working_me,rpp.37,2017,2017,1,1,0,0,,,,0,2008,2008,0,0,4
v3_orienting_attention_in_visual_working_me,rpp.37,2017,2017,1,1,0,0,,,,1,2008,2008,0,0,5
v3_orienting_attention_in_visual_working_me,rpp.37,2017,2017,1,1,1,0,0.125,0,0.25,0,2008,2008,0,0,2
v3_orienting_attention_in_visual_working_me,rpp.37,2017,2017,1,1,1,0,0.125,0.25,0.0,0,2008,2008,0,0,1
v3_orienting_attention_in_visual_working_me,rpp.37,2017,2017,1,1,1,0,0.25,0.25,0.25,1,2008,2008,0,0,1
v3_orienting_attention_in_visual_working_me,rpp.37,2017,2017,1,1,1,0,0.375,0.25,0.5,1,2008,2008,0,0,2
v3_orienting_attention_in_visual_working_me,rpp.37,2017,2017,1,1,1,0,0.5,0.5,0.5,1,2008,2008,0,0,2
v3_orienting_attention_in_visual_working_me,rpp.37,2017,2017,1,1,1,0,0.625,0.75,0.5,1,2008,2008,0,0,1
v3_orienting_attention_in_visual_working_me,rpp.37,2018,2018,1,1,0,0,,,,0,2008,2008,0,0,1
v3_orienting_attention_in_visual_working_me,rpp.37,2018,2018,1,1,0,0,,,,1,2008,2008,0,0,2
v3_orienting_attention_in_visual_working_me,rpp.37,2018,2018,1,1,1,0,0.125,0,0.25,1,2008,2008,0,0,1
v3_orienting_attention_in_visual_working_me,rpp.37,2018,2018,1,1,1,0,0.125,0.25,0.0,0,2008,2008,0,0,1
v3_orienting_attention_in_visual_working_me,rpp.37,2018,2018,1,1,1,0,0.25,0.25,0.25,1,2008,2008,0,0,2
v3_orienting_attention_in_visual_working_me,rpp.37,2018,2018,1,1,1,0,0.625,0.75,0.5,1,2008,2008,0,0,1
v3_orienting_attention_in_visual_working_me,rpp.37,2019,2019,1,1,1,0,0.0,0,0.0,1,2008,2008,0,0,1
v3_orienting_attention_in_visual_working_me,rpp.37,2019,2019,1,1,1,0,0.25,0.25,0.25,1,2008,2008,0,0,1
v3_orienting_attention_in_visual_working_me,rpp.37,2019,2019,1,1,1,0,0.5,0.5,0.5,0,2008,2008,0,0,2
v3_orienting_attention_in_visual_working_me,rpp.37,2019,2019,1,1,1,0,0.5,0.5,0.5,1,2008,2008,0,0,1
v3_orienting_attention_in_visual_working_me,rpp.37,2019,2019,1,1,1,0,0.625,0.5,0.75,1,2008,2008,0,0,1
v3_orienting_attention_in_visual_working_me,rpp.37,2020,2020,1,1,0,0,,,,0,2008,2008,0,0,1
v3_orienting_attention_in_visual_working_me,rpp.37,2020,2020,1,1,0,0,,,,1,2008,2008,0,0,1
v3_orienting_attention_in_visual_working_me,rpp.37,2020,2020,1,1,1,0,0.125,0,0.25,1,2008,2008,0,0,1
v3_orienting_attention_in_visual_working_me,rpp.37,2020,2020,1,1,1,0,0.375,0.5,0.25,1,2008,2008,0,0,1
v3_orienting_attention_in_visual_working_me,rpp.37,2020,2020,1,1,1,0,0.5,0.5,0.5,1,2008,2008,0,0,1
v3_orienting_attention_in_visual_working_me,rpp.37,2020,2020,1,1,1,0,0.875,0.75,1.0,1,2008,2008,0,0,1
v3_orienting_attention_in_visual_working_me,rpp.37,2022,2022,1,1,0,0,,,,0,2008,2008,0,0,2
v3_orienting_attention_in_visual_working_me,rpp.37,2022,2022,1,1,1,0,0.625,0.5,0.75,0,2008,2008,0,0,1
v3_orienting_attention_in_visual_working_me,rpp.37,2022,2022,1,1,1,0,0.625,0.75,0.5,1,2008,2008,0,0,1
v3_orienting_attention_in_visual_working_me,rpp.37,2022,2022,1,1,1,0,0.75,0.75,0.75,1,2008,2008,0,0,2
v3_orienting_attention_in_visual_working_me,rpp.37,2022,2022,1,1,1,0,0.875,0.75,1.0,1,2008,2008,0,0,1
v3_orienting_attention_in_visual_working_me,rpp.37,2023,2023,1,1,1,0,0.25,0.25,0.25,1,2008,2008,0,0,1
v3_orienting_attention_in_visual_working_me,rpp.37,2024,2024,1,1,0,0,,,,0,2008,2008,0,0,2
v3_orienting_attention_in_visual_working_me,rpp.37,2024,2024,1,1,1,0,0.25,0.25,0.25,1,2008,2008,0,0,1
v3_orienting_attention_in_visual_working_me,rpp.37,2025,2025,1,1,1,0,0.375,0.25,0.5,1,2008,2008,0,0,1
v3_orienting_attention_in_visual_working_me,rpp.37,2025,2025,1,1,1,0,0.5,0.5,0.5,1,2008,2008,0,0,2
v3_orienting_attention_in_visual_working_me,rpp.37,2026,2026,1,1,0,0,,,,0,2008,2008,0,0,1
v3_orienting_attention_in_visual_working_me,rpp.37,2026,2026,1,1,0,0,,,,1,2008,2008,0,0,1
v3_perceptual_mechanisms_that_characterize_,rpp.110,2009,2009,1,1,0,0,,,,0,2008,2008,0,0,1
v3_perceptual_mechanisms_that_characterize_,rpp.110,2009,2009,1,1,1,0,0.25,0.25,0.25,1,2008,2008,0,0,1
v3_perceptual_mechanisms_that_characterize_,rpp.110,2010,2010,1,1,0,0,,,,0,2008,2008,0,0,1
v3_perceptual_mechanisms_that_characterize_,rpp.110,2010,2010,1,1,0,0,,,,1,2008,2008,0,0,1
v3_perceptual_mechanisms_that_characterize_,rpp.110,2010,2010,1,1,1,0,0.5,0.5,0.5,1,2008,2008,0,0,2
v3_perceptual_mechanisms_that_characterize_,rpp.110,2010,2010,1,1,1,0,0.875,0.75,1.0,1,2008,2008,0,0,1
v3_perceptual_mechanisms_that_characterize_,rpp.110,2011,2011,1,1,1,0,0.875,0.75,1.0,1,2008,2008,0,0,1
v3_perceptual_mechanisms_that_characterize_,rpp.110,2012,2012,1,1,0,0,,,,1,2008,2008,0,0,1
v3_perceptual_mechanisms_that_characterize_,rpp.110,2012,2012,1,1,1,0,0.25,0.25,0.25,1,2008,2008,0,0,1
v3_perceptual_mechanisms_that_characterize_,rpp.110,2013,2013,1,1,0,0,,,,1,2008,2008,0,0,2
v3_perceptual_mechanisms_that_characterize_,rpp.110,2013,2013,1,1,1,0,0.375,0.5,0.25,1,2008,2008,0,0,1
v3_perceptual_mechanisms_that_characterize_,rpp.110,2013,2013,1,1,1,0,0.75,0.75,0.75,1,2008,2008,0,0,1
v3_perceptual_mechanisms_that_characterize_,rpp.110,2014,2014,1,1,0,0,,,,0,2008,2008,0,0,3
v3_perceptual_mechanisms_that_characterize_,rpp.110,2014,2014,1,1,1,0,0.0,0,0.0,1,2008,2008,0,0,1
v3_perceptual_mechanisms_that_characterize_,rpp.110,2014,2014,1,1,1,0,0.125,0,0.25,1,2008,2008,0,0,2
v3_perceptual_mechanisms_that_characterize_,rpp.110,2014,2014,1,1,1,0,0.125,0.25,0.0,1,2008,2008,0,0,2
v3_perceptual_mechanisms_that_characterize_,rpp.110,2014,2014,1,1,1,0,0.25,0.25,0.25,0,2008,2008,0,0,2
v3_perceptual_mechanisms_that_characterize_,rpp.110,2014,2014,1,1,1,0,0.25,0.25,0.25,1,2008,2008,0,0,1
v3_perceptual_mechanisms_that_characterize_,rpp.110,2014,2014,1,1,1,0,0.5,0.5,0.5,0,2008,2008,0,0,1
v3_perceptual_mechanisms_that_characterize_,rpp.110,2014,2014,1,1,1,0,0.5,0.5,0.5,1,2008,2008,0,0,1
v3_perceptual_mechanisms_that_characterize_,rpp.110,2014,2014,1,1,1,0,0.625,0.25,1.0,0,2008,2008,0,0,1
v3_perceptual_mechanisms_that_characterize_,rpp.110,2015,2015,1,1,0,0,,,,0,2008,2008,0,0,1
v3_perceptual_mechanisms_that_characterize_,rpp.110,2015,2015,1,1,1,0,0.25,0.25,0.25,1,2008,2008,0,0,1
v3_perceptual_mechanisms_that_characterize_,rpp.110,2015,2015,1,1,1,0,0.625,0.5,0.75,1,2008,2008,0,0,1
v3_perceptual_mechanisms_that_characterize_,rpp.110,2015,2016,2,2,1,0,0.625,0.5,0.75,1,2008,2008,0,0,1
v3_perceptual_mechanisms_that_characterize_,rpp.110,2016,2016,1,1,0,0,,,,0,2008,2008,0,0,2
v3_perceptual_mechanisms_that_characterize_,rpp.110,2016,2016,1,1,1,0,0.125,0,0.25,0,2008,2008,0,0,1
v3_perceptual_mechanisms_that_characterize_,rpp.110,2016,2016,1,1,1,0,0.125,0,0.25,1,2008,2008,0,0,1
v3_perceptual_mechanisms_that_characterize_,rpp.110,2016,2016,1,1,1,0,0.25,0.25,0.25,1,2008,2008,0,0,3
v3_perceptual_mechanisms_that_characterize_,rpp.110,2016,2016,1,1,1,0,0.375,0.25,0.5,1,2008,2008,0,0,1
v3_perceptual_mechanisms_that_characterize_,rpp.110,2016,2016,1,1,1,0,0.375,0.5,0.25,0,2008,2008,0,0,1
v3_perceptual_mechanisms_that_characterize_,rpp.110,2016,2016,1,1,1,0,0.5,0.5,0.5,0,2008,2008,0,0,2
v3_perceptual_mechanisms_that_characterize_,rpp.110,2016,2016,1,1,1,0,0.5,0.5,0.5,1,2008,2008,0,0,3
v3_perceptual_mechanisms_that_characterize_,rpp.110,2016,2016,1,1,1,0,0.75,0.5,1.0,1,2008,2008,0,0,1
v3_perceptual_mechanisms_that_characterize_,rpp.110,2016,2016,1,1,1,0,0.875,1,0.75,1,2008,2008,0,0,1
v3_perceptual_mechanisms_that_characterize_,rpp.110,2017,2017,1,1,0,0,,,,1,2008,2008,0,0,4
v3_perceptual_mechanisms_that_characterize_,rpp.110,2017,2017,1,1,1,0,0.375,0.5,0.25,1,2008,2008,0,0,1
v3_perceptual_mechanisms_that_characterize_,rpp.110,2017,2017,1,1,1,0,0.75,0.75,0.75,1,2008,2008,0,0,1
v3_perceptual_mechanisms_that_characterize_,rpp.110,2017,2017,1,1,1,0,0.875,0.75,1.0,1,2008,2008,0,0,1
v3_perceptual_mechanisms_that_characterize_,rpp.110,2018,2018,1,1,0,0,,,,1,2008,2008,0,0,2
v3_perceptual_mechanisms_that_characterize_,rpp.110,2018,2018,1,1,1,0,0.125,0,0.25,0,2008,2008,0,0,1
v3_perceptual_mechanisms_that_characterize_,rpp.110,2019,2019,1,1,0,0,,,,0,2008,2008,0,0,3
v3_perceptual_mechanisms_that_characterize_,rpp.110,2019,2019,1,1,0,0,,,,1,2008,2008,0,0,1
v3_perceptual_mechanisms_that_characterize_,rpp.110,2019,2019,1,1,1,0,0.5,0.5,0.5,0,2008,2008,0,0,1
v3_perceptual_mechanisms_that_characterize_,rpp.110,2020,2020,1,1,0,0,,,,0,2008,2008,0,0,1
v3_perceptual_mechanisms_that_characterize_,rpp.110,2020,2020,1,1,0,0,,,,1,2008,2008,0,0,2
v3_perceptual_mechanisms_that_characterize_,rpp.110,2020,2020,1,1,1,0,0.125,0,0.25,0,2008,2008,0,0,2
v3_perceptual_mechanisms_that_characterize_,rpp.110,2020,2020,1,1,1,0,0.125,0.25,0.0,1,2008,2008,0,0,1
v3_perceptual_mechanisms_that_characterize_,rpp.110,2020,2020,1,1,1,0,0.25,0.25,0.25,1,2008,2008,0,0,2
v3_perceptual_mechanisms_that_characterize_,rpp.110,2021,2021,1,1,1,0,1.0,1,1.0,1,2008,2008,0,0,1
v3_perceptual_mechanisms_that_characterize_,rpp.110,2022,2022,1,1,1,0,0.25,0.25,0.25,1,2008,2008,0,0,1
v3_perceptual_mechanisms_that_characterize_,rpp.110,2022,2022,1,1,1,0,0.5,0.25,0.75,1,2008,2008,0,0,1
v3_perceptual_mechanisms_that_characterize_,rpp.110,2022,2022,1,1,1,0,0.5,0.5,0.5,1,2008,2008,0,0,1
v3_perceptual_mechanisms_that_characterize_,rpp.110,2022,2022,1,1,1,0,0.75,0.75,0.75,0,2008,2008,0,0,1
v3_perceptual_mechanisms_that_characterize_,rpp.110,2022,2022,1,1,1,0,0.875,0.75,1.0,1,2008,2008,0,0,2
v3_perceptual_mechanisms_that_characterize_,rpp.110,2023,2023,1,1,1,0,0.375,0.25,0.5,0,2008,2008,0,0,1
v3_perceptual_mechanisms_that_characterize_,rpp.110,2025,2025,1,1,0,0,,,,1,2008,2008,0,0,1
v3_perceptual_mechanisms_that_characterize_,rpp.110,2025,2025,1,1,1,0,0.375,0.25,0.5,1,2008,2008,0,0,1
v3_perceptual_mechanisms_that_characterize_,rpp.110,2025,2025,1,1,1,0,0.5,0.5,0.5,0,2008,2008,0,0,1
v3_perceptual_mechanisms_that_characterize_,rpp.110,2025,2025,1,1,1,0,0.5,0.5,0.5,1,2008,2008,0,0,1
v3_perceptual_mechanisms_that_characterize_,rpp.110,2025,2025,1,1,1,0,0.875,0.75,1.0,0,2008,2008,0,0,1
v3_perceptual_mechanisms_that_characterize_,rpp.110,2026,2026,1,1,1,0,0.125,0,0.25,1,2008,2008,0,0,1
v3_personality_dominance_and_preferential_u,rpp.155,2010,2010,1,1,1,0,0.625,0.75,0.5,0,2008,2008,0,0,1
v3_personality_dominance_and_preferential_u,rpp.155,2011,2011,1,1,1,0,0.5,0.5,0.5,0,2008,2008,0,0,1
v3_personality_dominance_and_preferential_u,rpp.155,2011,2011,1,1,1,0,0.5,0.5,0.5,1,2008,2008,0,0,1
v3_personality_dominance_and_preferential_u,rpp.155,2013,2013,1,1,0,0,,,,0,2008,2008,0,0,5
v3_personality_dominance_and_preferential_u,rpp.155,2013,2013,1,1,0,0,,,,1,2008,2008,0,0,1
v3_personality_dominance_and_preferential_u,rpp.155,2014,2014,1,1,1,0,0.5,0.5,0.5,1,2008,2008,0,0,1
v3_personality_dominance_and_preferential_u,rpp.155,2014,2014,1,1,1,0,0.75,0.75,0.75,1,2008,2008,0,0,1
v3_personality_dominance_and_preferential_u,rpp.155,2015,2015,1,1,0,0,,,,0,2008,2008,0,0,1
v3_personality_dominance_and_preferential_u,rpp.155,2015,2015,1,1,1,0,0.5,0.5,0.5,1,2008,2008,0,0,1
v3_personality_dominance_and_preferential_u,rpp.155,2016,2016,1,1,1,0,0.625,0.5,0.75,1,2008,2008,0,0,1
v3_personality_dominance_and_preferential_u,rpp.155,2017,2017,1,1,1,0,0.375,0.25,0.5,1,2008,2008,0,0,1
v3_personality_dominance_and_preferential_u,rpp.155,2018,2018,1,1,0,0,,,,0,2008,2008,0,0,1
v3_personality_dominance_and_preferential_u,rpp.155,2018,2018,1,1,1,0,0.25,0.25,0.25,1,2008,2008,0,0,1
v3_personality_dominance_and_preferential_u,rpp.155,2018,2018,1,1,1,0,0.625,0.75,0.5,1,2008,2008,0,0,1
v3_personality_dominance_and_preferential_u,rpp.155,2019,2019,1,1,1,0,0.625,0.5,0.75,1,2008,2008,0,0,1
v3_personality_dominance_and_preferential_u,rpp.155,2024,2024,1,1,1,0,0.125,0.25,0.0,1,2008,2008,0,0,1
v3_poignancy_mixed_emotional_experience_in_,rpp.61,2008,2009,2,2,1,0,0.125,0,0.25,1,2008,2008,0,0,1
v3_poignancy_mixed_emotional_experience_in_,rpp.61,2009,2009,1,1,0,0,,,,1,2008,2008,0,0,7
v3_poignancy_mixed_emotional_experience_in_,rpp.61,2009,2009,1,1,1,0,0.25,0.25,0.25,1,2008,2008,0,0,2
v3_poignancy_mixed_emotional_experience_in_,rpp.61,2009,2009,1,1,1,0,0.5,0.5,0.5,1,2008,2008,0,0,4
v3_poignancy_mixed_emotional_experience_in_,rpp.61,2009,2009,1,1,1,0,0.625,0.5,0.75,1,2008,2008,0,0,3
v3_poignancy_mixed_emotional_experience_in_,rpp.61,2010,2010,1,1,0,0,,,,1,2008,2008,0,0,2
v3_poignancy_mixed_emotional_experience_in_,rpp.61,2010,2010,1,1,1,0,0.25,0.25,0.25,0,2008,2008,0,0,1
v3_poignancy_mixed_emotional_experience_in_,rpp.61,2010,2010,1,1,1,0,0.5,0.5,0.5,1,2008,2008,0,0,2
v3_poignancy_mixed_emotional_experience_in_,rpp.61,2010,2010,1,1,1,0,0.625,0.75,0.5,1,2008,2008,0,0,1
v3_poignancy_mixed_emotional_experience_in_,rpp.61,2010,2010,1,1,1,0,0.875,0.75,1.0,1,2008,2008,0,0,1
v3_poignancy_mixed_emotional_experience_in_,rpp.61,2011,2011,1,1,0,0,,,,1,2008,2008,0,0,2
v3_poignancy_mixed_emotional_experience_in_,rpp.61,2011,2011,1,1,1,0,0.375,0.25,0.5,0,2008,2008,0,0,2
v3_poignancy_mixed_emotional_experience_in_,rpp.61,2011,2011,1,1,1,0,0.375,0.25,0.5,1,2008,2008,0,0,1
v3_poignancy_mixed_emotional_experience_in_,rpp.61,2011,2011,1,1,1,0,0.5,0.5,0.5,0,2008,2008,0,0,1
v3_poignancy_mixed_emotional_experience_in_,rpp.61,2011,2011,1,1,1,0,0.5,0.5,0.5,1,2008,2008,0,0,1
v3_poignancy_mixed_emotional_experience_in_,rpp.61,2012,2012,1,1,0,0,,,,1,2008,2008,0,0,2
v3_poignancy_mixed_emotional_experience_in_,rpp.61,2012,2012,1,1,1,0,0.5,0.5,0.5,1,2008,2008,0,0,1
v3_poignancy_mixed_emotional_experience_in_,rpp.61,2013,2013,1,1,0,0,,,,0,2008,2008,0,0,4
v3_poignancy_mixed_emotional_experience_in_,rpp.61,2013,2013,1,1,0,0,,,,1,2008,2008,0,0,3
v3_poignancy_mixed_emotional_experience_in_,rpp.61,2013,2013,1,1,1,0,0.5,0.5,0.5,0,2008,2008,0,0,4
v3_poignancy_mixed_emotional_experience_in_,rpp.61,2013,2013,1,1,1,0,0.625,0.5,0.75,0,2008,2008,0,0,1
v3_poignancy_mixed_emotional_experience_in_,rpp.61,2013,2013,1,1,1,0,0.625,0.5,0.75,1,2008,2008,0,0,2
v3_poignancy_mixed_emotional_experience_in_,rpp.61,2013,2013,1,1,1,0,0.75,0.75,0.75,0,2008,2008,0,0,1
v3_poignancy_mixed_emotional_experience_in_,rpp.61,2013,2020,2,2,0,0,,,,0,2008,2008,0,0,1
v3_poignancy_mixed_emotional_experience_in_,rpp.61,2014,2014,1,1,0,0,,,,1,2008,2008,0,0,2
v3_poignancy_mixed_emotional_experience_in_,rpp.61,2014,2014,1,1,1,0,0.25,0.25,0.25,1,2008,2008,0,0,1
v3_poignancy_mixed_emotional_experience_in_,rpp.61,2014,2014,1,1,1,0,0.5,0.5,0.5,1,2008,2008,0,0,1
v3_poignancy_mixed_emotional_experience_in_,rpp.61,2015,2015,1,1,0,0,,,,0,2008,2008,0,0,1
v3_poignancy_mixed_emotional_experience_in_,rpp.61,2015,2015,1,1,0,0,,,,1,2008,2008,0,0,5
v3_poignancy_mixed_emotional_experience_in_,rpp.61,2015,2015,1,1,1,0,0.0,0,0.0,0,2008,2008,0,0,1
v3_poignancy_mixed_emotional_experience_in_,rpp.61,2015,2015,1,1,1,0,0.125,0.25,0.0,0,2008,2008,0,0,1
v3_poignancy_mixed_emotional_experience_in_,rpp.61,2015,2015,1,1,1,0,0.25,0.25,0.25,0,2008,2008,0,0,1
v3_poignancy_mixed_emotional_experience_in_,rpp.61,2015,2015,1,1,1,0,0.375,0.25,0.5,1,2008,2008,0,0,1
v3_poignancy_mixed_emotional_experience_in_,rpp.61,2015,2015,1,1,1,0,0.5,0.5,0.5,1,2008,2008,0,0,2
v3_poignancy_mixed_emotional_experience_in_,rpp.61,2015,2015,1,1,1,0,0.625,0.75,0.5,0,2008,2008,0,0,1
v3_poignancy_mixed_emotional_experience_in_,rpp.61,2015,2017,2,2,0,0,,,,1,2008,2008,0,0,1
v3_poignancy_mixed_emotional_experience_in_,rpp.61,2015,2017,2,2,1,0,0.625,0.5,0.75,1,2008,2008,0,0,1
v3_poignancy_mixed_emotional_experience_in_,rpp.61,2016,2016,1,1,1,0,0.125,0,0.25,1,2008,2008,0,0,2
v3_poignancy_mixed_emotional_experience_in_,rpp.61,2016,2016,1,1,1,0,0.375,0.25,0.5,1,2008,2008,0,0,1
v3_poignancy_mixed_emotional_experience_in_,rpp.61,2016,2016,1,1,1,0,0.5,0.5,0.5,0,2008,2008,0,0,1
v3_poignancy_mixed_emotional_experience_in_,rpp.61,2016,2016,1,1,1,0,0.5,0.5,0.5,1,2008,2008,0,0,1
v3_poignancy_mixed_emotional_experience_in_,rpp.61,2017,2017,1,1,0,0,,,,0,2008,2008,0,0,2
v3_poignancy_mixed_emotional_experience_in_,rpp.61,2017,2017,1,1,0,0,,,,1,2008,2008,0,0,1
v3_poignancy_mixed_emotional_experience_in_,rpp.61,2017,2017,1,1,1,0,0.0,0,0.0,0,2008,2008,0,0,1
v3_poignancy_mixed_emotional_experience_in_,rpp.61,2017,2017,1,1,1,0,0.125,0,0.25,1,2008,2008,0,0,1
v3_poignancy_mixed_emotional_experience_in_,rpp.61,2017,2017,1,1,1,0,0.375,0.25,0.5,1,2008,2008,0,0,1
v3_poignancy_mixed_emotional_experience_in_,rpp.61,2017,2017,1,1,1,0,0.5,0.5,0.5,1,2008,2008,0,0,1
v3_poignancy_mixed_emotional_experience_in_,rpp.61,2017,2017,1,1,1,0,0.875,0.75,1.0,1,2008,2008,0,0,1
v3_poignancy_mixed_emotional_experience_in_,rpp.61,2018,2018,1,1,1,0,0.5,0.5,0.5,1,2008,2008,0,0,1
v3_poignancy_mixed_emotional_experience_in_,rpp.61,2018,2018,1,1,1,0,0.875,0.75,1.0,1,2008,2008,0,0,1
v3_poignancy_mixed_emotional_experience_in_,rpp.61,2019,2019,1,1,0,0,,,,0,2008,2008,0,0,1
v3_poignancy_mixed_emotional_experience_in_,rpp.61,2019,2019,1,1,0,0,,,,1,2008,2008,0,0,1
v3_poignancy_mixed_emotional_experience_in_,rpp.61,2019,2019,1,1,1,0,0.375,0.25,0.5,1,2008,2008,0,0,1
v3_poignancy_mixed_emotional_experience_in_,rpp.61,2019,2019,1,1,1,0,0.5,0.5,0.5,1,2008,2008,0,0,1
v3_poignancy_mixed_emotional_experience_in_,rpp.61,2020,2020,1,1,0,0,,,,0,2008,2008,0,0,1
v3_poignancy_mixed_emotional_experience_in_,rpp.61,2020,2020,1,1,0,0,,,,1,2008,2008,0,0,6
v3_poignancy_mixed_emotional_experience_in_,rpp.61,2020,2020,1,1,1,0,0.375,0.5,0.25,1,2008,2008,0,0,1
v3_poignancy_mixed_emotional_experience_in_,rpp.61,2020,2020,1,1,1,0,0.5,0.5,0.5,1,2008,2008,0,0,1
v3_poignancy_mixed_emotional_experience_in_,rpp.61,2020,2020,1,1,1,0,0.625,0.75,0.5,1,2008,2008,0,0,1
v3_poignancy_mixed_emotional_experience_in_,rpp.61,2020,2020,1,1,1,0,0.75,0.5,1.0,1,2008,2008,0,0,1
v3_poignancy_mixed_emotional_experience_in_,rpp.61,2021,2021,1,1,0,0,,,,1,2008,2008,0,0,7
v3_poignancy_mixed_emotional_experience_in_,rpp.61,2021,2021,1,1,1,0,0.25,0.25,0.25,1,2008,2008,0,0,1
v3_poignancy_mixed_emotional_experience_in_,rpp.61,2021,2021,1,1,1,0,0.5,0.5,0.5,0,2008,2008,0,0,1
v3_poignancy_mixed_emotional_experience_in_,rpp.61,2021,2021,1,1,1,0,0.5,0.5,0.5,1,2008,2008,0,0,2
v3_poignancy_mixed_emotional_experience_in_,rpp.61,2022,2022,1,1,0,0,,,,0,2008,2008,0,0,2
v3_poignancy_mixed_emotional_experience_in_,rpp.61,2022,2022,1,1,0,0,,,,1,2008,2008,0,0,5
v3_poignancy_mixed_emotional_experience_in_,rpp.61,2022,2022,1,1,1,0,0.0,0,0.0,1,2008,2008,0,0,1
v3_poignancy_mixed_emotional_experience_in_,rpp.61,2022,2022,1,1,1,0,0.125,0,0.25,1,2008,2008,0,0,2
v3_poignancy_mixed_emotional_experience_in_,rpp.61,2022,2022,1,1,1,0,0.25,0.25,0.25,0,2008,2008,0,0,2
v3_poignancy_mixed_emotional_experience_in_,rpp.61,2022,2022,1,1,1,0,0.25,0.25,0.25,1,2008,2008,0,0,2
v3_poignancy_mixed_emotional_experience_in_,rpp.61,2022,2022,1,1,1,0,0.625,0.5,0.75,1,2008,2008,0,0,2
v3_poignancy_mixed_emotional_experience_in_,rpp.61,2022,2022,1,1,1,0,0.75,1,0.5,1,2008,2008,0,0,1
v3_poignancy_mixed_emotional_experience_in_,rpp.61,2023,2023,1,1,0,0,,,,1,2008,2008,0,0,4
v3_poignancy_mixed_emotional_experience_in_,rpp.61,2023,2023,1,1,1,0,0.125,0,0.25,1,2008,2008,0,0,1
v3_poignancy_mixed_emotional_experience_in_,rpp.61,2023,2023,1,1,1,0,0.5,0.25,0.75,1,2008,2008,0,0,1
v3_poignancy_mixed_emotional_experience_in_,rpp.61,2023,2023,1,1,1,0,0.5,0.5,0.5,0,2008,2008,0,0,2
v3_poignancy_mixed_emotional_experience_in_,rpp.61,2023,2023,1,1,1,0,0.5,0.5,0.5,1,2008,2008,0,0,1
v3_poignancy_mixed_emotional_experience_in_,rpp.61,2023,2023,1,1,1,0,0.625,0.5,0.75,1,2008,2008,0,0,2
v3_poignancy_mixed_emotional_experience_in_,rpp.61,2023,2023,1,1,1,0,0.75,0.5,1.0,1,2008,2008,0,0,1
v3_poignancy_mixed_emotional_experience_in_,rpp.61,2024,2024,1,1,0,0,,,,1,2008,2008,0,0,3
v3_poignancy_mixed_emotional_experience_in_,rpp.61,2024,2024,1,1,1,0,0.25,0.25,0.25,1,2008,2008,0,0,1
v3_poignancy_mixed_emotional_experience_in_,rpp.61,2024,2024,1,1,1,0,0.5,0.5,0.5,1,2008,2008,0,0,1
v3_poignancy_mixed_emotional_experience_in_,rpp.61,2024,2024,1,1,1,0,0.625,0.75,0.5,1,2008,2008,0,0,1
v3_poignancy_mixed_emotional_experience_in_,rpp.61,2025,2025,1,1,0,0,,,,0,2008,2008,0,0,1
v3_poignancy_mixed_emotional_experience_in_,rpp.61,2025,2025,1,1,0,0,,,,1,2008,2008,0,0,1
v3_poignancy_mixed_emotional_experience_in_,rpp.61,2025,2025,1,1,1,0,0.75,0.75,0.75,1,2008,2008,0,0,1
v3_poignancy_mixed_emotional_experience_in_,rpp.61,2026,2026,1,1,1,0,0.125,0,0.25,1,2008,2008,0,0,1
v3_poignancy_mixed_emotional_experience_in_,rpp.61,2026,2026,1,1,1,0,0.5,0.5,0.5,1,2008,2008,0,0,1
v3_precision_of_the_anchor_influences_the_a,rpp.111,2009,2009,1,1,1,0,0.375,0.25,0.5,0,2008,2008,0,0,1
v3_precision_of_the_anchor_influences_the_a,rpp.111,2009,2009,1,1,1,0,0.625,0.5,0.75,1,2008,2008,0,0,1
v3_precision_of_the_anchor_influences_the_a,rpp.111,2009,2009,1,1,1,0,0.625,0.75,0.5,1,2008,2008,0,0,1
v3_precision_of_the_anchor_influences_the_a,rpp.111,2010,2010,1,1,0,0,,,,1,2008,2008,0,0,1
v3_precision_of_the_anchor_influences_the_a,rpp.111,2010,2010,1,1,1,0,0.25,0.25,0.25,0,2008,2008,0,0,1
v3_precision_of_the_anchor_influences_the_a,rpp.111,2010,2010,1,1,1,0,0.625,0.75,0.5,1,2008,2008,0,0,1
v3_precision_of_the_anchor_influences_the_a,rpp.111,2011,2011,1,1,0,0,,,,0,2008,2008,0,0,3
v3_precision_of_the_anchor_influences_the_a,rpp.111,2011,2011,1,1,0,0,,,,1,2008,2008,0,0,3
v3_precision_of_the_anchor_influences_the_a,rpp.111,2011,2011,1,1,1,0,0.5,0.5,0.5,1,2008,2008,0,0,3
v3_precision_of_the_anchor_influences_the_a,rpp.111,2011,2011,1,1,1,0,0.625,0.5,0.75,0,2008,2008,0,0,1
v3_precision_of_the_anchor_influences_the_a,rpp.111,2011,2011,1,1,1,0,0.75,0.75,0.75,1,2008,2008,0,0,1
v3_precision_of_the_anchor_influences_the_a,rpp.111,2012,2012,1,1,1,0,0.25,0.25,0.25,1,2008,2008,0,0,1
v3_precision_of_the_anchor_influences_the_a,rpp.111,2012,2012,1,1,1,0,0.625,0.5,0.75,1,2008,2008,0,0,1
v3_precision_of_the_anchor_influences_the_a,rpp.111,2013,2013,1,1,0,0,,,,1,2008,2008,0,0,1
v3_precision_of_the_anchor_influences_the_a,rpp.111,2013,2013,1,1,1,0,0.25,0.25,0.25,1,2008,2008,0,0,2
v3_precision_of_the_anchor_influences_the_a,rpp.111,2013,2013,1,1,1,0,0.5,0.5,0.5,0,2008,2008,0,0,1
v3_precision_of_the_anchor_influences_the_a,rpp.111,2013,2013,1,1,1,0,0.5,0.5,0.5,1,2008,2008,0,0,2
v3_precision_of_the_anchor_influences_the_a,rpp.111,2013,2013,1,1,1,0,0.625,0.5,0.75,1,2008,2008,0,0,2
v3_precision_of_the_anchor_influences_the_a,rpp.111,2013,2013,1,1,1,0,0.625,0.75,0.5,1,2008,2008,0,0,1
v3_precision_of_the_anchor_influences_the_a,rpp.111,2013,2013,1,1,1,0,0.875,0.75,1.0,1,2008,2008,0,0,1
v3_precision_of_the_anchor_influences_the_a,rpp.111,2014,2014,1,1,0,0,,,,0,2008,2008,0,0,2
v3_precision_of_the_anchor_influences_the_a,rpp.111,2014,2014,1,1,0,0,,,,1,2008,2008,0,0,2
v3_precision_of_the_anchor_influences_the_a,rpp.111,2014,2014,1,1,1,0,0.25,0.25,0.25,1,2008,2008,0,0,1
v3_precision_of_the_anchor_influences_the_a,rpp.111,2014,2014,1,1,1,0,0.375,0.5,0.25,0,2008,2008,0,0,1
v3_precision_of_the_anchor_influences_the_a,rpp.111,2014,2014,1,1,1,0,1.0,1,1.0,1,2008,2008,0,0,1
v3_precision_of_the_anchor_influences_the_a,rpp.111,2015,2015,1,1,0,0,,,,0,2008,2008,0,0,2
v3_precision_of_the_anchor_influences_the_a,rpp.111,2015,2015,1,1,1,0,0.25,0.25,0.25,0,2008,2008,0,0,1
v3_precision_of_the_anchor_influences_the_a,rpp.111,2015,2015,1,1,1,0,0.375,0.25,0.5,0,2008,2008,0,0,1
v3_precision_of_the_anchor_influences_the_a,rpp.111,2015,2015,1,1,1,0,0.375,0.25,0.5,1,2008,2008,0,0,1
v3_precision_of_the_anchor_influences_the_a,rpp.111,2015,2015,1,1,1,0,0.375,0.5,0.25,0,2008,2008,0,0,1
v3_precision_of_the_anchor_influences_the_a,rpp.111,2015,2015,1,1,1,0,0.375,0.5,0.25,1,2008,2008,0,0,1
v3_precision_of_the_anchor_influences_the_a,rpp.111,2015,2015,1,1,1,0,0.5,0.5,0.5,0,2008,2008,0,0,3
v3_precision_of_the_anchor_influences_the_a,rpp.111,2015,2015,1,1,1,0,0.5,0.5,0.5,1,2008,2008,0,0,1
v3_precision_of_the_anchor_influences_the_a,rpp.111,2015,2015,1,1,1,0,0.75,0.75,0.75,1,2008,2008,0,0,1
v3_precision_of_the_anchor_influences_the_a,rpp.111,2015,2016,2,2,0,0,,,,1,2008,2008,0,0,1
v3_precision_of_the_anchor_influences_the_a,rpp.111,2016,2016,1,1,0,0,,,,1,2008,2008,0,0,1
v3_precision_of_the_anchor_influences_the_a,rpp.111,2016,2016,1,1,1,0,0.125,0.25,0.0,1,2008,2008,0,0,1
v3_precision_of_the_anchor_influences_the_a,rpp.111,2016,2016,1,1,1,0,0.375,0.25,0.5,1,2008,2008,0,0,1
v3_precision_of_the_anchor_influences_the_a,rpp.111,2016,2016,1,1,1,0,0.5,0.5,0.5,1,2008,2008,0,0,3
v3_precision_of_the_anchor_influences_the_a,rpp.111,2016,2016,1,1,1,0,0.625,0.5,0.75,1,2008,2008,0,0,1
v3_precision_of_the_anchor_influences_the_a,rpp.111,2017,2017,1,1,0,0,,,,0,2008,2008,0,0,2
v3_precision_of_the_anchor_influences_the_a,rpp.111,2017,2017,1,1,0,0,,,,1,2008,2008,0,0,2
v3_precision_of_the_anchor_influences_the_a,rpp.111,2017,2017,1,1,1,0,0.25,0.25,0.25,0,2008,2008,0,0,1
v3_precision_of_the_anchor_influences_the_a,rpp.111,2017,2017,1,1,1,0,0.375,0.25,0.5,1,2008,2008,0,0,1
v3_precision_of_the_anchor_influences_the_a,rpp.111,2017,2017,1,1,1,0,0.5,0.5,0.5,0,2008,2008,0,0,2
v3_precision_of_the_anchor_influences_the_a,rpp.111,2017,2017,1,1,1,0,0.5,0.5,0.5,1,2008,2008,0,0,3
v3_precision_of_the_anchor_influences_the_a,rpp.111,2017,2017,1,1,1,0,0.625,0.5,0.75,1,2008,2008,0,0,1
v3_precision_of_the_anchor_influences_the_a,rpp.111,2017,2017,1,1,1,0,0.625,0.75,0.5,1,2008,2008,0,0,2
v3_precision_of_the_anchor_influences_the_a,rpp.111,2017,2017,1,1,1,0,1.0,1,1.0,1,2008,2008,0,0,1
v3_precision_of_the_anchor_influences_the_a,rpp.111,2018,2018,1,1,0,0,,,,1,2008,2008,0,0,1
v3_precision_of_the_anchor_influences_the_a,rpp.111,2018,2018,1,1,1,0,0.25,0.25,0.25,1,2008,2008,0,0,1
v3_precision_of_the_anchor_influences_the_a,rpp.111,2018,2018,1,1,1,0,0.5,0.5,0.5,0,2008,2008,0,0,1
v3_precision_of_the_anchor_influences_the_a,rpp.111,2018,2018,1,1,1,0,0.5,0.5,0.5,1,2008,2008,0,0,2
v3_precision_of_the_anchor_influences_the_a,rpp.111,2018,2018,1,1,1,0,0.875,0.75,1.0,1,2008,2008,0,0,1
v3_precision_of_the_anchor_influences_the_a,rpp.111,2018,2018,1,1,1,0,1.0,1,1.0,1,2008,2008,0,0,1
v3_precision_of_the_anchor_influences_the_a,rpp.111,2018,2019,2,2,0,0,,,,0,2008,2008,0,0,1
v3_precision_of_the_anchor_influences_the_a,rpp.111,2019,2019,1,1,0,0,,,,0,2008,2008,0,0,1
v3_precision_of_the_anchor_influences_the_a,rpp.111,2019,2019,1,1,0,0,,,,1,2008,2008,0,0,3
v3_precision_of_the_anchor_influences_the_a,rpp.111,2019,2019,1,1,1,0,0.75,0.5,1.0,1,2008,2008,0,0,1
v3_precision_of_the_anchor_influences_the_a,rpp.111,2019,2019,1,1,1,0,0.75,0.75,0.75,1,2008,2008,0,0,1
v3_precision_of_the_anchor_influences_the_a,rpp.111,2019,2019,1,1,1,0,0.875,0.75,1.0,0,2008,2008,0,0,1
v3_precision_of_the_anchor_influences_the_a,rpp.111,2019,2019,1,1,1,0,1.0,1,1.0,0,2008,2008,0,0,1
v3_precision_of_the_anchor_influences_the_a,rpp.111,2020,2020,1,1,0,0,,,,1,2008,2008,0,0,1
v3_precision_of_the_anchor_influences_the_a,rpp.111,2020,2020,1,1,1,0,0.5,0.5,0.5,1,2008,2008,0,0,2
v3_precision_of_the_anchor_influences_the_a,rpp.111,2021,2021,1,1,0,0,,,,0,2008,2008,0,0,2
v3_precision_of_the_anchor_influences_the_a,rpp.111,2021,2021,1,1,0,0,,,,1,2008,2008,0,0,1
v3_precision_of_the_anchor_influences_the_a,rpp.111,2021,2021,1,1,1,0,0.125,0,0.25,1,2008,2008,0,0,1
v3_precision_of_the_anchor_influences_the_a,rpp.111,2021,2021,1,1,1,0,0.5,0.5,0.5,1,2008,2008,0,0,1
v3_precision_of_the_anchor_influences_the_a,rpp.111,2021,2021,1,1,1,0,0.875,0.75,1.0,1,2008,2008,0,0,1
v3_precision_of_the_anchor_influences_the_a,rpp.111,2022,2022,1,1,0,0,,,,1,2008,2008,0,0,4
v3_precision_of_the_anchor_influences_the_a,rpp.111,2022,2022,1,1,1,0,0.375,0.25,0.5,1,2008,2008,0,0,1
v3_precision_of_the_anchor_influences_the_a,rpp.111,2022,2022,1,1,1,0,0.5,0.5,0.5,0,2008,2008,0,0,3
v3_precision_of_the_anchor_influences_the_a,rpp.111,2022,2022,1,1,1,0,0.5,0.5,0.5,1,2008,2008,0,0,3
v3_precision_of_the_anchor_influences_the_a,rpp.111,2022,2022,1,1,1,0,0.75,0.75,0.75,1,2008,2008,0,0,1
v3_precision_of_the_anchor_influences_the_a,rpp.111,2023,2023,1,1,0,0,,,,0,2008,2008,0,0,1
v3_precision_of_the_anchor_influences_the_a,rpp.111,2023,2023,1,1,0,0,,,,1,2008,2008,0,0,2
v3_precision_of_the_anchor_influences_the_a,rpp.111,2023,2023,1,1,1,0,0.625,0.5,0.75,1,2008,2008,0,0,1
v3_precision_of_the_anchor_influences_the_a,rpp.111,2023,2023,1,1,1,0,0.75,0.75,0.75,1,2008,2008,0,0,1
v3_precision_of_the_anchor_influences_the_a,rpp.111,2024,2024,1,1,1,0,0.375,0.25,0.5,1,2008,2008,0,0,1
v3_precision_of_the_anchor_influences_the_a,rpp.111,2024,2024,1,1,1,0,0.5,0.5,0.5,1,2008,2008,0,0,1
v3_precision_of_the_anchor_influences_the_a,rpp.111,2026,2026,1,1,0,0,,,,1,2008,2008,0,0,1
v3_precision_of_the_anchor_influences_the_a,rpp.111,2026,2026,1,1,1,0,0.25,0.25,0.25,0,2008,2008,0,0,1
v3_precision_of_the_anchor_influences_the_a,rpp.111,2026,2026,1,1,1,0,0.25,0.25,0.25,1,2008,2008,0,0,1
v3_precision_of_the_anchor_influences_the_a,rpp.111,2026,2026,1,1,1,0,0.5,0.5,0.5,0,2008,2008,0,0,1
v3_precision_of_the_anchor_influences_the_a,rpp.111,2026,2026,1,1,1,0,0.625,0.75,0.5,1,2008,2008,0,0,1
v3_precision_of_the_anchor_influences_the_a,rpp.111,2026,2026,1,1,1,0,0.75,0.5,1.0,1,2008,2008,0,0,1
v3_preschoolers_perspective_taking_in_word_,rpp.115,2010,2010,1,1,1,0,0.5,0.5,0.5,1,2008,2008,0,0,1
v3_preschoolers_perspective_taking_in_word_,rpp.115,2011,2011,1,1,1,0,0.625,0.5,0.75,1,2008,2008,0,0,1
v3_preschoolers_perspective_taking_in_word_,rpp.115,2014,2014,1,1,0,0,,,,0,2008,2008,0,0,3
v3_preschoolers_perspective_taking_in_word_,rpp.115,2014,2014,1,1,1,0,0.5,0.5,0.5,1,2008,2008,0,0,1
v3_preschoolers_perspective_taking_in_word_,rpp.115,2014,2014,1,1,1,0,0.625,0.5,0.75,0,2008,2008,0,0,1
v3_preschoolers_perspective_taking_in_word_,rpp.115,2014,2014,1,1,1,0,0.75,0.75,0.75,1,2008,2008,0,0,1
v3_preschoolers_perspective_taking_in_word_,rpp.115,2014,2014,1,1,1,0,0.875,0.75,1.0,1,2008,2008,0,0,1
v3_preschoolers_perspective_taking_in_word_,rpp.115,2015,2015,1,1,0,0,,,,0,2008,2008,0,0,1
v3_preschoolers_perspective_taking_in_word_,rpp.115,2015,2015,1,1,0,0,,,,1,2008,2008,0,0,4
v3_preschoolers_perspective_taking_in_word_,rpp.115,2015,2015,1,1,1,0,0.5,0.5,0.5,1,2008,2008,0,0,1
v3_preschoolers_perspective_taking_in_word_,rpp.115,2017,2017,1,1,1,0,0.25,0.25,0.25,1,2008,2008,0,0,1
v3_preschoolers_perspective_taking_in_word_,rpp.115,2019,2019,1,1,1,0,0.5,0.5,0.5,0,2008,2008,0,0,1
v3_preschoolers_perspective_taking_in_word_,rpp.115,2019,2019,1,1,1,0,0.625,0.5,0.75,1,2008,2008,0,0,1
v3_preschoolers_perspective_taking_in_word_,rpp.115,2020,2020,1,1,0,0,,,,0,2008,2008,0,0,1
v3_preschoolers_perspective_taking_in_word_,rpp.115,2021,2021,1,1,1,0,0.5,0.25,0.75,1,2008,2008,0,0,1
v3_preschoolers_perspective_taking_in_word_,rpp.115,2021,2021,1,1,1,0,0.5,0.5,0.5,1,2008,2008,0,0,1
v3_preschoolers_perspective_taking_in_word_,rpp.115,2021,2021,1,1,1,0,0.625,0.5,0.75,1,2008,2008,0,0,1
v3_preschoolers_perspective_taking_in_word_,rpp.115,2021,2021,1,1,1,0,0.875,0.75,1.0,1,2008,2008,0,0,1
v3_preschoolers_perspective_taking_in_word_,rpp.115,2023,2023,1,1,1,0,0.625,0.75,0.5,1,2008,2008,0,0,1
v3_preschoolers_perspective_taking_in_word_,rpp.115,2024,2024,1,1,0,0,,,,1,2008,2008,0,0,1
v3_preschoolers_perspective_taking_in_word_,rpp.115,2025,2025,1,1,0,0,,,,0,2008,2008,0,0,1
v3_preschoolers_perspective_taking_in_word_,rpp.115,2025,2025,1,1,1,0,0.625,0.5,0.75,1,2008,2008,0,0,1
v3_prescribed_optimism_is_it_right_to_be_wr,rpp.113,2011,2023,2,2,1,0,0.625,0.75,0.5,1,2008,2008,0,0,1
v3_prescribed_optimism_is_it_right_to_be_wr,rpp.113,2011,2023,2,2,1,1,0.375,0.25,0.5,0,2008,2008,0,0,1
v3_prescribed_optimism_is_it_right_to_be_wr,rpp.113,2012,2012,1,1,0,0,,,,0,2008,2008,0,0,1
v3_prescribed_optimism_is_it_right_to_be_wr,rpp.113,2012,2012,1,1,0,0,,,,1,2008,2008,0,0,3
v3_prescribed_optimism_is_it_right_to_be_wr,rpp.113,2012,2012,1,1,1,0,0.5,0.5,0.5,1,2008,2008,0,0,1
v3_prescribed_optimism_is_it_right_to_be_wr,rpp.113,2014,2014,1,1,0,0,,,,0,2008,2008,0,0,1
v3_prescribed_optimism_is_it_right_to_be_wr,rpp.113,2014,2014,1,1,1,0,0.25,0.25,0.25,1,2008,2008,0,0,2
v3_prescribed_optimism_is_it_right_to_be_wr,rpp.113,2014,2014,1,1,1,0,0.75,0.5,1.0,1,2008,2008,0,0,1
v3_prescribed_optimism_is_it_right_to_be_wr,rpp.113,2015,2015,1,1,0,0,,,,0,2008,2008,0,0,3
v3_prescribed_optimism_is_it_right_to_be_wr,rpp.113,2015,2015,1,1,0,0,,,,1,2008,2008,0,0,6
v3_prescribed_optimism_is_it_right_to_be_wr,rpp.113,2015,2015,1,1,1,0,0.125,0,0.25,1,2008,2008,0,0,1
v3_prescribed_optimism_is_it_right_to_be_wr,rpp.113,2015,2015,1,1,1,0,0.5,0.5,0.5,0,2008,2008,0,0,1
v3_prescribed_optimism_is_it_right_to_be_wr,rpp.113,2015,2015,1,1,1,0,0.5,0.5,0.5,1,2008,2008,0,0,2
v3_prescribed_optimism_is_it_right_to_be_wr,rpp.113,2016,2016,1,1,1,0,0.25,0.25,0.25,0,2008,2008,0,0,1
v3_prescribed_optimism_is_it_right_to_be_wr,rpp.113,2018,2018,1,1,0,0,,,,0,2008,2008,0,0,1
v3_prescribed_optimism_is_it_right_to_be_wr,rpp.113,2018,2018,1,1,0,0,,,,1,2008,2008,0,0,1
v3_prescribed_optimism_is_it_right_to_be_wr,rpp.113,2018,2018,1,1,1,0,0.25,0.25,0.25,0,2008,2008,0,0,1
v3_prescribed_optimism_is_it_right_to_be_wr,rpp.113,2018,2018,1,1,1,0,0.25,0.25,0.25,1,2008,2008,0,0,1
v3_prescribed_optimism_is_it_right_to_be_wr,rpp.113,2018,2018,1,1,1,0,0.5,0.5,0.5,1,2008,2008,0,0,2
v3_prescribed_optimism_is_it_right_to_be_wr,rpp.113,2019,2019,1,1,0,0,,,,0,2008,2008,0,0,2
v3_prescribed_optimism_is_it_right_to_be_wr,rpp.113,2019,2019,1,1,0,0,,,,1,2008,2008,0,0,3
v3_prescribed_optimism_is_it_right_to_be_wr,rpp.113,2019,2019,1,1,1,0,0.25,0.25,0.25,0,2008,2008,0,0,1
v3_prescribed_optimism_is_it_right_to_be_wr,rpp.113,2020,2020,1,1,1,0,0.5,0.5,0.5,0,2008,2008,0,0,1
v3_prescribed_optimism_is_it_right_to_be_wr,rpp.113,2020,2020,1,1,1,0,0.5,0.5,0.5,1,2008,2008,0,0,1
v3_prescribed_optimism_is_it_right_to_be_wr,rpp.113,2021,2021,1,1,0,0,,,,1,2008,2008,0,0,1
v3_prescribed_optimism_is_it_right_to_be_wr,rpp.113,2022,2022,1,1,1,0,0.5,0.5,0.5,0,2008,2008,0,0,1
v3_prescribed_optimism_is_it_right_to_be_wr,rpp.113,2023,2023,1,1,0,0,,,,1,2008,2008,0,0,1
v3_prescribed_optimism_is_it_right_to_be_wr,rpp.113,2023,2023,1,1,1,0,0.25,0.25,0.25,1,2008,2008,0,0,1
v3_prescribed_optimism_is_it_right_to_be_wr,rpp.113,2023,2023,1,1,1,0,0.5,0.5,0.5,1,2008,2008,0,0,3
v3_prescribed_optimism_is_it_right_to_be_wr,rpp.113,2023,2023,1,1,1,0,0.625,0.75,0.5,1,2008,2008,0,0,1
v3_prescribed_optimism_is_it_right_to_be_wr,rpp.113,2024,2024,1,1,0,0,,,,1,2008,2008,0,0,1
v3_prescribed_optimism_is_it_right_to_be_wr,rpp.113,2025,2025,1,1,0,0,,,,0,2008,2008,0,0,1
v3_prescribed_optimism_is_it_right_to_be_wr,rpp.113,2026,2026,1,1,1,0,0.375,0.25,0.5,1,2008,2008,0,0,1
v3_prescribed_optimism_is_it_right_to_be_wr,rpp.113,2026,2026,1,1,1,0,0.5,0.5,0.5,0,2008,2008,0,0,1
v3_prestige_suggestion_and_attitudes,ml1.11,1953,1953,1,1,0,0,,,,0,1936,1936,0,0,1
v3_prestige_suggestion_and_attitudes,ml1.11,1971,1971,1,1,0,0,,,,1,1936,1936,0,0,1
v3_prestige_suggestion_and_attitudes,ml1.11,1977,1977,1,1,0,0,,,,0,1936,1936,0,0,1
v3_prestige_suggestion_and_attitudes,ml1.11,1993,1993,1,1,1,0,0.25,0.25,0.25,1,1936,1936,0,0,1
v3_prestige_suggestion_and_attitudes,ml1.11,1995,1995,1,1,0,0,,,,1,1936,1936,0,0,1
v3_prestige_suggestion_and_attitudes,ml1.11,1997,1997,1,1,1,0,0.375,0.25,0.5,1,1936,1936,0,0,1
v3_prestige_suggestion_and_attitudes,ml1.11,1997,1997,1,1,1,0,0.625,0.5,0.75,0,1936,1936,0,0,1
v3_prestige_suggestion_and_attitudes,ml1.11,1999,1999,1,1,0,0,,,,1,1936,1936,0,0,2
v3_prestige_suggestion_and_attitudes,ml1.11,2001,2001,1,1,0,0,,,,0,1936,1936,0,0,1
v3_prestige_suggestion_and_attitudes,ml1.11,2001,2001,1,1,1,0,0.25,0.25,0.25,1,1936,1936,0,0,1
v3_prestige_suggestion_and_attitudes,ml1.11,2003,2003,1,1,1,0,0.625,0.5,0.75,1,1936,1936,0,0,1
v3_prestige_suggestion_and_attitudes,ml1.11,2005,2005,1,1,1,0,0.25,0.25,0.25,1,1936,1936,0,0,1
v3_prestige_suggestion_and_attitudes,ml1.11,2006,2006,1,1,0,0,,,,1,1936,1936,0,0,1
v3_prestige_suggestion_and_attitudes,ml1.11,2006,2006,1,1,1,0,0.625,0.75,0.5,1,1936,1936,0,0,1
v3_prestige_suggestion_and_attitudes,ml1.11,2007,2007,1,1,1,0,0.25,0.25,0.25,0,1936,1936,0,0,1
v3_prestige_suggestion_and_attitudes,ml1.11,2007,2007,1,1,1,0,0.375,0,0.75,1,1936,1936,0,0,1
v3_prestige_suggestion_and_attitudes,ml1.11,2007,2007,1,1,1,0,0.625,0.75,0.5,0,1936,1936,0,0,1
v3_prestige_suggestion_and_attitudes,ml1.11,2009,2009,1,1,0,0,,,,1,1936,1936,0,0,1
v3_prestige_suggestion_and_attitudes,ml1.11,2009,2009,1,1,1,0,0.5,0.5,0.5,1,1936,1936,0,0,1
v3_prestige_suggestion_and_attitudes,ml1.11,2011,2011,1,1,1,0,0.5,0.5,0.5,1,1936,1936,0,0,1
v3_prestige_suggestion_and_attitudes,ml1.11,2014,2014,1,1,0,0,,,,0,1936,1936,0,0,1
v3_prestige_suggestion_and_attitudes,ml1.11,2014,2014,1,1,0,0,,,,1,1936,1936,0,0,1
v3_prestige_suggestion_and_attitudes,ml1.11,2014,2022,2,2,0,0,,,,0,1936,1936,0,0,1
v3_prestige_suggestion_and_attitudes,ml1.11,2015,2015,1,1,0,0,,,,1,1936,1936,0,0,1
v3_prestige_suggestion_and_attitudes,ml1.11,2016,2016,1,1,1,0,0.625,0.75,0.5,1,1936,1936,0,0,1
v3_prestige_suggestion_and_attitudes,ml1.11,2017,2017,1,1,0,0,,,,1,1936,1936,0,0,1
v3_prestige_suggestion_and_attitudes,ml1.11,2017,2017,1,1,1,0,0.625,0.75,0.5,0,1936,1936,0,0,1
v3_prestige_suggestion_and_attitudes,ml1.11,2017,2017,1,1,1,0,0.875,0.75,1.0,0,1936,1936,0,0,1
v3_prestige_suggestion_and_attitudes,ml1.11,2018,2018,1,1,1,0,0.375,0.25,0.5,1,1936,1936,0,0,1
v3_prestige_suggestion_and_attitudes,ml1.11,2019,2019,1,1,1,0,0.5,0.5,0.5,1,1936,1936,0,0,1
v3_prestige_suggestion_and_attitudes,ml1.11,2020,2020,1,1,1,0,0.5,0.5,0.5,0,1936,1936,0,0,1
v3_prestige_suggestion_and_attitudes,ml1.11,2021,2021,1,1,0,0,,,,0,1936,1936,0,0,1
v3_prestige_suggestion_and_attitudes,ml1.11,2021,2021,1,1,1,0,0.5,0.5,0.5,1,1936,1936,0,0,1
v3_prestige_suggestion_and_attitudes,ml1.11,2022,2022,1,1,0,0,,,,0,1936,1936,0,0,1
v3_prestige_suggestion_and_attitudes,ml1.11,2022,2022,1,1,0,0,,,,1,1936,1936,0,0,1
v3_prestige_suggestion_and_attitudes,ml1.11,2025,2025,1,1,0,0,,,,0,1936,1936,0,0,1
v3_priming_addition_facts_with_semantic_rel,rpp.24,2009,2009,1,1,1,0,0.5,0.5,0.5,0,2008,2008,0,0,1
v3_priming_addition_facts_with_semantic_rel,rpp.24,2010,2010,1,1,0,0,,,,1,2008,2008,0,0,1
v3_priming_addition_facts_with_semantic_rel,rpp.24,2010,2010,1,1,1,0,0.5,0.5,0.5,1,2008,2008,0,0,1
v3_priming_addition_facts_with_semantic_rel,rpp.24,2011,2011,1,1,0,0,,,,0,2008,2008,0,0,3
v3_priming_addition_facts_with_semantic_rel,rpp.24,2011,2011,1,1,0,0,,,,1,2008,2008,0,0,2
v3_priming_addition_facts_with_semantic_rel,rpp.24,2011,2011,1,1,1,0,0.25,0.25,0.25,1,2008,2008,0,0,3
v3_priming_addition_facts_with_semantic_rel,rpp.24,2011,2011,1,1,1,0,0.375,0.25,0.5,1,2008,2008,0,0,1
v3_priming_addition_facts_with_semantic_rel,rpp.24,2011,2011,1,1,1,0,0.5,0.5,0.5,1,2008,2008,0,0,2
v3_priming_addition_facts_with_semantic_rel,rpp.24,2011,2011,1,1,1,0,0.75,0.5,1.0,1,2008,2008,0,0,1
v3_priming_addition_facts_with_semantic_rel,rpp.24,2011,2011,1,1,1,0,0.75,0.75,0.75,1,2008,2008,0,0,2
v3_priming_addition_facts_with_semantic_rel,rpp.24,2012,2012,1,1,1,0,0.25,0.25,0.25,1,2008,2008,0,0,1
v3_priming_addition_facts_with_semantic_rel,rpp.24,2013,2013,1,1,0,0,,,,1,2008,2008,0,0,1
v3_priming_addition_facts_with_semantic_rel,rpp.24,2013,2013,1,1,1,0,0.5,0.5,0.5,1,2008,2008,0,0,1
v3_priming_addition_facts_with_semantic_rel,rpp.24,2013,2013,1,1,1,0,0.625,0.75,0.5,1,2008,2008,0,0,1
v3_priming_addition_facts_with_semantic_rel,rpp.24,2015,2015,1,1,1,0,0.25,0.25,0.25,1,2008,2008,0,0,2
v3_priming_addition_facts_with_semantic_rel,rpp.24,2015,2015,1,1,1,0,0.375,0.25,0.5,1,2008,2008,0,0,1
v3_priming_addition_facts_with_semantic_rel,rpp.24,2015,2015,1,1,1,0,0.5,0.25,0.75,1,2008,2008,0,0,1
v3_priming_addition_facts_with_semantic_rel,rpp.24,2015,2015,1,1,1,0,0.625,0.5,0.75,0,2008,2008,0,0,1
v3_priming_addition_facts_with_semantic_rel,rpp.24,2015,2015,1,1,1,0,0.625,0.75,0.5,0,2008,2008,0,0,1
v3_priming_addition_facts_with_semantic_rel,rpp.24,2015,2015,1,1,1,0,0.75,0.75,0.75,1,2008,2008,0,0,1
v3_priming_addition_facts_with_semantic_rel,rpp.24,2016,2016,1,1,0,0,,,,1,2008,2008,0,0,10
v3_priming_addition_facts_with_semantic_rel,rpp.24,2016,2016,1,1,1,0,0.25,0.25,0.25,1,2008,2008,0,0,1
v3_priming_addition_facts_with_semantic_rel,rpp.24,2016,2016,1,1,1,0,0.375,0.5,0.25,0,2008,2008,0,0,1
v3_priming_addition_facts_with_semantic_rel,rpp.24,2016,2016,1,1,1,0,0.375,0.5,0.25,1,2008,2008,0,0,1
v3_priming_addition_facts_with_semantic_rel,rpp.24,2016,2016,1,1,1,0,0.5,0.5,0.5,0,2008,2008,0,0,1
v3_priming_addition_facts_with_semantic_rel,rpp.24,2016,2016,1,1,1,0,0.5,0.5,0.5,1,2008,2008,0,0,1
v3_priming_addition_facts_with_semantic_rel,rpp.24,2016,2016,1,1,1,0,0.625,0.5,0.75,0,2008,2008,0,0,1
v3_priming_addition_facts_with_semantic_rel,rpp.24,2017,2017,1,1,0,0,,,,1,2008,2008,0,0,1
v3_priming_addition_facts_with_semantic_rel,rpp.24,2018,2018,1,1,0,0,,,,1,2008,2008,0,0,1
v3_priming_addition_facts_with_semantic_rel,rpp.24,2018,2018,1,1,1,0,0.25,0.25,0.25,1,2008,2008,0,0,1
v3_priming_addition_facts_with_semantic_rel,rpp.24,2018,2018,1,1,1,0,0.625,0.5,0.75,1,2008,2008,0,0,1
v3_priming_addition_facts_with_semantic_rel,rpp.24,2020,2020,1,1,1,0,0.125,0,0.25,1,2008,2008,0,0,1
v3_priming_addition_facts_with_semantic_rel,rpp.24,2020,2020,1,1,1,0,0.625,0.75,0.5,0,2008,2008,0,0,1
v3_priming_addition_facts_with_semantic_rel,rpp.24,2020,2020,1,1,1,0,0.75,0.75,0.75,0,2008,2008,0,0,1
v3_priming_addition_facts_with_semantic_rel,rpp.24,2021,2021,1,1,0,0,,,,0,2008,2008,0,0,2
v3_priming_addition_facts_with_semantic_rel,rpp.24,2021,2021,1,1,0,0,,,,1,2008,2008,0,0,1
v3_priming_addition_facts_with_semantic_rel,rpp.24,2021,2021,1,1,1,0,0.375,0.5,0.25,0,2008,2008,0,0,1
v3_priming_addition_facts_with_semantic_rel,rpp.24,2021,2021,1,1,1,0,0.5,0.5,0.5,1,2008,2008,0,0,1
v3_priming_addition_facts_with_semantic_rel,rpp.24,2023,2023,1,1,1,0,0.25,0.25,0.25,1,2008,2008,0,0,1
v3_priming_addition_facts_with_semantic_rel,rpp.24,2023,2023,1,1,1,0,0.375,0.5,0.25,1,2008,2008,0,0,1
v3_priming_addition_facts_with_semantic_rel,rpp.24,2023,2023,1,1,1,0,0.75,0.75,0.75,1,2008,2008,0,0,1
v3_priming_addition_facts_with_semantic_rel,rpp.24,2025,2025,1,1,0,0,,,,1,2008,2008,0,0,3
v3_priming_addition_facts_with_semantic_rel,rpp.24,2025,2025,1,1,1,0,0.5,0.5,0.5,1,2008,2008,0,0,1
v3_priming_addition_facts_with_semantic_rel,rpp.24,2025,2025,1,1,1,0,0.625,0.5,0.75,1,2008,2008,0,0,2
v3_priming_addition_facts_with_semantic_rel,rpp.24,2025,2025,1,1,1,0,0.625,0.75,0.5,1,2008,2008,0,0,1
v3_response_scales_effects_of_category_rang,ml1.8,1987,1987,1,1,1,0,0.5,0.5,0.5,1,1985,1985,0,0,1
v3_response_scales_effects_of_category_rang,ml1.8,1988,1988,1,1,0,0,,,,1,1985,1985,0,0,2
v3_response_scales_effects_of_category_rang,ml1.8,1988,1988,1,1,1,0,0.125,0.25,0.0,1,1985,1985,0,0,1
v3_response_scales_effects_of_category_rang,ml1.8,1988,1988,1,1,1,0,0.25,0.25,0.25,1,1985,1985,0,0,1
v3_response_scales_effects_of_category_rang,ml1.8,1988,1988,1,1,1,0,0.75,0.75,0.75,1,1985,1985,0,0,1
v3_response_scales_effects_of_category_rang,ml1.8,1992,1992,1,1,0,0,,,,1,1985,1985,0,0,1
v3_response_scales_effects_of_category_rang,ml1.8,1993,1993,1,1,1,0,0.5,0.5,0.5,1,1985,1985,0,0,1
v3_response_scales_effects_of_category_rang,ml1.8,1998,1998,1,1,0,0,,,,1,1985,1985,0,0,1
v3_response_scales_effects_of_category_rang,ml1.8,1998,1998,1,1,1,0,0.25,0.25,0.25,1,1985,1985,0,0,1
v3_response_scales_effects_of_category_rang,ml1.8,1998,1998,1,1,1,0,0.5,0.5,0.5,1,1985,1985,0,0,1
v3_response_scales_effects_of_category_rang,ml1.8,1999,1999,1,1,1,0,0.5,0.5,0.5,0,1985,1985,0,0,1
v3_response_scales_effects_of_category_rang,ml1.8,1999,1999,1,1,1,0,0.5,0.5,0.5,1,1985,1985,0,0,1
v3_response_scales_effects_of_category_rang,ml1.8,2000,2000,1,1,0,0,,,,1,1985,1985,0,0,1
v3_response_scales_effects_of_category_rang,ml1.8,2000,2000,1,1,1,0,0.5,0.5,0.5,1,1985,1985,0,0,1
v3_response_scales_effects_of_category_rang,ml1.8,2002,2002,1,1,1,0,0.625,0.5,0.75,1,1985,1985,0,0,1
v3_response_scales_effects_of_category_rang,ml1.8,2003,2003,1,1,0,0,,,,0,1985,1985,0,0,3
v3_response_scales_effects_of_category_rang,ml1.8,2003,2003,1,1,0,0,,,,1,1985,1985,0,0,1
v3_response_scales_effects_of_category_rang,ml1.8,2003,2003,1,1,1,0,0.5,0.5,0.5,1,1985,1985,0,0,3
v3_response_scales_effects_of_category_rang,ml1.8,2003,2003,1,1,1,0,0.75,0.5,1.0,1,1985,1985,0,0,1
v3_response_scales_effects_of_category_rang,ml1.8,2004,2004,1,1,0,0,,,,0,1985,1985,0,0,1
v3_response_scales_effects_of_category_rang,ml1.8,2004,2004,1,1,1,0,0.25,0.25,0.25,0,1985,1985,0,0,1
v3_response_scales_effects_of_category_rang,ml1.8,2004,2004,1,1,1,0,0.25,0.25,0.25,1,1985,1985,0,0,1
v3_response_scales_effects_of_category_rang,ml1.8,2005,2005,1,1,0,0,,,,1,1985,1985,0,0,2
v3_response_scales_effects_of_category_rang,ml1.8,2005,2005,1,1,1,0,0.625,0.5,0.75,1,1985,1985,0,0,1
v3_response_scales_effects_of_category_rang,ml1.8,2006,2006,1,1,0,0,,,,1,1985,1985,0,0,4
v3_response_scales_effects_of_category_rang,ml1.8,2006,2006,1,1,1,0,0.25,0.25,0.25,1,1985,1985,0,0,2
v3_response_scales_effects_of_category_rang,ml1.8,2006,2006,1,1,1,0,0.5,0.5,0.5,0,1985,1985,0,0,2
v3_response_scales_effects_of_category_rang,ml1.8,2006,2006,1,1,1,0,0.625,0.5,0.75,1,1985,1985,0,0,1
v3_response_scales_effects_of_category_rang,ml1.8,2007,2007,1,1,0,0,,,,0,1985,1985,0,0,1
v3_response_scales_effects_of_category_rang,ml1.8,2007,2007,1,1,0,0,,,,1,1985,1985,0,0,4
v3_response_scales_effects_of_category_rang,ml1.8,2007,2007,1,1,1,0,0.375,0.25,0.5,1,1985,1985,0,0,1
v3_response_scales_effects_of_category_rang,ml1.8,2007,2007,1,1,1,0,0.5,0.5,0.5,1,1985,1985,0,0,1
v3_response_scales_effects_of_category_rang,ml1.8,2008,2008,1,1,0,0,,,,0,1985,1985,0,0,2
v3_response_scales_effects_of_category_rang,ml1.8,2008,2008,1,1,1,0,0.5,0.5,0.5,1,1985,1985,0,0,2
v3_response_scales_effects_of_category_rang,ml1.8,2008,2008,1,1,1,0,0.625,0.5,0.75,1,1985,1985,0,0,1
v3_response_scales_effects_of_category_rang,ml1.8,2008,2008,1,1,1,0,0.75,0.5,1.0,1,1985,1985,0,0,1
v3_response_scales_effects_of_category_rang,ml1.8,2008,2008,1,1,1,0,0.75,0.75,0.75,1,1985,1985,0,0,1
v3_response_scales_effects_of_category_rang,ml1.8,2009,2009,1,1,0,0,,,,0,1985,1985,0,0,1
v3_response_scales_effects_of_category_rang,ml1.8,2009,2009,1,1,0,0,,,,1,1985,1985,0,0,10
v3_response_scales_effects_of_category_rang,ml1.8,2009,2009,1,1,1,0,0.375,0.25,0.5,0,1985,1985,0,0,1
v3_response_scales_effects_of_category_rang,ml1.8,2009,2009,1,1,1,0,0.5,0,1.0,1,1985,1985,0,0,1
v3_response_scales_effects_of_category_rang,ml1.8,2009,2009,1,1,1,0,0.5,0.5,0.5,1,1985,1985,0,0,3
v3_response_scales_effects_of_category_rang,ml1.8,2009,2009,1,1,1,0,0.625,0.5,0.75,1,1985,1985,0,0,2
v3_response_scales_effects_of_category_rang,ml1.8,2009,2009,1,1,1,0,0.875,0.75,1.0,1,1985,1985,0,0,1
v3_response_scales_effects_of_category_rang,ml1.8,2010,2010,1,1,0,0,,,,1,1985,1985,0,0,3
v3_response_scales_effects_of_category_rang,ml1.8,2011,2011,1,1,0,0,,,,0,1985,1985,0,0,1
v3_response_scales_effects_of_category_rang,ml1.8,2011,2011,1,1,0,0,,,,1,1985,1985,0,0,2
v3_response_scales_effects_of_category_rang,ml1.8,2011,2011,1,1,1,0,0.0,0,0.0,1,1985,1985,0,0,1
v3_response_scales_effects_of_category_rang,ml1.8,2011,2011,1,1,1,0,0.25,0.25,0.25,0,1985,1985,0,0,1
v3_response_scales_effects_of_category_rang,ml1.8,2011,2011,1,1,1,0,0.375,0.25,0.5,1,1985,1985,0,0,1
v3_response_scales_effects_of_category_rang,ml1.8,2011,2011,1,1,1,0,0.5,0.5,0.5,0,1985,1985,0,0,2
v3_response_scales_effects_of_category_rang,ml1.8,2011,2011,1,1,1,0,0.5,0.5,0.5,1,1985,1985,0,0,3
v3_response_scales_effects_of_category_rang,ml1.8,2011,2011,1,1,1,0,0.625,0.5,0.75,1,1985,1985,0,0,1
v3_response_scales_effects_of_category_rang,ml1.8,2011,2011,1,1,1,0,0.625,0.75,0.5,1,1985,1985,0,0,1
v3_response_scales_effects_of_category_rang,ml1.8,2011,2011,1,1,1,0,0.875,0.75,1.0,1,1985,1985,0,0,1
v3_response_scales_effects_of_category_rang,ml1.8,2012,2012,1,1,0,0,,,,1,1985,1985,0,0,1
v3_response_scales_effects_of_category_rang,ml1.8,2012,2012,1,1,1,0,0.75,1,0.5,1,1985,1985,0,0,1
v3_response_scales_effects_of_category_rang,ml1.8,2013,2013,1,1,0,0,,,,0,1985,1985,0,0,3
v3_response_scales_effects_of_category_rang,ml1.8,2013,2013,1,1,1,0,0.375,0.25,0.5,1,1985,1985,0,0,1
v3_response_scales_effects_of_category_rang,ml1.8,2013,2013,1,1,1,0,0.625,0.75,0.5,1,1985,1985,0,0,1
v3_response_scales_effects_of_category_rang,ml1.8,2014,2014,1,1,0,0,,,,0,1985,1985,0,0,6
v3_response_scales_effects_of_category_rang,ml1.8,2014,2014,1,1,0,0,,,,1,1985,1985,0,0,7
v3_response_scales_effects_of_category_rang,ml1.8,2014,2014,1,1,1,0,0.25,0.25,0.25,1,1985,1985,0,0,1
v3_response_scales_effects_of_category_rang,ml1.8,2014,2014,1,1,1,0,0.5,0.5,0.5,1,1985,1985,0,0,1
v3_response_scales_effects_of_category_rang,ml1.8,2014,2014,1,1,1,0,0.625,0.5,0.75,1,1985,1985,0,0,1
v3_response_scales_effects_of_category_rang,ml1.8,2014,2014,1,1,1,0,0.75,0.5,1.0,1,1985,1985,0,0,1
v3_response_scales_effects_of_category_rang,ml1.8,2014,2014,1,1,1,0,0.75,0.75,0.75,1,1985,1985,0,0,2
v3_response_scales_effects_of_category_rang,ml1.8,2014,2014,1,1,1,0,1.0,1,1.0,0,1985,1985,0,0,1
v3_response_scales_effects_of_category_rang,ml1.8,2015,2015,1,1,1,0,0.5,0.5,0.5,0,1985,1985,0,0,2
v3_response_scales_effects_of_category_rang,ml1.8,2015,2015,1,1,1,0,0.5,0.5,0.5,1,1985,1985,0,0,1
v3_response_scales_effects_of_category_rang,ml1.8,2015,2015,1,1,1,0,0.875,0.75,1.0,1,1985,1985,0,0,1
v3_response_scales_effects_of_category_rang,ml1.8,2016,2016,1,1,0,0,,,,1,1985,1985,0,0,2
v3_response_scales_effects_of_category_rang,ml1.8,2016,2016,1,1,1,0,0.375,0.25,0.5,1,1985,1985,0,0,1
v3_response_scales_effects_of_category_rang,ml1.8,2016,2016,1,1,1,0,0.375,0.5,0.25,0,1985,1985,0,0,1
v3_response_scales_effects_of_category_rang,ml1.8,2016,2016,1,1,1,0,0.5,0.5,0.5,0,1985,1985,0,0,1
v3_response_scales_effects_of_category_rang,ml1.8,2016,2016,1,1,1,0,0.5,0.5,0.5,1,1985,1985,0,0,1
v3_response_scales_effects_of_category_rang,ml1.8,2016,2016,1,1,1,0,0.625,0.5,0.75,0,1985,1985,0,0,1
v3_response_scales_effects_of_category_rang,ml1.8,2017,2017,1,1,0,0,,,,0,1985,1985,0,0,4
v3_response_scales_effects_of_category_rang,ml1.8,2017,2017,1,1,0,0,,,,1,1985,1985,0,0,3
v3_response_scales_effects_of_category_rang,ml1.8,2017,2017,1,1,1,0,0.125,0.25,0.0,1,1985,1985,0,0,1
v3_response_scales_effects_of_category_rang,ml1.8,2017,2017,1,1,1,0,0.5,0.5,0.5,1,1985,1985,0,0,1
v3_response_scales_effects_of_category_rang,ml1.8,2017,2017,1,1,1,0,0.75,0.5,1.0,1,1985,1985,0,0,1
v3_response_scales_effects_of_category_rang,ml1.8,2018,2018,1,1,0,0,,,,1,1985,1985,0,0,2
v3_response_scales_effects_of_category_rang,ml1.8,2018,2018,1,1,1,0,0.25,0.25,0.25,1,1985,1985,0,0,2
v3_response_scales_effects_of_category_rang,ml1.8,2018,2018,1,1,1,0,0.625,0.5,0.75,1,1985,1985,0,0,1
v3_response_scales_effects_of_category_rang,ml1.8,2019,2019,1,1,0,0,,,,0,1985,1985,0,0,3
v3_response_scales_effects_of_category_rang,ml1.8,2019,2019,1,1,0,0,,,,1,1985,1985,0,0,2
v3_response_scales_effects_of_category_rang,ml1.8,2019,2019,1,1,1,0,0.0,0,0.0,1,1985,1985,0,0,1
v3_response_scales_effects_of_category_rang,ml1.8,2019,2019,1,1,1,0,0.125,0.25,0.0,1,1985,1985,0,0,1
v3_response_scales_effects_of_category_rang,ml1.8,2019,2019,1,1,1,0,0.75,0.75,0.75,1,1985,1985,0,0,1
v3_response_scales_effects_of_category_rang,ml1.8,2020,2020,1,1,0,0,,,,1,1985,1985,0,0,1
v3_response_scales_effects_of_category_rang,ml1.8,2020,2020,1,1,1,0,0.5,0.5,0.5,1,1985,1985,0,0,1
v3_response_scales_effects_of_category_rang,ml1.8,2020,2020,1,1,1,0,0.75,0.75,0.75,1,1985,1985,0,0,1
v3_response_scales_effects_of_category_rang,ml1.8,2021,2021,1,1,0,0,,,,1,1985,1985,0,0,4
v3_response_scales_effects_of_category_rang,ml1.8,2021,2021,1,1,1,0,0.5,0.5,0.5,1,1985,1985,0,0,2
v3_response_scales_effects_of_category_rang,ml1.8,2021,2021,1,1,1,0,0.625,0.5,0.75,1,1985,1985,0,0,1
v3_response_scales_effects_of_category_rang,ml1.8,2021,2021,1,1,1,0,0.625,0.75,0.5,1,1985,1985,0,0,1
v3_response_scales_effects_of_category_rang,ml1.8,2022,2022,1,1,0,0,,,,0,1985,1985,0,0,2
v3_response_scales_effects_of_category_rang,ml1.8,2022,2022,1,1,0,0,,,,1,1985,1985,0,0,3
v3_response_scales_effects_of_category_rang,ml1.8,2022,2022,1,1,1,0,0.125,0,0.25,1,1985,1985,0,0,1
v3_response_scales_effects_of_category_rang,ml1.8,2023,2023,1,1,0,0,,,,0,1985,1985,0,0,1
v3_response_scales_effects_of_category_rang,ml1.8,2023,2023,1,1,0,0,,,,1,1985,1985,0,0,4
v3_response_scales_effects_of_category_rang,ml1.8,2023,2023,1,1,1,0,0.25,0.25,0.25,1,1985,1985,0,0,1
v3_response_scales_effects_of_category_rang,ml1.8,2023,2023,1,1,1,0,0.25,0.5,0.0,1,1985,1985,0,0,1
v3_response_scales_effects_of_category_rang,ml1.8,2023,2023,1,1,1,0,0.5,0.5,0.5,1,1985,1985,0,0,1
v3_response_scales_effects_of_category_rang,ml1.8,2024,2024,1,1,1,0,0.25,0.25,0.25,1,1985,1985,0,0,1
v3_response_scales_effects_of_category_rang,ml1.8,2024,2024,1,1,1,0,0.375,0.25,0.5,1,1985,1985,0,0,1
v3_response_scales_effects_of_category_rang,ml1.8,2024,2024,1,1,1,0,0.625,0.75,0.5,1,1985,1985,0,0,1
v3_running_on_empty_neural_signals_for_self,ml3.5,2008,2008,1,1,0,0,,,,1,2007,2007,0,0,1
v3_running_on_empty_neural_signals_for_self,ml3.5,2008,2008,1,1,1,0,0.0,0,0.0,1,2007,2007,0,0,1
v3_running_on_empty_neural_signals_for_self,ml3.5,2008,2008,1,1,1,0,0.25,0.25,0.25,0,2007,2007,0,0,1
v3_running_on_empty_neural_signals_for_self,ml3.5,2008,2008,1,1,1,0,0.25,0.25,0.25,1,2007,2007,0,0,1
v3_running_on_empty_neural_signals_for_self,ml3.5,2008,2008,1,1,1,0,0.375,0.5,0.25,1,2007,2007,0,0,1
v3_running_on_empty_neural_signals_for_self,ml3.5,2008,2008,1,1,1,0,0.5,0.5,0.5,1,2007,2007,0,0,2
v3_running_on_empty_neural_signals_for_self,ml3.5,2008,2008,1,1,1,0,0.75,0.75,0.75,1,2007,2007,0,0,1
v3_running_on_empty_neural_signals_for_self,ml3.5,2009,2009,1,1,1,0,0.5,0.5,0.5,1,2007,2007,0,0,1
v3_running_on_empty_neural_signals_for_self,ml3.5,2009,2009,1,1,1,0,0.75,0.75,0.75,1,2007,2007,0,0,1
v3_running_on_empty_neural_signals_for_self,ml3.5,2010,2010,1,1,0,0,,,,0,2007,2007,0,0,2
v3_running_on_empty_neural_signals_for_self,ml3.5,2010,2010,1,1,0,0,,,,1,2007,2007,0,0,1
v3_running_on_empty_neural_signals_for_self,ml3.5,2012,2012,1,1,0,0,,,,1,2007,2007,0,0,1
v3_running_on_empty_neural_signals_for_self,ml3.5,2012,2012,1,1,1,0,0.25,0.25,0.25,0,2007,2007,0,0,1
v3_running_on_empty_neural_signals_for_self,ml3.5,2012,2012,1,1,1,0,0.75,0.75,0.75,1,2007,2007,0,0,1
v3_running_on_empty_neural_signals_for_self,ml3.5,2013,2013,1,1,1,0,0.5,0.5,0.5,0,2007,2007,0,0,2
v3_running_on_empty_neural_signals_for_self,ml3.5,2013,2013,1,1,1,0,0.5,0.5,0.5,1,2007,2007,0,0,1
v3_running_on_empty_neural_signals_for_self,ml3.5,2013,2013,1,1,1,0,0.875,0.75,1.0,0,2007,2007,0,0,1
v3_running_on_empty_neural_signals_for_self,ml3.5,2014,2014,1,1,1,0,0.5,0.5,0.5,0,2007,2007,0,0,1
v3_running_on_empty_neural_signals_for_self,ml3.5,2014,2014,1,1,1,0,0.5,0.5,0.5,1,2007,2007,0,0,1
v3_running_on_empty_neural_signals_for_self,ml3.5,2015,2015,1,1,1,0,0.25,0.25,0.25,0,2007,2007,0,0,1
v3_running_on_empty_neural_signals_for_self,ml3.5,2015,2015,1,1,1,0,0.25,0.25,0.25,1,2007,2007,0,0,2
v3_running_on_empty_neural_signals_for_self,ml3.5,2015,2015,1,1,1,0,0.5,0.5,0.5,1,2007,2007,0,0,1
v3_running_on_empty_neural_signals_for_self,ml3.5,2015,2015,1,1,1,0,0.625,0.5,0.75,1,2007,2007,0,0,1
v3_running_on_empty_neural_signals_for_self,ml3.5,2016,2016,1,1,0,0,,,,1,2007,2007,0,0,2
v3_running_on_empty_neural_signals_for_self,ml3.5,2016,2016,1,1,1,0,0.25,0.25,0.25,1,2007,2007,0,0,1
v3_running_on_empty_neural_signals_for_self,ml3.5,2016,2016,1,1,1,0,0.375,0.25,0.5,0,2007,2007,0,0,1
v3_running_on_empty_neural_signals_for_self,ml3.5,2017,2017,1,1,1,0,0.5,0.5,0.5,0,2007,2007,0,0,1
v3_running_on_empty_neural_signals_for_self,ml3.5,2018,2018,1,1,0,0,,,,1,2007,2007,0,0,2
v3_running_on_empty_neural_signals_for_self,ml3.5,2018,2018,1,1,1,0,0.125,0,0.25,0,2007,2007,0,0,1
v3_running_on_empty_neural_signals_for_self,ml3.5,2018,2018,1,1,1,0,0.25,0.25,0.25,1,2007,2007,0,0,1
v3_running_on_empty_neural_signals_for_self,ml3.5,2018,2018,1,1,1,0,0.5,0.5,0.5,1,2007,2007,0,0,1
v3_running_on_empty_neural_signals_for_self,ml3.5,2018,2018,1,1,1,0,0.625,0.75,0.5,0,2007,2007,0,0,1
v3_running_on_empty_neural_signals_for_self,ml3.5,2019,2019,1,1,0,0,,,,0,2007,2007,0,0,2
v3_running_on_empty_neural_signals_for_self,ml3.5,2019,2019,1,1,0,0,,,,1,2007,2007,0,0,1
v3_running_on_empty_neural_signals_for_self,ml3.5,2019,2019,1,1,1,0,0.25,0.25,0.25,0,2007,2007,0,0,1
v3_running_on_empty_neural_signals_for_self,ml3.5,2019,2019,1,1,1,0,0.5,0.5,0.5,1,2007,2007,0,0,1
v3_running_on_empty_neural_signals_for_self,ml3.5,2019,2019,1,1,1,0,0.625,0.75,0.5,0,2007,2007,0,0,1
v3_running_on_empty_neural_signals_for_self,ml3.5,2019,2019,1,1,1,0,0.875,0.75,1.0,0,2007,2007,0,0,1
v3_running_on_empty_neural_signals_for_self,ml3.5,2020,2020,1,1,1,0,0.5,0.5,0.5,1,2007,2007,0,0,1
v3_running_on_empty_neural_signals_for_self,ml3.5,2020,2020,1,1,1,0,0.625,0.5,0.75,0,2007,2007,0,0,1
v3_running_on_empty_neural_signals_for_self,ml3.5,2020,2020,1,1,1,0,0.75,0.75,0.75,0,2007,2007,0,0,1
v3_running_on_empty_neural_signals_for_self,ml3.5,2020,2020,1,1,1,0,0.875,0.75,1.0,0,2007,2007,0,0,1
v3_running_on_empty_neural_signals_for_self,ml3.5,2020,2020,1,1,1,0,0.875,1,0.75,1,2007,2007,0,0,1
v3_running_on_empty_neural_signals_for_self,ml3.5,2023,2023,1,1,1,0,0.75,0.75,0.75,1,2007,2007,0,0,1
v3_running_on_empty_neural_signals_for_self,ml3.5,2024,2024,1,1,0,0,,,,0,2007,2007,0,0,1
v3_running_on_empty_neural_signals_for_self,ml3.5,2024,2024,1,1,0,0,,,,1,2007,2007,0,0,2
v3_running_on_empty_neural_signals_for_self,ml3.5,2024,2024,1,1,1,0,0.5,0.5,0.5,1,2007,2007,0,0,1
v3_running_on_empty_neural_signals_for_self,ml3.5,2025,2025,1,1,1,0,0.25,0.25,0.25,1,2007,2007,0,0,1
v3_running_on_empty_neural_signals_for_self,ml3.5,2025,2025,1,1,1,0,0.625,0.75,0.5,0,2007,2007,0,0,1
v3_running_on_empty_neural_signals_for_self,ml3.5,2025,2025,1,1,1,0,0.75,0.75,0.75,1,2007,2007,0,0,1
v3_running_on_empty_neural_signals_for_self,ml3.5,2026,2026,1,1,0,0,,,,1,2007,2007,0,0,1
v3_running_on_empty_neural_signals_for_self,ml3.5,2026,2026,1,1,1,0,0.0,0,0.0,1,2007,2007,0,0,1
v3_running_on_empty_neural_signals_for_self,ml3.5,2026,2026,1,1,1,0,0.25,0.25,0.25,1,2007,2007,0,0,1
v3_running_on_empty_neural_signals_for_self,ml3.5,2026,2026,1,1,1,0,0.5,0.5,0.5,0,2007,2007,0,0,1
v3_running_on_empty_neural_signals_for_self,ml3.5,2026,2026,1,1,1,0,0.625,0.75,0.5,0,2007,2007,0,0,1
v3_screening_competition_and_job_design_eco,ee.3,2010,2010,1,1,1,0,0.5,0.5,0.5,1,2012,2012,1,1,2
v3_screening_competition_and_job_design_eco,ee.3,2010,2010,1,1,1,0,0.625,0.5,0.75,0,2012,2012,1,1,2
v3_screening_competition_and_job_design_eco,ee.3,2011,2011,1,1,0,0,,,,0,2012,2012,1,1,1
v3_screening_competition_and_job_design_eco,ee.3,2011,2011,1,1,0,0,,,,1,2012,2012,1,1,4
v3_screening_competition_and_job_design_eco,ee.3,2011,2011,1,1,1,0,0.75,0.5,1.0,0,2012,2012,1,1,1
v3_screening_competition_and_job_design_eco,ee.3,2012,2012,1,1,0,0,,,,0,2012,2012,0,0,1
v3_screening_competition_and_job_design_eco,ee.3,2012,2012,1,1,0,0,,,,1,2012,2012,0,0,1
v3_screening_competition_and_job_design_eco,ee.3,2012,2012,1,1,1,0,0.5,0.5,0.5,1,2012,2012,0,0,1
v3_screening_competition_and_job_design_eco,ee.3,2013,2013,1,1,0,0,,,,1,2012,2012,0,0,2
v3_screening_competition_and_job_design_eco,ee.3,2014,2014,1,1,0,0,,,,0,2012,2012,0,0,2
v3_screening_competition_and_job_design_eco,ee.3,2014,2014,1,1,0,0,,,,1,2012,2012,0,0,1
v3_screening_competition_and_job_design_eco,ee.3,2014,2014,1,1,1,0,0.5,0.25,0.75,1,2012,2012,0,0,1
v3_screening_competition_and_job_design_eco,ee.3,2014,2014,1,1,1,0,0.5,0.5,0.5,1,2012,2012,0,0,1
v3_screening_competition_and_job_design_eco,ee.3,2014,2016,2,2,0,0,,,,0,2012,2012,0,0,2
v3_screening_competition_and_job_design_eco,ee.3,2014,2019,2,2,0,0,,,,0,2012,2012,0,0,1
v3_screening_competition_and_job_design_eco,ee.3,2015,2015,1,1,0,0,,,,0,2012,2012,0,0,1
v3_screening_competition_and_job_design_eco,ee.3,2015,2015,1,1,0,0,,,,1,2012,2012,0,0,1
v3_screening_competition_and_job_design_eco,ee.3,2015,2015,1,1,1,0,0.25,0.25,0.25,1,2012,2012,0,0,1
v3_screening_competition_and_job_design_eco,ee.3,2015,2015,1,1,1,0,0.375,0.25,0.5,1,2012,2012,0,0,1
v3_screening_competition_and_job_design_eco,ee.3,2015,2015,1,1,1,0,0.375,0.5,0.25,1,2012,2012,0,0,1
v3_screening_competition_and_job_design_eco,ee.3,2015,2015,1,1,1,0,0.5,0.5,0.5,1,2012,2012,0,0,3
v3_screening_competition_and_job_design_eco,ee.3,2015,2015,1,1,1,0,0.625,0.5,0.75,0,2012,2012,0,0,1
v3_screening_competition_and_job_design_eco,ee.3,2015,2015,1,1,1,0,0.625,0.75,0.5,1,2012,2012,0,0,2
v3_screening_competition_and_job_design_eco,ee.3,2015,2015,1,1,1,0,0.75,0.5,1.0,1,2012,2012,0,0,1
v3_screening_competition_and_job_design_eco,ee.3,2015,2015,1,1,1,0,0.75,0.75,0.75,0,2012,2012,0,0,2
v3_screening_competition_and_job_design_eco,ee.3,2015,2015,1,1,1,0,0.75,0.75,0.75,1,2012,2012,0,0,1
v3_screening_competition_and_job_design_eco,ee.3,2015,2016,2,2,0,0,,,,0,2012,2012,0,0,1
v3_screening_competition_and_job_design_eco,ee.3,2016,2016,1,1,0,0,,,,1,2012,2012,0,0,9
v3_screening_competition_and_job_design_eco,ee.3,2016,2016,1,1,1,0,0.5,0.5,0.5,1,2012,2012,0,0,2
v3_screening_competition_and_job_design_eco,ee.3,2016,2016,1,1,1,0,0.625,0.5,0.75,0,2012,2012,0,0,1
v3_screening_competition_and_job_design_eco,ee.3,2017,2017,1,1,0,0,,,,0,2012,2012,0,0,1
v3_screening_competition_and_job_design_eco,ee.3,2017,2017,1,1,0,0,,,,1,2012,2012,0,0,2
v3_screening_competition_and_job_design_eco,ee.3,2017,2017,1,1,1,0,0.25,0.25,0.25,1,2012,2012,0,0,1
v3_screening_competition_and_job_design_eco,ee.3,2017,2017,1,1,1,0,0.5,0.5,0.5,1,2012,2012,0,0,1
v3_screening_competition_and_job_design_eco,ee.3,2018,2018,1,1,0,0,,,,0,2012,2012,0,0,3
v3_screening_competition_and_job_design_eco,ee.3,2018,2018,1,1,0,0,,,,1,2012,2012,0,0,15
v3_screening_competition_and_job_design_eco,ee.3,2018,2018,1,1,1,0,0.25,0.25,0.25,0,2012,2012,0,0,1
v3_screening_competition_and_job_design_eco,ee.3,2018,2018,1,1,1,0,0.5,0.5,0.5,1,2012,2012,0,0,1
v3_screening_competition_and_job_design_eco,ee.3,2018,2018,1,1,1,0,0.625,0.5,0.75,1,2012,2012,0,0,1
v3_screening_competition_and_job_design_eco,ee.3,2018,2018,1,1,1,0,0.75,0.5,1.0,1,2012,2012,0,0,1
v3_screening_competition_and_job_design_eco,ee.3,2018,2018,1,1,1,0,0.75,0.75,0.75,1,2012,2012,0,0,1
v3_screening_competition_and_job_design_eco,ee.3,2019,2019,1,1,0,0,,,,0,2012,2012,0,0,2
v3_screening_competition_and_job_design_eco,ee.3,2019,2019,1,1,0,0,,,,1,2012,2012,0,0,3
v3_screening_competition_and_job_design_eco,ee.3,2019,2019,1,1,1,0,0.375,0.25,0.5,1,2012,2012,0,0,1
v3_screening_competition_and_job_design_eco,ee.3,2019,2019,1,1,1,0,0.5,0.5,0.5,0,2012,2012,0,0,1
v3_screening_competition_and_job_design_eco,ee.3,2019,2019,1,1,1,0,0.5,0.5,0.5,1,2012,2012,0,0,2
v3_screening_competition_and_job_design_eco,ee.3,2020,2020,1,1,0,0,,,,1,2012,2012,0,0,1
v3_screening_competition_and_job_design_eco,ee.3,2020,2020,1,1,1,0,0.625,0.5,0.75,0,2012,2012,0,0,1
v3_screening_competition_and_job_design_eco,ee.3,2020,2020,1,1,1,0,0.625,0.75,0.5,1,2012,2012,0,0,2
v3_screening_competition_and_job_design_eco,ee.3,2020,2020,1,1,1,0,0.75,1,0.5,1,2012,2012,0,0,1
v3_screening_competition_and_job_design_eco,ee.3,2021,2021,1,1,0,0,,,,0,2012,2012,0,0,2
v3_screening_competition_and_job_design_eco,ee.3,2021,2021,1,1,1,0,0.125,0,0.25,1,2012,2012,0,0,1
v3_screening_competition_and_job_design_eco,ee.3,2021,2021,1,1,1,0,0.125,0.25,0.0,1,2012,2012,0,0,1
v3_screening_competition_and_job_design_eco,ee.3,2022,2022,1,1,1,0,0.0,0,0.0,0,2012,2012,0,0,1
v3_screening_competition_and_job_design_eco,ee.3,2024,2024,1,1,1,0,0.875,0.75,1.0,1,2012,2012,0,0,1
v3_screening_competition_and_job_design_eco,ee.3,2025,2025,1,1,0,0,,,,1,2012,2012,0,0,1
v3_selective_exposure_and_information_quant,rpp.84,2008,2008,1,1,1,0,0.75,0.5,1.0,1,2008,2008,0,0,1
v3_selective_exposure_and_information_quant,rpp.84,2009,2009,1,1,0,0,,,,0,2008,2008,0,0,1
v3_selective_exposure_and_information_quant,rpp.84,2009,2009,1,1,1,0,0.375,0.25,0.5,1,2008,2008,0,0,1
v3_selective_exposure_and_information_quant,rpp.84,2010,2010,1,1,0,0,,,,0,2008,2008,0,0,1
v3_selective_exposure_and_information_quant,rpp.84,2010,2010,1,1,1,0,0.5,0.5,0.5,0,2008,2008,0,0,1
v3_selective_exposure_and_information_quant,rpp.84,2011,2011,1,1,0,0,,,,0,2008,2008,0,0,1
v3_selective_exposure_and_information_quant,rpp.84,2012,2012,1,1,1,0,0.25,0.25,0.25,1,2008,2008,0,0,1
v3_selective_exposure_and_information_quant,rpp.84,2012,2012,1,1,1,0,0.5,0.5,0.5,1,2008,2008,0,0,1
v3_selective_exposure_and_information_quant,rpp.84,2012,2012,1,1,1,0,0.625,0.5,0.75,0,2008,2008,0,0,1
v3_selective_exposure_and_information_quant,rpp.84,2012,2012,1,1,1,0,0.75,1,0.5,1,2008,2008,0,0,1
v3_selective_exposure_and_information_quant,rpp.84,2013,2013,1,1,0,0,,,,0,2008,2008,0,0,3
v3_selective_exposure_and_information_quant,rpp.84,2013,2013,1,1,1,0,0.75,1,0.5,1,2008,2008,0,0,1
v3_selective_exposure_and_information_quant,rpp.84,2014,2014,1,1,0,0,,,,1,2008,2008,0,0,4
v3_selective_exposure_and_information_quant,rpp.84,2014,2014,1,1,1,0,0.375,0.25,0.5,1,2008,2008,0,0,1
v3_selective_exposure_and_information_quant,rpp.84,2014,2014,1,1,1,0,0.625,0.5,0.75,1,2008,2008,0,0,1
v3_selective_exposure_and_information_quant,rpp.84,2015,2015,1,1,0,0,,,,1,2008,2008,0,0,1
v3_selective_exposure_and_information_quant,rpp.84,2015,2015,1,1,1,0,0.5,0.5,0.5,1,2008,2008,0,0,3
v3_selective_exposure_and_information_quant,rpp.84,2016,2016,1,1,0,0,,,,1,2008,2008,0,0,1
v3_selective_exposure_and_information_quant,rpp.84,2016,2016,1,1,1,0,0.375,0.75,0.0,0,2008,2008,0,0,1
v3_selective_exposure_and_information_quant,rpp.84,2016,2016,1,1,1,0,0.625,0.75,0.5,1,2008,2008,0,0,1
v3_selective_exposure_and_information_quant,rpp.84,2016,2016,1,1,1,0,0.75,0.75,0.75,1,2008,2008,0,0,1
v3_selective_exposure_and_information_quant,rpp.84,2017,2017,1,1,1,0,0.5,0.25,0.75,1,2008,2008,0,0,1
v3_selective_exposure_and_information_quant,rpp.84,2017,2017,1,1,1,0,0.5,0.5,0.5,0,2008,2008,0,0,1
v3_selective_exposure_and_information_quant,rpp.84,2017,2017,1,1,1,0,0.75,1,0.5,1,2008,2008,0,0,1
v3_selective_exposure_and_information_quant,rpp.84,2017,2017,1,1,1,0,0.875,0.75,1.0,1,2008,2008,0,0,1
v3_selective_exposure_and_information_quant,rpp.84,2017,2017,1,1,1,0,1.0,1,1.0,1,2008,2008,0,0,1
v3_selective_exposure_and_information_quant,rpp.84,2018,2018,1,1,0,0,,,,0,2008,2008,0,0,2
v3_selective_exposure_and_information_quant,rpp.84,2018,2018,1,1,0,0,,,,1,2008,2008,0,0,9
v3_selective_exposure_and_information_quant,rpp.84,2018,2018,1,1,1,0,0.25,0,0.5,1,2008,2008,0,0,1
v3_selective_exposure_and_information_quant,rpp.84,2018,2018,1,1,1,0,0.25,0.25,0.25,1,2008,2008,0,0,1
v3_selective_exposure_and_information_quant,rpp.84,2018,2018,1,1,1,0,0.375,0.25,0.5,0,2008,2008,0,0,1
v3_selective_exposure_and_information_quant,rpp.84,2018,2018,1,1,1,0,0.375,0.5,0.25,1,2008,2008,0,0,1
v3_selective_exposure_and_information_quant,rpp.84,2018,2018,1,1,1,0,0.5,0.5,0.5,0,2008,2008,0,0,1
v3_selective_exposure_and_information_quant,rpp.84,2018,2018,1,1,1,0,0.5,0.5,0.5,1,2008,2008,0,0,6
v3_selective_exposure_and_information_quant,rpp.84,2018,2018,1,1,1,0,0.625,0.5,0.75,1,2008,2008,0,0,1
v3_selective_exposure_and_information_quant,rpp.84,2018,2018,1,1,1,0,0.625,0.75,0.5,1,2008,2008,0,0,1
v3_selective_exposure_and_information_quant,rpp.84,2019,2019,1,1,0,0,,,,1,2008,2008,0,0,1
v3_selective_exposure_and_information_quant,rpp.84,2019,2019,1,1,1,0,0.25,0.25,0.25,1,2008,2008,0,0,1
v3_selective_exposure_and_information_quant,rpp.84,2020,2020,1,1,0,0,,,,0,2008,2008,0,0,2
v3_selective_exposure_and_information_quant,rpp.84,2020,2020,1,1,0,0,,,,1,2008,2008,0,0,1
v3_selective_exposure_and_information_quant,rpp.84,2020,2020,1,1,1,0,0.125,0.25,0.0,1,2008,2008,0,0,1
v3_selective_exposure_and_information_quant,rpp.84,2020,2020,1,1,1,0,0.25,0.25,0.25,1,2008,2008,0,0,1
v3_selective_exposure_and_information_quant,rpp.84,2020,2020,1,1,1,0,0.375,0.25,0.5,0,2008,2008,0,0,1
v3_selective_exposure_and_information_quant,rpp.84,2020,2020,1,1,1,0,0.5,0.5,0.5,1,2008,2008,0,0,2
v3_selective_exposure_and_information_quant,rpp.84,2021,2021,1,1,1,0,0.375,0.25,0.5,1,2008,2008,0,0,2
v3_selective_exposure_and_information_quant,rpp.84,2021,2021,1,1,1,0,0.5,0.5,0.5,1,2008,2008,0,0,2
v3_selective_exposure_and_information_quant,rpp.84,2021,2021,1,1,1,0,0.625,0.75,0.5,1,2008,2008,0,0,1
v3_selective_exposure_and_information_quant,rpp.84,2021,2021,1,1,1,0,0.75,0.75,0.75,1,2008,2008,0,0,2
v3_selective_exposure_and_information_quant,rpp.84,2022,2022,1,1,1,0,0.875,0.75,1.0,1,2008,2008,0,0,1
v3_selective_exposure_and_information_quant,rpp.84,2023,2023,1,1,0,0,,,,0,2008,2008,0,0,1
v3_selective_exposure_and_information_quant,rpp.84,2023,2023,1,1,0,0,,,,1,2008,2008,0,0,2
v3_selective_exposure_and_information_quant,rpp.84,2023,2023,1,1,1,0,0.25,0.25,0.25,1,2008,2008,0,0,2
v3_selective_exposure_and_information_quant,rpp.84,2023,2023,1,1,1,0,0.625,0.75,0.5,1,2008,2008,0,0,2
v3_selective_exposure_and_information_quant,rpp.84,2023,2023,1,1,1,0,0.75,0.75,0.75,1,2008,2008,0,0,1
v3_selective_exposure_and_information_quant,rpp.84,2024,2024,1,1,0,0,,,,1,2008,2008,0,0,1
v3_selective_exposure_and_information_quant,rpp.84,2025,2025,1,1,1,0,0.5,0.5,0.5,1,2008,2008,0,0,1
v3_selective_exposure_and_information_quant,rpp.84,2025,2025,1,1,1,0,0.625,0.5,0.75,0,2008,2008,0,0,1
v3_selective_exposure_and_information_quant,rpp.84,2025,2025,1,1,1,0,0.625,0.5,0.75,1,2008,2008,0,0,1
v3_self_handicapping_excuse_making_and_coun,rpp.94,2008,2008,1,1,1,0,0.25,0.25,0.25,1,2008,2008,0,0,1
v3_self_handicapping_excuse_making_and_coun,rpp.94,2008,2008,1,1,1,0,0.875,0.75,1.0,1,2008,2008,0,0,1
v3_self_handicapping_excuse_making_and_coun,rpp.94,2009,2009,1,1,1,0,0.0,0,0.0,0,2008,2008,0,0,1
v3_self_handicapping_excuse_making_and_coun,rpp.94,2010,2010,1,1,0,0,,,,0,2008,2008,0,0,1
v3_self_handicapping_excuse_making_and_coun,rpp.94,2010,2010,1,1,1,0,0.25,0.25,0.25,0,2008,2008,0,0,2
v3_self_handicapping_excuse_making_and_coun,rpp.94,2010,2010,1,1,1,0,0.25,0.25,0.25,1,2008,2008,0,0,1
v3_self_handicapping_excuse_making_and_coun,rpp.94,2010,2010,1,1,1,0,0.5,0.5,0.5,0,2008,2008,0,0,1
v3_self_handicapping_excuse_making_and_coun,rpp.94,2010,2010,1,1,1,0,0.5,0.5,0.5,1,2008,2008,0,0,2
v3_self_handicapping_excuse_making_and_coun,rpp.94,2010,2014,2,2,1,0,0.75,0.75,0.75,1,2008,2008,0,0,1
v3_self_handicapping_excuse_making_and_coun,rpp.94,2011,2011,1,1,0,0,,,,0,2008,2008,0,0,3
v3_self_handicapping_excuse_making_and_coun,rpp.94,2011,2011,1,1,0,0,,,,1,2008,2008,0,0,3
v3_self_handicapping_excuse_making_and_coun,rpp.94,2011,2011,1,1,1,0,0.125,0,0.25,1,2008,2008,0,0,1
v3_self_handicapping_excuse_making_and_coun,rpp.94,2011,2011,1,1,1,0,0.375,0.25,0.5,1,2008,2008,0,0,1
v3_self_handicapping_excuse_making_and_coun,rpp.94,2011,2011,1,1,1,0,0.5,0.25,0.75,1,2008,2008,0,0,1
v3_self_handicapping_excuse_making_and_coun,rpp.94,2011,2011,1,1,1,0,0.5,0.5,0.5,1,2008,2008,0,0,1
v3_self_handicapping_excuse_making_and_coun,rpp.94,2011,2011,1,1,1,0,0.75,0.75,0.75,1,2008,2008,0,0,1
v3_self_handicapping_excuse_making_and_coun,rpp.94,2011,2011,1,1,1,0,0.875,1,0.75,1,2008,2008,0,0,1
v3_self_handicapping_excuse_making_and_coun,rpp.94,2012,2012,1,1,0,0,,,,0,2008,2008,0,0,1
v3_self_handicapping_excuse_making_and_coun,rpp.94,2012,2012,1,1,0,0,,,,1,2008,2008,0,0,9
v3_self_handicapping_excuse_making_and_coun,rpp.94,2012,2012,1,1,1,0,0.125,0,0.25,0,2008,2008,0,0,1
v3_self_handicapping_excuse_making_and_coun,rpp.94,2012,2012,1,1,1,0,0.5,0.5,0.5,1,2008,2008,0,0,3
v3_self_handicapping_excuse_making_and_coun,rpp.94,2012,2012,1,1,1,0,0.625,0.5,0.75,1,2008,2008,0,0,1
v3_self_handicapping_excuse_making_and_coun,rpp.94,2012,2012,1,1,1,0,0.75,0.5,1.0,1,2008,2008,0,0,1
v3_self_handicapping_excuse_making_and_coun,rpp.94,2012,2012,1,1,1,0,0.75,0.75,0.75,1,2008,2008,0,0,1
v3_self_handicapping_excuse_making_and_coun,rpp.94,2012,2012,1,1,1,0,0.875,0.75,1.0,1,2008,2008,0,0,1
v3_self_handicapping_excuse_making_and_coun,rpp.94,2013,2013,1,1,0,0,,,,1,2008,2008,0,0,1
v3_self_handicapping_excuse_making_and_coun,rpp.94,2013,2013,1,1,1,0,0.25,0.25,0.25,0,2008,2008,0,0,1
v3_self_handicapping_excuse_making_and_coun,rpp.94,2013,2013,1,1,1,0,0.25,0.25,0.25,1,2008,2008,0,0,1
v3_self_handicapping_excuse_making_and_coun,rpp.94,2013,2013,1,1,1,0,0.375,0.25,0.5,1,2008,2008,0,0,1
v3_self_handicapping_excuse_making_and_coun,rpp.94,2013,2013,1,1,1,0,0.5,0.5,0.5,1,2008,2008,0,0,1
v3_self_handicapping_excuse_making_and_coun,rpp.94,2013,2013,1,1,1,0,0.625,0.5,0.75,0,2008,2008,0,0,1
v3_self_handicapping_excuse_making_and_coun,rpp.94,2013,2013,1,1,1,0,0.625,0.5,0.75,1,2008,2008,0,0,1
v3_self_handicapping_excuse_making_and_coun,rpp.94,2013,2013,1,1,1,0,0.875,1,0.75,1,2008,2008,0,0,1
v3_self_handicapping_excuse_making_and_coun,rpp.94,2014,2014,1,1,1,0,0.125,0.25,0.0,1,2008,2008,0,0,1
v3_self_handicapping_excuse_making_and_coun,rpp.94,2014,2014,1,1,1,0,0.375,0.25,0.5,0,2008,2008,0,0,1
v3_self_handicapping_excuse_making_and_coun,rpp.94,2014,2014,1,1,1,0,0.5,0.5,0.5,1,2008,2008,0,0,1
v3_self_handicapping_excuse_making_and_coun,rpp.94,2014,2014,1,1,1,0,0.625,0.5,0.75,1,2008,2008,0,0,1
v3_self_handicapping_excuse_making_and_coun,rpp.94,2014,2014,1,1,1,0,1.0,1,1.0,1,2008,2008,0,0,1
v3_self_handicapping_excuse_making_and_coun,rpp.94,2015,2015,1,1,0,0,,,,0,2008,2008,0,0,2
v3_self_handicapping_excuse_making_and_coun,rpp.94,2015,2015,1,1,0,0,,,,1,2008,2008,0,0,1
v3_self_handicapping_excuse_making_and_coun,rpp.94,2015,2015,1,1,1,0,0.25,0.25,0.25,1,2008,2008,0,0,1
v3_self_handicapping_excuse_making_and_coun,rpp.94,2015,2015,1,1,1,0,0.5,0.5,0.5,1,2008,2008,0,0,1
v3_self_handicapping_excuse_making_and_coun,rpp.94,2015,2015,1,1,1,0,0.625,0.25,1.0,0,2008,2008,0,0,1
v3_self_handicapping_excuse_making_and_coun,rpp.94,2015,2015,1,1,1,0,0.625,0.75,0.5,0,2008,2008,0,0,1
v3_self_handicapping_excuse_making_and_coun,rpp.94,2015,2015,1,1,1,0,0.625,0.75,0.5,1,2008,2008,0,0,1
v3_self_handicapping_excuse_making_and_coun,rpp.94,2015,2015,1,1,1,0,0.875,0.75,1.0,0,2008,2008,0,0,1
v3_self_handicapping_excuse_making_and_coun,rpp.94,2017,2017,1,1,0,0,,,,0,2008,2008,0,0,1
v3_self_handicapping_excuse_making_and_coun,rpp.94,2017,2017,1,1,1,0,0.125,0.25,0.0,1,2008,2008,0,0,1
v3_self_handicapping_excuse_making_and_coun,rpp.94,2017,2017,1,1,1,0,0.25,0.25,0.25,0,2008,2008,0,0,1
v3_self_handicapping_excuse_making_and_coun,rpp.94,2017,2017,1,1,1,0,0.25,0.25,0.25,1,2008,2008,0,0,1
v3_self_handicapping_excuse_making_and_coun,rpp.94,2017,2017,1,1,1,0,0.375,0.25,0.5,1,2008,2008,0,0,1
v3_self_handicapping_excuse_making_and_coun,rpp.94,2017,2017,1,1,1,0,0.5,0.25,0.75,0,2008,2008,0,0,1
v3_self_handicapping_excuse_making_and_coun,rpp.94,2017,2017,1,1,1,0,0.75,1,0.5,0,2008,2008,0,0,1
v3_self_handicapping_excuse_making_and_coun,rpp.94,2018,2018,1,1,0,0,,,,0,2008,2008,0,0,1
v3_self_handicapping_excuse_making_and_coun,rpp.94,2018,2018,1,1,0,0,,,,1,2008,2008,0,0,1
v3_self_handicapping_excuse_making_and_coun,rpp.94,2018,2018,1,1,1,0,0.625,0.5,0.75,1,2008,2008,0,0,1
v3_self_handicapping_excuse_making_and_coun,rpp.94,2018,2018,1,1,1,0,0.875,0.75,1.0,1,2008,2008,0,0,1
v3_self_handicapping_excuse_making_and_coun,rpp.94,2019,2019,1,1,1,0,0.5,0.5,0.5,0,2008,2008,0,0,1
v3_self_handicapping_excuse_making_and_coun,rpp.94,2020,2020,1,1,1,0,0.375,0.75,0.0,1,2008,2008,0,0,1
v3_self_handicapping_excuse_making_and_coun,rpp.94,2020,2020,1,1,1,0,0.5,0.5,0.5,1,2008,2008,0,0,3
v3_self_handicapping_excuse_making_and_coun,rpp.94,2020,2020,1,1,1,0,0.75,0.5,1.0,1,2008,2008,0,0,1
v3_self_handicapping_excuse_making_and_coun,rpp.94,2020,2020,1,1,1,0,0.75,0.75,0.75,1,2008,2008,0,0,1
v3_self_handicapping_excuse_making_and_coun,rpp.94,2021,2021,1,1,0,0,,,,0,2008,2008,0,0,1
v3_self_handicapping_excuse_making_and_coun,rpp.94,2021,2021,1,1,0,0,,,,1,2008,2008,0,0,3
v3_self_handicapping_excuse_making_and_coun,rpp.94,2021,2021,1,1,1,0,0.125,0.25,0.0,1,2008,2008,0,0,1
v3_self_handicapping_excuse_making_and_coun,rpp.94,2021,2021,1,1,1,0,0.25,0.25,0.25,1,2008,2008,0,0,2
v3_self_handicapping_excuse_making_and_coun,rpp.94,2021,2021,1,1,1,0,0.625,0.75,0.5,1,2008,2008,0,0,1
v3_self_handicapping_excuse_making_and_coun,rpp.94,2021,2021,1,1,1,0,0.875,0.75,1.0,1,2008,2008,0,0,1
v3_self_handicapping_excuse_making_and_coun,rpp.94,2022,2022,1,1,0,0,,,,1,2008,2008,0,0,2
v3_self_handicapping_excuse_making_and_coun,rpp.94,2022,2022,1,1,1,0,0.125,0,0.25,1,2008,2008,0,0,2
v3_self_handicapping_excuse_making_and_coun,rpp.94,2022,2022,1,1,1,0,0.125,0.25,0.0,1,2008,2008,0,0,1
v3_self_handicapping_excuse_making_and_coun,rpp.94,2022,2022,1,1,1,0,0.25,0.25,0.25,1,2008,2008,0,0,1
v3_self_handicapping_excuse_making_and_coun,rpp.94,2022,2022,1,1,1,0,0.375,0.25,0.5,1,2008,2008,0,0,2
v3_self_handicapping_excuse_making_and_coun,rpp.94,2022,2022,1,1,1,0,0.5,0.5,0.5,1,2008,2008,0,0,4
v3_self_handicapping_excuse_making_and_coun,rpp.94,2022,2022,1,1,1,0,0.875,1,0.75,1,2008,2008,0,0,1
v3_self_handicapping_excuse_making_and_coun,rpp.94,2023,2023,1,1,0,0,,,,1,2008,2008,0,0,1
v3_self_handicapping_excuse_making_and_coun,rpp.94,2023,2023,1,1,1,0,0.125,0.25,0.0,0,2008,2008,0,0,1
v3_self_handicapping_excuse_making_and_coun,rpp.94,2023,2023,1,1,1,0,0.25,0.25,0.25,1,2008,2008,0,0,2
v3_self_handicapping_excuse_making_and_coun,rpp.94,2023,2023,1,1,1,0,0.375,0.25,0.5,0,2008,2008,0,0,1
v3_self_handicapping_excuse_making_and_coun,rpp.94,2023,2023,1,1,1,0,0.5,0.25,0.75,0,2008,2008,0,0,1
v3_self_handicapping_excuse_making_and_coun,rpp.94,2023,2023,1,1,1,0,0.5,0.5,0.5,0,2008,2008,0,0,1
v3_self_handicapping_excuse_making_and_coun,rpp.94,2023,2023,1,1,1,0,0.5,0.5,0.5,1,2008,2008,0,0,1
v3_self_handicapping_excuse_making_and_coun,rpp.94,2023,2023,1,1,1,0,0.75,0.75,0.75,1,2008,2008,0,0,1
v3_self_handicapping_excuse_making_and_coun,rpp.94,2024,2024,1,1,0,0,,,,0,2008,2008,0,0,2
v3_self_handicapping_excuse_making_and_coun,rpp.94,2025,2025,1,1,1,0,0.625,0.5,0.75,1,2008,2008,0,0,1
v3_self_handicapping_excuse_making_and_coun,rpp.94,2025,2025,1,1,1,0,0.625,0.75,0.5,1,2008,2008,0,0,1
v3_self_regulation_and_selective_exposure_t,rpp.86,2009,2009,1,1,0,0,,,,1,2008,2008,0,0,1
v3_self_regulation_and_selective_exposure_t,rpp.86,2009,2009,1,1,1,0,0.625,0.5,0.75,0,2008,2008,0,0,1
v3_self_regulation_and_selective_exposure_t,rpp.86,2009,2009,1,1,1,0,0.75,0.5,1.0,0,2008,2008,0,0,1
v3_self_regulation_and_selective_exposure_t,rpp.86,2010,2010,1,1,0,0,,,,0,2008,2008,0,0,1
v3_self_regulation_and_selective_exposure_t,rpp.86,2010,2010,1,1,0,0,,,,1,2008,2008,0,0,3
v3_self_regulation_and_selective_exposure_t,rpp.86,2011,2011,1,1,0,0,,,,0,2008,2008,0,0,3
v3_self_regulation_and_selective_exposure_t,rpp.86,2011,2011,1,1,0,0,,,,1,2008,2008,0,0,2
v3_self_regulation_and_selective_exposure_t,rpp.86,2011,2011,1,1,1,0,0.25,0.25,0.25,0,2008,2008,0,0,1
v3_self_regulation_and_selective_exposure_t,rpp.86,2011,2011,1,1,1,0,0.375,0.25,0.5,0,2008,2008,0,0,1
v3_self_regulation_and_selective_exposure_t,rpp.86,2011,2011,1,1,1,0,0.5,0.5,0.5,1,2008,2008,0,0,1
v3_self_regulation_and_selective_exposure_t,rpp.86,2011,2011,1,1,1,0,0.75,0.5,1.0,0,2008,2008,0,0,1
v3_self_regulation_and_selective_exposure_t,rpp.86,2012,2012,1,1,0,0,,,,0,2008,2008,0,0,3
v3_self_regulation_and_selective_exposure_t,rpp.86,2012,2012,1,1,0,0,,,,1,2008,2008,0,0,4
v3_self_regulation_and_selective_exposure_t,rpp.86,2012,2012,1,1,1,0,0.125,0,0.25,1,2008,2008,0,0,1
v3_self_regulation_and_selective_exposure_t,rpp.86,2012,2012,1,1,1,0,0.25,0.25,0.25,0,2008,2008,0,0,1
v3_self_regulation_and_selective_exposure_t,rpp.86,2012,2012,1,1,1,0,0.25,0.25,0.25,1,2008,2008,0,0,1
v3_self_regulation_and_selective_exposure_t,rpp.86,2012,2012,1,1,1,0,0.625,0.75,0.5,1,2008,2008,0,0,1
v3_self_regulation_and_selective_exposure_t,rpp.86,2012,2012,1,1,1,0,0.875,0.75,1.0,1,2008,2008,0,0,1
v3_self_regulation_and_selective_exposure_t,rpp.86,2013,2013,1,1,0,0,,,,0,2008,2008,0,0,4
v3_self_regulation_and_selective_exposure_t,rpp.86,2013,2013,1,1,1,0,0.5,0.5,0.5,0,2008,2008,0,0,1
v3_self_regulation_and_selective_exposure_t,rpp.86,2013,2013,1,1,1,0,0.75,0.75,0.75,1,2008,2008,0,0,1
v3_self_regulation_and_selective_exposure_t,rpp.86,2014,2014,1,1,0,0,,,,0,2008,2008,0,0,2
v3_self_regulation_and_selective_exposure_t,rpp.86,2014,2014,1,1,0,0,,,,1,2008,2008,0,0,1
v3_self_regulation_and_selective_exposure_t,rpp.86,2014,2014,1,1,1,0,0.25,0.25,0.25,1,2008,2008,0,0,1
v3_self_regulation_and_selective_exposure_t,rpp.86,2014,2014,1,1,1,0,0.75,0.5,1.0,0,2008,2008,0,0,1
v3_self_regulation_and_selective_exposure_t,rpp.86,2014,2014,1,1,1,0,0.75,0.5,1.0,1,2008,2008,0,0,1
v3_self_regulation_and_selective_exposure_t,rpp.86,2014,2014,1,1,1,0,0.75,0.75,0.75,1,2008,2008,0,0,1
v3_self_regulation_and_selective_exposure_t,rpp.86,2015,2015,1,1,0,0,,,,0,2008,2008,0,0,2
v3_self_regulation_and_selective_exposure_t,rpp.86,2015,2015,1,1,0,0,,,,1,2008,2008,0,0,4
v3_self_regulation_and_selective_exposure_t,rpp.86,2015,2015,1,1,1,0,0.5,0.5,0.5,0,2008,2008,0,0,1
v3_self_regulation_and_selective_exposure_t,rpp.86,2015,2015,1,1,1,0,0.5,0.5,0.5,1,2008,2008,0,0,1
v3_self_regulation_and_selective_exposure_t,rpp.86,2015,2015,1,1,1,0,0.625,0.5,0.75,0,2008,2008,0,0,1
v3_self_regulation_and_selective_exposure_t,rpp.86,2015,2015,1,1,1,0,0.875,0.75,1.0,1,2008,2008,0,0,1
v3_self_regulation_and_selective_exposure_t,rpp.86,2016,2016,1,1,1,0,0.125,0,0.25,1,2008,2008,0,0,1
v3_self_regulation_and_selective_exposure_t,rpp.86,2016,2016,1,1,1,0,0.5,0.5,0.5,1,2008,2008,0,0,1
v3_self_regulation_and_selective_exposure_t,rpp.86,2016,2016,1,1,1,0,0.75,0.5,1.0,1,2008,2008,0,0,1
v3_self_regulation_and_selective_exposure_t,rpp.86,2016,2016,1,1,1,0,0.75,0.75,0.75,1,2008,2008,0,0,2
v3_self_regulation_and_selective_exposure_t,rpp.86,2017,2017,1,1,0,0,,,,0,2008,2008,0,0,1
v3_self_regulation_and_selective_exposure_t,rpp.86,2017,2017,1,1,1,0,0.5,0.25,0.75,1,2008,2008,0,0,1
v3_self_regulation_and_selective_exposure_t,rpp.86,2017,2017,1,1,1,0,0.5,0.5,0.5,1,2008,2008,0,0,1
v3_self_regulation_and_selective_exposure_t,rpp.86,2017,2017,1,1,1,0,0.875,0.75,1.0,1,2008,2008,0,0,1
v3_self_regulation_and_selective_exposure_t,rpp.86,2017,2017,1,1,1,0,1.0,1,1.0,1,2008,2008,0,0,1
v3_self_regulation_and_selective_exposure_t,rpp.86,2018,2018,1,1,0,0,,,,1,2008,2008,0,0,5
v3_self_regulation_and_selective_exposure_t,rpp.86,2018,2018,1,1,1,0,0.5,0.5,0.5,1,2008,2008,0,0,3
v3_self_regulation_and_selective_exposure_t,rpp.86,2019,2019,1,1,0,0,,,,1,2008,2008,0,0,5
v3_self_regulation_and_selective_exposure_t,rpp.86,2019,2019,1,1,1,0,0.875,0.75,1.0,1,2008,2008,0,0,1
v3_self_regulation_and_selective_exposure_t,rpp.86,2020,2020,1,1,1,0,0.5,0.5,0.5,1,2008,2008,0,0,1
v3_self_regulation_and_selective_exposure_t,rpp.86,2020,2020,1,1,1,0,0.625,0.5,0.75,1,2008,2008,0,0,1
v3_self_regulation_and_selective_exposure_t,rpp.86,2021,2021,1,1,1,0,0.5,0.5,0.5,1,2008,2008,0,0,1
v3_self_regulation_and_selective_exposure_t,rpp.86,2022,2022,1,1,0,0,,,,1,2008,2008,0,0,2
v3_self_regulation_and_selective_exposure_t,rpp.86,2022,2022,1,1,1,0,0.25,0.25,0.25,1,2008,2008,0,0,1
v3_self_regulation_and_selective_exposure_t,rpp.86,2022,2022,1,1,1,0,0.375,0.25,0.5,1,2008,2008,0,0,1
v3_self_regulation_and_selective_exposure_t,rpp.86,2022,2022,1,1,1,0,0.5,0.25,0.75,1,2008,2008,0,0,1
v3_self_regulation_and_selective_exposure_t,rpp.86,2022,2022,1,1,1,0,0.625,0.75,0.5,1,2008,2008,0,0,1
v3_self_regulation_and_selective_exposure_t,rpp.86,2022,2022,1,1,1,0,0.875,0.75,1.0,0,2008,2008,0,0,1
v3_self_regulation_and_selective_exposure_t,rpp.86,2023,2023,1,1,0,0,,,,1,2008,2008,0,0,1
v3_self_regulation_and_selective_exposure_t,rpp.86,2023,2023,1,1,1,0,0.625,0.75,0.5,1,2008,2008,0,0,1
v3_self_regulation_and_selective_exposure_t,rpp.86,2023,2023,1,1,1,0,0.75,0.75,0.75,1,2008,2008,0,0,1
v3_self_regulation_and_selective_exposure_t,rpp.86,2024,2024,1,1,0,0,,,,1,2008,2008,0,0,1
v3_self_regulation_and_selective_exposure_t,rpp.86,2024,2024,1,1,1,0,0.625,0.5,0.75,1,2008,2008,0,0,1
v3_self_regulation_and_selective_exposure_t,rpp.86,2026,2026,1,1,1,0,0.25,0.25,0.25,1,2008,2008,0,0,1
v3_self_regulation_and_selective_exposure_t,rpp.86,2026,2026,1,1,1,0,0.875,0.75,1.0,1,2008,2008,0,0,1
v3_semantic_interference_in_a_delayed_namin,rpp.28,2007,2007,1,1,0,0,,,,0,2008,2008,1,1,1
v3_semantic_interference_in_a_delayed_namin,rpp.28,2009,2009,1,1,0,0,,,,0,2008,2008,0,0,2
v3_semantic_interference_in_a_delayed_namin,rpp.28,2009,2009,1,1,0,0,,,,1,2008,2008,0,0,1
v3_semantic_interference_in_a_delayed_namin,rpp.28,2009,2009,1,1,1,0,0.25,0.25,0.25,0,2008,2008,0,0,1
v3_semantic_interference_in_a_delayed_namin,rpp.28,2009,2009,1,1,1,0,0.25,0.5,0.0,0,2008,2008,0,0,1
v3_semantic_interference_in_a_delayed_namin,rpp.28,2009,2009,1,1,1,0,0.5,0.5,0.5,0,2008,2008,0,0,1
v3_semantic_interference_in_a_delayed_namin,rpp.28,2009,2009,1,1,1,0,0.625,1,0.25,1,2008,2008,0,0,1
v3_semantic_interference_in_a_delayed_namin,rpp.28,2010,2010,1,1,0,0,,,,0,2008,2008,0,0,1
v3_semantic_interference_in_a_delayed_namin,rpp.28,2010,2010,1,1,0,0,,,,1,2008,2008,0,0,1
v3_semantic_interference_in_a_delayed_namin,rpp.28,2010,2010,1,1,1,0,0.375,0.5,0.25,1,2008,2008,0,0,1
v3_semantic_interference_in_a_delayed_namin,rpp.28,2010,2010,1,1,1,0,0.5,0.5,0.5,1,2008,2008,0,0,1
v3_semantic_interference_in_a_delayed_namin,rpp.28,2011,2011,1,1,0,0,,,,0,2008,2008,0,0,14
v3_semantic_interference_in_a_delayed_namin,rpp.28,2011,2011,1,1,0,0,,,,1,2008,2008,0,0,27
v3_semantic_interference_in_a_delayed_namin,rpp.28,2011,2011,1,1,1,0,0.25,0.25,0.25,0,2008,2008,0,0,1
v3_semantic_interference_in_a_delayed_namin,rpp.28,2011,2011,1,1,1,0,0.25,0.25,0.25,1,2008,2008,0,0,4
v3_semantic_interference_in_a_delayed_namin,rpp.28,2011,2011,1,1,1,0,0.25,0.5,0.0,1,2008,2008,0,0,1
v3_semantic_interference_in_a_delayed_namin,rpp.28,2011,2011,1,1,1,0,0.375,0.25,0.5,1,2008,2008,0,0,1
v3_semantic_interference_in_a_delayed_namin,rpp.28,2011,2011,1,1,1,0,0.375,0.5,0.25,0,2008,2008,0,0,1
v3_semantic_interference_in_a_delayed_namin,rpp.28,2011,2011,1,1,1,0,0.375,0.5,0.25,1,2008,2008,0,0,1
v3_semantic_interference_in_a_delayed_namin,rpp.28,2011,2011,1,1,1,0,0.5,0.5,0.5,0,2008,2008,0,0,1
v3_semantic_interference_in_a_delayed_namin,rpp.28,2011,2011,1,1,1,0,0.5,0.5,0.5,1,2008,2008,0,0,11
v3_semantic_interference_in_a_delayed_namin,rpp.28,2011,2011,1,1,1,0,0.625,0.5,0.75,1,2008,2008,0,0,3
v3_semantic_interference_in_a_delayed_namin,rpp.28,2011,2011,1,1,1,0,0.625,0.75,0.5,1,2008,2008,0,0,2
v3_semantic_interference_in_a_delayed_namin,rpp.28,2011,2011,1,1,1,0,0.75,0.5,1.0,1,2008,2008,0,0,1
v3_semantic_interference_in_a_delayed_namin,rpp.28,2011,2011,1,1,1,0,0.75,0.75,0.75,1,2008,2008,0,0,1
v3_semantic_interference_in_a_delayed_namin,rpp.28,2012,2012,1,1,0,0,,,,0,2008,2008,0,0,1
v3_semantic_interference_in_a_delayed_namin,rpp.28,2012,2012,1,1,0,0,,,,1,2008,2008,0,0,1
v3_semantic_interference_in_a_delayed_namin,rpp.28,2013,2013,1,1,0,0,,,,0,2008,2008,0,0,3
v3_semantic_interference_in_a_delayed_namin,rpp.28,2013,2013,1,1,0,0,,,,1,2008,2008,0,0,2
v3_semantic_interference_in_a_delayed_namin,rpp.28,2013,2013,1,1,1,0,0.25,0.25,0.25,1,2008,2008,0,0,3
v3_semantic_interference_in_a_delayed_namin,rpp.28,2013,2013,1,1,1,0,0.5,0.5,0.5,0,2008,2008,0,0,1
v3_semantic_interference_in_a_delayed_namin,rpp.28,2013,2013,1,1,1,0,0.5,0.5,0.5,1,2008,2008,0,0,3
v3_semantic_interference_in_a_delayed_namin,rpp.28,2014,2014,1,1,0,0,,,,0,2008,2008,0,0,3
v3_semantic_interference_in_a_delayed_namin,rpp.28,2014,2014,1,1,0,0,,,,1,2008,2008,0,0,1
v3_semantic_interference_in_a_delayed_namin,rpp.28,2014,2014,1,1,1,0,0.375,0.5,0.25,1,2008,2008,0,0,1
v3_semantic_interference_in_a_delayed_namin,rpp.28,2014,2014,1,1,1,0,0.5,0.5,0.5,0,2008,2008,0,0,1
v3_semantic_interference_in_a_delayed_namin,rpp.28,2014,2014,1,1,1,0,0.5,0.5,0.5,1,2008,2008,0,0,1
v3_semantic_interference_in_a_delayed_namin,rpp.28,2014,2014,1,1,1,0,0.625,0.75,0.5,1,2008,2008,0,0,1
v3_semantic_interference_in_a_delayed_namin,rpp.28,2015,2015,1,1,0,0,,,,1,2008,2008,0,0,1
v3_semantic_interference_in_a_delayed_namin,rpp.28,2015,2015,1,1,1,0,0.375,0.25,0.5,1,2008,2008,0,0,2
v3_semantic_interference_in_a_delayed_namin,rpp.28,2015,2015,1,1,1,0,0.5,0.5,0.5,0,2008,2008,0,0,1
v3_semantic_interference_in_a_delayed_namin,rpp.28,2015,2015,1,1,1,0,0.5,0.5,0.5,1,2008,2008,0,0,1
v3_semantic_interference_in_a_delayed_namin,rpp.28,2016,2016,1,1,0,0,,,,1,2008,2008,0,0,2
v3_semantic_interference_in_a_delayed_namin,rpp.28,2017,2017,1,1,0,0,,,,1,2008,2008,0,0,1
v3_semantic_interference_in_a_delayed_namin,rpp.28,2017,2017,1,1,1,0,0.5,0.5,0.5,1,2008,2008,0,0,1
v3_semantic_interference_in_a_delayed_namin,rpp.28,2017,2017,1,1,1,0,0.625,0.75,0.5,1,2008,2008,0,0,1
v3_semantic_interference_in_a_delayed_namin,rpp.28,2017,2017,1,1,1,0,0.75,0.5,1.0,1,2008,2008,0,0,1
v3_semantic_interference_in_a_delayed_namin,rpp.28,2018,2018,1,1,0,0,,,,1,2008,2008,0,0,2
v3_semantic_interference_in_a_delayed_namin,rpp.28,2018,2018,1,1,1,0,0.25,0.25,0.25,1,2008,2008,0,0,1
v3_semantic_interference_in_a_delayed_namin,rpp.28,2018,2018,1,1,1,0,0.5,0.5,0.5,1,2008,2008,0,0,1
v3_semantic_interference_in_a_delayed_namin,rpp.28,2019,2019,1,1,0,0,,,,1,2008,2008,0,0,3
v3_semantic_interference_in_a_delayed_namin,rpp.28,2019,2019,1,1,1,0,0.375,0.5,0.25,1,2008,2008,0,0,1
v3_semantic_interference_in_a_delayed_namin,rpp.28,2020,2020,1,1,0,0,,,,0,2008,2008,0,0,3
v3_semantic_interference_in_a_delayed_namin,rpp.28,2020,2020,1,1,0,0,,,,1,2008,2008,0,0,2
v3_semantic_interference_in_a_delayed_namin,rpp.28,2020,2020,1,1,1,0,0.375,0.25,0.5,0,2008,2008,0,0,1
v3_semantic_interference_in_a_delayed_namin,rpp.28,2020,2020,1,1,1,0,0.875,0.75,1.0,1,2008,2008,0,0,1
v3_semantic_interference_in_a_delayed_namin,rpp.28,2021,2021,1,1,1,0,0.125,0,0.25,0,2008,2008,0,0,1
v3_semantic_interference_in_a_delayed_namin,rpp.28,2021,2021,1,1,1,0,0.25,0.25,0.25,1,2008,2008,0,0,1
v3_semantic_interference_in_a_delayed_namin,rpp.28,2021,2021,1,1,1,0,0.375,0.25,0.5,0,2008,2008,0,0,1
v3_semantic_interference_in_a_delayed_namin,rpp.28,2022,2022,1,1,0,0,,,,1,2008,2008,0,0,1
v3_semantic_interference_in_a_delayed_namin,rpp.28,2022,2022,1,1,1,0,0.75,1,0.5,0,2008,2008,0,0,1
v3_semantic_interference_in_a_delayed_namin,rpp.28,2023,2023,1,1,0,0,,,,1,2008,2008,0,0,1
v3_semantic_interference_in_a_delayed_namin,rpp.28,2023,2023,1,1,1,0,0.5,0.25,0.75,0,2008,2008,0,0,1
v3_semantic_interference_in_a_delayed_namin,rpp.28,2024,2024,1,1,0,0,,,,0,2008,2008,0,0,1
v3_semantic_interference_in_a_delayed_namin,rpp.28,2025,2025,1,1,1,0,0.5,0.5,0.5,1,2008,2008,0,0,1
v3_slow_to_anger_and_fast_to_forgive_cooper,ee.12,2003,2003,1,1,0,0,,,,1,2012,2012,1,1,1
v3_slow_to_anger_and_fast_to_forgive_cooper,ee.12,2010,2010,1,1,0,0,,,,0,2012,2012,1,1,2
v3_slow_to_anger_and_fast_to_forgive_cooper,ee.12,2010,2010,1,1,1,0,0.75,0.75,0.75,1,2012,2012,1,1,1
v3_slow_to_anger_and_fast_to_forgive_cooper,ee.12,2011,2011,1,1,0,0,,,,1,2012,2012,1,1,1
v3_slow_to_anger_and_fast_to_forgive_cooper,ee.12,2012,2012,1,1,0,0,,,,0,2012,2012,0,0,4
v3_slow_to_anger_and_fast_to_forgive_cooper,ee.12,2012,2012,1,1,0,0,,,,1,2012,2012,0,0,8
v3_slow_to_anger_and_fast_to_forgive_cooper,ee.12,2012,2012,1,1,1,0,0.5,0.5,0.5,0,2012,2012,0,0,2
v3_slow_to_anger_and_fast_to_forgive_cooper,ee.12,2012,2012,1,1,1,0,0.5,0.5,0.5,1,2012,2012,0,0,3
v3_slow_to_anger_and_fast_to_forgive_cooper,ee.12,2013,2013,1,1,0,0,,,,1,2012,2012,0,0,5
v3_slow_to_anger_and_fast_to_forgive_cooper,ee.12,2013,2013,1,1,1,0,0.5,0.5,0.5,0,2012,2012,0,0,1
v3_slow_to_anger_and_fast_to_forgive_cooper,ee.12,2013,2013,1,1,1,0,0.625,0.5,0.75,1,2012,2012,0,0,1
v3_slow_to_anger_and_fast_to_forgive_cooper,ee.12,2014,2014,1,1,0,0,,,,0,2012,2012,0,0,5
v3_slow_to_anger_and_fast_to_forgive_cooper,ee.12,2014,2014,1,1,0,0,,,,1,2012,2012,0,0,6
v3_slow_to_anger_and_fast_to_forgive_cooper,ee.12,2014,2014,1,1,1,0,0.25,0.25,0.25,1,2012,2012,0,0,1
v3_slow_to_anger_and_fast_to_forgive_cooper,ee.12,2014,2014,1,1,1,0,0.375,0.25,0.5,1,2012,2012,0,0,1
v3_slow_to_anger_and_fast_to_forgive_cooper,ee.12,2014,2014,1,1,1,0,0.5,0.5,0.5,0,2012,2012,0,0,2
v3_slow_to_anger_and_fast_to_forgive_cooper,ee.12,2014,2014,1,1,1,0,0.5,0.5,0.5,1,2012,2012,0,0,1
v3_slow_to_anger_and_fast_to_forgive_cooper,ee.12,2014,2014,1,1,1,0,0.625,0.5,0.75,1,2012,2012,0,0,2
v3_slow_to_anger_and_fast_to_forgive_cooper,ee.12,2014,2014,1,1,1,0,0.625,0.75,0.5,1,2012,2012,0,0,1
v3_slow_to_anger_and_fast_to_forgive_cooper,ee.12,2014,2014,1,1,1,0,0.75,0.75,0.75,1,2012,2012,0,0,1
v3_slow_to_anger_and_fast_to_forgive_cooper,ee.12,2014,2014,1,1,1,0,0.875,0.75,1.0,0,2012,2012,0,0,1
v3_slow_to_anger_and_fast_to_forgive_cooper,ee.12,2014,2014,1,1,1,0,1.0,1,1.0,1,2012,2012,0,0,1
v3_slow_to_anger_and_fast_to_forgive_cooper,ee.12,2015,2015,1,1,0,0,,,,0,2012,2012,0,0,8
v3_slow_to_anger_and_fast_to_forgive_cooper,ee.12,2015,2015,1,1,0,0,,,,1,2012,2012,0,0,24
v3_slow_to_anger_and_fast_to_forgive_cooper,ee.12,2015,2015,1,1,1,0,0.25,0.25,0.25,1,2012,2012,0,0,2
v3_slow_to_anger_and_fast_to_forgive_cooper,ee.12,2015,2015,1,1,1,0,0.375,0.25,0.5,1,2012,2012,0,0,1
v3_slow_to_anger_and_fast_to_forgive_cooper,ee.12,2015,2015,1,1,1,0,0.5,0.5,0.5,1,2012,2012,0,0,4
v3_slow_to_anger_and_fast_to_forgive_cooper,ee.12,2015,2015,1,1,1,0,0.625,0.5,0.75,0,2012,2012,0,0,1
v3_slow_to_anger_and_fast_to_forgive_cooper,ee.12,2015,2015,1,1,1,0,0.625,0.5,0.75,1,2012,2012,0,0,1
v3_slow_to_anger_and_fast_to_forgive_cooper,ee.12,2015,2015,1,1,1,0,0.75,0.75,0.75,1,2012,2012,0,0,2
v3_slow_to_anger_and_fast_to_forgive_cooper,ee.12,2016,2016,1,1,0,0,,,,0,2012,2012,0,0,4
v3_slow_to_anger_and_fast_to_forgive_cooper,ee.12,2016,2016,1,1,0,0,,,,1,2012,2012,0,0,16
v3_slow_to_anger_and_fast_to_forgive_cooper,ee.12,2016,2016,1,1,1,0,0.0,0,0.0,1,2012,2012,0,0,1
v3_slow_to_anger_and_fast_to_forgive_cooper,ee.12,2016,2016,1,1,1,0,0.25,0.25,0.25,1,2012,2012,0,0,2
v3_slow_to_anger_and_fast_to_forgive_cooper,ee.12,2016,2016,1,1,1,0,0.375,0.25,0.5,0,2012,2012,0,0,2
v3_slow_to_anger_and_fast_to_forgive_cooper,ee.12,2016,2016,1,1,1,0,0.5,0.5,0.5,1,2012,2012,0,0,5
v3_slow_to_anger_and_fast_to_forgive_cooper,ee.12,2016,2016,1,1,1,0,0.625,0.75,0.5,1,2012,2012,0,0,1
v3_slow_to_anger_and_fast_to_forgive_cooper,ee.12,2016,2016,1,1,1,0,0.75,0.75,0.75,1,2012,2012,0,0,1
v3_slow_to_anger_and_fast_to_forgive_cooper,ee.12,2017,2017,1,1,0,0,,,,0,2012,2012,0,0,7
v3_slow_to_anger_and_fast_to_forgive_cooper,ee.12,2017,2017,1,1,0,0,,,,1,2012,2012,0,0,17
v3_slow_to_anger_and_fast_to_forgive_cooper,ee.12,2017,2017,1,1,1,0,0.25,0,0.5,1,2012,2012,0,0,1
v3_slow_to_anger_and_fast_to_forgive_cooper,ee.12,2017,2017,1,1,1,0,0.375,0.25,0.5,0,2012,2012,0,0,1
v3_slow_to_anger_and_fast_to_forgive_cooper,ee.12,2017,2017,1,1,1,0,0.375,0.25,0.5,1,2012,2012,0,0,1
v3_slow_to_anger_and_fast_to_forgive_cooper,ee.12,2017,2017,1,1,1,0,0.5,0.5,0.5,0,2012,2012,0,0,4
v3_slow_to_anger_and_fast_to_forgive_cooper,ee.12,2017,2017,1,1,1,0,0.5,0.5,0.5,1,2012,2012,0,0,3
v3_slow_to_anger_and_fast_to_forgive_cooper,ee.12,2017,2017,1,1,1,0,0.75,0.75,0.75,0,2012,2012,0,0,1
v3_slow_to_anger_and_fast_to_forgive_cooper,ee.12,2017,2017,1,1,1,0,0.75,0.75,0.75,1,2012,2012,0,0,1
v3_slow_to_anger_and_fast_to_forgive_cooper,ee.12,2017,2018,2,2,1,0,0.5,0.5,0.5,1,2012,2012,0,0,1
v3_slow_to_anger_and_fast_to_forgive_cooper,ee.12,2018,2018,1,1,0,0,,,,0,2012,2012,0,0,3
v3_slow_to_anger_and_fast_to_forgive_cooper,ee.12,2018,2018,1,1,0,0,,,,1,2012,2012,0,0,6
v3_slow_to_anger_and_fast_to_forgive_cooper,ee.12,2018,2018,1,1,1,0,0.375,0,0.75,0,2012,2012,0,0,1
v3_slow_to_anger_and_fast_to_forgive_cooper,ee.12,2018,2018,1,1,1,0,0.875,0.75,1.0,1,2012,2012,0,0,1
v3_slow_to_anger_and_fast_to_forgive_cooper,ee.12,2018,2024,2,2,0,0,,,,1,2012,2012,0,0,1
v3_slow_to_anger_and_fast_to_forgive_cooper,ee.12,2019,2019,1,1,0,0,,,,0,2012,2012,0,0,9
v3_slow_to_anger_and_fast_to_forgive_cooper,ee.12,2019,2019,1,1,0,0,,,,1,2012,2012,0,0,7
v3_slow_to_anger_and_fast_to_forgive_cooper,ee.12,2019,2019,1,1,1,0,0.5,0.5,0.5,1,2012,2012,0,0,3
v3_slow_to_anger_and_fast_to_forgive_cooper,ee.12,2020,2020,1,1,0,0,,,,0,2012,2012,0,0,5
v3_slow_to_anger_and_fast_to_forgive_cooper,ee.12,2020,2020,1,1,0,0,,,,1,2012,2012,0,0,7
v3_slow_to_anger_and_fast_to_forgive_cooper,ee.12,2020,2020,1,1,1,0,0.5,0.5,0.5,0,2012,2012,0,0,1
v3_slow_to_anger_and_fast_to_forgive_cooper,ee.12,2020,2020,1,1,1,0,0.75,0.75,0.75,1,2012,2012,0,0,1
v3_slow_to_anger_and_fast_to_forgive_cooper,ee.12,2020,2020,1,1,1,0,0.875,0.75,1.0,1,2012,2012,0,0,1
v3_slow_to_anger_and_fast_to_forgive_cooper,ee.12,2021,2021,1,1,0,0,,,,0,2012,2012,0,0,4
v3_slow_to_anger_and_fast_to_forgive_cooper,ee.12,2021,2021,1,1,0,0,,,,1,2012,2012,0,0,6
v3_slow_to_anger_and_fast_to_forgive_cooper,ee.12,2021,2021,1,1,1,0,0.25,0.25,0.25,1,2012,2012,0,0,4
v3_slow_to_anger_and_fast_to_forgive_cooper,ee.12,2021,2021,1,1,1,0,0.5,0.25,0.75,0,2012,2012,0,0,1
v3_slow_to_anger_and_fast_to_forgive_cooper,ee.12,2021,2021,1,1,1,0,0.5,0.5,0.5,1,2012,2012,0,0,3
v3_slow_to_anger_and_fast_to_forgive_cooper,ee.12,2021,2021,1,1,1,0,0.625,0.5,0.75,1,2012,2012,0,0,1
v3_slow_to_anger_and_fast_to_forgive_cooper,ee.12,2022,2022,1,1,0,0,,,,0,2012,2012,0,0,5
v3_slow_to_anger_and_fast_to_forgive_cooper,ee.12,2022,2022,1,1,0,0,,,,1,2012,2012,0,0,5
v3_slow_to_anger_and_fast_to_forgive_cooper,ee.12,2022,2022,1,1,1,0,0.375,0.5,0.25,1,2012,2012,0,0,1
v3_slow_to_anger_and_fast_to_forgive_cooper,ee.12,2022,2022,1,1,1,0,0.5,0.5,0.5,0,2012,2012,0,0,1
v3_slow_to_anger_and_fast_to_forgive_cooper,ee.12,2022,2022,1,1,1,0,0.5,0.5,0.5,1,2012,2012,0,0,1
v3_slow_to_anger_and_fast_to_forgive_cooper,ee.12,2022,2022,1,1,1,0,0.625,0.75,0.5,1,2012,2012,0,0,1
v3_slow_to_anger_and_fast_to_forgive_cooper,ee.12,2022,2022,1,1,1,0,0.75,0.75,0.75,1,2012,2012,0,0,1
v3_slow_to_anger_and_fast_to_forgive_cooper,ee.12,2022,2022,1,1,1,0,1.0,1,1.0,1,2012,2012,0,0,1
v3_slow_to_anger_and_fast_to_forgive_cooper,ee.12,2023,2023,1,1,0,0,,,,0,2012,2012,0,0,5
v3_slow_to_anger_and_fast_to_forgive_cooper,ee.12,2023,2023,1,1,0,0,,,,1,2012,2012,0,0,5
v3_slow_to_anger_and_fast_to_forgive_cooper,ee.12,2023,2023,1,1,1,0,0.5,0.5,0.5,1,2012,2012,0,0,2
v3_slow_to_anger_and_fast_to_forgive_cooper,ee.12,2023,2023,1,1,1,0,0.75,0.75,0.75,1,2012,2012,0,0,1
v3_slow_to_anger_and_fast_to_forgive_cooper,ee.12,2024,2024,1,1,0,0,,,,0,2012,2012,0,0,2
v3_slow_to_anger_and_fast_to_forgive_cooper,ee.12,2024,2024,1,1,0,0,,,,1,2012,2012,0,0,7
v3_slow_to_anger_and_fast_to_forgive_cooper,ee.12,2024,2024,1,1,1,0,0.25,0.25,0.25,1,2012,2012,0,0,1
v3_slow_to_anger_and_fast_to_forgive_cooper,ee.12,2024,2024,1,1,1,0,0.375,0.25,0.5,0,2012,2012,0,0,1
v3_slow_to_anger_and_fast_to_forgive_cooper,ee.12,2024,2024,1,1,1,0,0.5,0.5,0.5,1,2012,2012,0,0,1
v3_slow_to_anger_and_fast_to_forgive_cooper,ee.12,2024,2024,1,1,1,0,0.625,0.5,0.75,1,2012,2012,0,0,1
v3_slow_to_anger_and_fast_to_forgive_cooper,ee.12,2024,2024,1,1,1,0,1.0,1,1.0,0,2012,2012,0,0,1
v3_slow_to_anger_and_fast_to_forgive_cooper,ee.12,2025,2025,1,1,0,0,,,,0,2012,2012,0,0,1
v3_slow_to_anger_and_fast_to_forgive_cooper,ee.12,2025,2025,1,1,0,0,,,,1,2012,2012,0,0,1
v3_slow_to_anger_and_fast_to_forgive_cooper,ee.12,2025,2025,1,1,1,0,0.375,0.5,0.25,1,2012,2012,0,0,1
v3_slow_to_anger_and_fast_to_forgive_cooper,ee.12,2025,2025,1,1,1,0,0.5,0.5,0.5,1,2012,2012,0,0,1
v3_slow_to_anger_and_fast_to_forgive_cooper,ee.12,2025,2025,1,1,1,0,0.625,0.5,0.75,1,2012,2012,0,0,1
v3_slow_to_anger_and_fast_to_forgive_cooper,ee.12,2025,2025,1,1,1,0,0.875,0.75,1.0,1,2012,2012,0,0,1
v3_slow_to_anger_and_fast_to_forgive_cooper,ee.12,2026,2026,1,1,0,0,,,,1,2012,2012,0,0,1
v3_slow_to_anger_and_fast_to_forgive_cooper,ee.12,2026,2026,1,1,1,0,0.875,0.75,1.0,1,2012,2012,0,0,1
v3_social_identity_contingencies_how_divers,rpp.97,2019,2019,1,1,0,0,,,,0,2008,2008,0,0,2
v3_social_identity_contingencies_how_divers,rpp.97,2019,2019,1,1,0,0,,,,1,2008,2008,0,0,9
v3_social_identity_contingencies_how_divers,rpp.97,2019,2019,1,1,1,0,0.0,0,0.0,1,2008,2008,0,0,2
v3_social_identity_contingencies_how_divers,rpp.97,2019,2019,1,1,1,0,0.125,0.25,0.0,1,2008,2008,0,0,1
v3_social_identity_contingencies_how_divers,rpp.97,2019,2019,1,1,1,0,0.25,0.25,0.25,0,2008,2008,0,0,1
v3_social_identity_contingencies_how_divers,rpp.97,2019,2019,1,1,1,0,0.25,0.25,0.25,1,2008,2008,0,0,2
v3_social_identity_contingencies_how_divers,rpp.97,2019,2019,1,1,1,0,0.375,0.25,0.5,1,2008,2008,0,0,1
v3_social_identity_contingencies_how_divers,rpp.97,2019,2019,1,1,1,0,0.375,0.5,0.25,0,2008,2008,0,0,1
v3_social_identity_contingencies_how_divers,rpp.97,2019,2019,1,1,1,0,0.625,0.5,0.75,0,2008,2008,0,0,1
v3_social_identity_contingencies_how_divers,rpp.97,2019,2019,1,1,1,0,0.625,0.75,0.5,1,2008,2008,0,0,2
v3_social_identity_contingencies_how_divers,rpp.97,2019,2019,1,1,1,0,0.875,0.75,1.0,1,2008,2008,0,0,1
v3_social_identity_contingencies_how_divers,rpp.97,2020,2020,1,1,0,0,,,,0,2008,2008,0,0,14
v3_social_identity_contingencies_how_divers,rpp.97,2020,2020,1,1,0,0,,,,1,2008,2008,0,0,14
v3_social_identity_contingencies_how_divers,rpp.97,2020,2020,1,1,1,0,0.0,0,0.0,0,2008,2008,0,0,1
v3_social_identity_contingencies_how_divers,rpp.97,2020,2020,1,1,1,0,0.125,0,0.25,1,2008,2008,0,0,2
v3_social_identity_contingencies_how_divers,rpp.97,2020,2020,1,1,1,0,0.125,0.25,0.0,0,2008,2008,0,0,1
v3_social_identity_contingencies_how_divers,rpp.97,2020,2020,1,1,1,0,0.125,0.25,0.0,1,2008,2008,0,0,2
v3_social_identity_contingencies_how_divers,rpp.97,2020,2020,1,1,1,0,0.25,0.25,0.25,0,2008,2008,0,0,2
v3_social_identity_contingencies_how_divers,rpp.97,2020,2020,1,1,1,0,0.25,0.25,0.25,1,2008,2008,0,0,3
v3_social_identity_contingencies_how_divers,rpp.97,2020,2020,1,1,1,0,0.375,0.25,0.5,1,2008,2008,0,0,2
v3_social_identity_contingencies_how_divers,rpp.97,2020,2020,1,1,1,0,0.375,0.5,0.25,1,2008,2008,0,0,2
v3_social_identity_contingencies_how_divers,rpp.97,2020,2020,1,1,1,0,0.5,0.25,0.75,0,2008,2008,0,0,1
v3_social_identity_contingencies_how_divers,rpp.97,2020,2020,1,1,1,0,0.5,0.5,0.5,0,2008,2008,0,0,4
v3_social_identity_contingencies_how_divers,rpp.97,2020,2020,1,1,1,0,0.5,0.5,0.5,1,2008,2008,0,0,7
v3_social_identity_contingencies_how_divers,rpp.97,2020,2020,1,1,1,0,0.625,0.5,0.75,1,2008,2008,0,0,1
v3_social_identity_contingencies_how_divers,rpp.97,2020,2020,1,1,1,0,0.625,0.75,0.5,0,2008,2008,0,0,2
v3_social_identity_contingencies_how_divers,rpp.97,2020,2020,1,1,1,0,0.625,0.75,0.5,1,2008,2008,0,0,4
v3_social_identity_contingencies_how_divers,rpp.97,2020,2020,1,1,1,0,0.75,0.75,0.75,1,2008,2008,0,0,1
v3_social_identity_contingencies_how_divers,rpp.97,2021,2021,1,1,0,0,,,,0,2008,2008,0,0,3
v3_social_identity_contingencies_how_divers,rpp.97,2021,2021,1,1,0,0,,,,1,2008,2008,0,0,11
v3_social_identity_contingencies_how_divers,rpp.97,2021,2021,1,1,1,0,0.125,0,0.25,0,2008,2008,0,0,1
v3_social_identity_contingencies_how_divers,rpp.97,2021,2021,1,1,1,0,0.125,0.25,0.0,1,2008,2008,0,0,1
v3_social_identity_contingencies_how_divers,rpp.97,2021,2021,1,1,1,0,0.25,0.25,0.25,1,2008,2008,0,0,6
v3_social_identity_contingencies_how_divers,rpp.97,2021,2021,1,1,1,0,0.375,0.25,0.5,0,2008,2008,0,0,1
v3_social_identity_contingencies_how_divers,rpp.97,2021,2021,1,1,1,0,0.5,0.5,0.5,1,2008,2008,0,0,5
v3_social_identity_contingencies_how_divers,rpp.97,2021,2021,1,1,1,0,0.625,0.5,0.75,1,2008,2008,0,0,2
v3_social_identity_contingencies_how_divers,rpp.97,2021,2021,1,1,1,0,0.625,0.75,0.5,0,2008,2008,0,0,1
v3_social_identity_contingencies_how_divers,rpp.97,2021,2021,1,1,1,0,0.625,0.75,0.5,1,2008,2008,0,0,5
v3_social_identity_contingencies_how_divers,rpp.97,2021,2021,1,1,1,0,0.75,0.75,0.75,0,2008,2008,0,0,1
v3_social_identity_contingencies_how_divers,rpp.97,2021,2021,1,1,1,0,0.75,0.75,0.75,1,2008,2008,0,0,3
v3_social_identity_contingencies_how_divers,rpp.97,2021,2021,1,1,1,0,0.875,0.75,1.0,1,2008,2008,0,0,4
v3_social_identity_contingencies_how_divers,rpp.97,2022,2022,1,1,0,0,,,,0,2008,2008,0,0,9
v3_social_identity_contingencies_how_divers,rpp.97,2022,2022,1,1,0,0,,,,1,2008,2008,0,0,15
v3_social_identity_contingencies_how_divers,rpp.97,2022,2022,1,1,1,0,0.125,0,0.25,0,2008,2008,0,0,1
v3_social_identity_contingencies_how_divers,rpp.97,2022,2022,1,1,1,0,0.25,0.25,0.25,0,2008,2008,0,0,1
v3_social_identity_contingencies_how_divers,rpp.97,2022,2022,1,1,1,0,0.25,0.25,0.25,1,2008,2008,0,0,5
v3_social_identity_contingencies_how_divers,rpp.97,2022,2022,1,1,1,0,0.375,0.25,0.5,0,2008,2008,0,0,1
v3_social_identity_contingencies_how_divers,rpp.97,2022,2022,1,1,1,0,0.375,0.5,0.25,1,2008,2008,0,0,1
v3_social_identity_contingencies_how_divers,rpp.97,2022,2022,1,1,1,0,0.5,0.25,0.75,1,2008,2008,0,0,1
v3_social_identity_contingencies_how_divers,rpp.97,2022,2022,1,1,1,0,0.5,0.5,0.5,0,2008,2008,0,0,1
v3_social_identity_contingencies_how_divers,rpp.97,2022,2022,1,1,1,0,0.5,0.5,0.5,1,2008,2008,0,0,3
v3_social_identity_contingencies_how_divers,rpp.97,2022,2022,1,1,1,0,0.5,0.75,0.25,0,2008,2008,0,0,1
v3_social_identity_contingencies_how_divers,rpp.97,2022,2022,1,1,1,0,0.625,0.5,0.75,0,2008,2008,0,0,1
v3_social_identity_contingencies_how_divers,rpp.97,2022,2022,1,1,1,0,0.625,0.5,0.75,1,2008,2008,0,0,1
v3_social_identity_contingencies_how_divers,rpp.97,2022,2022,1,1,1,0,0.625,0.75,0.5,0,2008,2008,0,0,1
v3_social_identity_contingencies_how_divers,rpp.97,2022,2022,1,1,1,0,0.625,0.75,0.5,1,2008,2008,0,0,4
v3_social_identity_contingencies_how_divers,rpp.97,2022,2022,1,1,1,0,0.75,0.75,0.75,1,2008,2008,0,0,3
v3_social_identity_contingencies_how_divers,rpp.97,2022,2022,1,1,1,0,0.875,0.75,1.0,0,2008,2008,0,0,1
v3_social_identity_contingencies_how_divers,rpp.97,2022,2022,1,1,1,0,0.875,0.75,1.0,1,2008,2008,0,0,4
v3_social_identity_contingencies_how_divers,rpp.97,2023,2023,1,1,0,0,,,,0,2008,2008,0,0,3
v3_social_identity_contingencies_how_divers,rpp.97,2023,2023,1,1,0,0,,,,1,2008,2008,0,0,12
v3_social_identity_contingencies_how_divers,rpp.97,2023,2023,1,1,1,0,0.125,0,0.25,1,2008,2008,0,0,1
v3_social_identity_contingencies_how_divers,rpp.97,2023,2023,1,1,1,0,0.25,0.25,0.25,0,2008,2008,0,0,1
v3_social_identity_contingencies_how_divers,rpp.97,2023,2023,1,1,1,0,0.25,0.25,0.25,1,2008,2008,0,0,1
v3_social_identity_contingencies_how_divers,rpp.97,2023,2023,1,1,1,0,0.25,0.5,0.0,1,2008,2008,0,0,1
v3_social_identity_contingencies_how_divers,rpp.97,2023,2023,1,1,1,0,0.375,0.25,0.5,0,2008,2008,0,0,1
v3_social_identity_contingencies_how_divers,rpp.97,2023,2023,1,1,1,0,0.375,0.25,0.5,1,2008,2008,0,0,1
v3_social_identity_contingencies_how_divers,rpp.97,2023,2023,1,1,1,0,0.5,0.25,0.75,0,2008,2008,0,0,1
v3_social_identity_contingencies_how_divers,rpp.97,2023,2023,1,1,1,0,0.5,0.5,0.5,0,2008,2008,0,0,1
v3_social_identity_contingencies_how_divers,rpp.97,2023,2023,1,1,1,0,0.5,0.5,0.5,1,2008,2008,0,0,3
v3_social_identity_contingencies_how_divers,rpp.97,2023,2023,1,1,1,0,0.625,0.5,0.75,0,2008,2008,0,0,1
v3_social_identity_contingencies_how_divers,rpp.97,2023,2023,1,1,1,0,0.625,0.75,0.5,0,2008,2008,0,0,3
v3_social_identity_contingencies_how_divers,rpp.97,2023,2023,1,1,1,0,0.625,0.75,0.5,1,2008,2008,0,0,3
v3_social_identity_contingencies_how_divers,rpp.97,2023,2023,1,1,1,0,0.75,0.5,1.0,0,2008,2008,0,0,1
v3_social_identity_contingencies_how_divers,rpp.97,2023,2023,1,1,1,0,0.75,0.75,0.75,1,2008,2008,0,0,2
v3_social_identity_contingencies_how_divers,rpp.97,2023,2023,1,1,1,0,0.875,0.75,1.0,1,2008,2008,0,0,2
v3_social_identity_contingencies_how_divers,rpp.97,2023,2023,1,1,1,0,1.0,1,1.0,1,2008,2008,0,0,1
v3_social_identity_contingencies_how_divers,rpp.97,2024,2024,1,1,0,0,,,,0,2008,2008,0,0,5
v3_social_identity_contingencies_how_divers,rpp.97,2024,2024,1,1,0,0,,,,1,2008,2008,0,0,8
v3_social_identity_contingencies_how_divers,rpp.97,2024,2024,1,1,1,0,0.125,0,0.25,1,2008,2008,0,0,2
v3_social_identity_contingencies_how_divers,rpp.97,2024,2024,1,1,1,0,0.25,0.25,0.25,1,2008,2008,0,0,4
v3_social_identity_contingencies_how_divers,rpp.97,2024,2024,1,1,1,0,0.375,0.25,0.5,0,2008,2008,0,0,1
v3_social_identity_contingencies_how_divers,rpp.97,2024,2024,1,1,1,0,0.375,0.25,0.5,1,2008,2008,0,0,1
v3_social_identity_contingencies_how_divers,rpp.97,2024,2024,1,1,1,0,0.5,0.5,0.5,0,2008,2008,0,0,2
v3_social_identity_contingencies_how_divers,rpp.97,2024,2024,1,1,1,0,0.5,0.5,0.5,1,2008,2008,0,0,1
v3_social_identity_contingencies_how_divers,rpp.97,2024,2024,1,1,1,0,0.5,0.75,0.25,1,2008,2008,0,0,1
v3_social_identity_contingencies_how_divers,rpp.97,2024,2024,1,1,1,0,0.625,0.75,0.5,0,2008,2008,0,0,2
v3_social_identity_contingencies_how_divers,rpp.97,2024,2024,1,1,1,0,0.625,0.75,0.5,1,2008,2008,0,0,1
v3_social_identity_contingencies_how_divers,rpp.97,2024,2024,1,1,1,0,0.75,0.75,0.75,1,2008,2008,0,0,1
v3_social_identity_contingencies_how_divers,rpp.97,2024,2024,1,1,1,0,0.875,0.75,1.0,0,2008,2008,0,0,1
v3_social_identity_contingencies_how_divers,rpp.97,2024,2024,1,1,1,0,0.875,0.75,1.0,1,2008,2008,0,0,1
v3_social_identity_contingencies_how_divers,rpp.97,2024,2024,1,1,1,0,1.0,1,1.0,1,2008,2008,0,0,2
v3_social_identity_contingencies_how_divers,rpp.97,2025,2025,1,1,0,0,,,,0,2008,2008,0,0,6
v3_social_identity_contingencies_how_divers,rpp.97,2025,2025,1,1,0,0,,,,1,2008,2008,0,0,3
v3_social_identity_contingencies_how_divers,rpp.97,2025,2025,1,1,1,0,0.25,0.25,0.25,1,2008,2008,0,0,2
v3_social_identity_contingencies_how_divers,rpp.97,2025,2025,1,1,1,0,0.375,0.25,0.5,0,2008,2008,0,0,1
v3_social_identity_contingencies_how_divers,rpp.97,2025,2025,1,1,1,0,0.375,0.25,0.5,1,2008,2008,0,0,1
v3_social_identity_contingencies_how_divers,rpp.97,2025,2025,1,1,1,0,0.375,0.5,0.25,1,2008,2008,0,0,1
v3_social_identity_contingencies_how_divers,rpp.97,2025,2025,1,1,1,0,0.5,0.25,0.75,1,2008,2008,0,0,1
v3_social_identity_contingencies_how_divers,rpp.97,2025,2025,1,1,1,0,0.5,0.5,0.5,1,2008,2008,0,0,2
v3_social_identity_contingencies_how_divers,rpp.97,2025,2025,1,1,1,0,0.625,0.5,0.75,1,2008,2008,0,0,1
v3_social_identity_contingencies_how_divers,rpp.97,2025,2025,1,1,1,0,0.625,0.75,0.5,1,2008,2008,0,0,2
v3_social_identity_contingencies_how_divers,rpp.97,2025,2025,1,1,1,0,0.875,0.75,1.0,1,2008,2008,0,0,2
v3_social_identity_contingencies_how_divers,rpp.97,2025,2025,1,1,1,0,1.0,1,1.0,1,2008,2008,0,0,1
v3_social_identity_contingencies_how_divers,rpp.97,2026,2026,1,1,0,0,,,,1,2008,2008,0,0,2
v3_social_identity_contingencies_how_divers,rpp.97,2026,2026,1,1,1,0,0.25,0.25,0.25,1,2008,2008,0,0,2
v3_social_identity_contingencies_how_divers,rpp.97,2026,2026,1,1,1,0,0.5,0.5,0.5,1,2008,2008,0,0,1
v3_social_identity_contingencies_how_divers,rpp.97,2026,2026,1,1,1,0,0.625,0.75,0.5,1,2008,2008,0,0,1
v3_social_identity_contingencies_how_divers,rpp.97,2026,2026,1,1,1,0,0.75,0.75,0.75,1,2008,2008,0,0,1
v3_stereotypes_and_retrieval_provoked_illus,rpp.8,2007,2007,1,1,1,0,0.875,1,0.75,1,2008,2008,1,1,1
v3_stereotypes_and_retrieval_provoked_illus,rpp.8,2009,2009,1,1,0,0,,,,1,2008,2008,0,0,1
v3_stereotypes_and_retrieval_provoked_illus,rpp.8,2009,2009,1,1,1,0,0.125,0.25,0.0,1,2008,2008,0,0,1
v3_stereotypes_and_retrieval_provoked_illus,rpp.8,2011,2011,1,1,1,0,0.625,0.5,0.75,1,2008,2008,0,0,1
v3_stereotypes_and_retrieval_provoked_illus,rpp.8,2011,2011,1,1,1,0,0.75,0.75,0.75,1,2008,2008,0,0,1
v3_stereotypes_and_retrieval_provoked_illus,rpp.8,2013,2013,1,1,0,0,,,,0,2008,2008,0,0,1
v3_stereotypes_and_retrieval_provoked_illus,rpp.8,2013,2013,1,1,0,0,,,,1,2008,2008,0,0,1
v3_stereotypes_and_retrieval_provoked_illus,rpp.8,2013,2013,1,1,1,0,0.375,0.25,0.5,0,2008,2008,0,0,1
v3_stereotypes_and_retrieval_provoked_illus,rpp.8,2013,2013,1,1,1,0,0.375,0.25,0.5,1,2008,2008,0,0,1
v3_stereotypes_and_retrieval_provoked_illus,rpp.8,2014,2014,1,1,1,0,0.125,0,0.25,0,2008,2008,0,0,1
v3_stereotypes_and_retrieval_provoked_illus,rpp.8,2014,2014,1,1,1,0,0.375,0.25,0.5,1,2008,2008,0,0,1
v3_stereotypes_and_retrieval_provoked_illus,rpp.8,2014,2014,1,1,1,0,0.5,0.5,0.5,1,2008,2008,0,0,1
v3_stereotypes_and_retrieval_provoked_illus,rpp.8,2014,2014,1,1,1,0,0.875,0.75,1.0,1,2008,2008,0,0,1
v3_stereotypes_and_retrieval_provoked_illus,rpp.8,2017,2017,1,1,0,0,,,,1,2008,2008,0,0,1
v3_stereotypes_and_retrieval_provoked_illus,rpp.8,2017,2017,1,1,1,0,0.25,0.25,0.25,1,2008,2008,0,0,1
v3_stereotypes_and_retrieval_provoked_illus,rpp.8,2017,2017,1,1,1,0,0.5,0.5,0.5,1,2008,2008,0,0,1
v3_stereotypes_and_retrieval_provoked_illus,rpp.8,2017,2018,2,2,0,0,,,,1,2008,2008,0,0,1
v3_stereotypes_and_retrieval_provoked_illus,rpp.8,2019,2019,1,1,0,0,,,,1,2008,2008,0,0,1
v3_stereotypes_and_retrieval_provoked_illus,rpp.8,2024,2024,1,1,1,0,0.5,0.5,0.5,0,2008,2008,0,0,1
v3_stereotypes_and_retrieval_provoked_illus,rpp.8,2025,2025,1,1,0,0,,,,0,2008,2008,0,0,1
v3_terror_management_and_adults_attachment_,rpp.48,2006,2006,1,1,0,0,,,,0,2008,2008,1,1,1
v3_terror_management_and_adults_attachment_,rpp.48,2009,2009,1,1,1,0,0.25,0.25,0.25,1,2008,2008,0,0,1
v3_terror_management_and_adults_attachment_,rpp.48,2009,2009,1,1,1,0,0.5,0.5,0.5,1,2008,2008,0,0,2
v3_terror_management_and_adults_attachment_,rpp.48,2009,2009,1,1,1,0,0.625,0.5,0.75,1,2008,2008,0,0,1
v3_terror_management_and_adults_attachment_,rpp.48,2009,2009,1,1,1,0,0.625,0.75,0.5,1,2008,2008,0,0,1
v3_terror_management_and_adults_attachment_,rpp.48,2010,2010,1,1,1,0,0.125,0.25,0.0,1,2008,2008,0,0,1
v3_terror_management_and_adults_attachment_,rpp.48,2010,2010,1,1,1,0,0.5,0.5,0.5,0,2008,2008,0,0,1
v3_terror_management_and_adults_attachment_,rpp.48,2010,2010,1,1,1,0,0.5,0.5,0.5,1,2008,2008,0,0,1
v3_terror_management_and_adults_attachment_,rpp.48,2010,2010,1,1,1,0,0.625,0.75,0.5,0,2008,2008,0,0,1
v3_terror_management_and_adults_attachment_,rpp.48,2010,2010,1,1,1,0,0.875,0.75,1.0,0,2008,2008,0,0,2
v3_terror_management_and_adults_attachment_,rpp.48,2011,2011,1,1,0,0,,,,1,2008,2008,0,0,2
v3_terror_management_and_adults_attachment_,rpp.48,2011,2011,1,1,1,0,0.0,0,0.0,1,2008,2008,0,0,1
v3_terror_management_and_adults_attachment_,rpp.48,2011,2011,1,1,1,0,0.375,0.5,0.25,0,2008,2008,0,0,1
v3_terror_management_and_adults_attachment_,rpp.48,2012,2012,1,1,0,0,,,,1,2008,2008,0,0,2
v3_terror_management_and_adults_attachment_,rpp.48,2012,2012,1,1,1,0,0.125,0,0.25,1,2008,2008,0,0,1
v3_terror_management_and_adults_attachment_,rpp.48,2012,2012,1,1,1,0,0.25,0.25,0.25,1,2008,2008,0,0,3
v3_terror_management_and_adults_attachment_,rpp.48,2012,2012,1,1,1,0,0.375,0.5,0.25,0,2008,2008,0,0,1
v3_terror_management_and_adults_attachment_,rpp.48,2012,2012,1,1,1,0,0.375,0.5,0.25,1,2008,2008,0,0,2
v3_terror_management_and_adults_attachment_,rpp.48,2012,2012,1,1,1,0,0.5,0.5,0.5,0,2008,2008,0,0,1
v3_terror_management_and_adults_attachment_,rpp.48,2012,2012,1,1,1,0,0.5,0.5,0.5,1,2008,2008,0,0,4
v3_terror_management_and_adults_attachment_,rpp.48,2012,2012,1,1,1,0,0.75,0.75,0.75,0,2008,2008,0,0,1
v3_terror_management_and_adults_attachment_,rpp.48,2012,2012,1,1,1,0,0.875,0.75,1.0,1,2008,2008,0,0,1
v3_terror_management_and_adults_attachment_,rpp.48,2012,2012,1,1,1,0,1.0,1,1.0,0,2008,2008,0,0,1
v3_terror_management_and_adults_attachment_,rpp.48,2013,2013,1,1,0,0,,,,0,2008,2008,0,0,1
v3_terror_management_and_adults_attachment_,rpp.48,2013,2013,1,1,0,0,,,,1,2008,2008,0,0,2
v3_terror_management_and_adults_attachment_,rpp.48,2013,2013,1,1,1,0,0.125,0,0.25,0,2008,2008,0,0,1
v3_terror_management_and_adults_attachment_,rpp.48,2013,2013,1,1,1,0,0.5,0.5,0.5,1,2008,2008,0,0,3
v3_terror_management_and_adults_attachment_,rpp.48,2013,2013,1,1,1,0,0.625,0.5,0.75,1,2008,2008,0,0,1
v3_terror_management_and_adults_attachment_,rpp.48,2013,2013,1,1,1,0,0.75,0.75,0.75,1,2008,2008,0,0,1
v3_terror_management_and_adults_attachment_,rpp.48,2013,2013,1,1,1,0,0.875,0.75,1.0,1,2008,2008,0,0,1
v3_terror_management_and_adults_attachment_,rpp.48,2014,2014,1,1,0,0,,,,0,2008,2008,0,0,1
v3_terror_management_and_adults_attachment_,rpp.48,2014,2014,1,1,0,0,,,,1,2008,2008,0,0,1
v3_terror_management_and_adults_attachment_,rpp.48,2014,2014,1,1,1,0,0.5,0.5,0.5,1,2008,2008,0,0,3
v3_terror_management_and_adults_attachment_,rpp.48,2014,2014,1,1,1,0,0.625,0.5,0.75,1,2008,2008,0,0,1
v3_terror_management_and_adults_attachment_,rpp.48,2014,2014,1,1,1,0,0.625,0.75,0.5,1,2008,2008,0,0,3
v3_terror_management_and_adults_attachment_,rpp.48,2014,2014,1,1,1,0,0.75,0.75,0.75,1,2008,2008,0,0,1
v3_terror_management_and_adults_attachment_,rpp.48,2015,2015,1,1,0,0,,,,0,2008,2008,0,0,1
v3_terror_management_and_adults_attachment_,rpp.48,2015,2015,1,1,0,0,,,,1,2008,2008,0,0,1
v3_terror_management_and_adults_attachment_,rpp.48,2015,2015,1,1,1,0,0.375,0.25,0.5,1,2008,2008,0,0,1
v3_terror_management_and_adults_attachment_,rpp.48,2015,2015,1,1,1,0,0.5,0.5,0.5,1,2008,2008,0,0,2
v3_terror_management_and_adults_attachment_,rpp.48,2015,2015,1,1,1,0,0.625,0.5,0.75,0,2008,2008,0,0,1
v3_terror_management_and_adults_attachment_,rpp.48,2015,2015,1,1,1,0,0.625,0.5,0.75,1,2008,2008,0,0,1
v3_terror_management_and_adults_attachment_,rpp.48,2015,2015,1,1,1,0,0.625,0.75,0.5,1,2008,2008,0,0,1
v3_terror_management_and_adults_attachment_,rpp.48,2015,2015,1,1,1,0,0.75,0.5,1.0,1,2008,2008,0,0,1
v3_terror_management_and_adults_attachment_,rpp.48,2016,2016,1,1,0,0,,,,0,2008,2008,0,0,1
v3_terror_management_and_adults_attachment_,rpp.48,2016,2016,1,1,0,0,,,,1,2008,2008,0,0,4
v3_terror_management_and_adults_attachment_,rpp.48,2016,2016,1,1,1,0,0.0,0,0.0,1,2008,2008,0,0,1
v3_terror_management_and_adults_attachment_,rpp.48,2016,2016,1,1,1,0,0.125,0.25,0.0,1,2008,2008,0,0,1
v3_terror_management_and_adults_attachment_,rpp.48,2016,2016,1,1,1,0,0.25,0.25,0.25,0,2008,2008,0,0,1
v3_terror_management_and_adults_attachment_,rpp.48,2016,2016,1,1,1,0,0.375,0.25,0.5,0,2008,2008,0,0,1
v3_terror_management_and_adults_attachment_,rpp.48,2016,2016,1,1,1,0,0.5,0.25,0.75,1,2008,2008,0,0,1
v3_terror_management_and_adults_attachment_,rpp.48,2016,2016,1,1,1,0,0.5,0.5,0.5,0,2008,2008,0,0,1
v3_terror_management_and_adults_attachment_,rpp.48,2016,2016,1,1,1,0,0.5,0.5,0.5,1,2008,2008,0,0,2
v3_terror_management_and_adults_attachment_,rpp.48,2016,2016,1,1,1,0,0.625,0.5,0.75,1,2008,2008,0,0,2
v3_terror_management_and_adults_attachment_,rpp.48,2016,2016,1,1,1,0,0.75,0.75,0.75,0,2008,2008,0,0,1
v3_terror_management_and_adults_attachment_,rpp.48,2016,2016,1,1,1,0,0.875,1,0.75,1,2008,2008,0,0,1
v3_terror_management_and_adults_attachment_,rpp.48,2017,2017,1,1,1,0,0.125,0.25,0.0,1,2008,2008,0,0,1
v3_terror_management_and_adults_attachment_,rpp.48,2017,2017,1,1,1,0,0.5,0.5,0.5,0,2008,2008,0,0,4
v3_terror_management_and_adults_attachment_,rpp.48,2017,2017,1,1,1,0,0.5,0.5,0.5,1,2008,2008,0,0,2
v3_terror_management_and_adults_attachment_,rpp.48,2017,2017,1,1,1,0,0.875,0.75,1.0,1,2008,2008,0,0,3
v3_terror_management_and_adults_attachment_,rpp.48,2018,2018,1,1,0,0,,,,0,2008,2008,0,0,1
v3_terror_management_and_adults_attachment_,rpp.48,2018,2018,1,1,0,0,,,,1,2008,2008,0,0,1
v3_terror_management_and_adults_attachment_,rpp.48,2018,2018,1,1,1,0,0.0,0,0.0,0,2008,2008,0,0,1
v3_terror_management_and_adults_attachment_,rpp.48,2018,2018,1,1,1,0,0.5,0.5,0.5,0,2008,2008,0,0,1
v3_terror_management_and_adults_attachment_,rpp.48,2018,2018,1,1,1,0,0.5,0.5,0.5,1,2008,2008,0,0,3
v3_terror_management_and_adults_attachment_,rpp.48,2018,2018,1,1,1,0,0.625,0.5,0.75,0,2008,2008,0,0,1
v3_terror_management_and_adults_attachment_,rpp.48,2018,2018,1,1,1,0,0.75,0.75,0.75,0,2008,2008,0,0,2
v3_terror_management_and_adults_attachment_,rpp.48,2018,2018,1,1,1,0,1.0,1,1.0,1,2008,2008,0,0,1
v3_terror_management_and_adults_attachment_,rpp.48,2019,2019,1,1,1,0,0.375,0.5,0.25,1,2008,2008,0,0,1
v3_terror_management_and_adults_attachment_,rpp.48,2019,2019,1,1,1,0,0.5,0.5,0.5,1,2008,2008,0,0,1
v3_terror_management_and_adults_attachment_,rpp.48,2020,2020,1,1,0,0,,,,0,2008,2008,0,0,3
v3_terror_management_and_adults_attachment_,rpp.48,2020,2020,1,1,0,0,,,,1,2008,2008,0,0,1
v3_terror_management_and_adults_attachment_,rpp.48,2020,2020,1,1,1,0,0.125,0,0.25,1,2008,2008,0,0,1
v3_terror_management_and_adults_attachment_,rpp.48,2020,2020,1,1,1,0,0.5,0.5,0.5,1,2008,2008,0,0,2
v3_terror_management_and_adults_attachment_,rpp.48,2020,2020,1,1,1,0,0.625,0.5,0.75,1,2008,2008,0,0,1
v3_terror_management_and_adults_attachment_,rpp.48,2020,2020,1,1,1,0,0.625,0.75,0.5,1,2008,2008,0,0,3
v3_terror_management_and_adults_attachment_,rpp.48,2020,2020,1,1,1,0,0.75,0.5,1.0,1,2008,2008,0,0,1
v3_terror_management_and_adults_attachment_,rpp.48,2020,2020,1,1,1,0,0.875,0.75,1.0,1,2008,2008,0,0,1
v3_terror_management_and_adults_attachment_,rpp.48,2021,2021,1,1,0,0,,,,1,2008,2008,0,0,1
v3_terror_management_and_adults_attachment_,rpp.48,2021,2021,1,1,1,0,0.0,0,0.0,1,2008,2008,0,0,1
v3_terror_management_and_adults_attachment_,rpp.48,2021,2021,1,1,1,0,0.5,0.5,0.5,1,2008,2008,0,0,3
v3_terror_management_and_adults_attachment_,rpp.48,2021,2021,1,1,1,0,0.625,0.75,0.5,0,2008,2008,0,0,2
v3_terror_management_and_adults_attachment_,rpp.48,2021,2021,1,1,1,0,0.75,0.75,0.75,0,2008,2008,0,0,1
v3_terror_management_and_adults_attachment_,rpp.48,2021,2021,1,1,1,0,0.75,0.75,0.75,1,2008,2008,0,0,1
v3_terror_management_and_adults_attachment_,rpp.48,2021,2021,1,1,1,0,0.875,0.75,1.0,1,2008,2008,0,0,1
v3_terror_management_and_adults_attachment_,rpp.48,2022,2022,1,1,1,0,0.5,0.5,0.5,0,2008,2008,0,0,2
v3_terror_management_and_adults_attachment_,rpp.48,2022,2022,1,1,1,0,0.5,0.5,0.5,1,2008,2008,0,0,2
v3_terror_management_and_adults_attachment_,rpp.48,2023,2023,1,1,1,0,0.5,0.5,0.5,1,2008,2008,0,0,1
v3_terror_management_and_adults_attachment_,rpp.48,2023,2023,1,1,1,0,0.625,0.75,0.5,1,2008,2008,0,0,1
v3_terror_management_and_adults_attachment_,rpp.48,2024,2024,1,1,0,0,,,,1,2008,2008,0,0,1
v3_terror_management_and_adults_attachment_,rpp.48,2024,2024,1,1,1,0,0.875,0.75,1.0,1,2008,2008,0,0,1
v3_terror_management_and_adults_attachment_,rpp.48,2025,2025,1,1,0,0,,,,1,2008,2008,0,0,1
v3_terror_management_and_adults_attachment_,rpp.48,2025,2025,1,1,1,0,0.25,0.25,0.25,1,2008,2008,0,0,1
v3_terror_management_and_adults_attachment_,rpp.48,2025,2025,1,1,1,0,0.5,0.5,0.5,1,2008,2008,0,0,2
v3_terror_management_and_adults_attachment_,rpp.48,2025,2025,1,1,1,0,0.625,0.75,0.5,1,2008,2008,0,0,1
v3_thar_she_bursts_reducing_confusion_reduc,ee.16,2011,2011,1,1,0,0,,,,0,2012,2012,1,1,1
v3_thar_she_bursts_reducing_confusion_reduc,ee.16,2011,2011,1,1,0,0,,,,1,2012,2012,1,1,2
v3_thar_she_bursts_reducing_confusion_reduc,ee.16,2011,2011,1,1,1,0,0.5,0.5,0.5,1,2012,2012,1,1,1
v3_thar_she_bursts_reducing_confusion_reduc,ee.16,2012,2012,1,1,0,0,,,,0,2012,2012,0,0,1
v3_thar_she_bursts_reducing_confusion_reduc,ee.16,2012,2012,1,1,1,0,0.5,0,1.0,1,2012,2012,0,0,1
v3_thar_she_bursts_reducing_confusion_reduc,ee.16,2012,2012,1,1,1,0,0.5,0.5,0.5,0,2012,2012,0,0,1
v3_thar_she_bursts_reducing_confusion_reduc,ee.16,2012,2012,1,1,1,0,0.5,0.5,0.5,1,2012,2012,0,0,2
v3_thar_she_bursts_reducing_confusion_reduc,ee.16,2012,2012,1,1,1,0,0.625,0.5,0.75,1,2012,2012,0,0,1
v3_thar_she_bursts_reducing_confusion_reduc,ee.16,2012,2012,1,1,1,0,0.75,0.75,0.75,1,2012,2012,0,0,1
v3_thar_she_bursts_reducing_confusion_reduc,ee.16,2012,2012,1,1,1,0,0.875,1,0.75,1,2012,2012,0,0,1
v3_thar_she_bursts_reducing_confusion_reduc,ee.16,2013,2013,1,1,0,0,,,,0,2012,2012,0,0,4
v3_thar_she_bursts_reducing_confusion_reduc,ee.16,2013,2013,1,1,0,0,,,,1,2012,2012,0,0,6
v3_thar_she_bursts_reducing_confusion_reduc,ee.16,2013,2013,1,1,1,0,0.0,0,0.0,1,2012,2012,0,0,1
v3_thar_she_bursts_reducing_confusion_reduc,ee.16,2013,2013,1,1,1,0,0.125,0,0.25,1,2012,2012,0,0,1
v3_thar_she_bursts_reducing_confusion_reduc,ee.16,2013,2013,1,1,1,0,0.25,0.25,0.25,1,2012,2012,0,0,1
v3_thar_she_bursts_reducing_confusion_reduc,ee.16,2013,2013,1,1,1,0,0.375,0.5,0.25,1,2012,2012,0,0,1
v3_thar_she_bursts_reducing_confusion_reduc,ee.16,2013,2013,1,1,1,0,0.5,0.5,0.5,0,2012,2012,0,0,2
v3_thar_she_bursts_reducing_confusion_reduc,ee.16,2013,2013,1,1,1,0,0.625,0.5,0.75,0,2012,2012,0,0,2
v3_thar_she_bursts_reducing_confusion_reduc,ee.16,2013,2013,1,1,1,0,0.75,0.75,0.75,0,2012,2012,0,0,1
v3_thar_she_bursts_reducing_confusion_reduc,ee.16,2014,2014,1,1,0,0,,,,0,2012,2012,0,0,9
v3_thar_she_bursts_reducing_confusion_reduc,ee.16,2014,2014,1,1,0,0,,,,1,2012,2012,0,0,19
v3_thar_she_bursts_reducing_confusion_reduc,ee.16,2014,2014,1,1,1,0,0.125,0,0.25,1,2012,2012,0,0,1
v3_thar_she_bursts_reducing_confusion_reduc,ee.16,2014,2014,1,1,1,0,0.125,0.25,0.0,1,2012,2012,0,0,1
v3_thar_she_bursts_reducing_confusion_reduc,ee.16,2014,2014,1,1,1,0,0.25,0.25,0.25,1,2012,2012,0,0,5
v3_thar_she_bursts_reducing_confusion_reduc,ee.16,2014,2014,1,1,1,0,0.375,0.5,0.25,1,2012,2012,0,0,2
v3_thar_she_bursts_reducing_confusion_reduc,ee.16,2014,2014,1,1,1,0,0.5,0.25,0.75,1,2012,2012,0,0,1
v3_thar_she_bursts_reducing_confusion_reduc,ee.16,2014,2014,1,1,1,0,0.5,0.5,0.5,0,2012,2012,0,0,2
v3_thar_she_bursts_reducing_confusion_reduc,ee.16,2014,2014,1,1,1,0,0.5,0.5,0.5,1,2012,2012,0,0,9
v3_thar_she_bursts_reducing_confusion_reduc,ee.16,2014,2014,1,1,1,0,0.625,0.5,0.75,0,2012,2012,0,0,1
v3_thar_she_bursts_reducing_confusion_reduc,ee.16,2014,2014,1,1,1,0,0.625,0.5,0.75,1,2012,2012,0,0,2
v3_thar_she_bursts_reducing_confusion_reduc,ee.16,2014,2014,1,1,1,0,0.75,0.75,0.75,1,2012,2012,0,0,3
v3_thar_she_bursts_reducing_confusion_reduc,ee.16,2014,2014,1,1,1,0,1.0,1,1.0,0,2012,2012,0,0,1
v3_thar_she_bursts_reducing_confusion_reduc,ee.16,2014,2014,1,1,1,0,1.0,1,1.0,1,2012,2012,0,0,1
v3_thar_she_bursts_reducing_confusion_reduc,ee.16,2014,2015,2,2,1,0,0.25,0.25,0.25,1,2012,2012,0,0,1
v3_thar_she_bursts_reducing_confusion_reduc,ee.16,2015,2015,1,1,0,0,,,,0,2012,2012,0,0,6
v3_thar_she_bursts_reducing_confusion_reduc,ee.16,2015,2015,1,1,0,0,,,,1,2012,2012,0,0,16
v3_thar_she_bursts_reducing_confusion_reduc,ee.16,2015,2015,1,1,1,0,0.25,0.25,0.25,1,2012,2012,0,0,2
v3_thar_she_bursts_reducing_confusion_reduc,ee.16,2015,2015,1,1,1,0,0.375,0.25,0.5,0,2012,2012,0,0,1
v3_thar_she_bursts_reducing_confusion_reduc,ee.16,2015,2015,1,1,1,0,0.375,0.25,0.5,1,2012,2012,0,0,1
v3_thar_she_bursts_reducing_confusion_reduc,ee.16,2015,2015,1,1,1,0,0.5,0.5,0.5,1,2012,2012,0,0,6
v3_thar_she_bursts_reducing_confusion_reduc,ee.16,2015,2015,1,1,1,0,0.625,0.5,0.75,1,2012,2012,0,0,1
v3_thar_she_bursts_reducing_confusion_reduc,ee.16,2015,2015,1,1,1,0,0.75,0.75,0.75,1,2012,2012,0,0,2
v3_thar_she_bursts_reducing_confusion_reduc,ee.16,2015,2016,2,2,0,0,,,,1,2012,2012,0,0,1
v3_thar_she_bursts_reducing_confusion_reduc,ee.16,2015,2016,2,2,1,0,0.5,0.5,0.5,1,2012,2012,0,0,1
v3_thar_she_bursts_reducing_confusion_reduc,ee.16,2015,2016,2,2,1,0,1.0,1,1.0,1,2012,2012,0,0,1
v3_thar_she_bursts_reducing_confusion_reduc,ee.16,2015,2020,3,3,0,0,,,,1,2012,2012,0,0,1
v3_thar_she_bursts_reducing_confusion_reduc,ee.16,2016,2016,1,1,0,0,,,,0,2012,2012,0,0,3
v3_thar_she_bursts_reducing_confusion_reduc,ee.16,2016,2016,1,1,0,0,,,,1,2012,2012,0,0,5
v3_thar_she_bursts_reducing_confusion_reduc,ee.16,2016,2016,1,1,1,0,0.25,0.25,0.25,0,2012,2012,0,0,1
v3_thar_she_bursts_reducing_confusion_reduc,ee.16,2016,2016,1,1,1,0,0.375,0.5,0.25,1,2012,2012,0,0,1
v3_thar_she_bursts_reducing_confusion_reduc,ee.16,2016,2016,1,1,1,0,0.5,0.5,0.5,0,2012,2012,0,0,1
v3_thar_she_bursts_reducing_confusion_reduc,ee.16,2016,2016,1,1,1,0,0.625,1,0.25,1,2012,2012,0,0,1
v3_thar_she_bursts_reducing_confusion_reduc,ee.16,2016,2016,1,1,1,0,0.75,0.75,0.75,0,2012,2012,0,0,1
v3_thar_she_bursts_reducing_confusion_reduc,ee.16,2016,2019,2,2,1,0,0.75,0.75,0.75,1,2012,2012,0,0,1
v3_thar_she_bursts_reducing_confusion_reduc,ee.16,2017,2017,1,1,0,0,,,,0,2012,2012,0,0,9
v3_thar_she_bursts_reducing_confusion_reduc,ee.16,2017,2017,1,1,0,0,,,,1,2012,2012,0,0,9
v3_thar_she_bursts_reducing_confusion_reduc,ee.16,2017,2017,1,1,1,0,0.0,0,0.0,1,2012,2012,0,0,1
v3_thar_she_bursts_reducing_confusion_reduc,ee.16,2017,2017,1,1,1,0,0.25,0.25,0.25,0,2012,2012,0,0,1
v3_thar_she_bursts_reducing_confusion_reduc,ee.16,2017,2017,1,1,1,0,0.25,0.25,0.25,1,2012,2012,0,0,2
v3_thar_she_bursts_reducing_confusion_reduc,ee.16,2017,2017,1,1,1,0,0.375,0.25,0.5,1,2012,2012,0,0,1
v3_thar_she_bursts_reducing_confusion_reduc,ee.16,2017,2017,1,1,1,0,0.5,0.5,0.5,0,2012,2012,0,0,1
v3_thar_she_bursts_reducing_confusion_reduc,ee.16,2017,2017,1,1,1,0,0.5,0.5,0.5,1,2012,2012,0,0,7
v3_thar_she_bursts_reducing_confusion_reduc,ee.16,2017,2017,1,1,1,0,0.625,0.5,0.75,1,2012,2012,0,0,4
v3_thar_she_bursts_reducing_confusion_reduc,ee.16,2017,2017,1,1,1,0,0.625,0.75,0.5,0,2012,2012,0,0,1
v3_thar_she_bursts_reducing_confusion_reduc,ee.16,2017,2017,1,1,1,0,0.75,0.75,0.75,0,2012,2012,0,0,1
v3_thar_she_bursts_reducing_confusion_reduc,ee.16,2017,2017,1,1,1,0,0.75,0.75,0.75,1,2012,2012,0,0,2
v3_thar_she_bursts_reducing_confusion_reduc,ee.16,2017,2017,1,1,1,0,0.875,0.75,1.0,0,2012,2012,0,0,1
v3_thar_she_bursts_reducing_confusion_reduc,ee.16,2018,2018,1,1,0,0,,,,0,2012,2012,0,0,7
v3_thar_she_bursts_reducing_confusion_reduc,ee.16,2018,2018,1,1,0,0,,,,1,2012,2012,0,0,10
v3_thar_she_bursts_reducing_confusion_reduc,ee.16,2018,2018,1,1,1,0,0.25,0.25,0.25,0,2012,2012,0,0,1
v3_thar_she_bursts_reducing_confusion_reduc,ee.16,2018,2018,1,1,1,0,0.25,0.25,0.25,1,2012,2012,0,0,1
v3_thar_she_bursts_reducing_confusion_reduc,ee.16,2018,2018,1,1,1,0,0.375,0.25,0.5,1,2012,2012,0,0,1
v3_thar_she_bursts_reducing_confusion_reduc,ee.16,2018,2018,1,1,1,0,0.5,0.5,0.5,0,2012,2012,0,0,1
v3_thar_she_bursts_reducing_confusion_reduc,ee.16,2018,2018,1,1,1,0,0.5,0.5,0.5,1,2012,2012,0,0,2
v3_thar_she_bursts_reducing_confusion_reduc,ee.16,2018,2018,1,1,1,0,0.75,0.75,0.75,1,2012,2012,0,0,2
v3_thar_she_bursts_reducing_confusion_reduc,ee.16,2018,2018,1,1,1,0,0.875,0.75,1.0,1,2012,2012,0,0,1
v3_thar_she_bursts_reducing_confusion_reduc,ee.16,2018,2018,1,1,1,0,1.0,1,1.0,1,2012,2012,0,0,1
v3_thar_she_bursts_reducing_confusion_reduc,ee.16,2018,2020,2,2,0,0,,,,1,2012,2012,0,0,1
v3_thar_she_bursts_reducing_confusion_reduc,ee.16,2019,2019,1,1,0,0,,,,0,2012,2012,0,0,1
v3_thar_she_bursts_reducing_confusion_reduc,ee.16,2019,2019,1,1,0,0,,,,1,2012,2012,0,0,11
v3_thar_she_bursts_reducing_confusion_reduc,ee.16,2019,2019,1,1,1,0,0.5,0.5,0.5,0,2012,2012,0,0,1
v3_thar_she_bursts_reducing_confusion_reduc,ee.16,2019,2019,1,1,1,0,0.5,0.5,0.5,1,2012,2012,0,0,2
v3_thar_she_bursts_reducing_confusion_reduc,ee.16,2019,2019,1,1,1,0,0.625,0.5,0.75,0,2012,2012,0,0,1
v3_thar_she_bursts_reducing_confusion_reduc,ee.16,2019,2019,1,1,1,0,0.625,0.5,0.75,1,2012,2012,0,0,3
v3_thar_she_bursts_reducing_confusion_reduc,ee.16,2019,2019,1,1,1,0,0.75,0.75,0.75,0,2012,2012,0,0,1
v3_thar_she_bursts_reducing_confusion_reduc,ee.16,2020,2020,1,1,0,0,,,,0,2012,2012,0,0,3
v3_thar_she_bursts_reducing_confusion_reduc,ee.16,2020,2020,1,1,0,0,,,,1,2012,2012,0,0,3
v3_thar_she_bursts_reducing_confusion_reduc,ee.16,2020,2020,1,1,1,0,0.25,0.25,0.25,1,2012,2012,0,0,1
v3_thar_she_bursts_reducing_confusion_reduc,ee.16,2020,2020,1,1,1,0,0.375,0.5,0.25,1,2012,2012,0,0,1
v3_thar_she_bursts_reducing_confusion_reduc,ee.16,2020,2020,1,1,1,0,0.625,0.5,0.75,1,2012,2012,0,0,2
v3_thar_she_bursts_reducing_confusion_reduc,ee.16,2020,2020,1,1,1,0,0.625,0.75,0.5,1,2012,2012,0,0,1
v3_thar_she_bursts_reducing_confusion_reduc,ee.16,2020,2020,1,1,1,0,0.75,0.75,0.75,1,2012,2012,0,0,1
v3_thar_she_bursts_reducing_confusion_reduc,ee.16,2021,2021,1,1,0,0,,,,0,2012,2012,0,0,1
v3_thar_she_bursts_reducing_confusion_reduc,ee.16,2021,2021,1,1,0,0,,,,1,2012,2012,0,0,4
v3_thar_she_bursts_reducing_confusion_reduc,ee.16,2021,2021,1,1,1,0,0.125,0,0.25,1,2012,2012,0,0,1
v3_thar_she_bursts_reducing_confusion_reduc,ee.16,2021,2021,1,1,1,0,0.5,0.5,0.5,1,2012,2012,0,0,1
v3_thar_she_bursts_reducing_confusion_reduc,ee.16,2021,2021,1,1,1,0,0.625,0.75,0.5,1,2012,2012,0,0,1
v3_thar_she_bursts_reducing_confusion_reduc,ee.16,2022,2022,1,1,0,0,,,,1,2012,2012,0,0,6
v3_thar_she_bursts_reducing_confusion_reduc,ee.16,2022,2022,1,1,1,0,0.375,0.25,0.5,1,2012,2012,0,0,2
v3_thar_she_bursts_reducing_confusion_reduc,ee.16,2022,2022,1,1,1,0,0.5,0.5,0.5,0,2012,2012,0,0,1
v3_thar_she_bursts_reducing_confusion_reduc,ee.16,2022,2022,1,1,1,0,0.5,0.5,0.5,1,2012,2012,0,0,1
v3_thar_she_bursts_reducing_confusion_reduc,ee.16,2022,2022,1,1,1,0,0.625,0.5,0.75,1,2012,2012,0,0,2
v3_thar_she_bursts_reducing_confusion_reduc,ee.16,2022,2022,1,1,1,0,0.75,0.75,0.75,1,2012,2012,0,0,2
v3_thar_she_bursts_reducing_confusion_reduc,ee.16,2022,2022,1,1,1,0,0.875,0.75,1.0,0,2012,2012,0,0,1
v3_thar_she_bursts_reducing_confusion_reduc,ee.16,2023,2023,1,1,0,0,,,,1,2012,2012,0,0,1
v3_thar_she_bursts_reducing_confusion_reduc,ee.16,2023,2023,1,1,1,0,0.375,0.25,0.5,0,2012,2012,0,0,1
v3_thar_she_bursts_reducing_confusion_reduc,ee.16,2023,2023,1,1,1,0,0.5,0.5,0.5,1,2012,2012,0,0,1
v3_thar_she_bursts_reducing_confusion_reduc,ee.16,2024,2024,1,1,0,0,,,,0,2012,2012,0,0,1
v3_thar_she_bursts_reducing_confusion_reduc,ee.16,2024,2024,1,1,0,0,,,,1,2012,2012,0,0,2
v3_thar_she_bursts_reducing_confusion_reduc,ee.16,2024,2024,1,1,1,0,0.5,0.75,0.25,0,2012,2012,0,0,1
v3_thar_she_bursts_reducing_confusion_reduc,ee.16,2025,2025,1,1,1,0,0.5,0.5,0.5,1,2012,2012,0,0,1
v3_thar_she_bursts_reducing_confusion_reduc,ee.16,2026,2026,1,1,1,0,0.5,0.5,0.5,1,2012,2012,0,0,1
v3_the_developmental_psychometrics_of_big_f,rpp.46,2015,2015,1,1,0,0,,,,1,2008,2008,0,0,1
v3_the_developmental_psychometrics_of_big_f,rpp.46,2015,2015,1,1,1,0,0.5,0.5,0.5,1,2008,2008,0,0,2
v3_the_developmental_psychometrics_of_big_f,rpp.46,2016,2016,1,1,0,0,,,,0,2008,2008,0,0,6
v3_the_developmental_psychometrics_of_big_f,rpp.46,2016,2016,1,1,0,0,,,,1,2008,2008,0,0,9
v3_the_developmental_psychometrics_of_big_f,rpp.46,2016,2016,1,1,1,0,0.125,0,0.25,1,2008,2008,0,0,1
v3_the_developmental_psychometrics_of_big_f,rpp.46,2016,2016,1,1,1,0,0.125,0.25,0.0,0,2008,2008,0,0,1
v3_the_developmental_psychometrics_of_big_f,rpp.46,2016,2016,1,1,1,0,0.25,0.25,0.25,1,2008,2008,0,0,2
v3_the_developmental_psychometrics_of_big_f,rpp.46,2016,2016,1,1,1,0,0.375,0.25,0.5,1,2008,2008,0,0,1
v3_the_developmental_psychometrics_of_big_f,rpp.46,2016,2016,1,1,1,0,0.375,0.5,0.25,1,2008,2008,0,0,1
v3_the_developmental_psychometrics_of_big_f,rpp.46,2016,2016,1,1,1,0,0.5,0.5,0.5,0,2008,2008,0,0,1
v3_the_developmental_psychometrics_of_big_f,rpp.46,2016,2016,1,1,1,0,0.5,0.5,0.5,1,2008,2008,0,0,7
v3_the_developmental_psychometrics_of_big_f,rpp.46,2016,2016,1,1,1,0,0.625,0.75,0.5,0,2008,2008,0,0,1
v3_the_developmental_psychometrics_of_big_f,rpp.46,2016,2016,1,1,1,0,0.625,0.75,0.5,1,2008,2008,0,0,4
v3_the_developmental_psychometrics_of_big_f,rpp.46,2016,2016,1,1,1,0,0.75,0.75,0.75,0,2008,2008,0,0,1
v3_the_developmental_psychometrics_of_big_f,rpp.46,2016,2016,1,1,1,0,0.75,0.75,0.75,1,2008,2008,0,0,3
v3_the_developmental_psychometrics_of_big_f,rpp.46,2017,2017,1,1,0,0,,,,0,2008,2008,0,0,4
v3_the_developmental_psychometrics_of_big_f,rpp.46,2017,2017,1,1,0,0,,,,1,2008,2008,0,0,6
v3_the_developmental_psychometrics_of_big_f,rpp.46,2017,2017,1,1,1,0,0.125,0,0.25,0,2008,2008,0,0,1
v3_the_developmental_psychometrics_of_big_f,rpp.46,2017,2017,1,1,1,0,0.25,0.25,0.25,0,2008,2008,0,0,1
v3_the_developmental_psychometrics_of_big_f,rpp.46,2017,2017,1,1,1,0,0.25,0.25,0.25,1,2008,2008,0,0,1
v3_the_developmental_psychometrics_of_big_f,rpp.46,2017,2017,1,1,1,0,0.375,0.25,0.5,1,2008,2008,0,0,1
v3_the_developmental_psychometrics_of_big_f,rpp.46,2017,2017,1,1,1,0,0.5,0.5,0.5,1,2008,2008,0,0,2
v3_the_developmental_psychometrics_of_big_f,rpp.46,2017,2017,1,1,1,0,0.625,0.75,0.5,1,2008,2008,0,0,1
v3_the_developmental_psychometrics_of_big_f,rpp.46,2017,2017,1,1,1,0,0.75,0.75,0.75,1,2008,2008,0,0,1
v3_the_developmental_psychometrics_of_big_f,rpp.46,2018,2018,1,1,0,0,,,,0,2008,2008,0,0,1
v3_the_developmental_psychometrics_of_big_f,rpp.46,2018,2018,1,1,0,0,,,,1,2008,2008,0,0,5
v3_the_developmental_psychometrics_of_big_f,rpp.46,2018,2018,1,1,1,0,0.0,0,0.0,1,2008,2008,0,0,1
v3_the_developmental_psychometrics_of_big_f,rpp.46,2018,2018,1,1,1,0,0.125,0,0.25,1,2008,2008,0,0,2
v3_the_developmental_psychometrics_of_big_f,rpp.46,2018,2018,1,1,1,0,0.375,0.25,0.5,1,2008,2008,0,0,2
v3_the_developmental_psychometrics_of_big_f,rpp.46,2018,2018,1,1,1,0,0.5,0.5,0.5,0,2008,2008,0,0,1
v3_the_developmental_psychometrics_of_big_f,rpp.46,2018,2018,1,1,1,0,0.625,0.5,0.75,1,2008,2008,0,0,2
v3_the_developmental_psychometrics_of_big_f,rpp.46,2018,2018,1,1,1,0,0.75,0.75,0.75,0,2008,2008,0,0,1
v3_the_developmental_psychometrics_of_big_f,rpp.46,2018,2018,1,1,1,0,0.75,0.75,0.75,1,2008,2008,0,0,1
v3_the_developmental_psychometrics_of_big_f,rpp.46,2018,2018,1,1,1,0,0.875,0.75,1.0,1,2008,2008,0,0,1
v3_the_developmental_psychometrics_of_big_f,rpp.46,2019,2019,1,1,0,0,,,,0,2008,2008,0,0,5
v3_the_developmental_psychometrics_of_big_f,rpp.46,2019,2019,1,1,0,0,,,,1,2008,2008,0,0,10
v3_the_developmental_psychometrics_of_big_f,rpp.46,2019,2019,1,1,1,0,0.25,0.25,0.25,0,2008,2008,0,0,1
v3_the_developmental_psychometrics_of_big_f,rpp.46,2019,2019,1,1,1,0,0.25,0.25,0.25,1,2008,2008,0,0,2
v3_the_developmental_psychometrics_of_big_f,rpp.46,2019,2019,1,1,1,0,0.5,0.5,0.5,1,2008,2008,0,0,1
v3_the_developmental_psychometrics_of_big_f,rpp.46,2019,2019,1,1,1,0,0.625,0.5,0.75,0,2008,2008,0,0,1
v3_the_developmental_psychometrics_of_big_f,rpp.46,2019,2019,1,1,1,0,0.625,0.5,0.75,1,2008,2008,0,0,1
v3_the_developmental_psychometrics_of_big_f,rpp.46,2019,2019,1,1,1,0,0.625,0.75,0.5,1,2008,2008,0,0,1
v3_the_developmental_psychometrics_of_big_f,rpp.46,2019,2019,1,1,1,0,0.75,0.75,0.75,1,2008,2008,0,0,1
v3_the_developmental_psychometrics_of_big_f,rpp.46,2020,2020,1,1,0,0,,,,0,2008,2008,0,0,6
v3_the_developmental_psychometrics_of_big_f,rpp.46,2020,2020,1,1,0,0,,,,1,2008,2008,0,0,7
v3_the_developmental_psychometrics_of_big_f,rpp.46,2020,2020,1,1,1,0,0.125,0.25,0.0,1,2008,2008,0,0,1
v3_the_developmental_psychometrics_of_big_f,rpp.46,2020,2020,1,1,1,0,0.25,0.25,0.25,1,2008,2008,0,0,1
v3_the_developmental_psychometrics_of_big_f,rpp.46,2020,2020,1,1,1,0,0.375,0.5,0.25,1,2008,2008,0,0,1
v3_the_developmental_psychometrics_of_big_f,rpp.46,2020,2020,1,1,1,0,0.5,0.5,0.5,1,2008,2008,0,0,1
v3_the_developmental_psychometrics_of_big_f,rpp.46,2020,2020,1,1,1,0,0.625,0.5,0.75,0,2008,2008,0,0,1
v3_the_developmental_psychometrics_of_big_f,rpp.46,2020,2020,1,1,1,0,0.625,0.75,0.5,1,2008,2008,0,0,1
v3_the_developmental_psychometrics_of_big_f,rpp.46,2020,2020,1,1,1,0,0.75,0.5,1.0,1,2008,2008,0,0,1
v3_the_developmental_psychometrics_of_big_f,rpp.46,2020,2020,1,1,1,0,0.75,0.75,0.75,1,2008,2008,0,0,2
v3_the_developmental_psychometrics_of_big_f,rpp.46,2021,2021,1,1,0,0,,,,0,2008,2008,0,0,2
v3_the_developmental_psychometrics_of_big_f,rpp.46,2021,2021,1,1,0,0,,,,1,2008,2008,0,0,6
v3_the_developmental_psychometrics_of_big_f,rpp.46,2021,2021,1,1,1,0,0.0,0,0.0,0,2008,2008,0,0,1
v3_the_developmental_psychometrics_of_big_f,rpp.46,2021,2021,1,1,1,0,0.0,0,0.0,1,2008,2008,0,0,1
v3_the_developmental_psychometrics_of_big_f,rpp.46,2021,2021,1,1,1,0,0.125,0,0.25,1,2008,2008,0,0,1
v3_the_developmental_psychometrics_of_big_f,rpp.46,2021,2021,1,1,1,0,0.125,0.25,0.0,0,2008,2008,0,0,1
v3_the_developmental_psychometrics_of_big_f,rpp.46,2021,2021,1,1,1,0,0.125,0.25,0.0,1,2008,2008,0,0,1
v3_the_developmental_psychometrics_of_big_f,rpp.46,2021,2021,1,1,1,0,0.25,0.25,0.25,1,2008,2008,0,0,2
v3_the_developmental_psychometrics_of_big_f,rpp.46,2021,2021,1,1,1,0,0.375,0.25,0.5,1,2008,2008,0,0,1
v3_the_developmental_psychometrics_of_big_f,rpp.46,2021,2021,1,1,1,0,0.5,0.5,0.5,0,2008,2008,0,0,1
v3_the_developmental_psychometrics_of_big_f,rpp.46,2021,2021,1,1,1,0,0.5,0.5,0.5,1,2008,2008,0,0,1
v3_the_developmental_psychometrics_of_big_f,rpp.46,2021,2021,1,1,1,0,0.625,0.75,0.5,1,2008,2008,0,0,3
v3_the_developmental_psychometrics_of_big_f,rpp.46,2021,2021,1,1,1,0,0.75,0.75,0.75,1,2008,2008,0,0,1
v3_the_developmental_psychometrics_of_big_f,rpp.46,2022,2022,1,1,0,0,,,,0,2008,2008,0,0,8
v3_the_developmental_psychometrics_of_big_f,rpp.46,2022,2022,1,1,0,0,,,,1,2008,2008,0,0,11
v3_the_developmental_psychometrics_of_big_f,rpp.46,2022,2022,1,1,1,0,0.125,0.25,0.0,0,2008,2008,0,0,1
v3_the_developmental_psychometrics_of_big_f,rpp.46,2022,2022,1,1,1,0,0.25,0.25,0.25,1,2008,2008,0,0,2
v3_the_developmental_psychometrics_of_big_f,rpp.46,2022,2022,1,1,1,0,0.375,0.25,0.5,1,2008,2008,0,0,1
v3_the_developmental_psychometrics_of_big_f,rpp.46,2022,2022,1,1,1,0,0.5,0.25,0.75,1,2008,2008,0,0,1
v3_the_developmental_psychometrics_of_big_f,rpp.46,2022,2022,1,1,1,0,0.5,0.5,0.5,0,2008,2008,0,0,1
v3_the_developmental_psychometrics_of_big_f,rpp.46,2022,2022,1,1,1,0,0.5,0.5,0.5,1,2008,2008,0,0,3
v3_the_developmental_psychometrics_of_big_f,rpp.46,2022,2022,1,1,1,0,0.625,0.5,0.75,1,2008,2008,0,0,3
v3_the_developmental_psychometrics_of_big_f,rpp.46,2022,2022,1,1,1,0,0.625,0.75,0.5,1,2008,2008,0,0,3
v3_the_developmental_psychometrics_of_big_f,rpp.46,2023,2023,1,1,0,0,,,,0,2008,2008,0,0,3
v3_the_developmental_psychometrics_of_big_f,rpp.46,2023,2023,1,1,0,0,,,,1,2008,2008,0,0,6
v3_the_developmental_psychometrics_of_big_f,rpp.46,2023,2023,1,1,1,0,0.0,0,0.0,1,2008,2008,0,0,1
v3_the_developmental_psychometrics_of_big_f,rpp.46,2023,2023,1,1,1,0,0.125,0,0.25,1,2008,2008,0,0,2
v3_the_developmental_psychometrics_of_big_f,rpp.46,2023,2023,1,1,1,0,0.25,0.25,0.25,0,2008,2008,0,0,1
v3_the_developmental_psychometrics_of_big_f,rpp.46,2023,2023,1,1,1,0,0.25,0.25,0.25,1,2008,2008,0,0,3
v3_the_developmental_psychometrics_of_big_f,rpp.46,2023,2023,1,1,1,0,0.375,0.25,0.5,1,2008,2008,0,0,2
v3_the_developmental_psychometrics_of_big_f,rpp.46,2023,2023,1,1,1,0,0.5,0.25,0.75,0,2008,2008,0,0,1
v3_the_developmental_psychometrics_of_big_f,rpp.46,2023,2023,1,1,1,0,0.5,0.5,0.5,1,2008,2008,0,0,4
v3_the_developmental_psychometrics_of_big_f,rpp.46,2023,2023,1,1,1,0,0.625,0.5,0.75,1,2008,2008,0,0,2
v3_the_developmental_psychometrics_of_big_f,rpp.46,2023,2023,1,1,1,0,0.75,0.75,0.75,0,2008,2008,0,0,1
v3_the_developmental_psychometrics_of_big_f,rpp.46,2023,2023,1,1,1,0,0.75,0.75,0.75,1,2008,2008,0,0,2
v3_the_developmental_psychometrics_of_big_f,rpp.46,2023,2023,1,1,1,0,0.875,0.75,1.0,1,2008,2008,0,0,1
v3_the_developmental_psychometrics_of_big_f,rpp.46,2024,2024,1,1,0,0,,,,0,2008,2008,0,0,1
v3_the_developmental_psychometrics_of_big_f,rpp.46,2024,2024,1,1,0,0,,,,1,2008,2008,0,0,12
v3_the_developmental_psychometrics_of_big_f,rpp.46,2024,2024,1,1,1,0,0.125,0,0.25,1,2008,2008,0,0,2
v3_the_developmental_psychometrics_of_big_f,rpp.46,2024,2024,1,1,1,0,0.25,0.25,0.25,0,2008,2008,0,0,1
v3_the_developmental_psychometrics_of_big_f,rpp.46,2024,2024,1,1,1,0,0.25,0.25,0.25,1,2008,2008,0,0,1
v3_the_developmental_psychometrics_of_big_f,rpp.46,2024,2024,1,1,1,0,0.375,0.25,0.5,1,2008,2008,0,0,2
v3_the_developmental_psychometrics_of_big_f,rpp.46,2024,2024,1,1,1,0,0.5,0.25,0.75,1,2008,2008,0,0,2
v3_the_developmental_psychometrics_of_big_f,rpp.46,2024,2024,1,1,1,0,0.5,0.5,0.5,0,2008,2008,0,0,2
v3_the_developmental_psychometrics_of_big_f,rpp.46,2024,2024,1,1,1,0,0.5,0.5,0.5,1,2008,2008,0,0,5
v3_the_developmental_psychometrics_of_big_f,rpp.46,2024,2024,1,1,1,0,0.5,0.75,0.25,1,2008,2008,0,0,1
v3_the_developmental_psychometrics_of_big_f,rpp.46,2024,2024,1,1,1,0,0.625,0.5,0.75,1,2008,2008,0,0,1
v3_the_developmental_psychometrics_of_big_f,rpp.46,2024,2024,1,1,1,0,0.75,0.75,0.75,0,2008,2008,0,0,1
v3_the_developmental_psychometrics_of_big_f,rpp.46,2024,2024,1,1,1,0,0.75,0.75,0.75,1,2008,2008,0,0,3
v3_the_developmental_psychometrics_of_big_f,rpp.46,2024,2024,1,1,1,0,0.875,0.75,1.0,1,2008,2008,0,0,1
v3_the_developmental_psychometrics_of_big_f,rpp.46,2025,2025,1,1,0,0,,,,1,2008,2008,0,0,1
v3_the_developmental_psychometrics_of_big_f,rpp.46,2025,2025,1,1,1,0,0.25,0.25,0.25,0,2008,2008,0,0,1
v3_the_developmental_psychometrics_of_big_f,rpp.46,2025,2025,1,1,1,0,0.5,0.25,0.75,0,2008,2008,0,0,1
v3_the_developmental_psychometrics_of_big_f,rpp.46,2025,2025,1,1,1,0,0.625,0.75,0.5,1,2008,2008,0,0,1
v3_the_developmental_psychometrics_of_big_f,rpp.46,2025,2025,1,1,1,0,0.75,0.75,0.75,1,2008,2008,0,0,1
v3_the_developmental_psychometrics_of_big_f,rpp.46,2025,2025,1,1,1,0,0.75,1,0.5,1,2008,2008,0,0,1
v3_the_developmental_psychometrics_of_big_f,rpp.46,2025,2025,1,1,1,0,0.875,0.75,1.0,1,2008,2008,0,0,1
v3_the_developmental_psychometrics_of_big_f,rpp.46,2026,2026,1,1,0,0,,,,1,2008,2008,0,0,1
v3_the_developmental_psychometrics_of_big_f,rpp.46,2026,2026,1,1,1,0,0.25,0.25,0.25,1,2008,2008,0,0,1
v3_the_developmental_psychometrics_of_big_f,rpp.46,2026,2026,1,1,1,0,0.5,0.5,0.5,1,2008,2008,0,0,1
v3_the_developmental_psychometrics_of_big_f,rpp.46,2026,2026,1,1,1,0,0.75,0.75,0.75,1,2008,2008,0,0,1
v3_the_economics_of_credence_goods_an_exper,ee.8,2011,2011,1,1,0,0,,,,0,2011,2011,0,0,1
v3_the_economics_of_credence_goods_an_exper,ee.8,2011,2011,1,1,0,0,,,,1,2011,2011,0,0,1
v3_the_economics_of_credence_goods_an_exper,ee.8,2011,2011,1,1,1,0,0.5,0.5,0.5,1,2011,2011,0,0,1
v3_the_economics_of_credence_goods_an_exper,ee.8,2011,2011,1,1,1,0,0.625,0.75,0.5,1,2011,2011,0,0,1
v3_the_economics_of_credence_goods_an_exper,ee.8,2012,2012,1,1,0,0,,,,0,2011,2011,0,0,2
v3_the_economics_of_credence_goods_an_exper,ee.8,2012,2012,1,1,0,0,,,,1,2011,2011,0,0,4
v3_the_economics_of_credence_goods_an_exper,ee.8,2012,2012,1,1,1,0,0.25,0.25,0.25,1,2011,2011,0,0,1
v3_the_economics_of_credence_goods_an_exper,ee.8,2012,2012,1,1,1,0,0.5,0.5,0.5,1,2011,2011,0,0,3
v3_the_economics_of_credence_goods_an_exper,ee.8,2012,2012,1,1,1,0,0.875,0.75,1.0,1,2011,2011,0,0,1
v3_the_economics_of_credence_goods_an_exper,ee.8,2013,2013,1,1,0,0,,,,0,2011,2011,0,0,3
v3_the_economics_of_credence_goods_an_exper,ee.8,2013,2013,1,1,0,0,,,,1,2011,2011,0,0,9
v3_the_economics_of_credence_goods_an_exper,ee.8,2013,2013,1,1,1,0,0.125,0.25,0.0,1,2011,2011,0,0,1
v3_the_economics_of_credence_goods_an_exper,ee.8,2013,2013,1,1,1,0,0.25,0.25,0.25,1,2011,2011,0,0,2
v3_the_economics_of_credence_goods_an_exper,ee.8,2013,2013,1,1,1,0,0.375,0.5,0.25,0,2011,2011,0,0,1
v3_the_economics_of_credence_goods_an_exper,ee.8,2013,2013,1,1,1,0,0.5,0.5,0.5,1,2011,2011,0,0,1
v3_the_economics_of_credence_goods_an_exper,ee.8,2013,2013,1,1,1,0,0.625,0.5,0.75,0,2011,2011,0,0,1
v3_the_economics_of_credence_goods_an_exper,ee.8,2013,2013,1,1,1,0,0.625,0.5,0.75,1,2011,2011,0,0,2
v3_the_economics_of_credence_goods_an_exper,ee.8,2013,2013,1,1,1,0,0.625,0.75,0.5,0,2011,2011,0,0,1
v3_the_economics_of_credence_goods_an_exper,ee.8,2013,2013,1,1,1,0,0.75,0.75,0.75,0,2011,2011,0,0,1
v3_the_economics_of_credence_goods_an_exper,ee.8,2014,2014,1,1,0,0,,,,0,2011,2011,0,0,3
v3_the_economics_of_credence_goods_an_exper,ee.8,2014,2014,1,1,0,0,,,,1,2011,2011,0,0,1
v3_the_economics_of_credence_goods_an_exper,ee.8,2014,2014,1,1,1,0,0.5,0,1.0,1,2011,2011,0,0,1
v3_the_economics_of_credence_goods_an_exper,ee.8,2014,2014,1,1,1,0,0.625,0.75,0.5,0,2011,2011,0,0,1
v3_the_economics_of_credence_goods_an_exper,ee.8,2015,2015,1,1,0,0,,,,0,2011,2011,0,0,3
v3_the_economics_of_credence_goods_an_exper,ee.8,2015,2015,1,1,0,0,,,,1,2011,2011,0,0,6
v3_the_economics_of_credence_goods_an_exper,ee.8,2015,2015,1,1,1,0,0.25,0.25,0.25,0,2011,2011,0,0,1
v3_the_economics_of_credence_goods_an_exper,ee.8,2015,2015,1,1,1,0,0.25,0.25,0.25,1,2011,2011,0,0,2
v3_the_economics_of_credence_goods_an_exper,ee.8,2015,2015,1,1,1,0,0.5,0.5,0.5,0,2011,2011,0,0,1
v3_the_economics_of_credence_goods_an_exper,ee.8,2015,2015,1,1,1,0,0.5,0.5,0.5,1,2011,2011,0,0,1
v3_the_economics_of_credence_goods_an_exper,ee.8,2015,2015,1,1,1,0,0.625,1,0.25,1,2011,2011,0,0,1
v3_the_economics_of_credence_goods_an_exper,ee.8,2015,2015,1,1,1,0,0.75,0.75,0.75,1,2011,2011,0,0,1
v3_the_economics_of_credence_goods_an_exper,ee.8,2015,2015,1,1,1,0,1.0,1,1.0,1,2011,2011,0,0,1
v3_the_economics_of_credence_goods_an_exper,ee.8,2016,2016,1,1,0,0,,,,0,2011,2011,0,0,10
v3_the_economics_of_credence_goods_an_exper,ee.8,2016,2016,1,1,0,0,,,,1,2011,2011,0,0,28
v3_the_economics_of_credence_goods_an_exper,ee.8,2016,2016,1,1,1,0,0.125,0,0.25,0,2011,2011,0,0,1
v3_the_economics_of_credence_goods_an_exper,ee.8,2016,2016,1,1,1,0,0.25,0.25,0.25,1,2011,2011,0,0,1
v3_the_economics_of_credence_goods_an_exper,ee.8,2016,2016,1,1,1,0,0.5,0.5,0.5,0,2011,2011,0,0,1
v3_the_economics_of_credence_goods_an_exper,ee.8,2016,2016,1,1,1,0,0.5,0.5,0.5,1,2011,2011,0,0,5
v3_the_economics_of_credence_goods_an_exper,ee.8,2016,2016,1,1,1,0,0.625,0.5,0.75,0,2011,2011,0,0,1
v3_the_economics_of_credence_goods_an_exper,ee.8,2016,2016,1,1,1,0,0.625,0.5,0.75,1,2011,2011,0,0,2
v3_the_economics_of_credence_goods_an_exper,ee.8,2016,2016,1,1,1,0,0.625,0.75,0.5,0,2011,2011,0,0,1
v3_the_economics_of_credence_goods_an_exper,ee.8,2016,2016,1,1,1,0,0.625,0.75,0.5,1,2011,2011,0,0,3
v3_the_economics_of_credence_goods_an_exper,ee.8,2016,2016,1,1,1,0,0.75,0.75,0.75,1,2011,2011,0,0,3
v3_the_economics_of_credence_goods_an_exper,ee.8,2016,2016,1,1,1,0,0.875,0.75,1.0,1,2011,2011,0,0,2
v3_the_economics_of_credence_goods_an_exper,ee.8,2016,2016,1,1,1,0,0.875,1,0.75,0,2011,2011,0,0,1
v3_the_economics_of_credence_goods_an_exper,ee.8,2016,2016,1,1,1,0,0.875,1,0.75,1,2011,2011,0,0,1
v3_the_economics_of_credence_goods_an_exper,ee.8,2016,2018,2,2,0,0,,,,0,2011,2011,0,0,1
v3_the_economics_of_credence_goods_an_exper,ee.8,2016,2018,2,2,1,0,0.25,0.25,0.25,1,2011,2011,0,0,1
v3_the_economics_of_credence_goods_an_exper,ee.8,2017,2017,1,1,0,0,,,,0,2011,2011,0,0,6
v3_the_economics_of_credence_goods_an_exper,ee.8,2017,2017,1,1,0,0,,,,1,2011,2011,0,0,17
v3_the_economics_of_credence_goods_an_exper,ee.8,2017,2017,1,1,1,0,0.0,0,0.0,1,2011,2011,0,0,1
v3_the_economics_of_credence_goods_an_exper,ee.8,2017,2017,1,1,1,0,0.25,0.25,0.25,1,2011,2011,0,0,1
v3_the_economics_of_credence_goods_an_exper,ee.8,2017,2017,1,1,1,0,0.5,0.5,0.5,0,2011,2011,0,0,3
v3_the_economics_of_credence_goods_an_exper,ee.8,2017,2017,1,1,1,0,0.5,0.5,0.5,1,2011,2011,0,0,2
v3_the_economics_of_credence_goods_an_exper,ee.8,2017,2017,1,1,1,0,0.625,0.5,0.75,0,2011,2011,0,0,1
v3_the_economics_of_credence_goods_an_exper,ee.8,2017,2017,1,1,1,0,0.625,0.75,0.5,0,2011,2011,0,0,2
v3_the_economics_of_credence_goods_an_exper,ee.8,2018,2018,1,1,0,0,,,,0,2011,2011,0,0,4
v3_the_economics_of_credence_goods_an_exper,ee.8,2018,2018,1,1,0,0,,,,1,2011,2011,0,0,7
v3_the_economics_of_credence_goods_an_exper,ee.8,2018,2018,1,1,1,0,0.25,0.25,0.25,1,2011,2011,0,0,1
v3_the_economics_of_credence_goods_an_exper,ee.8,2018,2018,1,1,1,0,0.375,0.25,0.5,1,2011,2011,0,0,1
v3_the_economics_of_credence_goods_an_exper,ee.8,2018,2018,1,1,1,0,0.5,0,1.0,1,2011,2011,0,0,1
v3_the_economics_of_credence_goods_an_exper,ee.8,2018,2018,1,1,1,0,0.5,0.5,0.5,0,2011,2011,0,0,1
v3_the_economics_of_credence_goods_an_exper,ee.8,2018,2018,1,1,1,0,0.5,0.5,0.5,1,2011,2011,0,0,2
v3_the_economics_of_credence_goods_an_exper,ee.8,2018,2018,1,1,1,0,0.625,0.5,0.75,1,2011,2011,0,0,1
v3_the_economics_of_credence_goods_an_exper,ee.8,2018,2018,1,1,1,0,0.75,0.75,0.75,1,2011,2011,0,0,1
v3_the_economics_of_credence_goods_an_exper,ee.8,2019,2019,1,1,0,0,,,,0,2011,2011,0,0,1
v3_the_economics_of_credence_goods_an_exper,ee.8,2019,2019,1,1,0,0,,,,1,2011,2011,0,0,13
v3_the_economics_of_credence_goods_an_exper,ee.8,2019,2019,1,1,1,0,0.125,0,0.25,1,2011,2011,0,0,1
v3_the_economics_of_credence_goods_an_exper,ee.8,2019,2019,1,1,1,0,0.25,0.25,0.25,1,2011,2011,0,0,3
v3_the_economics_of_credence_goods_an_exper,ee.8,2019,2019,1,1,1,0,0.375,0.25,0.5,1,2011,2011,0,0,1
v3_the_economics_of_credence_goods_an_exper,ee.8,2019,2019,1,1,1,0,0.5,0.5,0.5,0,2011,2011,0,0,1
v3_the_economics_of_credence_goods_an_exper,ee.8,2019,2019,1,1,1,0,0.5,0.5,0.5,1,2011,2011,0,0,3
v3_the_economics_of_credence_goods_an_exper,ee.8,2019,2019,1,1,1,0,0.625,0.5,0.75,0,2011,2011,0,0,1
v3_the_economics_of_credence_goods_an_exper,ee.8,2019,2019,1,1,1,0,0.625,0.5,0.75,1,2011,2011,0,0,3
v3_the_economics_of_credence_goods_an_exper,ee.8,2019,2019,1,1,1,0,0.625,0.75,0.5,1,2011,2011,0,0,1
v3_the_economics_of_credence_goods_an_exper,ee.8,2019,2019,1,1,1,0,0.875,0.75,1.0,1,2011,2011,0,0,1
v3_the_economics_of_credence_goods_an_exper,ee.8,2020,2020,1,1,0,0,,,,0,2011,2011,0,0,9
v3_the_economics_of_credence_goods_an_exper,ee.8,2020,2020,1,1,0,0,,,,1,2011,2011,0,0,18
v3_the_economics_of_credence_goods_an_exper,ee.8,2020,2020,1,1,1,0,0.25,0.25,0.25,0,2011,2011,0,0,1
v3_the_economics_of_credence_goods_an_exper,ee.8,2020,2020,1,1,1,0,0.5,0.5,0.5,0,2011,2011,0,0,1
v3_the_economics_of_credence_goods_an_exper,ee.8,2020,2020,1,1,1,0,0.5,0.5,0.5,1,2011,2011,0,0,4
v3_the_economics_of_credence_goods_an_exper,ee.8,2020,2020,1,1,1,0,0.625,0.5,0.75,1,2011,2011,0,0,1
v3_the_economics_of_credence_goods_an_exper,ee.8,2020,2020,1,1,1,0,0.625,0.75,0.5,1,2011,2011,0,0,2
v3_the_economics_of_credence_goods_an_exper,ee.8,2020,2020,1,1,1,0,0.75,0.75,0.75,1,2011,2011,0,0,2
v3_the_economics_of_credence_goods_an_exper,ee.8,2020,2020,1,1,1,0,0.875,0.75,1.0,1,2011,2011,0,0,1
v3_the_economics_of_credence_goods_an_exper,ee.8,2021,2021,1,1,0,0,,,,0,2011,2011,0,0,6
v3_the_economics_of_credence_goods_an_exper,ee.8,2021,2021,1,1,0,0,,,,1,2011,2011,0,0,7
v3_the_economics_of_credence_goods_an_exper,ee.8,2021,2021,1,1,1,0,0.375,0.5,0.25,1,2011,2011,0,0,1
v3_the_economics_of_credence_goods_an_exper,ee.8,2021,2021,1,1,1,0,0.5,0.25,0.75,0,2011,2011,0,0,1
v3_the_economics_of_credence_goods_an_exper,ee.8,2021,2021,1,1,1,0,0.625,0.5,0.75,1,2011,2011,0,0,1
v3_the_economics_of_credence_goods_an_exper,ee.8,2021,2021,1,1,1,0,0.75,0.75,0.75,1,2011,2011,0,0,1
v3_the_economics_of_credence_goods_an_exper,ee.8,2021,2021,1,1,1,0,0.75,1,0.5,1,2011,2011,0,0,1
v3_the_economics_of_credence_goods_an_exper,ee.8,2021,2021,1,1,1,0,0.875,1,0.75,1,2011,2011,0,0,1
v3_the_economics_of_credence_goods_an_exper,ee.8,2021,2021,1,1,1,0,1.0,1,1.0,1,2011,2011,0,0,1
v3_the_economics_of_credence_goods_an_exper,ee.8,2022,2022,1,1,0,0,,,,0,2011,2011,0,0,4
v3_the_economics_of_credence_goods_an_exper,ee.8,2022,2022,1,1,1,0,0.25,0.25,0.25,1,2011,2011,0,0,1
v3_the_economics_of_credence_goods_an_exper,ee.8,2022,2022,1,1,1,0,0.375,0.25,0.5,1,2011,2011,0,0,1
v3_the_economics_of_credence_goods_an_exper,ee.8,2022,2022,1,1,1,0,0.625,0.5,0.75,0,2011,2011,0,0,1
v3_the_economics_of_credence_goods_an_exper,ee.8,2023,2023,1,1,0,0,,,,0,2011,2011,0,0,1
v3_the_economics_of_credence_goods_an_exper,ee.8,2023,2023,1,1,0,0,,,,1,2011,2011,0,0,6
v3_the_economics_of_credence_goods_an_exper,ee.8,2023,2023,1,1,1,0,0.375,0.25,0.5,1,2011,2011,0,0,1
v3_the_economics_of_credence_goods_an_exper,ee.8,2024,2024,1,1,0,0,,,,1,2011,2011,0,0,2
v3_the_economics_of_credence_goods_an_exper,ee.8,2024,2024,1,1,1,0,0.375,0.25,0.5,1,2011,2011,0,0,1
v3_the_economics_of_credence_goods_an_exper,ee.8,2024,2024,1,1,1,0,1.0,1,1.0,1,2011,2011,0,0,2
v3_the_economics_of_credence_goods_an_exper,ee.8,2025,2025,1,1,0,0,,,,0,2011,2011,0,0,3
v3_the_economics_of_credence_goods_an_exper,ee.8,2025,2025,1,1,0,0,,,,1,2011,2011,0,0,4
v3_the_economics_of_credence_goods_an_exper,ee.8,2025,2025,1,1,1,0,0.625,0.75,0.5,1,2011,2011,0,0,1
v3_the_economics_of_credence_goods_an_exper,ee.8,2025,2025,1,1,1,0,0.875,1,0.75,1,2011,2011,0,0,1
v3_the_economics_of_credence_goods_an_exper,ee.8,2026,2026,1,1,0,0,,,,0,2011,2011,0,0,1
v3_the_economics_of_credence_goods_an_exper,ee.8,2026,2026,1,1,0,0,,,,1,2011,2011,0,0,6
v3_the_economics_of_credence_goods_an_exper,ee.8,2026,2026,1,1,1,0,0.25,0.25,0.25,1,2011,2011,0,0,1
v3_the_economics_of_credence_goods_an_exper,ee.8,2026,2026,1,1,1,0,0.375,0.25,0.5,1,2011,2011,0,0,1
v3_the_economics_of_credence_goods_an_exper,ee.8,2026,2026,1,1,1,0,0.375,0.5,0.25,1,2011,2011,0,0,1
v3_the_economics_of_credence_goods_an_exper,ee.8,2026,2026,1,1,1,0,0.5,0,1.0,1,2011,2011,0,0,1
v3_the_economics_of_credence_goods_an_exper,ee.8,2026,2026,1,1,1,0,0.5,0.5,0.5,1,2011,2011,0,0,1
v3_the_economics_of_credence_goods_an_exper,ee.8,2026,2026,1,1,1,0,0.625,0.75,0.5,1,2011,2011,0,0,1
v3_the_effect_of_global_versus_local_proces,rpp.64,2008,2008,1,1,1,0,0.625,0.5,0.75,1,2008,2008,0,0,2
v3_the_effect_of_global_versus_local_proces,rpp.64,2009,2009,1,1,0,0,,,,0,2008,2008,0,0,1
v3_the_effect_of_global_versus_local_proces,rpp.64,2009,2009,1,1,0,0,,,,1,2008,2008,0,0,2
v3_the_effect_of_global_versus_local_proces,rpp.64,2009,2009,1,1,1,0,0.625,0.5,0.75,1,2008,2008,0,0,1
v3_the_effect_of_global_versus_local_proces,rpp.64,2009,2009,1,1,1,0,0.75,0.75,0.75,1,2008,2008,0,0,1
v3_the_effect_of_global_versus_local_proces,rpp.64,2010,2010,1,1,0,0,,,,0,2008,2008,0,0,5
v3_the_effect_of_global_versus_local_proces,rpp.64,2010,2010,1,1,0,0,,,,1,2008,2008,0,0,9
v3_the_effect_of_global_versus_local_proces,rpp.64,2010,2010,1,1,1,0,0.125,0,0.25,0,2008,2008,0,0,2
v3_the_effect_of_global_versus_local_proces,rpp.64,2010,2010,1,1,1,0,0.25,0.25,0.25,1,2008,2008,0,0,1
v3_the_effect_of_global_versus_local_proces,rpp.64,2010,2010,1,1,1,0,0.375,0,0.75,0,2008,2008,0,0,1
v3_the_effect_of_global_versus_local_proces,rpp.64,2010,2010,1,1,1,0,0.375,0.25,0.5,1,2008,2008,0,0,1
v3_the_effect_of_global_versus_local_proces,rpp.64,2010,2010,1,1,1,0,0.5,0.5,0.5,1,2008,2008,0,0,2
v3_the_effect_of_global_versus_local_proces,rpp.64,2010,2010,1,1,1,0,0.625,0.5,0.75,1,2008,2008,0,0,2
v3_the_effect_of_global_versus_local_proces,rpp.64,2010,2010,1,1,1,0,0.625,0.75,0.5,0,2008,2008,0,0,1
v3_the_effect_of_global_versus_local_proces,rpp.64,2010,2010,1,1,1,0,0.75,0.75,0.75,1,2008,2008,0,0,1
v3_the_effect_of_global_versus_local_proces,rpp.64,2010,2010,1,1,1,0,0.875,1,0.75,1,2008,2008,0,0,1
v3_the_effect_of_global_versus_local_proces,rpp.64,2011,2011,1,1,1,0,0.25,0.25,0.25,1,2008,2008,0,0,2
v3_the_effect_of_global_versus_local_proces,rpp.64,2011,2011,1,1,1,0,0.625,0.5,0.75,1,2008,2008,0,0,1
v3_the_effect_of_global_versus_local_proces,rpp.64,2011,2011,1,1,1,0,0.75,0.75,0.75,1,2008,2008,0,0,1
v3_the_effect_of_global_versus_local_proces,rpp.64,2012,2012,1,1,0,0,,,,0,2008,2008,0,0,1
v3_the_effect_of_global_versus_local_proces,rpp.64,2012,2012,1,1,0,0,,,,1,2008,2008,0,0,3
v3_the_effect_of_global_versus_local_proces,rpp.64,2012,2012,1,1,1,0,0.25,0.25,0.25,1,2008,2008,0,0,1
v3_the_effect_of_global_versus_local_proces,rpp.64,2012,2012,1,1,1,0,0.375,0.25,0.5,1,2008,2008,0,0,1
v3_the_effect_of_global_versus_local_proces,rpp.64,2012,2012,1,1,1,0,0.375,0.5,0.25,1,2008,2008,0,0,3
v3_the_effect_of_global_versus_local_proces,rpp.64,2012,2012,1,1,1,0,0.5,0.25,0.75,1,2008,2008,0,0,1
v3_the_effect_of_global_versus_local_proces,rpp.64,2012,2012,1,1,1,0,0.5,0.5,0.5,0,2008,2008,0,0,1
v3_the_effect_of_global_versus_local_proces,rpp.64,2012,2012,1,1,1,0,0.5,0.5,0.5,1,2008,2008,0,0,5
v3_the_effect_of_global_versus_local_proces,rpp.64,2012,2012,1,1,1,0,0.625,0.75,0.5,1,2008,2008,0,0,1
v3_the_effect_of_global_versus_local_proces,rpp.64,2012,2012,1,1,1,0,0.875,0.75,1.0,1,2008,2008,0,0,1
v3_the_effect_of_global_versus_local_proces,rpp.64,2012,2012,1,1,1,0,1.0,1,1.0,1,2008,2008,0,0,1
v3_the_effect_of_global_versus_local_proces,rpp.64,2013,2013,1,1,0,0,,,,0,2008,2008,0,0,4
v3_the_effect_of_global_versus_local_proces,rpp.64,2013,2013,1,1,0,0,,,,1,2008,2008,0,0,8
v3_the_effect_of_global_versus_local_proces,rpp.64,2013,2013,1,1,1,0,0.25,0.25,0.25,0,2008,2008,0,0,1
v3_the_effect_of_global_versus_local_proces,rpp.64,2013,2013,1,1,1,0,0.25,0.25,0.25,1,2008,2008,0,0,2
v3_the_effect_of_global_versus_local_proces,rpp.64,2013,2013,1,1,1,0,0.375,0.25,0.5,1,2008,2008,0,0,1
v3_the_effect_of_global_versus_local_proces,rpp.64,2013,2013,1,1,1,0,0.5,0.5,0.5,0,2008,2008,0,0,3
v3_the_effect_of_global_versus_local_proces,rpp.64,2013,2013,1,1,1,0,0.5,0.5,0.5,1,2008,2008,0,0,2
v3_the_effect_of_global_versus_local_proces,rpp.64,2013,2013,1,1,1,0,0.625,0.25,1.0,1,2008,2008,0,0,1
v3_the_effect_of_global_versus_local_proces,rpp.64,2013,2013,1,1,1,0,0.625,0.75,0.5,1,2008,2008,0,0,2
v3_the_effect_of_global_versus_local_proces,rpp.64,2013,2013,1,1,1,0,0.75,0.75,0.75,1,2008,2008,0,0,2
v3_the_effect_of_global_versus_local_proces,rpp.64,2014,2014,1,1,0,0,,,,1,2008,2008,0,0,8
v3_the_effect_of_global_versus_local_proces,rpp.64,2014,2014,1,1,1,0,0.0,0,0.0,1,2008,2008,0,0,1
v3_the_effect_of_global_versus_local_proces,rpp.64,2014,2014,1,1,1,0,0.125,0,0.25,0,2008,2008,0,0,1
v3_the_effect_of_global_versus_local_proces,rpp.64,2014,2014,1,1,1,0,0.125,0.25,0.0,0,2008,2008,0,0,1
v3_the_effect_of_global_versus_local_proces,rpp.64,2014,2014,1,1,1,0,0.25,0.25,0.25,1,2008,2008,0,0,3
v3_the_effect_of_global_versus_local_proces,rpp.64,2014,2014,1,1,1,0,0.5,0.25,0.75,0,2008,2008,0,0,1
v3_the_effect_of_global_versus_local_proces,rpp.64,2014,2014,1,1,1,0,0.5,0.5,0.5,1,2008,2008,0,0,4
v3_the_effect_of_global_versus_local_proces,rpp.64,2014,2014,1,1,1,0,0.625,0.75,0.5,1,2008,2008,0,0,1
v3_the_effect_of_global_versus_local_proces,rpp.64,2014,2014,1,1,1,0,0.75,0.5,1.0,1,2008,2008,0,0,1
v3_the_effect_of_global_versus_local_proces,rpp.64,2014,2014,1,1,1,0,0.75,0.75,0.75,1,2008,2008,0,0,1
v3_the_effect_of_global_versus_local_proces,rpp.64,2014,2014,1,1,1,0,0.75,1,0.5,1,2008,2008,0,0,1
v3_the_effect_of_global_versus_local_proces,rpp.64,2014,2014,1,1,1,0,0.875,0.75,1.0,1,2008,2008,0,0,2
v3_the_effect_of_global_versus_local_proces,rpp.64,2014,2015,2,2,1,0,0.25,0.25,0.25,1,2008,2008,0,0,1
v3_the_effect_of_global_versus_local_proces,rpp.64,2015,2015,1,1,0,0,,,,0,2008,2008,0,0,1
v3_the_effect_of_global_versus_local_proces,rpp.64,2015,2015,1,1,0,0,,,,1,2008,2008,0,0,1
v3_the_effect_of_global_versus_local_proces,rpp.64,2015,2015,1,1,1,0,0.25,0.25,0.25,1,2008,2008,0,0,1
v3_the_effect_of_global_versus_local_proces,rpp.64,2015,2015,1,1,1,0,0.375,0.25,0.5,1,2008,2008,0,0,1
v3_the_effect_of_global_versus_local_proces,rpp.64,2015,2015,1,1,1,0,0.375,0.75,0.0,0,2008,2008,0,0,1
v3_the_effect_of_global_versus_local_proces,rpp.64,2015,2015,1,1,1,0,0.75,0.75,0.75,1,2008,2008,0,0,2
v3_the_effect_of_global_versus_local_proces,rpp.64,2015,2015,1,1,1,0,0.875,0.75,1.0,1,2008,2008,0,0,1
v3_the_effect_of_global_versus_local_proces,rpp.64,2016,2016,1,1,0,0,,,,0,2008,2008,0,0,1
v3_the_effect_of_global_versus_local_proces,rpp.64,2016,2016,1,1,0,0,,,,1,2008,2008,0,0,1
v3_the_effect_of_global_versus_local_proces,rpp.64,2016,2016,1,1,1,0,0.125,0,0.25,1,2008,2008,0,0,1
v3_the_effect_of_global_versus_local_proces,rpp.64,2016,2016,1,1,1,0,0.25,0.25,0.25,1,2008,2008,0,0,1
v3_the_effect_of_global_versus_local_proces,rpp.64,2016,2016,1,1,1,0,0.375,0.25,0.5,0,2008,2008,0,0,1
v3_the_effect_of_global_versus_local_proces,rpp.64,2016,2016,1,1,1,0,0.375,0.25,0.5,1,2008,2008,0,0,1
v3_the_effect_of_global_versus_local_proces,rpp.64,2016,2016,1,1,1,0,0.5,0.5,0.5,1,2008,2008,0,0,1
v3_the_effect_of_global_versus_local_proces,rpp.64,2017,2017,1,1,0,0,,,,0,2008,2008,0,0,1
v3_the_effect_of_global_versus_local_proces,rpp.64,2017,2017,1,1,0,0,,,,1,2008,2008,0,0,1
v3_the_effect_of_global_versus_local_proces,rpp.64,2017,2017,1,1,1,0,0.25,0.25,0.25,1,2008,2008,0,0,2
v3_the_effect_of_global_versus_local_proces,rpp.64,2017,2017,1,1,1,0,0.5,0.5,0.5,0,2008,2008,0,0,1
v3_the_effect_of_global_versus_local_proces,rpp.64,2017,2017,1,1,1,0,0.75,0.75,0.75,1,2008,2008,0,0,1
v3_the_effect_of_global_versus_local_proces,rpp.64,2017,2020,2,2,1,0,0.625,0.75,0.5,1,2008,2008,0,0,1
v3_the_effect_of_global_versus_local_proces,rpp.64,2018,2018,1,1,0,0,,,,0,2008,2008,0,0,1
v3_the_effect_of_global_versus_local_proces,rpp.64,2018,2018,1,1,1,0,0.5,0.5,0.5,1,2008,2008,0,0,1
v3_the_effect_of_global_versus_local_proces,rpp.64,2019,2019,1,1,0,0,,,,0,2008,2008,0,0,5
v3_the_effect_of_global_versus_local_proces,rpp.64,2019,2019,1,1,0,0,,,,1,2008,2008,0,0,1
v3_the_effect_of_global_versus_local_proces,rpp.64,2019,2019,1,1,1,0,0.25,0.25,0.25,0,2008,2008,0,0,1
v3_the_effect_of_global_versus_local_proces,rpp.64,2019,2019,1,1,1,0,0.375,0.5,0.25,1,2008,2008,0,0,1
v3_the_effect_of_global_versus_local_proces,rpp.64,2019,2019,1,1,1,0,0.5,0.5,0.5,1,2008,2008,0,0,2
v3_the_effect_of_global_versus_local_proces,rpp.64,2019,2019,1,1,1,0,0.625,0.75,0.5,0,2008,2008,0,0,1
v3_the_effect_of_global_versus_local_proces,rpp.64,2019,2019,1,1,1,0,0.625,0.75,0.5,1,2008,2008,0,0,3
v3_the_effect_of_global_versus_local_proces,rpp.64,2019,2019,1,1,1,0,0.75,1,0.5,1,2008,2008,0,0,1
v3_the_effect_of_global_versus_local_proces,rpp.64,2020,2020,1,1,0,0,,,,1,2008,2008,0,0,6
v3_the_effect_of_global_versus_local_proces,rpp.64,2020,2020,1,1,1,0,0.5,0.5,0.5,0,2008,2008,0,0,1
v3_the_effect_of_global_versus_local_proces,rpp.64,2021,2021,1,1,0,0,,,,0,2008,2008,0,0,2
v3_the_effect_of_global_versus_local_proces,rpp.64,2022,2022,1,1,0,0,,,,1,2008,2008,0,0,3
v3_the_effect_of_global_versus_local_proces,rpp.64,2022,2022,1,1,1,0,1.0,1,1.0,1,2008,2008,0,0,1
v3_the_effect_of_global_versus_local_proces,rpp.64,2023,2023,1,1,1,0,0.25,0.25,0.25,1,2008,2008,0,0,1
v3_the_effect_of_global_versus_local_proces,rpp.64,2023,2023,1,1,1,0,0.75,0.75,0.75,1,2008,2008,0,0,1
v3_the_effect_of_global_versus_local_proces,rpp.64,2024,2024,1,1,1,0,0.5,0.5,0.5,0,2008,2008,0,0,1
v3_the_effect_of_global_versus_local_proces,rpp.64,2026,2026,1,1,1,0,0.875,0.75,1.0,1,2008,2008,0,0,1
v3_the_effects_of_an_implemental_mind_set_o,rpp.80,2008,2008,1,1,1,0,0.375,0.5,0.25,1,2008,2008,0,0,1
v3_the_effects_of_an_implemental_mind_set_o,rpp.80,2009,2009,1,1,0,0,,,,1,2008,2008,0,0,2
v3_the_effects_of_an_implemental_mind_set_o,rpp.80,2009,2009,1,1,1,0,0.625,0.75,0.5,1,2008,2008,0,0,1
v3_the_effects_of_an_implemental_mind_set_o,rpp.80,2012,2012,1,1,0,0,,,,0,2008,2008,0,0,1
v3_the_effects_of_an_implemental_mind_set_o,rpp.80,2012,2012,1,1,1,0,0.25,0.25,0.25,1,2008,2008,0,0,1
v3_the_effects_of_an_implemental_mind_set_o,rpp.80,2012,2012,1,1,1,0,0.5,0.5,0.5,0,2008,2008,0,0,1
v3_the_effects_of_an_implemental_mind_set_o,rpp.80,2016,2016,1,1,1,0,0.0,0,0.0,1,2008,2008,0,0,1
v3_the_effects_of_an_implemental_mind_set_o,rpp.80,2018,2018,1,1,1,0,0.75,0.75,0.75,1,2008,2008,0,0,1
v3_the_effects_of_an_implemental_mind_set_o,rpp.80,2020,2020,1,1,0,0,,,,0,2008,2008,0,0,1
v3_the_effects_of_an_implemental_mind_set_o,rpp.80,2020,2020,1,1,1,0,0.625,0.5,0.75,1,2008,2008,0,0,1
v3_the_effects_of_an_implemental_mind_set_o,rpp.80,2021,2021,1,1,1,0,0.875,0.75,1.0,1,2008,2008,0,0,1
v3_the_effects_of_an_implemental_mind_set_o,rpp.80,2023,2023,1,1,0,0,,,,1,2008,2008,0,0,2
v3_the_face_of_success_inferences_from_chie,rpp.82,2009,2009,1,1,0,0,,,,0,2008,2008,0,0,1
v3_the_face_of_success_inferences_from_chie,rpp.82,2009,2009,1,1,1,0,0.25,0,0.5,1,2008,2008,0,0,1
v3_the_face_of_success_inferences_from_chie,rpp.82,2009,2009,1,1,1,0,0.375,0.25,0.5,1,2008,2008,0,0,1
v3_the_face_of_success_inferences_from_chie,rpp.82,2009,2009,1,1,1,0,0.5,0.5,0.5,1,2008,2008,0,0,1
v3_the_face_of_success_inferences_from_chie,rpp.82,2009,2009,1,1,1,0,0.625,0.5,0.75,1,2008,2008,0,0,1
v3_the_face_of_success_inferences_from_chie,rpp.82,2009,2009,1,1,1,0,0.625,0.75,0.5,1,2008,2008,0,0,1
v3_the_face_of_success_inferences_from_chie,rpp.82,2009,2009,1,1,1,0,0.75,0.75,0.75,1,2008,2008,0,0,1
v3_the_face_of_success_inferences_from_chie,rpp.82,2010,2010,1,1,0,0,,,,1,2008,2008,0,0,3
v3_the_face_of_success_inferences_from_chie,rpp.82,2010,2010,1,1,1,0,0.5,0.5,0.5,1,2008,2008,0,0,1
v3_the_face_of_success_inferences_from_chie,rpp.82,2010,2010,1,1,1,0,0.625,0.75,0.5,1,2008,2008,0,0,1
v3_the_face_of_success_inferences_from_chie,rpp.82,2011,2011,1,1,0,0,,,,0,2008,2008,0,0,2
v3_the_face_of_success_inferences_from_chie,rpp.82,2011,2011,1,1,0,0,,,,1,2008,2008,0,0,1
v3_the_face_of_success_inferences_from_chie,rpp.82,2011,2011,1,1,1,0,0.125,0,0.25,1,2008,2008,0,0,1
v3_the_face_of_success_inferences_from_chie,rpp.82,2011,2011,1,1,1,0,0.5,0.5,0.5,1,2008,2008,0,0,2
v3_the_face_of_success_inferences_from_chie,rpp.82,2011,2011,1,1,1,0,0.625,0.75,0.5,0,2008,2008,0,0,2
v3_the_face_of_success_inferences_from_chie,rpp.82,2011,2011,1,1,1,0,0.875,0.75,1.0,1,2008,2008,0,0,1
v3_the_face_of_success_inferences_from_chie,rpp.82,2012,2012,1,1,0,0,,,,0,2008,2008,0,0,5
v3_the_face_of_success_inferences_from_chie,rpp.82,2012,2012,1,1,0,0,,,,1,2008,2008,0,0,4
v3_the_face_of_success_inferences_from_chie,rpp.82,2012,2012,1,1,1,0,0.125,0,0.25,1,2008,2008,0,0,1
v3_the_face_of_success_inferences_from_chie,rpp.82,2012,2012,1,1,1,0,0.25,0.25,0.25,0,2008,2008,0,0,1
v3_the_face_of_success_inferences_from_chie,rpp.82,2012,2012,1,1,1,0,0.375,0.25,0.5,0,2008,2008,0,0,1
v3_the_face_of_success_inferences_from_chie,rpp.82,2012,2012,1,1,1,0,0.375,0.5,0.25,0,2008,2008,0,0,1
v3_the_face_of_success_inferences_from_chie,rpp.82,2012,2012,1,1,1,0,0.5,0.5,0.5,0,2008,2008,0,0,3
v3_the_face_of_success_inferences_from_chie,rpp.82,2012,2012,1,1,1,0,0.5,0.5,0.5,1,2008,2008,0,0,3
v3_the_face_of_success_inferences_from_chie,rpp.82,2012,2012,1,1,1,0,0.625,0.5,0.75,0,2008,2008,0,0,1
v3_the_face_of_success_inferences_from_chie,rpp.82,2012,2012,1,1,1,0,0.625,0.5,0.75,1,2008,2008,0,0,4
v3_the_face_of_success_inferences_from_chie,rpp.82,2012,2012,1,1,1,0,0.625,0.75,0.5,1,2008,2008,0,0,2
v3_the_face_of_success_inferences_from_chie,rpp.82,2012,2012,1,1,1,0,0.75,0.5,1.0,1,2008,2008,0,0,1
v3_the_face_of_success_inferences_from_chie,rpp.82,2012,2019,2,2,1,0,0.625,0.5,0.75,0,2008,2008,0,0,1
v3_the_face_of_success_inferences_from_chie,rpp.82,2012,2019,2,2,1,0,0.875,1,0.75,1,2008,2008,0,0,1
v3_the_face_of_success_inferences_from_chie,rpp.82,2013,2013,1,1,0,0,,,,0,2008,2008,0,0,3
v3_the_face_of_success_inferences_from_chie,rpp.82,2013,2013,1,1,0,0,,,,1,2008,2008,0,0,9
v3_the_face_of_success_inferences_from_chie,rpp.82,2013,2013,1,1,1,0,0.375,0.25,0.5,1,2008,2008,0,0,1
v3_the_face_of_success_inferences_from_chie,rpp.82,2013,2013,1,1,1,0,0.5,0.5,0.5,0,2008,2008,0,0,1
v3_the_face_of_success_inferences_from_chie,rpp.82,2013,2013,1,1,1,0,0.5,0.5,0.5,1,2008,2008,0,0,4
v3_the_face_of_success_inferences_from_chie,rpp.82,2013,2013,1,1,1,0,0.75,0.75,0.75,1,2008,2008,0,0,2
v3_the_face_of_success_inferences_from_chie,rpp.82,2013,2013,1,1,1,0,0.875,0.75,1.0,1,2008,2008,0,0,1
v3_the_face_of_success_inferences_from_chie,rpp.82,2013,2014,2,2,0,0,,,,0,2008,2008,0,0,1
v3_the_face_of_success_inferences_from_chie,rpp.82,2013,2014,2,2,0,0,,,,1,2008,2008,0,0,1
v3_the_face_of_success_inferences_from_chie,rpp.82,2014,2014,1,1,0,0,,,,0,2008,2008,0,0,1
v3_the_face_of_success_inferences_from_chie,rpp.82,2014,2014,1,1,0,0,,,,1,2008,2008,0,0,2
v3_the_face_of_success_inferences_from_chie,rpp.82,2014,2014,1,1,1,0,0.25,0.25,0.25,1,2008,2008,0,0,1
v3_the_face_of_success_inferences_from_chie,rpp.82,2014,2014,1,1,1,0,0.5,0.5,0.5,1,2008,2008,0,0,1
v3_the_face_of_success_inferences_from_chie,rpp.82,2014,2014,1,1,1,0,0.625,0.5,0.75,1,2008,2008,0,0,2
v3_the_face_of_success_inferences_from_chie,rpp.82,2014,2014,1,1,1,0,1.0,1,1.0,1,2008,2008,0,0,1
v3_the_face_of_success_inferences_from_chie,rpp.82,2015,2015,1,1,0,0,,,,0,2008,2008,0,0,5
v3_the_face_of_success_inferences_from_chie,rpp.82,2015,2015,1,1,0,0,,,,1,2008,2008,0,0,1
v3_the_face_of_success_inferences_from_chie,rpp.82,2015,2015,1,1,1,0,0.5,0.25,0.75,0,2008,2008,0,0,1
v3_the_face_of_success_inferences_from_chie,rpp.82,2015,2015,1,1,1,0,0.5,0.5,0.5,1,2008,2008,0,0,3
v3_the_face_of_success_inferences_from_chie,rpp.82,2015,2015,1,1,1,0,0.625,0.75,0.5,1,2008,2008,0,0,1
v3_the_face_of_success_inferences_from_chie,rpp.82,2016,2016,1,1,0,0,,,,0,2008,2008,0,0,1
v3_the_face_of_success_inferences_from_chie,rpp.82,2016,2016,1,1,0,0,,,,1,2008,2008,0,0,1
v3_the_face_of_success_inferences_from_chie,rpp.82,2017,2017,1,1,0,0,,,,0,2008,2008,0,0,1
v3_the_face_of_success_inferences_from_chie,rpp.82,2017,2017,1,1,0,0,,,,1,2008,2008,0,0,2
v3_the_face_of_success_inferences_from_chie,rpp.82,2017,2017,1,1,1,0,0.5,0.25,0.75,0,2008,2008,0,0,2
v3_the_face_of_success_inferences_from_chie,rpp.82,2017,2017,1,1,1,0,0.5,0.5,0.5,0,2008,2008,0,0,1
v3_the_face_of_success_inferences_from_chie,rpp.82,2017,2017,1,1,1,0,0.5,0.5,0.5,1,2008,2008,0,0,2
v3_the_face_of_success_inferences_from_chie,rpp.82,2017,2017,1,1,1,0,0.625,0.5,0.75,1,2008,2008,0,0,1
v3_the_face_of_success_inferences_from_chie,rpp.82,2017,2017,1,1,1,0,0.75,0.75,0.75,1,2008,2008,0,0,1
v3_the_face_of_success_inferences_from_chie,rpp.82,2017,2017,1,1,1,0,0.875,0.75,1.0,1,2008,2008,0,0,1
v3_the_face_of_success_inferences_from_chie,rpp.82,2018,2018,1,1,0,0,,,,1,2008,2008,0,0,2
v3_the_face_of_success_inferences_from_chie,rpp.82,2018,2018,1,1,1,0,0.5,0.25,0.75,1,2008,2008,0,0,1
v3_the_face_of_success_inferences_from_chie,rpp.82,2018,2018,1,1,1,0,0.5,0.5,0.5,0,2008,2008,0,0,2
v3_the_face_of_success_inferences_from_chie,rpp.82,2018,2018,1,1,1,0,0.5,0.5,0.5,1,2008,2008,0,0,1
v3_the_face_of_success_inferences_from_chie,rpp.82,2019,2019,1,1,0,0,,,,0,2008,2008,0,0,2
v3_the_face_of_success_inferences_from_chie,rpp.82,2019,2019,1,1,1,0,0.5,0.5,0.5,1,2008,2008,0,0,1
v3_the_face_of_success_inferences_from_chie,rpp.82,2019,2019,1,1,1,0,0.625,0.5,0.75,1,2008,2008,0,0,1
v3_the_face_of_success_inferences_from_chie,rpp.82,2019,2019,1,1,1,0,0.75,0.5,1.0,1,2008,2008,0,0,1
v3_the_face_of_success_inferences_from_chie,rpp.82,2019,2019,1,1,1,0,0.75,0.75,0.75,1,2008,2008,0,0,1
v3_the_face_of_success_inferences_from_chie,rpp.82,2020,2020,1,1,0,0,,,,0,2008,2008,0,0,3
v3_the_face_of_success_inferences_from_chie,rpp.82,2020,2020,1,1,0,0,,,,1,2008,2008,0,0,4
v3_the_face_of_success_inferences_from_chie,rpp.82,2020,2020,1,1,1,0,0.625,0.5,0.75,1,2008,2008,0,0,2
v3_the_face_of_success_inferences_from_chie,rpp.82,2021,2021,1,1,0,0,,,,0,2008,2008,0,0,7
v3_the_face_of_success_inferences_from_chie,rpp.82,2021,2021,1,1,0,0,,,,1,2008,2008,0,0,1
v3_the_face_of_success_inferences_from_chie,rpp.82,2021,2021,1,1,1,0,0.25,0.25,0.25,0,2008,2008,0,0,2
v3_the_face_of_success_inferences_from_chie,rpp.82,2021,2021,1,1,1,0,0.25,0.25,0.25,1,2008,2008,0,0,1
v3_the_face_of_success_inferences_from_chie,rpp.82,2021,2021,1,1,1,0,0.5,0.5,0.5,0,2008,2008,0,0,2
v3_the_face_of_success_inferences_from_chie,rpp.82,2021,2021,1,1,1,0,0.5,0.5,0.5,1,2008,2008,0,0,2
v3_the_face_of_success_inferences_from_chie,rpp.82,2021,2021,1,1,1,0,0.625,0.5,0.75,1,2008,2008,0,0,1
v3_the_face_of_success_inferences_from_chie,rpp.82,2021,2021,1,1,1,0,0.625,0.75,0.5,0,2008,2008,0,0,1
v3_the_face_of_success_inferences_from_chie,rpp.82,2021,2021,1,1,1,0,0.75,0.75,0.75,0,2008,2008,0,0,1
v3_the_face_of_success_inferences_from_chie,rpp.82,2021,2021,1,1,1,0,0.875,0.75,1.0,0,2008,2008,0,0,1
v3_the_face_of_success_inferences_from_chie,rpp.82,2021,2021,1,1,1,0,0.875,1,0.75,1,2008,2008,0,0,1
v3_the_face_of_success_inferences_from_chie,rpp.82,2021,2021,1,1,1,0,1.0,1,1.0,0,2008,2008,0,0,1
v3_the_face_of_success_inferences_from_chie,rpp.82,2022,2022,1,1,0,0,,,,0,2008,2008,0,0,1
v3_the_face_of_success_inferences_from_chie,rpp.82,2022,2022,1,1,0,0,,,,1,2008,2008,0,0,3
v3_the_face_of_success_inferences_from_chie,rpp.82,2022,2022,1,1,1,0,0.875,0.75,1.0,1,2008,2008,0,0,1
v3_the_face_of_success_inferences_from_chie,rpp.82,2023,2023,1,1,0,0,,,,0,2008,2008,0,0,4
v3_the_face_of_success_inferences_from_chie,rpp.82,2023,2023,1,1,0,0,,,,1,2008,2008,0,0,2
v3_the_face_of_success_inferences_from_chie,rpp.82,2023,2023,1,1,1,0,0.25,0.25,0.25,1,2008,2008,0,0,1
v3_the_face_of_success_inferences_from_chie,rpp.82,2023,2023,1,1,1,0,0.5,0.5,0.5,1,2008,2008,0,0,1
v3_the_face_of_success_inferences_from_chie,rpp.82,2023,2023,1,1,1,0,0.625,0.5,0.75,1,2008,2008,0,0,1
v3_the_face_of_success_inferences_from_chie,rpp.82,2023,2023,1,1,1,0,0.75,0.75,0.75,1,2008,2008,0,0,1
v3_the_face_of_success_inferences_from_chie,rpp.82,2023,2023,1,1,1,0,0.875,0.75,1.0,1,2008,2008,0,0,1
v3_the_face_of_success_inferences_from_chie,rpp.82,2023,2023,1,1,1,0,1.0,1,1.0,0,2008,2008,0,0,1
v3_the_face_of_success_inferences_from_chie,rpp.82,2024,2024,1,1,0,0,,,,1,2008,2008,0,0,1
v3_the_face_of_success_inferences_from_chie,rpp.82,2024,2024,1,1,1,0,0.875,1,0.75,1,2008,2008,0,0,1
v3_the_face_of_success_inferences_from_chie,rpp.82,2025,2025,1,1,0,0,,,,0,2008,2008,0,0,2
v3_the_face_of_success_inferences_from_chie,rpp.82,2025,2025,1,1,0,0,,,,1,2008,2008,0,0,1
v3_the_face_of_success_inferences_from_chie,rpp.82,2025,2025,1,1,1,0,0.5,0.75,0.25,1,2008,2008,0,0,1
v3_the_face_of_success_inferences_from_chie,rpp.82,2026,2026,1,1,0,0,,,,1,2008,2008,0,0,2
v3_the_face_of_success_inferences_from_chie,rpp.82,2026,2026,1,1,1,0,0.375,0.5,0.25,1,2008,2008,0,0,1
v3_the_face_of_success_inferences_from_chie,rpp.82,2026,2026,1,1,1,0,0.5,0.5,0.5,1,2008,2008,0,0,1
v3_the_framing_of_decisions_and_the_psychol,ml1.2,2010,2010,1,1,0,0,,,,0,1981,1981,0,0,7
v3_the_framing_of_decisions_and_the_psychol,ml1.2,2010,2010,1,1,0,0,,,,1,1981,1981,0,0,21
v3_the_framing_of_decisions_and_the_psychol,ml1.2,2010,2010,1,1,1,0,0.0,0,0.0,1,1981,1981,0,0,1
v3_the_framing_of_decisions_and_the_psychol,ml1.2,2010,2010,1,1,1,0,0.25,0.25,0.25,0,1981,1981,0,0,1
v3_the_framing_of_decisions_and_the_psychol,ml1.2,2010,2010,1,1,1,0,0.25,0.25,0.25,1,1981,1981,0,0,3
v3_the_framing_of_decisions_and_the_psychol,ml1.2,2010,2010,1,1,1,0,0.375,0.5,0.25,0,1981,1981,0,0,1
v3_the_framing_of_decisions_and_the_psychol,ml1.2,2010,2010,1,1,1,0,0.5,0.5,0.5,0,1981,1981,0,0,1
v3_the_framing_of_decisions_and_the_psychol,ml1.2,2010,2010,1,1,1,0,0.5,0.5,0.5,1,1981,1981,0,0,11
v3_the_framing_of_decisions_and_the_psychol,ml1.2,2010,2010,1,1,1,0,0.625,0.5,0.75,0,1981,1981,0,0,2
v3_the_framing_of_decisions_and_the_psychol,ml1.2,2010,2010,1,1,1,0,0.625,0.5,0.75,1,1981,1981,0,0,3
v3_the_framing_of_decisions_and_the_psychol,ml1.2,2010,2010,1,1,1,0,0.625,0.75,0.5,1,1981,1981,0,0,5
v3_the_framing_of_decisions_and_the_psychol,ml1.2,2010,2010,1,1,1,0,0.75,0.75,0.75,1,1981,1981,0,0,3
v3_the_framing_of_decisions_and_the_psychol,ml1.2,2010,2010,1,1,1,0,0.75,1,0.5,1,1981,1981,0,0,1
v3_the_framing_of_decisions_and_the_psychol,ml1.2,2010,2010,1,1,1,0,0.875,0.75,1.0,0,1981,1981,0,0,1
v3_the_framing_of_decisions_and_the_psychol,ml1.2,2010,2010,1,1,1,0,1.0,1,1.0,0,1981,1981,0,0,1
v3_the_framing_of_decisions_and_the_psychol,ml1.2,2010,2010,1,1,1,0,1.0,1,1.0,1,1981,1981,0,0,2
v3_the_framing_of_decisions_and_the_psychol,ml1.2,2018,2018,1,1,0,0,,,,0,1981,1981,0,0,7
v3_the_framing_of_decisions_and_the_psychol,ml1.2,2018,2018,1,1,0,0,,,,1,1981,1981,0,0,16
v3_the_framing_of_decisions_and_the_psychol,ml1.2,2018,2018,1,1,1,0,0.0,0,0.0,0,1981,1981,0,0,1
v3_the_framing_of_decisions_and_the_psychol,ml1.2,2018,2018,1,1,1,0,0.25,0.25,0.25,0,1981,1981,0,0,2
v3_the_framing_of_decisions_and_the_psychol,ml1.2,2018,2018,1,1,1,0,0.25,0.25,0.25,1,1981,1981,0,0,3
v3_the_framing_of_decisions_and_the_psychol,ml1.2,2018,2018,1,1,1,0,0.375,0.25,0.5,0,1981,1981,0,0,1
v3_the_framing_of_decisions_and_the_psychol,ml1.2,2018,2018,1,1,1,0,0.375,0.25,0.5,1,1981,1981,0,0,1
v3_the_framing_of_decisions_and_the_psychol,ml1.2,2018,2018,1,1,1,0,0.375,0.5,0.25,0,1981,1981,0,0,1
v3_the_framing_of_decisions_and_the_psychol,ml1.2,2018,2018,1,1,1,0,0.5,0.5,0.5,0,1981,1981,0,0,2
v3_the_framing_of_decisions_and_the_psychol,ml1.2,2018,2018,1,1,1,0,0.5,0.5,0.5,1,1981,1981,0,0,4
v3_the_framing_of_decisions_and_the_psychol,ml1.2,2018,2018,1,1,1,0,0.625,0.25,1.0,1,1981,1981,0,0,2
v3_the_framing_of_decisions_and_the_psychol,ml1.2,2018,2018,1,1,1,0,0.625,0.5,0.75,1,1981,1981,0,0,2
v3_the_framing_of_decisions_and_the_psychol,ml1.2,2018,2018,1,1,1,0,0.625,0.75,0.5,1,1981,1981,0,0,2
v3_the_framing_of_decisions_and_the_psychol,ml1.2,2018,2018,1,1,1,0,0.75,0.5,1.0,1,1981,1981,0,0,1
v3_the_framing_of_decisions_and_the_psychol,ml1.2,2018,2018,1,1,1,0,0.75,0.75,0.75,0,1981,1981,0,0,1
v3_the_framing_of_decisions_and_the_psychol,ml1.2,2018,2018,1,1,1,0,0.75,0.75,0.75,1,1981,1981,0,0,3
v3_the_framing_of_decisions_and_the_psychol,ml1.2,2018,2018,1,1,1,0,0.75,1,0.5,1,1981,1981,0,0,1
v3_the_framing_of_decisions_and_the_psychol,ml1.2,2018,2018,1,1,1,0,0.875,0.75,1.0,1,1981,1981,0,0,3
v3_the_framing_of_decisions_and_the_psychol,ml1.2,2018,2018,1,1,1,0,0.875,1,0.75,1,1981,1981,0,0,1
v3_the_framing_of_decisions_and_the_psychol,ml1.2,2018,2018,1,1,1,0,1.0,1,1.0,1,1981,1981,0,0,4
v3_the_framing_of_decisions_and_the_psychol,ml1.2,2026,2026,1,1,0,0,,,,0,1981,1981,0,0,3
v3_the_framing_of_decisions_and_the_psychol,ml1.2,2026,2026,1,1,0,0,,,,1,1981,1981,0,0,6
v3_the_framing_of_decisions_and_the_psychol,ml1.2,2026,2026,1,1,1,0,0.125,0,0.25,1,1981,1981,0,0,1
v3_the_framing_of_decisions_and_the_psychol,ml1.2,2026,2026,1,1,1,0,0.25,0.25,0.25,0,1981,1981,0,0,1
v3_the_framing_of_decisions_and_the_psychol,ml1.2,2026,2026,1,1,1,0,0.5,0.5,0.5,1,1981,1981,0,0,1
v3_the_framing_of_decisions_and_the_psychol,ml1.2,2026,2026,1,1,1,0,0.625,0.5,0.75,1,1981,1981,0,0,2
v3_the_framing_of_decisions_and_the_psychol,ml1.2,2026,2026,1,1,1,0,0.625,0.75,0.5,1,1981,1981,0,0,3
v3_the_framing_of_decisions_and_the_psychol,ml1.2,2026,2026,1,1,1,0,0.75,0.75,0.75,1,1981,1981,0,0,3
v3_the_framing_of_decisions_and_the_psychol,ml1.2,2026,2026,1,1,1,0,0.875,0.75,1.0,1,1981,1981,0,0,1
v3_the_framing_of_decisions_and_the_psychol,ml1.2,2026,2026,1,1,1,0,0.875,1,0.75,1,1981,1981,0,0,2
v3_the_framing_of_decisions_and_the_psychol,ml1.2,2026,2026,1,1,1,0,1.0,1,1.0,1,1981,1981,0,0,3
v3_the_intermixed_blocked_effect_in_human_p,rpp.5,2009,2009,1,1,0,0,,,,0,2008,2008,0,0,1
v3_the_intermixed_blocked_effect_in_human_p,rpp.5,2009,2009,1,1,0,0,,,,1,2008,2008,0,0,1
v3_the_intermixed_blocked_effect_in_human_p,rpp.5,2011,2011,1,1,0,0,,,,0,2008,2008,0,0,1
v3_the_intermixed_blocked_effect_in_human_p,rpp.5,2011,2011,1,1,0,0,,,,1,2008,2008,0,0,4
v3_the_intermixed_blocked_effect_in_human_p,rpp.5,2011,2011,1,1,1,0,0.25,0,0.5,1,2008,2008,0,0,1
v3_the_intermixed_blocked_effect_in_human_p,rpp.5,2011,2011,1,1,1,0,0.25,0.25,0.25,0,2008,2008,0,0,1
v3_the_intermixed_blocked_effect_in_human_p,rpp.5,2011,2011,1,1,1,0,0.375,0.25,0.5,1,2008,2008,0,0,1
v3_the_intermixed_blocked_effect_in_human_p,rpp.5,2011,2011,1,1,1,0,0.375,0.5,0.25,1,2008,2008,0,0,2
v3_the_intermixed_blocked_effect_in_human_p,rpp.5,2011,2011,1,1,1,0,0.5,0.5,0.5,1,2008,2008,0,0,2
v3_the_intermixed_blocked_effect_in_human_p,rpp.5,2011,2011,1,1,1,0,0.625,0.75,0.5,1,2008,2008,0,0,1
v3_the_intermixed_blocked_effect_in_human_p,rpp.5,2011,2011,1,1,1,0,0.875,0.75,1.0,1,2008,2008,0,0,1
v3_the_intermixed_blocked_effect_in_human_p,rpp.5,2012,2012,1,1,0,0,,,,0,2008,2008,0,0,1
v3_the_intermixed_blocked_effect_in_human_p,rpp.5,2012,2012,1,1,0,0,,,,1,2008,2008,0,0,3
v3_the_intermixed_blocked_effect_in_human_p,rpp.5,2012,2012,1,1,1,0,0.0,0,0.0,1,2008,2008,0,0,1
v3_the_intermixed_blocked_effect_in_human_p,rpp.5,2012,2012,1,1,1,0,0.25,0,0.5,0,2008,2008,0,0,1
v3_the_intermixed_blocked_effect_in_human_p,rpp.5,2012,2012,1,1,1,0,0.375,0.5,0.25,0,2008,2008,0,0,1
v3_the_intermixed_blocked_effect_in_human_p,rpp.5,2012,2012,1,1,1,0,0.5,0.5,0.5,0,2008,2008,0,0,2
v3_the_intermixed_blocked_effect_in_human_p,rpp.5,2012,2012,1,1,1,0,0.5,0.5,0.5,1,2008,2008,0,0,4
v3_the_intermixed_blocked_effect_in_human_p,rpp.5,2012,2012,1,1,1,0,0.625,0.75,0.5,1,2008,2008,0,0,2
v3_the_intermixed_blocked_effect_in_human_p,rpp.5,2012,2012,1,1,1,0,0.75,0.75,0.75,1,2008,2008,0,0,2
v3_the_intermixed_blocked_effect_in_human_p,rpp.5,2013,2013,1,1,1,0,0.375,0.5,0.25,1,2008,2008,0,0,1
v3_the_intermixed_blocked_effect_in_human_p,rpp.5,2013,2013,1,1,1,0,0.625,0.75,0.5,1,2008,2008,0,0,1
v3_the_intermixed_blocked_effect_in_human_p,rpp.5,2013,2014,2,2,1,0,0.25,0.25,0.25,1,2008,2008,0,0,1
v3_the_intermixed_blocked_effect_in_human_p,rpp.5,2014,2014,1,1,0,0,,,,0,2008,2008,0,0,1
v3_the_intermixed_blocked_effect_in_human_p,rpp.5,2015,2015,1,1,1,0,0.625,0.5,0.75,1,2008,2008,0,0,1
v3_the_intermixed_blocked_effect_in_human_p,rpp.5,2017,2017,1,1,1,0,0.375,0.5,0.25,1,2008,2008,0,0,1
v3_the_intermixed_blocked_effect_in_human_p,rpp.5,2017,2018,2,2,0,0,,,,1,2008,2008,0,0,1
v3_the_intermixed_blocked_effect_in_human_p,rpp.5,2018,2018,1,1,0,0,,,,1,2008,2008,0,0,1
v3_the_intermixed_blocked_effect_in_human_p,rpp.5,2019,2019,1,1,1,0,0.5,0.5,0.5,1,2008,2008,0,0,1
v3_the_intermixed_blocked_effect_in_human_p,rpp.5,2020,2020,1,1,0,0,,,,0,2008,2008,0,0,1
v3_the_intermixed_blocked_effect_in_human_p,rpp.5,2021,2021,1,1,0,0,,,,1,2008,2008,0,0,1
v3_the_intermixed_blocked_effect_in_human_p,rpp.5,2021,2021,1,1,1,0,0.125,0,0.25,1,2008,2008,0,0,1
v3_the_intermixed_blocked_effect_in_human_p,rpp.5,2022,2022,1,1,0,0,,,,1,2008,2008,0,0,1
v3_the_intermixed_blocked_effect_in_human_p,rpp.5,2023,2023,1,1,1,0,0.25,0.25,0.25,0,2008,2008,0,0,1
v3_the_intermixed_blocked_effect_in_human_p,rpp.5,2025,2025,1,1,1,0,0.75,0.75,0.75,1,2008,2008,0,0,2
v3_the_lure_of_authority_motivation_and_inc,ee.10,2012,2012,1,1,0,0,,,,0,2013,2013,1,1,1
v3_the_lure_of_authority_motivation_and_inc,ee.10,2012,2012,1,1,0,0,,,,1,2013,2013,1,1,1
v3_the_lure_of_authority_motivation_and_inc,ee.10,2012,2012,1,1,1,0,0.125,0,0.25,0,2013,2013,1,1,1
v3_the_lure_of_authority_motivation_and_inc,ee.10,2012,2012,1,1,1,0,0.375,0.25,0.5,0,2013,2013,1,1,1
v3_the_lure_of_authority_motivation_and_inc,ee.10,2012,2012,1,1,1,0,0.5,0.5,0.5,0,2013,2013,1,1,1
v3_the_lure_of_authority_motivation_and_inc,ee.10,2013,2013,1,1,0,0,,,,0,2013,2013,0,0,1
v3_the_lure_of_authority_motivation_and_inc,ee.10,2013,2013,1,1,0,0,,,,1,2013,2013,0,0,1
v3_the_lure_of_authority_motivation_and_inc,ee.10,2013,2013,1,1,1,0,0.25,0.25,0.25,1,2013,2013,0,0,1
v3_the_lure_of_authority_motivation_and_inc,ee.10,2013,2014,2,2,1,0,0.375,0.25,0.5,1,2013,2013,0,0,1
v3_the_lure_of_authority_motivation_and_inc,ee.10,2014,2014,1,1,0,0,,,,0,2013,2013,0,0,3
v3_the_lure_of_authority_motivation_and_inc,ee.10,2014,2014,1,1,0,0,,,,1,2013,2013,0,0,2
v3_the_lure_of_authority_motivation_and_inc,ee.10,2015,2015,1,1,0,0,,,,0,2013,2013,0,0,4
v3_the_lure_of_authority_motivation_and_inc,ee.10,2015,2015,1,1,0,0,,,,1,2013,2013,0,0,3
v3_the_lure_of_authority_motivation_and_inc,ee.10,2015,2015,1,1,1,0,0.25,0.25,0.25,1,2013,2013,0,0,1
v3_the_lure_of_authority_motivation_and_inc,ee.10,2015,2015,1,1,1,0,0.5,0.5,0.5,1,2013,2013,0,0,3
v3_the_lure_of_authority_motivation_and_inc,ee.10,2015,2015,1,1,1,0,0.75,0.75,0.75,1,2013,2013,0,0,1
v3_the_lure_of_authority_motivation_and_inc,ee.10,2015,2016,2,2,1,0,0.25,0.25,0.25,0,2013,2013,0,0,1
v3_the_lure_of_authority_motivation_and_inc,ee.10,2015,2016,2,2,1,0,0.75,0.75,0.75,1,2013,2013,0,0,1
v3_the_lure_of_authority_motivation_and_inc,ee.10,2015,2016,2,2,1,0,0.75,1,0.5,1,2013,2013,0,0,1
v3_the_lure_of_authority_motivation_and_inc,ee.10,2016,2016,1,1,0,0,,,,0,2013,2013,0,0,5
v3_the_lure_of_authority_motivation_and_inc,ee.10,2016,2016,1,1,0,0,,,,1,2013,2013,0,0,4
v3_the_lure_of_authority_motivation_and_inc,ee.10,2016,2016,1,1,1,0,0.25,0.25,0.25,1,2013,2013,0,0,1
v3_the_lure_of_authority_motivation_and_inc,ee.10,2016,2016,1,1,1,0,0.5,0.5,0.5,1,2013,2013,0,0,4
v3_the_lure_of_authority_motivation_and_inc,ee.10,2016,2016,1,1,1,0,0.625,0.5,0.75,0,2013,2013,0,0,1
v3_the_lure_of_authority_motivation_and_inc,ee.10,2016,2016,1,1,1,0,0.625,0.5,0.75,1,2013,2013,0,0,3
v3_the_lure_of_authority_motivation_and_inc,ee.10,2016,2016,1,1,1,0,0.625,0.75,0.5,0,2013,2013,0,0,1
v3_the_lure_of_authority_motivation_and_inc,ee.10,2017,2017,1,1,0,0,,,,0,2013,2013,0,0,9
v3_the_lure_of_authority_motivation_and_inc,ee.10,2017,2017,1,1,0,0,,,,1,2013,2013,0,0,9
v3_the_lure_of_authority_motivation_and_inc,ee.10,2017,2017,1,1,1,0,0.0,0,0.0,1,2013,2013,0,0,2
v3_the_lure_of_authority_motivation_and_inc,ee.10,2017,2017,1,1,1,0,0.25,0.25,0.25,1,2013,2013,0,0,3
v3_the_lure_of_authority_motivation_and_inc,ee.10,2017,2017,1,1,1,0,0.375,0.25,0.5,0,2013,2013,0,0,1
v3_the_lure_of_authority_motivation_and_inc,ee.10,2017,2017,1,1,1,0,0.375,0.25,0.5,1,2013,2013,0,0,3
v3_the_lure_of_authority_motivation_and_inc,ee.10,2017,2017,1,1,1,0,0.5,0.5,0.5,1,2013,2013,0,0,2
v3_the_lure_of_authority_motivation_and_inc,ee.10,2017,2017,1,1,1,0,0.625,0.75,0.5,1,2013,2013,0,0,1
v3_the_lure_of_authority_motivation_and_inc,ee.10,2017,2017,1,1,1,0,0.75,0.5,1.0,1,2013,2013,0,0,1
v3_the_lure_of_authority_motivation_and_inc,ee.10,2017,2017,1,1,1,0,0.75,0.75,0.75,1,2013,2013,0,0,2
v3_the_lure_of_authority_motivation_and_inc,ee.10,2017,2017,1,1,1,0,0.75,1,0.5,1,2013,2013,0,0,1
v3_the_lure_of_authority_motivation_and_inc,ee.10,2017,2017,1,1,1,0,1.0,1,1.0,1,2013,2013,0,0,1
v3_the_lure_of_authority_motivation_and_inc,ee.10,2017,2020,2,2,1,0,0.625,0.75,0.5,1,2013,2013,0,0,1
v3_the_lure_of_authority_motivation_and_inc,ee.10,2018,2018,1,1,0,0,,,,0,2013,2013,0,0,5
v3_the_lure_of_authority_motivation_and_inc,ee.10,2018,2018,1,1,0,0,,,,1,2013,2013,0,0,8
v3_the_lure_of_authority_motivation_and_inc,ee.10,2018,2018,1,1,1,0,0.125,0.25,0.0,1,2013,2013,0,0,1
v3_the_lure_of_authority_motivation_and_inc,ee.10,2018,2018,1,1,1,0,0.375,0.25,0.5,0,2013,2013,0,0,1
v3_the_lure_of_authority_motivation_and_inc,ee.10,2018,2018,1,1,1,0,0.5,0.5,0.5,0,2013,2013,0,0,2
v3_the_lure_of_authority_motivation_and_inc,ee.10,2018,2018,1,1,1,0,0.5,0.5,0.5,1,2013,2013,0,0,3
v3_the_lure_of_authority_motivation_and_inc,ee.10,2018,2018,1,1,1,0,0.625,0.75,0.5,1,2013,2013,0,0,3
v3_the_lure_of_authority_motivation_and_inc,ee.10,2018,2018,1,1,1,0,0.75,0.75,0.75,0,2013,2013,0,0,2
v3_the_lure_of_authority_motivation_and_inc,ee.10,2018,2018,1,1,1,0,0.875,0.75,1.0,1,2013,2013,0,0,1
v3_the_lure_of_authority_motivation_and_inc,ee.10,2018,2018,1,1,1,0,1.0,1,1.0,1,2013,2013,0,0,1
v3_the_lure_of_authority_motivation_and_inc,ee.10,2019,2019,1,1,0,0,,,,0,2013,2013,0,0,3
v3_the_lure_of_authority_motivation_and_inc,ee.10,2019,2019,1,1,0,0,,,,1,2013,2013,0,0,5
v3_the_lure_of_authority_motivation_and_inc,ee.10,2019,2019,1,1,1,0,0.0,0,0.0,1,2013,2013,0,0,1
v3_the_lure_of_authority_motivation_and_inc,ee.10,2019,2019,1,1,1,0,0.125,0.25,0.0,1,2013,2013,0,0,1
v3_the_lure_of_authority_motivation_and_inc,ee.10,2019,2019,1,1,1,0,0.25,0.25,0.25,1,2013,2013,0,0,1
v3_the_lure_of_authority_motivation_and_inc,ee.10,2019,2019,1,1,1,0,0.375,0.25,0.5,0,2013,2013,0,0,1
v3_the_lure_of_authority_motivation_and_inc,ee.10,2019,2019,1,1,1,0,0.5,0.5,0.5,0,2013,2013,0,0,1
v3_the_lure_of_authority_motivation_and_inc,ee.10,2019,2019,1,1,1,0,0.5,0.5,0.5,1,2013,2013,0,0,3
v3_the_lure_of_authority_motivation_and_inc,ee.10,2019,2019,1,1,1,0,0.75,0.75,0.75,1,2013,2013,0,0,1
v3_the_lure_of_authority_motivation_and_inc,ee.10,2019,2020,2,2,0,0,,,,1,2013,2013,0,0,1
v3_the_lure_of_authority_motivation_and_inc,ee.10,2020,2020,1,1,0,0,,,,0,2013,2013,0,0,5
v3_the_lure_of_authority_motivation_and_inc,ee.10,2020,2020,1,1,0,0,,,,1,2013,2013,0,0,4
v3_the_lure_of_authority_motivation_and_inc,ee.10,2020,2020,1,1,1,0,0.0,0,0.0,1,2013,2013,0,0,1
v3_the_lure_of_authority_motivation_and_inc,ee.10,2020,2020,1,1,1,0,0.125,0,0.25,1,2013,2013,0,0,1
v3_the_lure_of_authority_motivation_and_inc,ee.10,2020,2020,1,1,1,0,0.25,0.25,0.25,1,2013,2013,0,0,2
v3_the_lure_of_authority_motivation_and_inc,ee.10,2020,2020,1,1,1,0,0.375,0.25,0.5,1,2013,2013,0,0,2
v3_the_lure_of_authority_motivation_and_inc,ee.10,2020,2020,1,1,1,0,0.5,0.5,0.5,1,2013,2013,0,0,1
v3_the_lure_of_authority_motivation_and_inc,ee.10,2020,2020,1,1,1,0,0.625,0.5,0.75,1,2013,2013,0,0,1
v3_the_lure_of_authority_motivation_and_inc,ee.10,2020,2020,1,1,1,0,0.625,0.75,0.5,1,2013,2013,0,0,1
v3_the_lure_of_authority_motivation_and_inc,ee.10,2020,2020,1,1,1,0,0.75,0.75,0.75,1,2013,2013,0,0,1
v3_the_lure_of_authority_motivation_and_inc,ee.10,2020,2020,1,1,1,0,1.0,1,1.0,1,2013,2013,0,0,1
v3_the_lure_of_authority_motivation_and_inc,ee.10,2020,2021,2,2,1,1,0.125,0,0.25,1,2013,2013,0,0,1
v3_the_lure_of_authority_motivation_and_inc,ee.10,2021,2021,1,1,0,0,,,,0,2013,2013,0,0,3
v3_the_lure_of_authority_motivation_and_inc,ee.10,2021,2021,1,1,0,0,,,,1,2013,2013,0,0,1
v3_the_lure_of_authority_motivation_and_inc,ee.10,2021,2021,1,1,1,0,0.125,0,0.25,1,2013,2013,0,0,1
v3_the_lure_of_authority_motivation_and_inc,ee.10,2021,2021,1,1,1,0,0.25,0.25,0.25,1,2013,2013,0,0,1
v3_the_lure_of_authority_motivation_and_inc,ee.10,2021,2021,1,1,1,0,0.5,0.5,0.5,1,2013,2013,0,0,2
v3_the_lure_of_authority_motivation_and_inc,ee.10,2021,2021,1,1,1,0,0.625,0.75,0.5,1,2013,2013,0,0,1
v3_the_lure_of_authority_motivation_and_inc,ee.10,2021,2021,1,1,1,0,0.75,0.75,0.75,0,2013,2013,0,0,1
v3_the_lure_of_authority_motivation_and_inc,ee.10,2021,2021,1,1,1,0,0.75,0.75,0.75,1,2013,2013,0,0,1
v3_the_lure_of_authority_motivation_and_inc,ee.10,2021,2021,1,1,1,0,0.875,0.75,1.0,1,2013,2013,0,0,1
v3_the_lure_of_authority_motivation_and_inc,ee.10,2022,2022,1,1,0,0,,,,1,2013,2013,0,0,1
v3_the_lure_of_authority_motivation_and_inc,ee.10,2022,2022,1,1,1,0,0.5,0.5,0.5,1,2013,2013,0,0,1
v3_the_lure_of_authority_motivation_and_inc,ee.10,2022,2022,1,1,1,0,0.625,0.5,0.75,1,2013,2013,0,0,1
v3_the_lure_of_authority_motivation_and_inc,ee.10,2022,2022,1,1,1,0,0.75,1,0.5,1,2013,2013,0,0,1
v3_the_lure_of_authority_motivation_and_inc,ee.10,2023,2023,1,1,0,0,,,,0,2013,2013,0,0,1
v3_the_lure_of_authority_motivation_and_inc,ee.10,2023,2023,1,1,0,0,,,,1,2013,2013,0,0,3
v3_the_lure_of_authority_motivation_and_inc,ee.10,2023,2023,1,1,1,0,0.375,0.5,0.25,0,2013,2013,0,0,1
v3_the_lure_of_authority_motivation_and_inc,ee.10,2023,2023,1,1,1,0,0.5,0.25,0.75,0,2013,2013,0,0,1
v3_the_lure_of_authority_motivation_and_inc,ee.10,2023,2023,1,1,1,0,0.5,0.5,0.5,1,2013,2013,0,0,2
v3_the_lure_of_authority_motivation_and_inc,ee.10,2023,2023,1,1,1,0,0.625,0.5,0.75,1,2013,2013,0,0,1
v3_the_lure_of_authority_motivation_and_inc,ee.10,2023,2023,1,1,1,0,0.875,1,0.75,1,2013,2013,0,0,1
v3_the_lure_of_authority_motivation_and_inc,ee.10,2024,2024,1,1,0,0,,,,1,2013,2013,0,0,1
v3_the_lure_of_authority_motivation_and_inc,ee.10,2024,2024,1,1,1,0,0.25,0.25,0.25,1,2013,2013,0,0,2
v3_the_lure_of_authority_motivation_and_inc,ee.10,2024,2024,1,1,1,0,0.5,0.5,0.5,1,2013,2013,0,0,2
v3_the_lure_of_authority_motivation_and_inc,ee.10,2025,2025,1,1,0,0,,,,0,2013,2013,0,0,1
v3_the_lure_of_authority_motivation_and_inc,ee.10,2025,2025,1,1,0,0,,,,1,2013,2013,0,0,2
v3_the_lure_of_authority_motivation_and_inc,ee.10,2025,2025,1,1,1,0,0.25,0,0.5,0,2013,2013,0,0,1
v3_the_lure_of_authority_motivation_and_inc,ee.10,2025,2025,1,1,1,0,0.5,0.5,0.5,1,2013,2013,0,0,1
v3_the_lure_of_authority_motivation_and_inc,ee.10,2025,2025,1,1,1,0,0.875,0.75,1.0,1,2013,2013,0,0,1
v3_the_lure_of_authority_motivation_and_inc,ee.10,2026,2026,1,1,0,0,,,,0,2013,2013,0,0,1
v3_the_lure_of_authority_motivation_and_inc,ee.10,2026,2026,1,1,1,0,0.5,0.5,0.5,0,2013,2013,0,0,1
v3_the_lure_of_authority_motivation_and_inc,ee.10,2026,2026,1,1,1,0,0.625,0.5,0.75,1,2013,2013,0,0,1
v3_the_nonverbal_expression_of_pride_eviden,rpp.69,1993,2008,2,2,1,0,0.75,0.75,0.75,1,2008,2006,1,1,1
v3_the_nonverbal_expression_of_pride_eviden,rpp.69,2007,2007,1,1,0,0,,,,0,2008,2006,1,0,3
v3_the_nonverbal_expression_of_pride_eviden,rpp.69,2007,2007,1,1,0,0,,,,1,2008,2006,1,0,2
v3_the_nonverbal_expression_of_pride_eviden,rpp.69,2007,2007,1,1,1,0,0.25,0.25,0.25,0,2008,2006,1,0,2
v3_the_nonverbal_expression_of_pride_eviden,rpp.69,2007,2007,1,1,1,0,0.25,0.25,0.25,1,2008,2006,1,0,4
v3_the_nonverbal_expression_of_pride_eviden,rpp.69,2007,2007,1,1,1,0,0.375,0.25,0.5,1,2008,2006,1,0,1
v3_the_nonverbal_expression_of_pride_eviden,rpp.69,2007,2007,1,1,1,0,0.5,0.25,0.75,0,2008,2006,1,0,1
v3_the_nonverbal_expression_of_pride_eviden,rpp.69,2007,2007,1,1,1,0,0.625,0.25,1.0,1,2008,2006,1,0,1
v3_the_nonverbal_expression_of_pride_eviden,rpp.69,2007,2007,1,1,1,0,0.625,0.5,0.75,1,2008,2006,1,0,2
v3_the_nonverbal_expression_of_pride_eviden,rpp.69,2007,2007,1,1,1,0,0.75,0.75,0.75,1,2008,2006,1,0,1
v3_the_nonverbal_expression_of_pride_eviden,rpp.69,2008,2008,1,1,0,0,,,,0,2008,2006,0,0,2
v3_the_nonverbal_expression_of_pride_eviden,rpp.69,2008,2008,1,1,1,0,0.25,0.25,0.25,0,2008,2006,0,0,1
v3_the_nonverbal_expression_of_pride_eviden,rpp.69,2008,2008,1,1,1,0,0.375,0.5,0.25,0,2008,2006,0,0,1
v3_the_nonverbal_expression_of_pride_eviden,rpp.69,2008,2008,1,1,1,0,0.5,0.5,0.5,0,2008,2006,0,0,1
v3_the_nonverbal_expression_of_pride_eviden,rpp.69,2008,2008,1,1,1,0,0.5,0.5,0.5,1,2008,2006,0,0,1
v3_the_nonverbal_expression_of_pride_eviden,rpp.69,2008,2008,1,1,1,0,0.75,0.75,0.75,0,2008,2006,0,0,1
v3_the_nonverbal_expression_of_pride_eviden,rpp.69,2009,2009,1,1,0,0,,,,0,2008,2006,0,0,1
v3_the_nonverbal_expression_of_pride_eviden,rpp.69,2009,2009,1,1,0,0,,,,1,2008,2006,0,0,1
v3_the_nonverbal_expression_of_pride_eviden,rpp.69,2009,2009,1,1,1,0,0.0,0,0.0,0,2008,2006,0,0,1
v3_the_nonverbal_expression_of_pride_eviden,rpp.69,2009,2009,1,1,1,0,0.125,0,0.25,0,2008,2006,0,0,1
v3_the_nonverbal_expression_of_pride_eviden,rpp.69,2009,2009,1,1,1,0,0.5,0.5,0.5,0,2008,2006,0,0,1
v3_the_nonverbal_expression_of_pride_eviden,rpp.69,2009,2009,1,1,1,0,0.5,0.5,0.5,1,2008,2006,0,0,1
v3_the_nonverbal_expression_of_pride_eviden,rpp.69,2009,2009,1,1,1,0,0.625,0.75,0.5,1,2008,2006,0,0,1
v3_the_nonverbal_expression_of_pride_eviden,rpp.69,2010,2010,1,1,0,0,,,,0,2008,2006,0,0,2
v3_the_nonverbal_expression_of_pride_eviden,rpp.69,2010,2010,1,1,0,0,,,,1,2008,2006,0,0,2
v3_the_nonverbal_expression_of_pride_eviden,rpp.69,2010,2010,1,1,1,0,0.25,0.25,0.25,0,2008,2006,0,0,1
v3_the_nonverbal_expression_of_pride_eviden,rpp.69,2010,2010,1,1,1,0,0.5,0.5,0.5,0,2008,2006,0,0,1
v3_the_nonverbal_expression_of_pride_eviden,rpp.69,2010,2010,1,1,1,0,0.5,0.5,0.5,1,2008,2006,0,0,3
v3_the_nonverbal_expression_of_pride_eviden,rpp.69,2010,2010,1,1,1,0,0.625,0.75,0.5,1,2008,2006,0,0,1
v3_the_nonverbal_expression_of_pride_eviden,rpp.69,2010,2010,1,1,1,0,0.875,0.75,1.0,1,2008,2006,0,0,1
v3_the_nonverbal_expression_of_pride_eviden,rpp.69,2011,2011,1,1,0,0,,,,0,2008,2006,0,0,2
v3_the_nonverbal_expression_of_pride_eviden,rpp.69,2011,2011,1,1,0,0,,,,1,2008,2006,0,0,3
v3_the_nonverbal_expression_of_pride_eviden,rpp.69,2011,2011,1,1,1,0,0.0,0,0.0,1,2008,2006,0,0,1
v3_the_nonverbal_expression_of_pride_eviden,rpp.69,2011,2011,1,1,1,0,0.25,0.25,0.25,1,2008,2006,0,0,2
v3_the_nonverbal_expression_of_pride_eviden,rpp.69,2011,2011,1,1,1,0,0.375,0.5,0.25,1,2008,2006,0,0,1
v3_the_nonverbal_expression_of_pride_eviden,rpp.69,2011,2011,1,1,1,0,0.5,0.25,0.75,0,2008,2006,0,0,1
v3_the_nonverbal_expression_of_pride_eviden,rpp.69,2011,2011,1,1,1,0,0.5,0.25,0.75,1,2008,2006,0,0,1
v3_the_nonverbal_expression_of_pride_eviden,rpp.69,2011,2011,1,1,1,0,0.5,0.5,0.5,0,2008,2006,0,0,2
v3_the_nonverbal_expression_of_pride_eviden,rpp.69,2011,2011,1,1,1,0,0.5,0.5,0.5,1,2008,2006,0,0,1
v3_the_nonverbal_expression_of_pride_eviden,rpp.69,2011,2011,1,1,1,0,0.625,0.5,0.75,1,2008,2006,0,0,1
v3_the_nonverbal_expression_of_pride_eviden,rpp.69,2011,2011,1,1,1,0,0.75,0.5,1.0,1,2008,2006,0,0,1
v3_the_nonverbal_expression_of_pride_eviden,rpp.69,2011,2011,1,1,1,0,1.0,1,1.0,1,2008,2006,0,0,2
v3_the_nonverbal_expression_of_pride_eviden,rpp.69,2012,2012,1,1,0,0,,,,0,2008,2006,0,0,3
v3_the_nonverbal_expression_of_pride_eviden,rpp.69,2012,2012,1,1,0,0,,,,1,2008,2006,0,0,6
v3_the_nonverbal_expression_of_pride_eviden,rpp.69,2012,2012,1,1,1,0,0.125,0,0.25,1,2008,2006,0,0,1
v3_the_nonverbal_expression_of_pride_eviden,rpp.69,2012,2012,1,1,1,0,0.25,0,0.5,0,2008,2006,0,0,1
v3_the_nonverbal_expression_of_pride_eviden,rpp.69,2012,2012,1,1,1,0,0.25,0.25,0.25,0,2008,2006,0,0,4
v3_the_nonverbal_expression_of_pride_eviden,rpp.69,2012,2012,1,1,1,0,0.25,0.25,0.25,1,2008,2006,0,0,3
v3_the_nonverbal_expression_of_pride_eviden,rpp.69,2012,2012,1,1,1,0,0.375,0.5,0.25,1,2008,2006,0,0,1
v3_the_nonverbal_expression_of_pride_eviden,rpp.69,2012,2012,1,1,1,0,0.375,0.75,0.0,1,2008,2006,0,0,1
v3_the_nonverbal_expression_of_pride_eviden,rpp.69,2012,2012,1,1,1,0,0.5,0.5,0.5,1,2008,2006,0,0,2
v3_the_nonverbal_expression_of_pride_eviden,rpp.69,2012,2012,1,1,1,0,0.625,0.5,0.75,0,2008,2006,0,0,1
v3_the_nonverbal_expression_of_pride_eviden,rpp.69,2012,2012,1,1,1,0,0.625,0.75,0.5,0,2008,2006,0,0,1
v3_the_nonverbal_expression_of_pride_eviden,rpp.69,2012,2012,1,1,1,0,0.75,0.75,0.75,0,2008,2006,0,0,1
v3_the_nonverbal_expression_of_pride_eviden,rpp.69,2012,2012,1,1,1,0,0.75,0.75,0.75,1,2008,2006,0,0,3
v3_the_nonverbal_expression_of_pride_eviden,rpp.69,2012,2012,1,1,1,0,0.875,1,0.75,0,2008,2006,0,0,1
v3_the_nonverbal_expression_of_pride_eviden,rpp.69,2012,2012,1,1,1,0,1.0,1,1.0,1,2008,2006,0,0,1
v3_the_nonverbal_expression_of_pride_eviden,rpp.69,2012,2013,2,2,1,0,0.625,0.5,0.75,0,2008,2006,0,0,1
v3_the_nonverbal_expression_of_pride_eviden,rpp.69,2012,2013,2,2,1,0,0.75,0.75,0.75,1,2008,2006,0,0,1
v3_the_nonverbal_expression_of_pride_eviden,rpp.69,2013,2013,1,1,0,0,,,,0,2008,2006,0,0,6
v3_the_nonverbal_expression_of_pride_eviden,rpp.69,2013,2013,1,1,0,0,,,,1,2008,2006,0,0,2
v3_the_nonverbal_expression_of_pride_eviden,rpp.69,2013,2013,1,1,1,0,0.25,0.25,0.25,1,2008,2006,0,0,1
v3_the_nonverbal_expression_of_pride_eviden,rpp.69,2013,2013,1,1,1,0,0.5,0.5,0.5,1,2008,2006,0,0,1
v3_the_nonverbal_expression_of_pride_eviden,rpp.69,2013,2013,1,1,1,0,0.625,0.75,0.5,0,2008,2006,0,0,2
v3_the_nonverbal_expression_of_pride_eviden,rpp.69,2013,2013,1,1,1,0,0.75,0.75,0.75,0,2008,2006,0,0,1
v3_the_nonverbal_expression_of_pride_eviden,rpp.69,2013,2013,1,1,1,0,0.75,0.75,0.75,1,2008,2006,0,0,2
v3_the_nonverbal_expression_of_pride_eviden,rpp.69,2013,2013,1,1,1,0,0.875,0.75,1.0,0,2008,2006,0,0,1
v3_the_nonverbal_expression_of_pride_eviden,rpp.69,2013,2017,2,2,1,0,0.5,0.5,0.5,1,2008,2006,0,0,1
v3_the_nonverbal_expression_of_pride_eviden,rpp.69,2014,2014,1,1,0,0,,,,0,2008,2006,0,0,2
v3_the_nonverbal_expression_of_pride_eviden,rpp.69,2014,2014,1,1,0,0,,,,1,2008,2006,0,0,2
v3_the_nonverbal_expression_of_pride_eviden,rpp.69,2014,2014,1,1,1,0,0.5,0.5,0.5,0,2008,2006,0,0,1
v3_the_nonverbal_expression_of_pride_eviden,rpp.69,2014,2014,1,1,1,0,0.75,0.75,0.75,0,2008,2006,0,0,1
v3_the_nonverbal_expression_of_pride_eviden,rpp.69,2014,2014,1,1,1,0,0.75,0.75,0.75,1,2008,2006,0,0,1
v3_the_nonverbal_expression_of_pride_eviden,rpp.69,2015,2015,1,1,0,0,,,,1,2008,2006,0,0,3
v3_the_nonverbal_expression_of_pride_eviden,rpp.69,2015,2015,1,1,1,0,0.25,0.25,0.25,0,2008,2006,0,0,1
v3_the_nonverbal_expression_of_pride_eviden,rpp.69,2015,2015,1,1,1,0,0.5,0.5,0.5,0,2008,2006,0,0,1
v3_the_nonverbal_expression_of_pride_eviden,rpp.69,2015,2015,1,1,1,0,0.5,0.5,0.5,1,2008,2006,0,0,5
v3_the_nonverbal_expression_of_pride_eviden,rpp.69,2015,2015,1,1,1,0,0.75,0.75,0.75,0,2008,2006,0,0,2
v3_the_nonverbal_expression_of_pride_eviden,rpp.69,2015,2016,2,2,1,1,0.75,0.75,0.75,0,2008,2006,0,0,1
v3_the_nonverbal_expression_of_pride_eviden,rpp.69,2016,2016,1,1,0,0,,,,0,2008,2006,0,0,3
v3_the_nonverbal_expression_of_pride_eviden,rpp.69,2016,2016,1,1,0,0,,,,1,2008,2006,0,0,2
v3_the_nonverbal_expression_of_pride_eviden,rpp.69,2016,2016,1,1,1,0,0.25,0.25,0.25,1,2008,2006,0,0,1
v3_the_nonverbal_expression_of_pride_eviden,rpp.69,2016,2016,1,1,1,0,0.5,0.5,0.5,1,2008,2006,0,0,4
v3_the_nonverbal_expression_of_pride_eviden,rpp.69,2016,2016,1,1,1,0,0.625,0.5,0.75,1,2008,2006,0,0,1
v3_the_nonverbal_expression_of_pride_eviden,rpp.69,2016,2016,1,1,1,0,0.625,0.75,0.5,0,2008,2006,0,0,1
v3_the_nonverbal_expression_of_pride_eviden,rpp.69,2016,2016,1,1,1,0,0.625,0.75,0.5,1,2008,2006,0,0,1
v3_the_nonverbal_expression_of_pride_eviden,rpp.69,2016,2016,1,1,1,0,0.75,0.75,0.75,0,2008,2006,0,0,1
v3_the_nonverbal_expression_of_pride_eviden,rpp.69,2016,2016,1,1,1,0,0.75,0.75,0.75,1,2008,2006,0,0,1
v3_the_nonverbal_expression_of_pride_eviden,rpp.69,2016,2016,1,1,1,0,0.75,1,0.5,1,2008,2006,0,0,1
v3_the_nonverbal_expression_of_pride_eviden,rpp.69,2016,2016,1,1,1,0,0.875,0.75,1.0,0,2008,2006,0,0,1
v3_the_nonverbal_expression_of_pride_eviden,rpp.69,2017,2017,1,1,0,0,,,,0,2008,2006,0,0,3
v3_the_nonverbal_expression_of_pride_eviden,rpp.69,2017,2017,1,1,0,0,,,,1,2008,2006,0,0,2
v3_the_nonverbal_expression_of_pride_eviden,rpp.69,2017,2017,1,1,1,0,0.5,0.5,0.5,1,2008,2006,0,0,2
v3_the_nonverbal_expression_of_pride_eviden,rpp.69,2017,2017,1,1,1,0,0.625,0.5,0.75,0,2008,2006,0,0,1
v3_the_nonverbal_expression_of_pride_eviden,rpp.69,2017,2017,1,1,1,0,0.625,0.5,0.75,1,2008,2006,0,0,1
v3_the_nonverbal_expression_of_pride_eviden,rpp.69,2017,2017,1,1,1,0,0.625,0.75,0.5,1,2008,2006,0,0,3
v3_the_nonverbal_expression_of_pride_eviden,rpp.69,2017,2017,1,1,1,0,0.75,0.75,0.75,0,2008,2006,0,0,1
v3_the_nonverbal_expression_of_pride_eviden,rpp.69,2017,2017,1,1,1,0,0.75,0.75,0.75,1,2008,2006,0,0,3
v3_the_nonverbal_expression_of_pride_eviden,rpp.69,2017,2017,1,1,1,0,1.0,1,1.0,1,2008,2006,0,0,1
v3_the_nonverbal_expression_of_pride_eviden,rpp.69,2018,2018,1,1,0,0,,,,0,2008,2006,0,0,4
v3_the_nonverbal_expression_of_pride_eviden,rpp.69,2018,2018,1,1,0,0,,,,1,2008,2006,0,0,5
v3_the_nonverbal_expression_of_pride_eviden,rpp.69,2018,2018,1,1,1,0,0.25,0.25,0.25,0,2008,2006,0,0,1
v3_the_nonverbal_expression_of_pride_eviden,rpp.69,2018,2018,1,1,1,0,0.375,0.25,0.5,1,2008,2006,0,0,1
v3_the_nonverbal_expression_of_pride_eviden,rpp.69,2018,2018,1,1,1,0,0.5,0.5,0.5,0,2008,2006,0,0,1
v3_the_nonverbal_expression_of_pride_eviden,rpp.69,2018,2018,1,1,1,0,0.625,0.5,0.75,0,2008,2006,0,0,1
v3_the_nonverbal_expression_of_pride_eviden,rpp.69,2018,2018,1,1,1,0,0.625,0.5,0.75,1,2008,2006,0,0,2
v3_the_nonverbal_expression_of_pride_eviden,rpp.69,2018,2018,1,1,1,0,0.625,0.75,0.5,1,2008,2006,0,0,2
v3_the_nonverbal_expression_of_pride_eviden,rpp.69,2018,2018,1,1,1,0,0.75,0.75,0.75,0,2008,2006,0,0,1
v3_the_nonverbal_expression_of_pride_eviden,rpp.69,2018,2018,1,1,1,0,0.75,0.75,0.75,1,2008,2006,0,0,1
v3_the_nonverbal_expression_of_pride_eviden,rpp.69,2018,2018,1,1,1,0,0.875,0.75,1.0,1,2008,2006,0,0,2
v3_the_nonverbal_expression_of_pride_eviden,rpp.69,2018,2018,1,1,1,0,0.875,1,0.75,1,2008,2006,0,0,1
v3_the_nonverbal_expression_of_pride_eviden,rpp.69,2018,2018,1,1,1,0,1.0,1,1.0,1,2008,2006,0,0,2
v3_the_nonverbal_expression_of_pride_eviden,rpp.69,2019,2019,1,1,0,0,,,,0,2008,2006,0,0,1
v3_the_nonverbal_expression_of_pride_eviden,rpp.69,2019,2019,1,1,0,0,,,,1,2008,2006,0,0,3
v3_the_nonverbal_expression_of_pride_eviden,rpp.69,2019,2019,1,1,1,0,0.75,0.75,0.75,0,2008,2006,0,0,1
v3_the_nonverbal_expression_of_pride_eviden,rpp.69,2019,2019,1,1,1,0,0.75,0.75,0.75,1,2008,2006,0,0,1
v3_the_nonverbal_expression_of_pride_eviden,rpp.69,2019,2019,1,1,1,0,1.0,1,1.0,1,2008,2006,0,0,1
v3_the_nonverbal_expression_of_pride_eviden,rpp.69,2020,2020,1,1,0,0,,,,1,2008,2006,0,0,2
v3_the_nonverbal_expression_of_pride_eviden,rpp.69,2020,2020,1,1,1,0,0.25,0,0.5,0,2008,2006,0,0,1
v3_the_nonverbal_expression_of_pride_eviden,rpp.69,2020,2020,1,1,1,0,0.25,0.25,0.25,0,2008,2006,0,0,1
v3_the_nonverbal_expression_of_pride_eviden,rpp.69,2020,2020,1,1,1,0,0.5,0.5,0.5,0,2008,2006,0,0,1
v3_the_nonverbal_expression_of_pride_eviden,rpp.69,2020,2020,1,1,1,0,0.5,0.5,0.5,1,2008,2006,0,0,4
v3_the_nonverbal_expression_of_pride_eviden,rpp.69,2020,2020,1,1,1,0,0.625,0.5,0.75,1,2008,2006,0,0,1
v3_the_nonverbal_expression_of_pride_eviden,rpp.69,2020,2020,1,1,1,0,0.625,0.75,0.5,1,2008,2006,0,0,1
v3_the_nonverbal_expression_of_pride_eviden,rpp.69,2020,2020,1,1,1,0,0.75,0.75,0.75,0,2008,2006,0,0,1
v3_the_nonverbal_expression_of_pride_eviden,rpp.69,2020,2020,1,1,1,0,0.875,0.75,1.0,0,2008,2006,0,0,1
v3_the_nonverbal_expression_of_pride_eviden,rpp.69,2021,2021,1,1,0,0,,,,0,2008,2006,0,0,1
v3_the_nonverbal_expression_of_pride_eviden,rpp.69,2021,2021,1,1,1,0,0.25,0.25,0.25,0,2008,2006,0,0,1
v3_the_nonverbal_expression_of_pride_eviden,rpp.69,2021,2021,1,1,1,0,0.75,0.5,1.0,1,2008,2006,0,0,1
v3_the_nonverbal_expression_of_pride_eviden,rpp.69,2021,2021,1,1,1,0,0.75,1,0.5,1,2008,2006,0,0,1
v3_the_nonverbal_expression_of_pride_eviden,rpp.69,2022,2022,1,1,0,0,,,,1,2008,2006,0,0,3
v3_the_nonverbal_expression_of_pride_eviden,rpp.69,2022,2022,1,1,1,0,0.5,0.25,0.75,1,2008,2006,0,0,1
v3_the_nonverbal_expression_of_pride_eviden,rpp.69,2022,2022,1,1,1,0,0.625,0.75,0.5,0,2008,2006,0,0,1
v3_the_nonverbal_expression_of_pride_eviden,rpp.69,2022,2022,1,1,1,0,0.875,0.75,1.0,1,2008,2006,0,0,1
v3_the_nonverbal_expression_of_pride_eviden,rpp.69,2023,2023,1,1,0,0,,,,1,2008,2006,0,0,2
v3_the_nonverbal_expression_of_pride_eviden,rpp.69,2023,2023,1,1,1,0,0.25,0.25,0.25,1,2008,2006,0,0,1
v3_the_nonverbal_expression_of_pride_eviden,rpp.69,2023,2023,1,1,1,0,0.5,0.5,0.5,0,2008,2006,0,0,1
v3_the_nonverbal_expression_of_pride_eviden,rpp.69,2023,2023,1,1,1,0,0.5,0.5,0.5,1,2008,2006,0,0,2
v3_the_nonverbal_expression_of_pride_eviden,rpp.69,2023,2023,1,1,1,0,0.625,0.5,0.75,0,2008,2006,0,0,1
v3_the_nonverbal_expression_of_pride_eviden,rpp.69,2023,2023,1,1,1,0,0.75,0.75,0.75,1,2008,2006,0,0,2
v3_the_nonverbal_expression_of_pride_eviden,rpp.69,2024,2024,1,1,0,0,,,,1,2008,2006,0,0,1
v3_the_nonverbal_expression_of_pride_eviden,rpp.69,2025,2025,1,1,0,0,,,,0,2008,2006,0,0,1
v3_the_nonverbal_expression_of_pride_eviden,rpp.69,2026,2026,1,1,1,0,0.75,0.75,0.75,1,2008,2006,0,0,1
v3_the_potential_of_social_identity_for_equ,ee.5,2011,2011,1,1,1,0,0.375,0.5,0.25,1,2011,2011,0,0,1
v3_the_potential_of_social_identity_for_equ,ee.5,2011,2011,1,1,1,0,0.625,0.5,0.75,1,2011,2011,0,0,1
v3_the_potential_of_social_identity_for_equ,ee.5,2012,2012,1,1,0,0,,,,0,2011,2011,0,0,1
v3_the_potential_of_social_identity_for_equ,ee.5,2012,2012,1,1,0,0,,,,1,2011,2011,0,0,2
v3_the_potential_of_social_identity_for_equ,ee.5,2012,2012,1,1,1,0,0.5,0.5,0.5,1,2011,2011,0,0,4
v3_the_potential_of_social_identity_for_equ,ee.5,2012,2012,1,1,1,0,0.625,0.5,0.75,1,2011,2011,0,0,1
v3_the_potential_of_social_identity_for_equ,ee.5,2012,2012,1,1,1,0,0.75,0.75,0.75,1,2011,2011,0,0,1
v3_the_potential_of_social_identity_for_equ,ee.5,2013,2013,1,1,0,0,,,,0,2011,2011,0,0,6
v3_the_potential_of_social_identity_for_equ,ee.5,2013,2013,1,1,0,0,,,,1,2011,2011,0,0,2
v3_the_potential_of_social_identity_for_equ,ee.5,2013,2013,1,1,1,0,0.25,0.25,0.25,1,2011,2011,0,0,1
v3_the_potential_of_social_identity_for_equ,ee.5,2013,2013,1,1,1,0,0.375,0.25,0.5,1,2011,2011,0,0,1
v3_the_potential_of_social_identity_for_equ,ee.5,2013,2013,1,1,1,0,0.5,0.25,0.75,0,2011,2011,0,0,1
v3_the_potential_of_social_identity_for_equ,ee.5,2013,2013,1,1,1,0,0.5,0.5,0.5,0,2011,2011,0,0,1
v3_the_potential_of_social_identity_for_equ,ee.5,2013,2013,1,1,1,0,0.625,0.5,0.75,1,2011,2011,0,0,1
v3_the_potential_of_social_identity_for_equ,ee.5,2013,2014,2,2,1,0,0.5,0.5,0.5,1,2011,2011,0,0,1
v3_the_potential_of_social_identity_for_equ,ee.5,2014,2014,1,1,0,0,,,,0,2011,2011,0,0,8
v3_the_potential_of_social_identity_for_equ,ee.5,2014,2014,1,1,0,0,,,,1,2011,2011,0,0,11
v3_the_potential_of_social_identity_for_equ,ee.5,2014,2014,1,1,1,0,0.125,0.25,0.0,1,2011,2011,0,0,1
v3_the_potential_of_social_identity_for_equ,ee.5,2014,2014,1,1,1,0,0.5,0.5,0.5,0,2011,2011,0,0,1
v3_the_potential_of_social_identity_for_equ,ee.5,2014,2014,1,1,1,0,0.5,0.5,0.5,1,2011,2011,0,0,4
v3_the_potential_of_social_identity_for_equ,ee.5,2014,2014,1,1,1,0,0.625,0.5,0.75,1,2011,2011,0,0,3
v3_the_potential_of_social_identity_for_equ,ee.5,2014,2014,1,1,1,0,0.625,0.75,0.5,0,2011,2011,0,0,1
v3_the_potential_of_social_identity_for_equ,ee.5,2014,2014,1,1,1,0,0.75,0.75,0.75,0,2011,2011,0,0,1
v3_the_potential_of_social_identity_for_equ,ee.5,2014,2014,1,1,1,0,0.75,0.75,0.75,1,2011,2011,0,0,2
v3_the_potential_of_social_identity_for_equ,ee.5,2015,2015,1,1,0,0,,,,0,2011,2011,0,0,10
v3_the_potential_of_social_identity_for_equ,ee.5,2015,2015,1,1,0,0,,,,1,2011,2011,0,0,17
v3_the_potential_of_social_identity_for_equ,ee.5,2015,2015,1,1,1,0,0.375,0.25,0.5,0,2011,2011,0,0,1
v3_the_potential_of_social_identity_for_equ,ee.5,2015,2015,1,1,1,0,0.5,0.5,0.5,0,2011,2011,0,0,1
v3_the_potential_of_social_identity_for_equ,ee.5,2015,2015,1,1,1,0,0.5,0.5,0.5,1,2011,2011,0,0,2
v3_the_potential_of_social_identity_for_equ,ee.5,2015,2015,1,1,1,0,0.625,0.5,0.75,1,2011,2011,0,0,3
v3_the_potential_of_social_identity_for_equ,ee.5,2015,2015,1,1,1,0,0.875,0.75,1.0,0,2011,2011,0,0,1
v3_the_potential_of_social_identity_for_equ,ee.5,2016,2016,1,1,0,0,,,,0,2011,2011,0,0,5
v3_the_potential_of_social_identity_for_equ,ee.5,2016,2016,1,1,0,0,,,,1,2011,2011,0,0,15
v3_the_potential_of_social_identity_for_equ,ee.5,2016,2016,1,1,1,0,0.25,0.25,0.25,1,2011,2011,0,0,2
v3_the_potential_of_social_identity_for_equ,ee.5,2016,2016,1,1,1,0,0.375,0.25,0.5,0,2011,2011,0,0,1
v3_the_potential_of_social_identity_for_equ,ee.5,2016,2016,1,1,1,0,0.5,0.25,0.75,1,2011,2011,0,0,1
v3_the_potential_of_social_identity_for_equ,ee.5,2016,2016,1,1,1,0,0.5,0.5,0.5,0,2011,2011,0,0,2
v3_the_potential_of_social_identity_for_equ,ee.5,2016,2016,1,1,1,0,0.5,0.5,0.5,1,2011,2011,0,0,4
v3_the_potential_of_social_identity_for_equ,ee.5,2016,2016,1,1,1,0,0.625,0.5,0.75,1,2011,2011,0,0,1
v3_the_potential_of_social_identity_for_equ,ee.5,2016,2016,1,1,1,0,0.75,0.75,0.75,1,2011,2011,0,0,1
v3_the_potential_of_social_identity_for_equ,ee.5,2016,2016,1,1,1,0,0.875,0.75,1.0,0,2011,2011,0,0,1
v3_the_potential_of_social_identity_for_equ,ee.5,2017,2017,1,1,0,0,,,,0,2011,2011,0,0,4
v3_the_potential_of_social_identity_for_equ,ee.5,2017,2017,1,1,0,0,,,,1,2011,2011,0,0,9
v3_the_potential_of_social_identity_for_equ,ee.5,2017,2017,1,1,1,0,0.125,0,0.25,1,2011,2011,0,0,1
v3_the_potential_of_social_identity_for_equ,ee.5,2017,2017,1,1,1,0,0.25,0.25,0.25,0,2011,2011,0,0,2
v3_the_potential_of_social_identity_for_equ,ee.5,2017,2017,1,1,1,0,0.25,0.25,0.25,1,2011,2011,0,0,1
v3_the_potential_of_social_identity_for_equ,ee.5,2017,2017,1,1,1,0,0.5,0.5,0.5,0,2011,2011,0,0,1
v3_the_potential_of_social_identity_for_equ,ee.5,2017,2017,1,1,1,0,0.625,0.5,0.75,1,2011,2011,0,0,2
v3_the_potential_of_social_identity_for_equ,ee.5,2017,2017,1,1,1,0,0.625,0.75,0.5,0,2011,2011,0,0,1
v3_the_potential_of_social_identity_for_equ,ee.5,2017,2017,1,1,1,0,0.625,0.75,0.5,1,2011,2011,0,0,1
v3_the_potential_of_social_identity_for_equ,ee.5,2017,2017,1,1,1,0,0.75,0.5,1.0,1,2011,2011,0,0,1
v3_the_potential_of_social_identity_for_equ,ee.5,2017,2017,1,1,1,0,0.75,0.75,0.75,1,2011,2011,0,0,4
v3_the_potential_of_social_identity_for_equ,ee.5,2017,2017,1,1,1,0,0.875,0.75,1.0,0,2011,2011,0,0,1
v3_the_potential_of_social_identity_for_equ,ee.5,2017,2017,1,1,1,0,0.875,1,0.75,0,2011,2011,0,0,1
v3_the_potential_of_social_identity_for_equ,ee.5,2018,2018,1,1,0,0,,,,0,2011,2011,0,0,7
v3_the_potential_of_social_identity_for_equ,ee.5,2018,2018,1,1,0,0,,,,1,2011,2011,0,0,8
v3_the_potential_of_social_identity_for_equ,ee.5,2018,2018,1,1,1,0,0.25,0.25,0.25,0,2011,2011,0,0,1
v3_the_potential_of_social_identity_for_equ,ee.5,2018,2018,1,1,1,0,0.25,0.25,0.25,1,2011,2011,0,0,1
v3_the_potential_of_social_identity_for_equ,ee.5,2018,2018,1,1,1,0,0.5,0.5,0.5,1,2011,2011,0,0,2
v3_the_potential_of_social_identity_for_equ,ee.5,2018,2018,1,1,1,0,0.625,0.75,0.5,0,2011,2011,0,0,1
v3_the_potential_of_social_identity_for_equ,ee.5,2018,2018,1,1,1,0,0.625,0.75,0.5,1,2011,2011,0,0,1
v3_the_potential_of_social_identity_for_equ,ee.5,2019,2019,1,1,0,0,,,,0,2011,2011,0,0,7
v3_the_potential_of_social_identity_for_equ,ee.5,2019,2019,1,1,0,0,,,,1,2011,2011,0,0,5
v3_the_potential_of_social_identity_for_equ,ee.5,2019,2019,1,1,1,0,0.25,0.25,0.25,0,2011,2011,0,0,1
v3_the_potential_of_social_identity_for_equ,ee.5,2019,2019,1,1,1,0,0.375,0.25,0.5,0,2011,2011,0,0,1
v3_the_potential_of_social_identity_for_equ,ee.5,2019,2019,1,1,1,0,0.5,0.5,0.5,0,2011,2011,0,0,1
v3_the_potential_of_social_identity_for_equ,ee.5,2019,2019,1,1,1,0,0.5,0.5,0.5,1,2011,2011,0,0,4
v3_the_potential_of_social_identity_for_equ,ee.5,2019,2019,1,1,1,0,0.625,0.5,0.75,1,2011,2011,0,0,1
v3_the_potential_of_social_identity_for_equ,ee.5,2019,2019,1,1,1,0,0.875,0.75,1.0,0,2011,2011,0,0,1
v3_the_potential_of_social_identity_for_equ,ee.5,2020,2020,1,1,0,0,,,,0,2011,2011,0,0,9
v3_the_potential_of_social_identity_for_equ,ee.5,2020,2020,1,1,0,0,,,,1,2011,2011,0,0,34
v3_the_potential_of_social_identity_for_equ,ee.5,2020,2020,1,1,1,0,0.125,0.25,0.0,0,2011,2011,0,0,1
v3_the_potential_of_social_identity_for_equ,ee.5,2020,2020,1,1,1,0,0.25,0.25,0.25,0,2011,2011,0,0,2
v3_the_potential_of_social_identity_for_equ,ee.5,2020,2020,1,1,1,0,0.5,0.5,0.5,0,2011,2011,0,0,2
v3_the_potential_of_social_identity_for_equ,ee.5,2020,2020,1,1,1,0,0.5,0.5,0.5,1,2011,2011,0,0,4
v3_the_potential_of_social_identity_for_equ,ee.5,2020,2020,1,1,1,0,0.625,0.5,0.75,0,2011,2011,0,0,1
v3_the_potential_of_social_identity_for_equ,ee.5,2020,2020,1,1,1,0,0.625,0.5,0.75,1,2011,2011,0,0,4
v3_the_potential_of_social_identity_for_equ,ee.5,2020,2020,1,1,1,0,0.625,0.75,0.5,1,2011,2011,0,0,2
v3_the_potential_of_social_identity_for_equ,ee.5,2020,2020,1,1,1,0,0.75,0.75,0.75,0,2011,2011,0,0,1
v3_the_potential_of_social_identity_for_equ,ee.5,2020,2020,1,1,1,0,0.75,0.75,0.75,1,2011,2011,0,0,3
v3_the_potential_of_social_identity_for_equ,ee.5,2020,2020,1,1,1,0,0.875,0.75,1.0,0,2011,2011,0,0,2
v3_the_potential_of_social_identity_for_equ,ee.5,2020,2020,1,1,1,0,1.0,1,1.0,0,2011,2011,0,0,1
v3_the_potential_of_social_identity_for_equ,ee.5,2021,2021,1,1,0,0,,,,0,2011,2011,0,0,7
v3_the_potential_of_social_identity_for_equ,ee.5,2021,2021,1,1,0,0,,,,1,2011,2011,0,0,6
v3_the_potential_of_social_identity_for_equ,ee.5,2021,2021,1,1,1,0,0.125,0,0.25,0,2011,2011,0,0,1
v3_the_potential_of_social_identity_for_equ,ee.5,2021,2021,1,1,1,0,0.25,0.25,0.25,1,2011,2011,0,0,2
v3_the_potential_of_social_identity_for_equ,ee.5,2021,2021,1,1,1,0,0.5,0.5,0.5,1,2011,2011,0,0,1
v3_the_potential_of_social_identity_for_equ,ee.5,2021,2021,1,1,1,0,0.625,0.5,0.75,0,2011,2011,0,0,1
v3_the_potential_of_social_identity_for_equ,ee.5,2021,2021,1,1,1,0,0.625,0.5,0.75,1,2011,2011,0,0,1
v3_the_potential_of_social_identity_for_equ,ee.5,2021,2021,1,1,1,0,0.625,0.75,0.5,0,2011,2011,0,0,1
v3_the_potential_of_social_identity_for_equ,ee.5,2021,2021,1,1,1,0,0.75,0.75,0.75,1,2011,2011,0,0,2
v3_the_potential_of_social_identity_for_equ,ee.5,2021,2021,1,1,1,0,0.875,0.75,1.0,1,2011,2011,0,0,1
v3_the_potential_of_social_identity_for_equ,ee.5,2021,2021,1,1,1,0,1.0,1,1.0,0,2011,2011,0,0,1
v3_the_potential_of_social_identity_for_equ,ee.5,2022,2022,1,1,0,0,,,,0,2011,2011,0,0,7
v3_the_potential_of_social_identity_for_equ,ee.5,2022,2022,1,1,0,0,,,,1,2011,2011,0,0,1
v3_the_potential_of_social_identity_for_equ,ee.5,2022,2022,1,1,1,0,0.25,0.25,0.25,1,2011,2011,0,0,1
v3_the_potential_of_social_identity_for_equ,ee.5,2022,2022,1,1,1,0,0.375,0.25,0.5,1,2011,2011,0,0,1
v3_the_potential_of_social_identity_for_equ,ee.5,2022,2022,1,1,1,0,0.5,0.5,0.5,0,2011,2011,0,0,1
v3_the_potential_of_social_identity_for_equ,ee.5,2022,2022,1,1,1,0,0.5,0.5,0.5,1,2011,2011,0,0,1
v3_the_potential_of_social_identity_for_equ,ee.5,2022,2022,1,1,1,0,0.75,0.75,0.75,1,2011,2011,0,0,1
v3_the_potential_of_social_identity_for_equ,ee.5,2023,2023,1,1,0,0,,,,1,2011,2011,0,0,3
v3_the_potential_of_social_identity_for_equ,ee.5,2023,2023,1,1,1,0,0.375,0.5,0.25,1,2011,2011,0,0,1
v3_the_potential_of_social_identity_for_equ,ee.5,2023,2023,1,1,1,0,0.5,0.5,0.5,0,2011,2011,0,0,1
v3_the_potential_of_social_identity_for_equ,ee.5,2023,2023,1,1,1,0,0.5,0.5,0.5,1,2011,2011,0,0,1
v3_the_potential_of_social_identity_for_equ,ee.5,2023,2023,1,1,1,0,0.625,0.5,0.75,1,2011,2011,0,0,1
v3_the_potential_of_social_identity_for_equ,ee.5,2023,2023,1,1,1,0,0.625,0.75,0.5,1,2011,2011,0,0,1
v3_the_potential_of_social_identity_for_equ,ee.5,2023,2023,1,1,1,0,0.75,0.75,0.75,0,2011,2011,0,0,2
v3_the_potential_of_social_identity_for_equ,ee.5,2023,2023,1,1,1,0,0.75,0.75,0.75,1,2011,2011,0,0,1
v3_the_potential_of_social_identity_for_equ,ee.5,2023,2023,1,1,1,0,0.875,0.75,1.0,0,2011,2011,0,0,1
v3_the_potential_of_social_identity_for_equ,ee.5,2024,2024,1,1,0,0,,,,0,2011,2011,0,0,4
v3_the_potential_of_social_identity_for_equ,ee.5,2024,2024,1,1,0,0,,,,1,2011,2011,0,0,3
v3_the_potential_of_social_identity_for_equ,ee.5,2024,2024,1,1,1,0,0.375,0.25,0.5,1,2011,2011,0,0,1
v3_the_potential_of_social_identity_for_equ,ee.5,2024,2024,1,1,1,0,0.625,0.5,0.75,1,2011,2011,0,0,1
v3_the_potential_of_social_identity_for_equ,ee.5,2024,2024,1,1,1,0,0.75,0.75,0.75,0,2011,2011,0,0,1
v3_the_potential_of_social_identity_for_equ,ee.5,2024,2024,1,1,1,0,0.75,0.75,0.75,1,2011,2011,0,0,1
v3_the_potential_of_social_identity_for_equ,ee.5,2025,2025,1,1,0,0,,,,0,2011,2011,0,0,3
v3_the_potential_of_social_identity_for_equ,ee.5,2025,2025,1,1,0,0,,,,1,2011,2011,0,0,1
v3_the_potential_of_social_identity_for_equ,ee.5,2025,2025,1,1,1,0,0.25,0.25,0.25,0,2011,2011,0,0,1
v3_the_potential_of_social_identity_for_equ,ee.5,2025,2025,1,1,1,0,0.25,0.25,0.25,1,2011,2011,0,0,1
v3_the_potential_of_social_identity_for_equ,ee.5,2025,2025,1,1,1,0,0.75,0.75,0.75,1,2011,2011,0,0,1
v3_the_potential_of_social_identity_for_equ,ee.5,2025,2025,1,1,1,0,1.0,1,1.0,1,2011,2011,0,0,1
v3_the_representation_of_simple_ensemble_vi,rpp.122,2010,2010,1,1,0,0,,,,0,2008,2008,0,0,4
v3_the_representation_of_simple_ensemble_vi,rpp.122,2010,2010,1,1,0,0,,,,1,2008,2008,0,0,7
v3_the_representation_of_simple_ensemble_vi,rpp.122,2010,2010,1,1,1,0,0.125,0,0.25,0,2008,2008,0,0,1
v3_the_representation_of_simple_ensemble_vi,rpp.122,2010,2010,1,1,1,0,0.25,0.25,0.25,1,2008,2008,0,0,1
v3_the_representation_of_simple_ensemble_vi,rpp.122,2010,2010,1,1,1,0,0.5,0.5,0.5,0,2008,2008,0,0,1
v3_the_representation_of_simple_ensemble_vi,rpp.122,2010,2010,1,1,1,0,0.5,0.5,0.5,1,2008,2008,0,0,6
v3_the_representation_of_simple_ensemble_vi,rpp.122,2010,2010,1,1,1,0,0.5,0.75,0.25,1,2008,2008,0,0,1
v3_the_representation_of_simple_ensemble_vi,rpp.122,2010,2010,1,1,1,0,0.625,0.5,0.75,1,2008,2008,0,0,1
v3_the_representation_of_simple_ensemble_vi,rpp.122,2010,2010,1,1,1,0,0.875,1,0.75,1,2008,2008,0,0,1
v3_the_representation_of_simple_ensemble_vi,rpp.122,2011,2011,1,1,0,0,,,,0,2008,2008,0,0,7
v3_the_representation_of_simple_ensemble_vi,rpp.122,2011,2011,1,1,0,0,,,,1,2008,2008,0,0,5
v3_the_representation_of_simple_ensemble_vi,rpp.122,2011,2011,1,1,1,0,0.25,0.25,0.25,1,2008,2008,0,0,1
v3_the_representation_of_simple_ensemble_vi,rpp.122,2011,2011,1,1,1,0,0.5,0.5,0.5,1,2008,2008,0,0,2
v3_the_representation_of_simple_ensemble_vi,rpp.122,2011,2011,1,1,1,0,0.625,0.5,0.75,1,2008,2008,0,0,1
v3_the_representation_of_simple_ensemble_vi,rpp.122,2012,2012,1,1,0,0,,,,0,2008,2008,0,0,3
v3_the_representation_of_simple_ensemble_vi,rpp.122,2013,2013,1,1,0,0,,,,0,2008,2008,0,0,11
v3_the_representation_of_simple_ensemble_vi,rpp.122,2013,2013,1,1,0,0,,,,1,2008,2008,0,0,5
v3_the_representation_of_simple_ensemble_vi,rpp.122,2013,2013,1,1,1,0,0.125,0.25,0.0,1,2008,2008,0,0,1
v3_the_representation_of_simple_ensemble_vi,rpp.122,2013,2013,1,1,1,0,0.25,0.25,0.25,0,2008,2008,0,0,1
v3_the_representation_of_simple_ensemble_vi,rpp.122,2013,2013,1,1,1,0,0.5,0.5,0.5,1,2008,2008,0,0,4
v3_the_representation_of_simple_ensemble_vi,rpp.122,2013,2013,1,1,1,0,0.625,0.5,0.75,1,2008,2008,0,0,1
v3_the_representation_of_simple_ensemble_vi,rpp.122,2013,2013,1,1,1,0,0.625,0.75,0.5,1,2008,2008,0,0,2
v3_the_representation_of_simple_ensemble_vi,rpp.122,2014,2014,1,1,0,0,,,,0,2008,2008,0,0,5
v3_the_representation_of_simple_ensemble_vi,rpp.122,2014,2014,1,1,0,0,,,,1,2008,2008,0,0,3
v3_the_representation_of_simple_ensemble_vi,rpp.122,2014,2014,1,1,1,0,0.0,0,0.0,1,2008,2008,0,0,1
v3_the_representation_of_simple_ensemble_vi,rpp.122,2014,2014,1,1,1,0,0.25,0.25,0.25,0,2008,2008,0,0,1
v3_the_representation_of_simple_ensemble_vi,rpp.122,2014,2014,1,1,1,0,0.25,0.25,0.25,1,2008,2008,0,0,2
v3_the_representation_of_simple_ensemble_vi,rpp.122,2014,2014,1,1,1,0,0.375,0.5,0.25,0,2008,2008,0,0,1
v3_the_representation_of_simple_ensemble_vi,rpp.122,2014,2014,1,1,1,0,0.5,0.5,0.5,0,2008,2008,0,0,1
v3_the_representation_of_simple_ensemble_vi,rpp.122,2014,2014,1,1,1,0,0.625,0.5,0.75,0,2008,2008,0,0,1
v3_the_representation_of_simple_ensemble_vi,rpp.122,2014,2014,1,1,1,0,0.625,0.75,0.5,1,2008,2008,0,0,1
v3_the_representation_of_simple_ensemble_vi,rpp.122,2014,2014,1,1,1,0,0.75,0.75,0.75,1,2008,2008,0,0,1
v3_the_representation_of_simple_ensemble_vi,rpp.122,2015,2015,1,1,0,0,,,,0,2008,2008,0,0,9
v3_the_representation_of_simple_ensemble_vi,rpp.122,2015,2015,1,1,0,0,,,,1,2008,2008,0,0,9
v3_the_representation_of_simple_ensemble_vi,rpp.122,2015,2015,1,1,1,0,0.125,0,0.25,1,2008,2008,0,0,2
v3_the_representation_of_simple_ensemble_vi,rpp.122,2015,2015,1,1,1,0,0.25,0.25,0.25,1,2008,2008,0,0,1
v3_the_representation_of_simple_ensemble_vi,rpp.122,2015,2015,1,1,1,0,0.375,0.25,0.5,1,2008,2008,0,0,1
v3_the_representation_of_simple_ensemble_vi,rpp.122,2015,2015,1,1,1,0,0.5,0.25,0.75,1,2008,2008,0,0,1
v3_the_representation_of_simple_ensemble_vi,rpp.122,2015,2015,1,1,1,0,0.5,0.5,0.5,0,2008,2008,0,0,2
v3_the_representation_of_simple_ensemble_vi,rpp.122,2015,2015,1,1,1,0,0.5,0.5,0.5,1,2008,2008,0,0,4
v3_the_representation_of_simple_ensemble_vi,rpp.122,2015,2015,1,1,1,0,0.625,0.5,0.75,1,2008,2008,0,0,2
v3_the_representation_of_simple_ensemble_vi,rpp.122,2015,2015,1,1,1,0,0.625,0.75,0.5,0,2008,2008,0,0,1
v3_the_representation_of_simple_ensemble_vi,rpp.122,2015,2015,1,1,1,0,0.75,0.75,0.75,0,2008,2008,0,0,1
v3_the_representation_of_simple_ensemble_vi,rpp.122,2015,2015,1,1,1,0,0.75,0.75,0.75,1,2008,2008,0,0,1
v3_the_representation_of_simple_ensemble_vi,rpp.122,2015,2015,1,1,1,0,0.875,0.75,1.0,1,2008,2008,0,0,1
v3_the_representation_of_simple_ensemble_vi,rpp.122,2015,2015,1,1,1,0,1.0,1,1.0,1,2008,2008,0,0,1
v3_the_representation_of_simple_ensemble_vi,rpp.122,2016,2016,1,1,0,0,,,,0,2008,2008,0,0,8
v3_the_representation_of_simple_ensemble_vi,rpp.122,2016,2016,1,1,0,0,,,,1,2008,2008,0,0,4
v3_the_representation_of_simple_ensemble_vi,rpp.122,2016,2016,1,1,1,0,0.5,0.5,0.5,0,2008,2008,0,0,2
v3_the_representation_of_simple_ensemble_vi,rpp.122,2016,2016,1,1,1,0,0.5,0.5,0.5,1,2008,2008,0,0,2
v3_the_representation_of_simple_ensemble_vi,rpp.122,2016,2016,1,1,1,0,0.625,0.5,0.75,1,2008,2008,0,0,1
v3_the_representation_of_simple_ensemble_vi,rpp.122,2016,2016,1,1,1,0,0.625,0.75,0.5,0,2008,2008,0,0,1
v3_the_representation_of_simple_ensemble_vi,rpp.122,2016,2016,1,1,1,0,0.75,0.75,0.75,0,2008,2008,0,0,1
v3_the_representation_of_simple_ensemble_vi,rpp.122,2016,2016,1,1,1,0,0.875,0.75,1.0,0,2008,2008,0,0,1
v3_the_representation_of_simple_ensemble_vi,rpp.122,2016,2016,1,1,1,0,1.0,1,1.0,0,2008,2008,0,0,1
v3_the_representation_of_simple_ensemble_vi,rpp.122,2017,2017,1,1,0,0,,,,0,2008,2008,0,0,7
v3_the_representation_of_simple_ensemble_vi,rpp.122,2017,2017,1,1,0,0,,,,1,2008,2008,0,0,2
v3_the_representation_of_simple_ensemble_vi,rpp.122,2017,2017,1,1,1,0,0.125,0,0.25,1,2008,2008,0,0,1
v3_the_representation_of_simple_ensemble_vi,rpp.122,2017,2017,1,1,1,0,0.25,0.25,0.25,0,2008,2008,0,0,1
v3_the_representation_of_simple_ensemble_vi,rpp.122,2017,2017,1,1,1,0,0.375,0.25,0.5,1,2008,2008,0,0,1
v3_the_representation_of_simple_ensemble_vi,rpp.122,2017,2017,1,1,1,0,0.5,0.25,0.75,1,2008,2008,0,0,1
v3_the_representation_of_simple_ensemble_vi,rpp.122,2017,2017,1,1,1,0,0.5,0.5,0.5,0,2008,2008,0,0,1
v3_the_representation_of_simple_ensemble_vi,rpp.122,2017,2017,1,1,1,0,0.5,0.5,0.5,1,2008,2008,0,0,1
v3_the_representation_of_simple_ensemble_vi,rpp.122,2017,2017,1,1,1,0,0.625,0.75,0.5,1,2008,2008,0,0,2
v3_the_representation_of_simple_ensemble_vi,rpp.122,2017,2017,1,1,1,0,0.75,0.5,1.0,1,2008,2008,0,0,1
v3_the_representation_of_simple_ensemble_vi,rpp.122,2017,2017,1,1,1,0,0.75,0.75,0.75,1,2008,2008,0,0,1
v3_the_representation_of_simple_ensemble_vi,rpp.122,2018,2018,1,1,0,0,,,,0,2008,2008,0,0,12
v3_the_representation_of_simple_ensemble_vi,rpp.122,2018,2018,1,1,0,0,,,,1,2008,2008,0,0,3
v3_the_representation_of_simple_ensemble_vi,rpp.122,2018,2018,1,1,1,0,0.125,0,0.25,1,2008,2008,0,0,2
v3_the_representation_of_simple_ensemble_vi,rpp.122,2018,2018,1,1,1,0,0.25,0,0.5,1,2008,2008,0,0,2
v3_the_representation_of_simple_ensemble_vi,rpp.122,2018,2018,1,1,1,0,0.25,0.25,0.25,0,2008,2008,0,0,2
v3_the_representation_of_simple_ensemble_vi,rpp.122,2018,2018,1,1,1,0,0.375,0.25,0.5,1,2008,2008,0,0,2
v3_the_representation_of_simple_ensemble_vi,rpp.122,2018,2018,1,1,1,0,0.375,0.5,0.25,0,2008,2008,0,0,1
v3_the_representation_of_simple_ensemble_vi,rpp.122,2018,2018,1,1,1,0,0.5,0.5,0.5,0,2008,2008,0,0,2
v3_the_representation_of_simple_ensemble_vi,rpp.122,2018,2018,1,1,1,0,0.5,0.5,0.5,1,2008,2008,0,0,3
v3_the_representation_of_simple_ensemble_vi,rpp.122,2018,2018,1,1,1,0,0.75,0.5,1.0,1,2008,2008,0,0,1
v3_the_representation_of_simple_ensemble_vi,rpp.122,2018,2018,1,1,1,0,0.875,0.75,1.0,1,2008,2008,0,0,1
v3_the_representation_of_simple_ensemble_vi,rpp.122,2019,2019,1,1,0,0,,,,0,2008,2008,0,0,3
v3_the_representation_of_simple_ensemble_vi,rpp.122,2019,2019,1,1,0,0,,,,1,2008,2008,0,0,1
v3_the_representation_of_simple_ensemble_vi,rpp.122,2019,2019,1,1,1,0,0.0,0,0.0,1,2008,2008,0,0,1
v3_the_representation_of_simple_ensemble_vi,rpp.122,2019,2019,1,1,1,0,0.25,0.25,0.25,1,2008,2008,0,0,2
v3_the_representation_of_simple_ensemble_vi,rpp.122,2019,2019,1,1,1,0,0.5,0.25,0.75,1,2008,2008,0,0,1
v3_the_representation_of_simple_ensemble_vi,rpp.122,2019,2019,1,1,1,0,0.625,0.5,0.75,1,2008,2008,0,0,1
v3_the_representation_of_simple_ensemble_vi,rpp.122,2019,2019,1,1,1,0,0.875,1,0.75,0,2008,2008,0,0,1
v3_the_representation_of_simple_ensemble_vi,rpp.122,2020,2020,1,1,0,0,,,,0,2008,2008,0,0,3
v3_the_representation_of_simple_ensemble_vi,rpp.122,2020,2020,1,1,0,0,,,,1,2008,2008,0,0,6
v3_the_representation_of_simple_ensemble_vi,rpp.122,2020,2020,1,1,1,0,0.25,0.25,0.25,1,2008,2008,0,0,1
v3_the_representation_of_simple_ensemble_vi,rpp.122,2020,2020,1,1,1,0,0.375,0.5,0.25,1,2008,2008,0,0,1
v3_the_representation_of_simple_ensemble_vi,rpp.122,2020,2020,1,1,1,0,0.5,0.5,0.5,1,2008,2008,0,0,4
v3_the_representation_of_simple_ensemble_vi,rpp.122,2020,2020,1,1,1,0,0.625,0.25,1.0,1,2008,2008,0,0,1
v3_the_representation_of_simple_ensemble_vi,rpp.122,2020,2020,1,1,1,0,0.625,0.5,0.75,1,2008,2008,0,0,2
v3_the_representation_of_simple_ensemble_vi,rpp.122,2020,2020,1,1,1,0,0.75,0.5,1.0,0,2008,2008,0,0,1
v3_the_representation_of_simple_ensemble_vi,rpp.122,2020,2020,1,1,1,0,0.75,0.75,0.75,1,2008,2008,0,0,1
v3_the_representation_of_simple_ensemble_vi,rpp.122,2021,2021,1,1,0,0,,,,0,2008,2008,0,0,5
v3_the_representation_of_simple_ensemble_vi,rpp.122,2021,2021,1,1,0,0,,,,1,2008,2008,0,0,4
v3_the_representation_of_simple_ensemble_vi,rpp.122,2021,2021,1,1,1,0,0.125,0.25,0.0,0,2008,2008,0,0,1
v3_the_representation_of_simple_ensemble_vi,rpp.122,2021,2021,1,1,1,0,0.25,0.25,0.25,1,2008,2008,0,0,1
v3_the_representation_of_simple_ensemble_vi,rpp.122,2021,2021,1,1,1,0,0.5,0.5,0.5,1,2008,2008,0,0,1
v3_the_representation_of_simple_ensemble_vi,rpp.122,2021,2021,1,1,1,0,0.625,0.5,0.75,1,2008,2008,0,0,1
v3_the_representation_of_simple_ensemble_vi,rpp.122,2021,2021,1,1,1,0,0.875,0.75,1.0,1,2008,2008,0,0,1
v3_the_representation_of_simple_ensemble_vi,rpp.122,2021,2021,1,1,1,0,1.0,1,1.0,1,2008,2008,0,0,1
v3_the_representation_of_simple_ensemble_vi,rpp.122,2022,2022,1,1,0,0,,,,0,2008,2008,0,0,3
v3_the_representation_of_simple_ensemble_vi,rpp.122,2022,2022,1,1,0,0,,,,1,2008,2008,0,0,2
v3_the_representation_of_simple_ensemble_vi,rpp.122,2022,2022,1,1,1,0,0.0,0,0.0,1,2008,2008,0,0,1
v3_the_representation_of_simple_ensemble_vi,rpp.122,2022,2022,1,1,1,0,0.25,0.25,0.25,1,2008,2008,0,0,4
v3_the_representation_of_simple_ensemble_vi,rpp.122,2022,2022,1,1,1,0,0.5,0.5,0.5,1,2008,2008,0,0,4
v3_the_representation_of_simple_ensemble_vi,rpp.122,2022,2022,1,1,1,0,0.625,0.5,0.75,1,2008,2008,0,0,1
v3_the_representation_of_simple_ensemble_vi,rpp.122,2022,2022,1,1,1,0,0.75,0.75,0.75,1,2008,2008,0,0,1
v3_the_representation_of_simple_ensemble_vi,rpp.122,2022,2022,1,1,1,0,0.75,1,0.5,1,2008,2008,0,0,1
v3_the_representation_of_simple_ensemble_vi,rpp.122,2022,2022,1,1,1,0,0.875,0.75,1.0,1,2008,2008,0,0,1
v3_the_representation_of_simple_ensemble_vi,rpp.122,2022,2022,1,1,1,0,1.0,1,1.0,1,2008,2008,0,0,1
v3_the_representation_of_simple_ensemble_vi,rpp.122,2023,2023,1,1,0,0,,,,0,2008,2008,0,0,4
v3_the_representation_of_simple_ensemble_vi,rpp.122,2023,2023,1,1,0,0,,,,1,2008,2008,0,0,2
v3_the_representation_of_simple_ensemble_vi,rpp.122,2023,2023,1,1,1,0,0.25,0.25,0.25,1,2008,2008,0,0,1
v3_the_representation_of_simple_ensemble_vi,rpp.122,2023,2023,1,1,1,0,0.375,0.25,0.5,1,2008,2008,0,0,1
v3_the_representation_of_simple_ensemble_vi,rpp.122,2023,2023,1,1,1,0,0.5,0.5,0.5,1,2008,2008,0,0,1
v3_the_representation_of_simple_ensemble_vi,rpp.122,2023,2023,1,1,1,0,0.75,1,0.5,1,2008,2008,0,0,1
v3_the_representation_of_simple_ensemble_vi,rpp.122,2024,2024,1,1,0,0,,,,0,2008,2008,0,0,4
v3_the_representation_of_simple_ensemble_vi,rpp.122,2024,2024,1,1,0,0,,,,1,2008,2008,0,0,2
v3_the_representation_of_simple_ensemble_vi,rpp.122,2024,2024,1,1,1,0,0.5,0.5,0.5,1,2008,2008,0,0,2
v3_the_representation_of_simple_ensemble_vi,rpp.122,2024,2024,1,1,1,0,0.5,0.75,0.25,1,2008,2008,0,0,1
v3_the_representation_of_simple_ensemble_vi,rpp.122,2024,2024,1,1,1,0,0.625,0.5,0.75,0,2008,2008,0,0,2
v3_the_representation_of_simple_ensemble_vi,rpp.122,2024,2024,1,1,1,0,0.625,0.5,0.75,1,2008,2008,0,0,2
v3_the_representation_of_simple_ensemble_vi,rpp.122,2024,2024,1,1,1,0,0.75,0.75,0.75,1,2008,2008,0,0,1
v3_the_representation_of_simple_ensemble_vi,rpp.122,2024,2024,1,1,1,0,0.75,1,0.5,1,2008,2008,0,0,1
v3_the_representation_of_simple_ensemble_vi,rpp.122,2025,2025,1,1,0,0,,,,0,2008,2008,0,0,4
v3_the_representation_of_simple_ensemble_vi,rpp.122,2025,2025,1,1,0,0,,,,1,2008,2008,0,0,2
v3_the_representation_of_simple_ensemble_vi,rpp.122,2025,2025,1,1,1,0,0.375,0.25,0.5,0,2008,2008,0,0,1
v3_the_representation_of_simple_ensemble_vi,rpp.122,2025,2025,1,1,1,0,0.5,0.5,0.5,0,2008,2008,0,0,1
v3_the_representation_of_simple_ensemble_vi,rpp.122,2025,2025,1,1,1,0,0.5,0.5,0.5,1,2008,2008,0,0,1
v3_the_representation_of_simple_ensemble_vi,rpp.122,2025,2025,1,1,1,0,0.625,0.5,0.75,1,2008,2008,0,0,1
v3_the_representation_of_simple_ensemble_vi,rpp.122,2025,2025,1,1,1,0,0.875,1,0.75,1,2008,2008,0,0,1
v3_the_representation_of_simple_ensemble_vi,rpp.122,2026,2026,1,1,0,0,,,,0,2008,2008,0,0,2
v3_the_representation_of_simple_ensemble_vi,rpp.122,2026,2026,1,1,1,0,0.25,0.25,0.25,0,2008,2008,0,0,1
v3_the_representation_of_simple_ensemble_vi,rpp.122,2026,2026,1,1,1,0,0.625,0.5,0.75,1,2008,2008,0,0,1
v3_the_retrospective_gambler_s_fallacy_unli,ml1.7,2010,2010,1,1,0,0,,,,1,2009,2009,0,0,2
v3_the_retrospective_gambler_s_fallacy_unli,ml1.7,2010,2010,1,1,1,0,0.125,0.25,0.0,1,2009,2009,0,0,1
v3_the_retrospective_gambler_s_fallacy_unli,ml1.7,2010,2010,1,1,1,0,0.5,0.5,0.5,0,2009,2009,0,0,1
v3_the_retrospective_gambler_s_fallacy_unli,ml1.7,2010,2010,1,1,1,0,0.5,0.5,0.5,1,2009,2009,0,0,1
v3_the_retrospective_gambler_s_fallacy_unli,ml1.7,2010,2010,1,1,1,0,0.625,0.5,0.75,0,2009,2009,0,0,1
v3_the_retrospective_gambler_s_fallacy_unli,ml1.7,2010,2010,1,1,1,0,0.625,0.75,0.5,1,2009,2009,0,0,1
v3_the_retrospective_gambler_s_fallacy_unli,ml1.7,2011,2011,1,1,0,0,,,,1,2009,2009,0,0,2
v3_the_retrospective_gambler_s_fallacy_unli,ml1.7,2011,2011,1,1,1,0,0.25,0.25,0.25,1,2009,2009,0,0,2
v3_the_retrospective_gambler_s_fallacy_unli,ml1.7,2011,2011,1,1,1,0,0.375,0.5,0.25,1,2009,2009,0,0,1
v3_the_retrospective_gambler_s_fallacy_unli,ml1.7,2011,2011,1,1,1,0,0.5,0.5,0.5,1,2009,2009,0,0,1
v3_the_retrospective_gambler_s_fallacy_unli,ml1.7,2012,2012,1,1,0,0,,,,0,2009,2009,0,0,1
v3_the_retrospective_gambler_s_fallacy_unli,ml1.7,2012,2012,1,1,0,0,,,,1,2009,2009,0,0,1
v3_the_retrospective_gambler_s_fallacy_unli,ml1.7,2012,2012,1,1,1,0,0.375,0.25,0.5,1,2009,2009,0,0,1
v3_the_retrospective_gambler_s_fallacy_unli,ml1.7,2012,2012,1,1,1,0,0.5,0.5,0.5,0,2009,2009,0,0,1
v3_the_retrospective_gambler_s_fallacy_unli,ml1.7,2014,2014,1,1,0,0,,,,0,2009,2009,0,0,2
v3_the_retrospective_gambler_s_fallacy_unli,ml1.7,2014,2014,1,1,0,0,,,,1,2009,2009,0,0,1
v3_the_retrospective_gambler_s_fallacy_unli,ml1.7,2014,2022,2,2,0,0,,,,0,2009,2009,0,0,1
v3_the_retrospective_gambler_s_fallacy_unli,ml1.7,2015,2015,1,1,0,0,,,,1,2009,2009,0,0,3
v3_the_retrospective_gambler_s_fallacy_unli,ml1.7,2016,2016,1,1,0,0,,,,1,2009,2009,0,0,1
v3_the_retrospective_gambler_s_fallacy_unli,ml1.7,2016,2016,1,1,1,0,0.625,0.75,0.5,1,2009,2009,0,0,1
v3_the_retrospective_gambler_s_fallacy_unli,ml1.7,2016,2017,2,2,0,0,,,,1,2009,2009,0,0,1
v3_the_retrospective_gambler_s_fallacy_unli,ml1.7,2017,2017,1,1,0,0,,,,1,2009,2009,0,0,1
v3_the_retrospective_gambler_s_fallacy_unli,ml1.7,2017,2017,1,1,1,0,0.75,0.75,0.75,0,2009,2009,0,0,1
v3_the_retrospective_gambler_s_fallacy_unli,ml1.7,2020,2020,1,1,0,0,,,,0,2009,2009,0,0,2
v3_the_retrospective_gambler_s_fallacy_unli,ml1.7,2020,2020,1,1,1,0,0.5,0.5,0.5,1,2009,2009,0,0,1
v3_the_retrospective_gambler_s_fallacy_unli,ml1.7,2021,2021,1,1,1,0,0.375,0.25,0.5,1,2009,2009,0,0,1
v3_the_retrospective_gambler_s_fallacy_unli,ml1.7,2021,2021,1,1,1,0,0.875,0.75,1.0,1,2009,2009,0,0,1
v3_the_retrospective_gambler_s_fallacy_unli,ml1.7,2022,2022,1,1,0,0,,,,0,2009,2009,0,0,2
v3_the_retrospective_gambler_s_fallacy_unli,ml1.7,2022,2022,1,1,0,0,,,,1,2009,2009,0,0,1
v3_the_retrospective_gambler_s_fallacy_unli,ml1.7,2022,2022,1,1,1,0,0.75,0.5,1.0,1,2009,2009,0,0,1
v3_the_space_between_us_stereotype_threat_a,rpp.87,2008,2008,1,1,1,0,0.25,0.25,0.25,1,2008,2008,0,0,1
v3_the_space_between_us_stereotype_threat_a,rpp.87,2008,2008,1,1,1,0,0.5,0.5,0.5,0,2008,2008,0,0,1
v3_the_space_between_us_stereotype_threat_a,rpp.87,2008,2008,1,1,1,0,0.5,0.5,0.5,1,2008,2008,0,0,1
v3_the_space_between_us_stereotype_threat_a,rpp.87,2009,2009,1,1,0,0,,,,0,2008,2008,0,0,1
v3_the_space_between_us_stereotype_threat_a,rpp.87,2009,2009,1,1,1,0,0.125,0,0.25,1,2008,2008,0,0,1
v3_the_space_between_us_stereotype_threat_a,rpp.87,2009,2009,1,1,1,0,0.25,0.25,0.25,1,2008,2008,0,0,1
v3_the_space_between_us_stereotype_threat_a,rpp.87,2009,2009,1,1,1,0,0.375,0.25,0.5,0,2008,2008,0,0,1
v3_the_space_between_us_stereotype_threat_a,rpp.87,2009,2009,1,1,1,0,0.375,0.25,0.5,1,2008,2008,0,0,1
v3_the_space_between_us_stereotype_threat_a,rpp.87,2009,2009,1,1,1,0,0.5,0.25,0.75,0,2008,2008,0,0,1
v3_the_space_between_us_stereotype_threat_a,rpp.87,2009,2009,1,1,1,0,0.5,0.5,0.5,1,2008,2008,0,0,1
v3_the_space_between_us_stereotype_threat_a,rpp.87,2009,2009,1,1,1,0,0.625,0.75,0.5,1,2008,2008,0,0,1
v3_the_space_between_us_stereotype_threat_a,rpp.87,2010,2010,1,1,0,0,,,,0,2008,2008,0,0,2
v3_the_space_between_us_stereotype_threat_a,rpp.87,2010,2010,1,1,0,0,,,,1,2008,2008,0,0,4
v3_the_space_between_us_stereotype_threat_a,rpp.87,2010,2010,1,1,1,0,0.375,0.5,0.25,1,2008,2008,0,0,1
v3_the_space_between_us_stereotype_threat_a,rpp.87,2010,2010,1,1,1,0,0.5,0.25,0.75,0,2008,2008,0,0,1
v3_the_space_between_us_stereotype_threat_a,rpp.87,2010,2010,1,1,1,0,0.5,0.5,0.5,0,2008,2008,0,0,1
v3_the_space_between_us_stereotype_threat_a,rpp.87,2010,2010,1,1,1,0,0.5,0.5,0.5,1,2008,2008,0,0,2
v3_the_space_between_us_stereotype_threat_a,rpp.87,2011,2011,1,1,0,0,,,,0,2008,2008,0,0,1
v3_the_space_between_us_stereotype_threat_a,rpp.87,2011,2011,1,1,0,0,,,,1,2008,2008,0,0,2
v3_the_space_between_us_stereotype_threat_a,rpp.87,2011,2011,1,1,1,0,0.25,0,0.5,1,2008,2008,0,0,1
v3_the_space_between_us_stereotype_threat_a,rpp.87,2011,2011,1,1,1,0,0.375,0.25,0.5,1,2008,2008,0,0,2
v3_the_space_between_us_stereotype_threat_a,rpp.87,2011,2011,1,1,1,0,0.5,0.25,0.75,1,2008,2008,0,0,1
v3_the_space_between_us_stereotype_threat_a,rpp.87,2011,2011,1,1,1,0,0.5,0.5,0.5,0,2008,2008,0,0,1
v3_the_space_between_us_stereotype_threat_a,rpp.87,2011,2011,1,1,1,0,0.5,0.5,0.5,1,2008,2008,0,0,2
v3_the_space_between_us_stereotype_threat_a,rpp.87,2011,2011,1,1,1,0,0.625,0.5,0.75,1,2008,2008,0,0,1
v3_the_space_between_us_stereotype_threat_a,rpp.87,2012,2012,1,1,0,0,,,,0,2008,2008,0,0,1
v3_the_space_between_us_stereotype_threat_a,rpp.87,2012,2012,1,1,0,0,,,,1,2008,2008,0,0,4
v3_the_space_between_us_stereotype_threat_a,rpp.87,2012,2012,1,1,1,0,0.25,0.25,0.25,1,2008,2008,0,0,3
v3_the_space_between_us_stereotype_threat_a,rpp.87,2012,2012,1,1,1,0,0.375,0.25,0.5,0,2008,2008,0,0,1
v3_the_space_between_us_stereotype_threat_a,rpp.87,2012,2012,1,1,1,0,0.375,0.25,0.5,1,2008,2008,0,0,1
v3_the_space_between_us_stereotype_threat_a,rpp.87,2012,2012,1,1,1,0,0.5,0.5,0.5,0,2008,2008,0,0,1
v3_the_space_between_us_stereotype_threat_a,rpp.87,2012,2012,1,1,1,0,0.5,0.5,0.5,1,2008,2008,0,0,1
v3_the_space_between_us_stereotype_threat_a,rpp.87,2012,2012,1,1,1,0,0.75,0.75,0.75,1,2008,2008,0,0,1
v3_the_space_between_us_stereotype_threat_a,rpp.87,2013,2013,1,1,0,0,,,,0,2008,2008,0,0,2
v3_the_space_between_us_stereotype_threat_a,rpp.87,2013,2013,1,1,0,0,,,,1,2008,2008,0,0,3
v3_the_space_between_us_stereotype_threat_a,rpp.87,2013,2013,1,1,1,0,0.125,0,0.25,1,2008,2008,0,0,1
v3_the_space_between_us_stereotype_threat_a,rpp.87,2013,2013,1,1,1,0,0.5,0.25,0.75,1,2008,2008,0,0,1
v3_the_space_between_us_stereotype_threat_a,rpp.87,2013,2013,1,1,1,0,0.75,0.75,0.75,1,2008,2008,0,0,1
v3_the_space_between_us_stereotype_threat_a,rpp.87,2013,2013,1,1,1,0,0.875,0.75,1.0,1,2008,2008,0,0,1
v3_the_space_between_us_stereotype_threat_a,rpp.87,2014,2014,1,1,0,0,,,,1,2008,2008,0,0,1
v3_the_space_between_us_stereotype_threat_a,rpp.87,2014,2014,1,1,1,0,0.25,0.25,0.25,1,2008,2008,0,0,1
v3_the_space_between_us_stereotype_threat_a,rpp.87,2014,2014,1,1,1,0,0.75,0.5,1.0,1,2008,2008,0,0,1
v3_the_space_between_us_stereotype_threat_a,rpp.87,2014,2014,1,1,1,0,1.0,1,1.0,1,2008,2008,0,0,1
v3_the_space_between_us_stereotype_threat_a,rpp.87,2015,2015,1,1,0,0,,,,1,2008,2008,0,0,2
v3_the_space_between_us_stereotype_threat_a,rpp.87,2015,2015,1,1,1,0,0.5,0.5,0.5,1,2008,2008,0,0,1
v3_the_space_between_us_stereotype_threat_a,rpp.87,2015,2015,1,1,1,0,0.625,0.5,0.75,1,2008,2008,0,0,1
v3_the_space_between_us_stereotype_threat_a,rpp.87,2015,2015,1,1,1,0,0.625,0.75,0.5,1,2008,2008,0,0,1
v3_the_space_between_us_stereotype_threat_a,rpp.87,2016,2016,1,1,0,0,,,,0,2008,2008,0,0,1
v3_the_space_between_us_stereotype_threat_a,rpp.87,2016,2016,1,1,0,0,,,,1,2008,2008,0,0,1
v3_the_space_between_us_stereotype_threat_a,rpp.87,2016,2016,1,1,1,0,0.25,0.25,0.25,1,2008,2008,0,0,1
v3_the_space_between_us_stereotype_threat_a,rpp.87,2016,2016,1,1,1,0,0.5,0.5,0.5,0,2008,2008,0,0,1
v3_the_space_between_us_stereotype_threat_a,rpp.87,2016,2016,1,1,1,0,0.5,0.5,0.5,1,2008,2008,0,0,1
v3_the_space_between_us_stereotype_threat_a,rpp.87,2017,2017,1,1,0,0,,,,0,2008,2008,0,0,5
v3_the_space_between_us_stereotype_threat_a,rpp.87,2017,2017,1,1,0,0,,,,1,2008,2008,0,0,4
v3_the_space_between_us_stereotype_threat_a,rpp.87,2017,2017,1,1,1,0,0.25,0,0.5,1,2008,2008,0,0,1
v3_the_space_between_us_stereotype_threat_a,rpp.87,2017,2017,1,1,1,0,0.5,0.25,0.75,1,2008,2008,0,0,1
v3_the_space_between_us_stereotype_threat_a,rpp.87,2017,2017,1,1,1,0,0.5,0.5,0.5,1,2008,2008,0,0,1
v3_the_space_between_us_stereotype_threat_a,rpp.87,2017,2017,1,1,1,0,0.625,0.5,0.75,1,2008,2008,0,0,1
v3_the_space_between_us_stereotype_threat_a,rpp.87,2017,2017,1,1,1,0,0.75,0.75,0.75,0,2008,2008,0,0,1
v3_the_space_between_us_stereotype_threat_a,rpp.87,2017,2017,1,1,1,0,0.75,0.75,0.75,1,2008,2008,0,0,2
v3_the_space_between_us_stereotype_threat_a,rpp.87,2017,2017,1,1,1,0,0.875,1,0.75,0,2008,2008,0,0,1
v3_the_space_between_us_stereotype_threat_a,rpp.87,2018,2018,1,1,0,0,,,,0,2008,2008,0,0,1
v3_the_space_between_us_stereotype_threat_a,rpp.87,2018,2018,1,1,0,0,,,,1,2008,2008,0,0,2
v3_the_space_between_us_stereotype_threat_a,rpp.87,2018,2018,1,1,1,0,0.0,0,0.0,1,2008,2008,0,0,1
v3_the_space_between_us_stereotype_threat_a,rpp.87,2018,2018,1,1,1,0,0.125,0,0.25,1,2008,2008,0,0,2
v3_the_space_between_us_stereotype_threat_a,rpp.87,2018,2018,1,1,1,0,0.25,0.25,0.25,1,2008,2008,0,0,2
v3_the_space_between_us_stereotype_threat_a,rpp.87,2018,2018,1,1,1,0,0.375,0.25,0.5,1,2008,2008,0,0,2
v3_the_space_between_us_stereotype_threat_a,rpp.87,2018,2018,1,1,1,0,0.5,0.5,0.5,0,2008,2008,0,0,1
v3_the_space_between_us_stereotype_threat_a,rpp.87,2018,2018,1,1,1,0,0.5,0.5,0.5,1,2008,2008,0,0,1
v3_the_space_between_us_stereotype_threat_a,rpp.87,2018,2018,1,1,1,0,0.625,0.25,1.0,1,2008,2008,0,0,2
v3_the_space_between_us_stereotype_threat_a,rpp.87,2018,2018,1,1,1,0,0.625,0.75,0.5,0,2008,2008,0,0,1
v3_the_space_between_us_stereotype_threat_a,rpp.87,2018,2018,1,1,1,0,0.625,0.75,0.5,1,2008,2008,0,0,3
v3_the_space_between_us_stereotype_threat_a,rpp.87,2019,2019,1,1,0,0,,,,0,2008,2008,0,0,2
v3_the_space_between_us_stereotype_threat_a,rpp.87,2019,2019,1,1,0,0,,,,1,2008,2008,0,0,2
v3_the_space_between_us_stereotype_threat_a,rpp.87,2019,2019,1,1,1,0,0.0,0,0.0,1,2008,2008,0,0,1
v3_the_space_between_us_stereotype_threat_a,rpp.87,2019,2019,1,1,1,0,0.25,0.25,0.25,1,2008,2008,0,0,2
v3_the_space_between_us_stereotype_threat_a,rpp.87,2019,2019,1,1,1,0,0.375,0.25,0.5,1,2008,2008,0,0,1
v3_the_space_between_us_stereotype_threat_a,rpp.87,2019,2019,1,1,1,0,0.625,0.75,0.5,0,2008,2008,0,0,1
v3_the_space_between_us_stereotype_threat_a,rpp.87,2020,2020,1,1,0,0,,,,0,2008,2008,0,0,3
v3_the_space_between_us_stereotype_threat_a,rpp.87,2020,2020,1,1,0,0,,,,1,2008,2008,0,0,5
v3_the_space_between_us_stereotype_threat_a,rpp.87,2020,2020,1,1,1,0,0.125,0,0.25,1,2008,2008,0,0,1
v3_the_space_between_us_stereotype_threat_a,rpp.87,2020,2020,1,1,1,0,0.25,0.25,0.25,0,2008,2008,0,0,1
v3_the_space_between_us_stereotype_threat_a,rpp.87,2020,2020,1,1,1,0,0.375,0.25,0.5,0,2008,2008,0,0,1
v3_the_space_between_us_stereotype_threat_a,rpp.87,2020,2020,1,1,1,0,0.375,0.25,0.5,1,2008,2008,0,0,1
v3_the_space_between_us_stereotype_threat_a,rpp.87,2020,2020,1,1,1,0,0.5,0.5,0.5,0,2008,2008,0,0,3
v3_the_space_between_us_stereotype_threat_a,rpp.87,2020,2020,1,1,1,0,0.5,0.5,0.5,1,2008,2008,0,0,3
v3_the_space_between_us_stereotype_threat_a,rpp.87,2020,2020,1,1,1,0,0.75,0.75,0.75,1,2008,2008,0,0,3
v3_the_space_between_us_stereotype_threat_a,rpp.87,2020,2020,1,1,1,0,0.75,1,0.5,1,2008,2008,0,0,1
v3_the_space_between_us_stereotype_threat_a,rpp.87,2020,2020,1,1,1,0,0.875,0.75,1.0,1,2008,2008,0,0,3
v3_the_space_between_us_stereotype_threat_a,rpp.87,2020,2020,1,1,1,0,1.0,1,1.0,1,2008,2008,0,0,1
v3_the_space_between_us_stereotype_threat_a,rpp.87,2021,2021,1,1,0,0,,,,0,2008,2008,0,0,2
v3_the_space_between_us_stereotype_threat_a,rpp.87,2021,2021,1,1,0,0,,,,1,2008,2008,0,0,1
v3_the_space_between_us_stereotype_threat_a,rpp.87,2021,2021,1,1,1,0,0.125,0,0.25,0,2008,2008,0,0,1
v3_the_space_between_us_stereotype_threat_a,rpp.87,2021,2021,1,1,1,0,0.25,0,0.5,0,2008,2008,0,0,1
v3_the_space_between_us_stereotype_threat_a,rpp.87,2021,2021,1,1,1,0,0.25,0.25,0.25,0,2008,2008,0,0,1
v3_the_space_between_us_stereotype_threat_a,rpp.87,2021,2021,1,1,1,0,0.25,0.25,0.25,1,2008,2008,0,0,1
v3_the_space_between_us_stereotype_threat_a,rpp.87,2021,2021,1,1,1,0,0.5,0.5,0.5,1,2008,2008,0,0,1
v3_the_space_between_us_stereotype_threat_a,rpp.87,2021,2021,1,1,1,0,0.625,0.5,0.75,1,2008,2008,0,0,1
v3_the_space_between_us_stereotype_threat_a,rpp.87,2021,2021,1,1,1,0,0.75,0.75,0.75,1,2008,2008,0,0,1
v3_the_space_between_us_stereotype_threat_a,rpp.87,2021,2021,1,1,1,0,0.875,0.75,1.0,1,2008,2008,0,0,1
v3_the_space_between_us_stereotype_threat_a,rpp.87,2021,2021,1,1,1,0,0.875,1,0.75,1,2008,2008,0,0,1
v3_the_space_between_us_stereotype_threat_a,rpp.87,2021,2021,1,1,1,0,1.0,1,1.0,1,2008,2008,0,0,1
v3_the_space_between_us_stereotype_threat_a,rpp.87,2022,2022,1,1,0,0,,,,0,2008,2008,0,0,5
v3_the_space_between_us_stereotype_threat_a,rpp.87,2022,2022,1,1,0,0,,,,1,2008,2008,0,0,4
v3_the_space_between_us_stereotype_threat_a,rpp.87,2022,2022,1,1,1,0,0.125,0,0.25,1,2008,2008,0,0,1
v3_the_space_between_us_stereotype_threat_a,rpp.87,2022,2022,1,1,1,0,0.5,0.25,0.75,0,2008,2008,0,0,1
v3_the_space_between_us_stereotype_threat_a,rpp.87,2022,2022,1,1,1,0,0.5,0.5,0.5,0,2008,2008,0,0,1
v3_the_space_between_us_stereotype_threat_a,rpp.87,2022,2022,1,1,1,0,0.5,0.5,0.5,1,2008,2008,0,0,2
v3_the_space_between_us_stereotype_threat_a,rpp.87,2022,2022,1,1,1,0,0.625,0.75,0.5,1,2008,2008,0,0,1
v3_the_space_between_us_stereotype_threat_a,rpp.87,2022,2022,1,1,1,0,0.75,0.75,0.75,0,2008,2008,0,0,1
v3_the_space_between_us_stereotype_threat_a,rpp.87,2023,2023,1,1,0,0,,,,0,2008,2008,0,0,2
v3_the_space_between_us_stereotype_threat_a,rpp.87,2023,2023,1,1,0,0,,,,1,2008,2008,0,0,4
v3_the_space_between_us_stereotype_threat_a,rpp.87,2023,2023,1,1,1,0,0.125,0.25,0.0,1,2008,2008,0,0,1
v3_the_space_between_us_stereotype_threat_a,rpp.87,2023,2023,1,1,1,0,0.25,0.25,0.25,0,2008,2008,0,0,2
v3_the_space_between_us_stereotype_threat_a,rpp.87,2023,2023,1,1,1,0,0.375,0.25,0.5,1,2008,2008,0,0,1
v3_the_space_between_us_stereotype_threat_a,rpp.87,2023,2023,1,1,1,0,0.375,0.5,0.25,0,2008,2008,0,0,1
v3_the_space_between_us_stereotype_threat_a,rpp.87,2023,2023,1,1,1,0,0.5,0.5,0.5,1,2008,2008,0,0,1
v3_the_space_between_us_stereotype_threat_a,rpp.87,2023,2023,1,1,1,0,0.625,0.5,0.75,1,2008,2008,0,0,1
v3_the_space_between_us_stereotype_threat_a,rpp.87,2023,2023,1,1,1,0,0.625,0.75,0.5,0,2008,2008,0,0,1
v3_the_space_between_us_stereotype_threat_a,rpp.87,2023,2023,1,1,1,0,0.625,0.75,0.5,1,2008,2008,0,0,1
v3_the_space_between_us_stereotype_threat_a,rpp.87,2023,2023,1,1,1,0,0.75,0.75,0.75,1,2008,2008,0,0,1
v3_the_space_between_us_stereotype_threat_a,rpp.87,2023,2023,1,1,1,0,1.0,1,1.0,1,2008,2008,0,0,1
v3_the_space_between_us_stereotype_threat_a,rpp.87,2024,2024,1,1,0,0,,,,0,2008,2008,0,0,1
v3_the_space_between_us_stereotype_threat_a,rpp.87,2024,2024,1,1,0,0,,,,1,2008,2008,0,0,1
v3_the_space_between_us_stereotype_threat_a,rpp.87,2024,2024,1,1,1,0,0.125,0,0.25,0,2008,2008,0,0,2
v3_the_space_between_us_stereotype_threat_a,rpp.87,2024,2024,1,1,1,0,0.125,0,0.25,1,2008,2008,0,0,1
v3_the_space_between_us_stereotype_threat_a,rpp.87,2024,2024,1,1,1,0,0.375,0.25,0.5,1,2008,2008,0,0,1
v3_the_space_between_us_stereotype_threat_a,rpp.87,2024,2024,1,1,1,0,0.875,1,0.75,1,2008,2008,0,0,1
v3_the_space_between_us_stereotype_threat_a,rpp.87,2024,2024,1,1,1,0,1.0,1,1.0,1,2008,2008,0,0,1
v3_the_space_between_us_stereotype_threat_a,rpp.87,2025,2025,1,1,0,0,,,,0,2008,2008,0,0,2
v3_the_space_between_us_stereotype_threat_a,rpp.87,2025,2025,1,1,0,0,,,,1,2008,2008,0,0,2
v3_the_space_between_us_stereotype_threat_a,rpp.87,2025,2025,1,1,1,0,0.5,0.5,0.5,0,2008,2008,0,0,1
v3_the_space_between_us_stereotype_threat_a,rpp.87,2025,2025,1,1,1,0,0.5,0.5,0.5,1,2008,2008,0,0,3
v3_the_space_between_us_stereotype_threat_a,rpp.87,2025,2025,1,1,1,0,0.625,0.75,0.5,0,2008,2008,0,0,1
v3_the_space_between_us_stereotype_threat_a,rpp.87,2025,2025,1,1,1,0,0.625,0.75,0.5,1,2008,2008,0,0,1
v3_the_space_between_us_stereotype_threat_a,rpp.87,2025,2025,1,1,1,0,0.875,1,0.75,1,2008,2008,0,0,1
v3_the_space_between_us_stereotype_threat_a,rpp.87,2025,2025,1,1,1,0,1.0,1,1.0,1,2008,2008,0,0,1
v3_the_space_between_us_stereotype_threat_a,rpp.87,2026,2026,1,1,0,0,,,,0,2008,2008,0,0,2
v3_the_stroop_effect_why_proportion_congrue,rpp.15,2008,2008,1,1,1,0,0.375,0.25,0.5,0,2008,2008,0,0,1
v3_the_stroop_effect_why_proportion_congrue,rpp.15,2008,2008,1,1,1,0,0.625,0.5,0.75,1,2008,2008,0,0,1
v3_the_stroop_effect_why_proportion_congrue,rpp.15,2009,2009,1,1,0,0,,,,0,2008,2008,0,0,1
v3_the_stroop_effect_why_proportion_congrue,rpp.15,2009,2009,1,1,0,0,,,,1,2008,2008,0,0,3
v3_the_stroop_effect_why_proportion_congrue,rpp.15,2009,2009,1,1,1,0,0.125,0,0.25,0,2008,2008,0,0,1
v3_the_stroop_effect_why_proportion_congrue,rpp.15,2009,2009,1,1,1,0,0.125,0,0.25,1,2008,2008,0,0,1
v3_the_stroop_effect_why_proportion_congrue,rpp.15,2009,2009,1,1,1,0,0.125,0.25,0.0,1,2008,2008,0,0,1
v3_the_stroop_effect_why_proportion_congrue,rpp.15,2009,2009,1,1,1,0,0.25,0.25,0.25,1,2008,2008,0,0,1
v3_the_stroop_effect_why_proportion_congrue,rpp.15,2010,2010,1,1,0,0,,,,0,2008,2008,0,0,4
v3_the_stroop_effect_why_proportion_congrue,rpp.15,2010,2010,1,1,0,0,,,,1,2008,2008,0,0,6
v3_the_stroop_effect_why_proportion_congrue,rpp.15,2010,2010,1,1,1,0,0.25,0.25,0.25,1,2008,2008,0,0,2
v3_the_stroop_effect_why_proportion_congrue,rpp.15,2010,2010,1,1,1,0,0.375,0.5,0.25,0,2008,2008,0,0,1
v3_the_stroop_effect_why_proportion_congrue,rpp.15,2010,2010,1,1,1,0,0.375,0.5,0.25,1,2008,2008,0,0,2
v3_the_stroop_effect_why_proportion_congrue,rpp.15,2010,2010,1,1,1,0,0.5,0.5,0.5,0,2008,2008,0,0,1
v3_the_stroop_effect_why_proportion_congrue,rpp.15,2010,2010,1,1,1,0,0.5,0.5,0.5,1,2008,2008,0,0,3
v3_the_stroop_effect_why_proportion_congrue,rpp.15,2010,2010,1,1,1,0,0.5,0.75,0.25,1,2008,2008,0,0,1
v3_the_stroop_effect_why_proportion_congrue,rpp.15,2010,2010,1,1,1,0,0.625,0.5,0.75,0,2008,2008,0,0,1
v3_the_stroop_effect_why_proportion_congrue,rpp.15,2010,2010,1,1,1,0,0.625,0.5,0.75,1,2008,2008,0,0,1
v3_the_stroop_effect_why_proportion_congrue,rpp.15,2010,2010,1,1,1,0,0.625,0.75,0.5,0,2008,2008,0,0,2
v3_the_stroop_effect_why_proportion_congrue,rpp.15,2010,2010,1,1,1,0,0.625,0.75,0.5,1,2008,2008,0,0,2
v3_the_stroop_effect_why_proportion_congrue,rpp.15,2010,2010,1,1,1,0,0.75,0.75,0.75,1,2008,2008,0,0,2
v3_the_stroop_effect_why_proportion_congrue,rpp.15,2010,2010,1,1,1,0,0.875,1,0.75,0,2008,2008,0,0,1
v3_the_stroop_effect_why_proportion_congrue,rpp.15,2011,2011,1,1,0,0,,,,1,2008,2008,0,0,4
v3_the_stroop_effect_why_proportion_congrue,rpp.15,2011,2011,1,1,1,0,0.25,0.25,0.25,0,2008,2008,0,0,1
v3_the_stroop_effect_why_proportion_congrue,rpp.15,2011,2011,1,1,1,0,0.5,0.5,0.5,1,2008,2008,0,0,1
v3_the_stroop_effect_why_proportion_congrue,rpp.15,2011,2011,1,1,1,0,0.625,1,0.25,1,2008,2008,0,0,1
v3_the_stroop_effect_why_proportion_congrue,rpp.15,2012,2012,1,1,0,0,,,,0,2008,2008,0,0,3
v3_the_stroop_effect_why_proportion_congrue,rpp.15,2012,2012,1,1,0,0,,,,1,2008,2008,0,0,5
v3_the_stroop_effect_why_proportion_congrue,rpp.15,2012,2012,1,1,1,0,0.125,0,0.25,1,2008,2008,0,0,1
v3_the_stroop_effect_why_proportion_congrue,rpp.15,2012,2012,1,1,1,0,0.25,0.25,0.25,1,2008,2008,0,0,3
v3_the_stroop_effect_why_proportion_congrue,rpp.15,2012,2012,1,1,1,0,0.375,0.5,0.25,1,2008,2008,0,0,1
v3_the_stroop_effect_why_proportion_congrue,rpp.15,2012,2012,1,1,1,0,0.5,0.5,0.5,0,2008,2008,0,0,2
v3_the_stroop_effect_why_proportion_congrue,rpp.15,2012,2012,1,1,1,0,0.5,0.5,0.5,1,2008,2008,0,0,1
v3_the_stroop_effect_why_proportion_congrue,rpp.15,2013,2013,1,1,0,0,,,,0,2008,2008,0,0,3
v3_the_stroop_effect_why_proportion_congrue,rpp.15,2013,2013,1,1,0,0,,,,1,2008,2008,0,0,11
v3_the_stroop_effect_why_proportion_congrue,rpp.15,2013,2013,1,1,1,0,0.125,0,0.25,1,2008,2008,0,0,2
v3_the_stroop_effect_why_proportion_congrue,rpp.15,2013,2013,1,1,1,0,0.25,0,0.5,1,2008,2008,0,0,1
v3_the_stroop_effect_why_proportion_congrue,rpp.15,2013,2013,1,1,1,0,0.25,0.25,0.25,0,2008,2008,0,0,1
v3_the_stroop_effect_why_proportion_congrue,rpp.15,2013,2013,1,1,1,0,0.25,0.25,0.25,1,2008,2008,0,0,2
v3_the_stroop_effect_why_proportion_congrue,rpp.15,2013,2013,1,1,1,0,0.375,0.25,0.5,1,2008,2008,0,0,1
v3_the_stroop_effect_why_proportion_congrue,rpp.15,2013,2013,1,1,1,0,0.375,0.5,0.25,1,2008,2008,0,0,1
v3_the_stroop_effect_why_proportion_congrue,rpp.15,2013,2013,1,1,1,0,0.5,0.5,0.5,0,2008,2008,0,0,3
v3_the_stroop_effect_why_proportion_congrue,rpp.15,2013,2013,1,1,1,0,0.5,0.5,0.5,1,2008,2008,0,0,5
v3_the_stroop_effect_why_proportion_congrue,rpp.15,2013,2013,1,1,1,0,0.625,0.75,0.5,1,2008,2008,0,0,1
v3_the_stroop_effect_why_proportion_congrue,rpp.15,2013,2013,1,1,1,0,0.75,0.75,0.75,1,2008,2008,0,0,2
v3_the_stroop_effect_why_proportion_congrue,rpp.15,2013,2013,1,1,1,0,1.0,1,1.0,1,2008,2008,0,0,1
v3_the_stroop_effect_why_proportion_congrue,rpp.15,2013,2014,2,2,0,0,,,,1,2008,2008,0,0,1
v3_the_stroop_effect_why_proportion_congrue,rpp.15,2013,2014,2,2,1,0,0.25,0.25,0.25,1,2008,2008,0,0,1
v3_the_stroop_effect_why_proportion_congrue,rpp.15,2014,2014,1,1,0,0,,,,0,2008,2008,0,0,10
v3_the_stroop_effect_why_proportion_congrue,rpp.15,2014,2014,1,1,0,0,,,,1,2008,2008,0,0,16
v3_the_stroop_effect_why_proportion_congrue,rpp.15,2014,2014,1,1,1,0,0.0,0,0.0,1,2008,2008,0,0,1
v3_the_stroop_effect_why_proportion_congrue,rpp.15,2014,2014,1,1,1,0,0.125,0,0.25,0,2008,2008,0,0,1
v3_the_stroop_effect_why_proportion_congrue,rpp.15,2014,2014,1,1,1,0,0.125,0,0.25,1,2008,2008,0,0,1
v3_the_stroop_effect_why_proportion_congrue,rpp.15,2014,2014,1,1,1,0,0.25,0.25,0.25,0,2008,2008,0,0,1
v3_the_stroop_effect_why_proportion_congrue,rpp.15,2014,2014,1,1,1,0,0.25,0.25,0.25,1,2008,2008,0,0,3
v3_the_stroop_effect_why_proportion_congrue,rpp.15,2014,2014,1,1,1,0,0.375,0.25,0.5,0,2008,2008,0,0,2
v3_the_stroop_effect_why_proportion_congrue,rpp.15,2014,2014,1,1,1,0,0.375,0.25,0.5,1,2008,2008,0,0,1
v3_the_stroop_effect_why_proportion_congrue,rpp.15,2014,2014,1,1,1,0,0.375,0.5,0.25,1,2008,2008,0,0,1
v3_the_stroop_effect_why_proportion_congrue,rpp.15,2014,2014,1,1,1,0,0.5,0,1.0,0,2008,2008,0,0,1
v3_the_stroop_effect_why_proportion_congrue,rpp.15,2014,2014,1,1,1,0,0.5,0.5,0.5,0,2008,2008,0,0,1
v3_the_stroop_effect_why_proportion_congrue,rpp.15,2014,2014,1,1,1,0,0.5,0.5,0.5,1,2008,2008,0,0,6
v3_the_stroop_effect_why_proportion_congrue,rpp.15,2014,2014,1,1,1,0,0.625,0.25,1.0,1,2008,2008,0,0,1
v3_the_stroop_effect_why_proportion_congrue,rpp.15,2014,2014,1,1,1,0,0.625,0.5,0.75,0,2008,2008,0,0,1
v3_the_stroop_effect_why_proportion_congrue,rpp.15,2014,2014,1,1,1,0,0.625,0.5,0.75,1,2008,2008,0,0,2
v3_the_stroop_effect_why_proportion_congrue,rpp.15,2014,2014,1,1,1,0,0.625,0.75,0.5,1,2008,2008,0,0,3
v3_the_stroop_effect_why_proportion_congrue,rpp.15,2014,2014,1,1,1,0,0.75,0.75,0.75,0,2008,2008,0,0,2
v3_the_stroop_effect_why_proportion_congrue,rpp.15,2014,2014,1,1,1,0,0.75,1,0.5,1,2008,2008,0,0,1
v3_the_stroop_effect_why_proportion_congrue,rpp.15,2014,2014,1,1,1,0,0.875,1,0.75,0,2008,2008,0,0,1
v3_the_stroop_effect_why_proportion_congrue,rpp.15,2014,2014,1,1,1,0,0.875,1,0.75,1,2008,2008,0,0,1
v3_the_stroop_effect_why_proportion_congrue,rpp.15,2014,2014,1,1,1,0,1.0,1,1.0,1,2008,2008,0,0,2
v3_the_stroop_effect_why_proportion_congrue,rpp.15,2015,2015,1,1,0,0,,,,0,2008,2008,0,0,5
v3_the_stroop_effect_why_proportion_congrue,rpp.15,2015,2015,1,1,0,0,,,,1,2008,2008,0,0,14
v3_the_stroop_effect_why_proportion_congrue,rpp.15,2015,2015,1,1,1,0,0.125,0,0.25,1,2008,2008,0,0,2
v3_the_stroop_effect_why_proportion_congrue,rpp.15,2015,2015,1,1,1,0,0.25,0.25,0.25,1,2008,2008,0,0,2
v3_the_stroop_effect_why_proportion_congrue,rpp.15,2015,2015,1,1,1,0,0.375,0.25,0.5,0,2008,2008,0,0,1
v3_the_stroop_effect_why_proportion_congrue,rpp.15,2015,2015,1,1,1,0,0.375,0.25,0.5,1,2008,2008,0,0,3
v3_the_stroop_effect_why_proportion_congrue,rpp.15,2015,2015,1,1,1,0,0.375,0.5,0.25,1,2008,2008,0,0,2
v3_the_stroop_effect_why_proportion_congrue,rpp.15,2015,2015,1,1,1,0,0.5,0.5,0.5,0,2008,2008,0,0,2
v3_the_stroop_effect_why_proportion_congrue,rpp.15,2015,2015,1,1,1,0,0.5,0.5,0.5,1,2008,2008,0,0,5
v3_the_stroop_effect_why_proportion_congrue,rpp.15,2015,2015,1,1,1,0,0.625,0.5,0.75,0,2008,2008,0,0,1
v3_the_stroop_effect_why_proportion_congrue,rpp.15,2015,2015,1,1,1,0,0.625,0.5,0.75,1,2008,2008,0,0,6
v3_the_stroop_effect_why_proportion_congrue,rpp.15,2015,2015,1,1,1,0,0.625,0.75,0.5,1,2008,2008,0,0,2
v3_the_stroop_effect_why_proportion_congrue,rpp.15,2015,2015,1,1,1,0,0.75,0.5,1.0,0,2008,2008,0,0,1
v3_the_stroop_effect_why_proportion_congrue,rpp.15,2015,2015,1,1,1,0,0.75,0.75,0.75,1,2008,2008,0,0,4
v3_the_stroop_effect_why_proportion_congrue,rpp.15,2015,2015,1,1,1,0,1.0,1,1.0,1,2008,2008,0,0,2
v3_the_stroop_effect_why_proportion_congrue,rpp.15,2016,2016,1,1,0,0,,,,0,2008,2008,0,0,12
v3_the_stroop_effect_why_proportion_congrue,rpp.15,2016,2016,1,1,0,0,,,,1,2008,2008,0,0,16
v3_the_stroop_effect_why_proportion_congrue,rpp.15,2016,2016,1,1,1,0,0.0,0,0.0,0,2008,2008,0,0,1
v3_the_stroop_effect_why_proportion_congrue,rpp.15,2016,2016,1,1,1,0,0.0,0,0.0,1,2008,2008,0,0,2
v3_the_stroop_effect_why_proportion_congrue,rpp.15,2016,2016,1,1,1,0,0.125,0,0.25,1,2008,2008,0,0,1
v3_the_stroop_effect_why_proportion_congrue,rpp.15,2016,2016,1,1,1,0,0.125,0.25,0.0,1,2008,2008,0,0,2
v3_the_stroop_effect_why_proportion_congrue,rpp.15,2016,2016,1,1,1,0,0.25,0,0.5,1,2008,2008,0,0,1
v3_the_stroop_effect_why_proportion_congrue,rpp.15,2016,2016,1,1,1,0,0.25,0.25,0.25,0,2008,2008,0,0,1
v3_the_stroop_effect_why_proportion_congrue,rpp.15,2016,2016,1,1,1,0,0.25,0.25,0.25,1,2008,2008,0,0,4
v3_the_stroop_effect_why_proportion_congrue,rpp.15,2016,2016,1,1,1,0,0.375,0.25,0.5,1,2008,2008,0,0,1
v3_the_stroop_effect_why_proportion_congrue,rpp.15,2016,2016,1,1,1,0,0.375,0.5,0.25,0,2008,2008,0,0,1
v3_the_stroop_effect_why_proportion_congrue,rpp.15,2016,2016,1,1,1,0,0.5,0.25,0.75,0,2008,2008,0,0,1
v3_the_stroop_effect_why_proportion_congrue,rpp.15,2016,2016,1,1,1,0,0.5,0.5,0.5,1,2008,2008,0,0,8
v3_the_stroop_effect_why_proportion_congrue,rpp.15,2016,2016,1,1,1,0,0.625,0.5,0.75,0,2008,2008,0,0,1
v3_the_stroop_effect_why_proportion_congrue,rpp.15,2016,2016,1,1,1,0,0.625,0.5,0.75,1,2008,2008,0,0,2
v3_the_stroop_effect_why_proportion_congrue,rpp.15,2016,2016,1,1,1,0,0.625,0.75,0.5,0,2008,2008,0,0,2
v3_the_stroop_effect_why_proportion_congrue,rpp.15,2016,2016,1,1,1,0,0.75,0.5,1.0,0,2008,2008,0,0,1
v3_the_stroop_effect_why_proportion_congrue,rpp.15,2016,2016,1,1,1,0,0.75,0.75,0.75,0,2008,2008,0,0,2
v3_the_stroop_effect_why_proportion_congrue,rpp.15,2016,2016,1,1,1,0,0.75,0.75,0.75,1,2008,2008,0,0,1
v3_the_stroop_effect_why_proportion_congrue,rpp.15,2016,2016,1,1,1,0,0.875,0.75,1.0,1,2008,2008,0,0,2
v3_the_stroop_effect_why_proportion_congrue,rpp.15,2017,2017,1,1,0,0,,,,0,2008,2008,0,0,1
v3_the_stroop_effect_why_proportion_congrue,rpp.15,2017,2017,1,1,0,0,,,,1,2008,2008,0,0,6
v3_the_stroop_effect_why_proportion_congrue,rpp.15,2017,2017,1,1,1,0,0.0,0,0.0,0,2008,2008,0,0,1
v3_the_stroop_effect_why_proportion_congrue,rpp.15,2017,2017,1,1,1,0,0.125,0,0.25,1,2008,2008,0,0,1
v3_the_stroop_effect_why_proportion_congrue,rpp.15,2017,2017,1,1,1,0,0.125,0.25,0.0,0,2008,2008,0,0,1
v3_the_stroop_effect_why_proportion_congrue,rpp.15,2017,2017,1,1,1,0,0.125,0.25,0.0,1,2008,2008,0,0,1
v3_the_stroop_effect_why_proportion_congrue,rpp.15,2017,2017,1,1,1,0,0.25,0,0.5,1,2008,2008,0,0,1
v3_the_stroop_effect_why_proportion_congrue,rpp.15,2017,2017,1,1,1,0,0.25,0.25,0.25,0,2008,2008,0,0,3
v3_the_stroop_effect_why_proportion_congrue,rpp.15,2017,2017,1,1,1,0,0.375,0.5,0.25,1,2008,2008,0,0,1
v3_the_stroop_effect_why_proportion_congrue,rpp.15,2017,2017,1,1,1,0,0.5,0.25,0.75,1,2008,2008,0,0,1
v3_the_stroop_effect_why_proportion_congrue,rpp.15,2017,2017,1,1,1,0,0.5,0.5,0.5,0,2008,2008,0,0,2
v3_the_stroop_effect_why_proportion_congrue,rpp.15,2017,2017,1,1,1,0,0.5,0.5,0.5,1,2008,2008,0,0,1
v3_the_stroop_effect_why_proportion_congrue,rpp.15,2017,2017,1,1,1,0,0.625,0.5,0.75,1,2008,2008,0,0,1
v3_the_stroop_effect_why_proportion_congrue,rpp.15,2017,2017,1,1,1,0,0.625,0.75,0.5,0,2008,2008,0,0,1
v3_the_stroop_effect_why_proportion_congrue,rpp.15,2017,2017,1,1,1,0,0.75,1,0.5,0,2008,2008,0,0,1
v3_the_stroop_effect_why_proportion_congrue,rpp.15,2017,2017,1,1,1,0,0.875,0.75,1.0,0,2008,2008,0,0,1
v3_the_stroop_effect_why_proportion_congrue,rpp.15,2018,2018,1,1,0,0,,,,0,2008,2008,0,0,4
v3_the_stroop_effect_why_proportion_congrue,rpp.15,2018,2018,1,1,0,0,,,,1,2008,2008,0,0,7
v3_the_stroop_effect_why_proportion_congrue,rpp.15,2018,2018,1,1,1,0,0.0,0,0.0,1,2008,2008,0,0,2
v3_the_stroop_effect_why_proportion_congrue,rpp.15,2018,2018,1,1,1,0,0.25,0.25,0.25,1,2008,2008,0,0,2
v3_the_stroop_effect_why_proportion_congrue,rpp.15,2018,2018,1,1,1,0,0.375,0.5,0.25,1,2008,2008,0,0,2
v3_the_stroop_effect_why_proportion_congrue,rpp.15,2018,2018,1,1,1,0,0.5,0.5,0.5,0,2008,2008,0,0,1
v3_the_stroop_effect_why_proportion_congrue,rpp.15,2018,2018,1,1,1,0,0.5,0.5,0.5,1,2008,2008,0,0,4
v3_the_stroop_effect_why_proportion_congrue,rpp.15,2019,2019,1,1,0,0,,,,0,2008,2008,0,0,6
v3_the_stroop_effect_why_proportion_congrue,rpp.15,2019,2019,1,1,0,0,,,,1,2008,2008,0,0,4
v3_the_stroop_effect_why_proportion_congrue,rpp.15,2019,2019,1,1,1,0,0.0,0,0.0,0,2008,2008,0,0,1
v3_the_stroop_effect_why_proportion_congrue,rpp.15,2019,2019,1,1,1,0,0.0,0,0.0,1,2008,2008,0,0,1
v3_the_stroop_effect_why_proportion_congrue,rpp.15,2019,2019,1,1,1,0,0.125,0,0.25,0,2008,2008,0,0,2
v3_the_stroop_effect_why_proportion_congrue,rpp.15,2019,2019,1,1,1,0,0.125,0,0.25,1,2008,2008,0,0,4
v3_the_stroop_effect_why_proportion_congrue,rpp.15,2019,2019,1,1,1,0,0.25,0.25,0.25,0,2008,2008,0,0,2
v3_the_stroop_effect_why_proportion_congrue,rpp.15,2019,2019,1,1,1,0,0.25,0.25,0.25,1,2008,2008,0,0,4
v3_the_stroop_effect_why_proportion_congrue,rpp.15,2019,2019,1,1,1,0,0.25,0.5,0.0,1,2008,2008,0,0,1
v3_the_stroop_effect_why_proportion_congrue,rpp.15,2019,2019,1,1,1,0,0.375,0.5,0.25,1,2008,2008,0,0,1
v3_the_stroop_effect_why_proportion_congrue,rpp.15,2019,2019,1,1,1,0,0.5,0.5,0.5,1,2008,2008,0,0,2
v3_the_stroop_effect_why_proportion_congrue,rpp.15,2019,2019,1,1,1,0,0.625,0.75,0.5,1,2008,2008,0,0,1
v3_the_stroop_effect_why_proportion_congrue,rpp.15,2019,2019,1,1,1,0,0.75,0.75,0.75,1,2008,2008,0,0,1
v3_the_stroop_effect_why_proportion_congrue,rpp.15,2019,2019,1,1,1,0,0.875,0.75,1.0,0,2008,2008,0,0,1
v3_the_stroop_effect_why_proportion_congrue,rpp.15,2019,2020,2,2,1,0,0.125,0,0.25,1,2008,2008,0,0,1
v3_the_stroop_effect_why_proportion_congrue,rpp.15,2020,2020,1,1,0,0,,,,0,2008,2008,0,0,2
v3_the_stroop_effect_why_proportion_congrue,rpp.15,2020,2020,1,1,0,0,,,,1,2008,2008,0,0,2
v3_the_stroop_effect_why_proportion_congrue,rpp.15,2020,2020,1,1,1,0,0.125,0,0.25,0,2008,2008,0,0,1
v3_the_stroop_effect_why_proportion_congrue,rpp.15,2020,2020,1,1,1,0,0.25,0.25,0.25,1,2008,2008,0,0,1
v3_the_stroop_effect_why_proportion_congrue,rpp.15,2020,2020,1,1,1,0,0.375,0.75,0.0,1,2008,2008,0,0,1
v3_the_stroop_effect_why_proportion_congrue,rpp.15,2020,2020,1,1,1,0,0.5,0.5,0.5,0,2008,2008,0,0,3
v3_the_stroop_effect_why_proportion_congrue,rpp.15,2020,2020,1,1,1,0,0.5,0.5,0.5,1,2008,2008,0,0,1
v3_the_stroop_effect_why_proportion_congrue,rpp.15,2020,2020,1,1,1,0,0.625,0.75,0.5,0,2008,2008,0,0,1
v3_the_stroop_effect_why_proportion_congrue,rpp.15,2020,2020,1,1,1,0,0.625,0.75,0.5,1,2008,2008,0,0,1
v3_the_stroop_effect_why_proportion_congrue,rpp.15,2021,2021,1,1,0,0,,,,0,2008,2008,0,0,3
v3_the_stroop_effect_why_proportion_congrue,rpp.15,2021,2021,1,1,0,0,,,,1,2008,2008,0,0,2
v3_the_stroop_effect_why_proportion_congrue,rpp.15,2021,2021,1,1,1,0,0.125,0,0.25,0,2008,2008,0,0,1
v3_the_stroop_effect_why_proportion_congrue,rpp.15,2021,2021,1,1,1,0,0.125,0.25,0.0,1,2008,2008,0,0,1
v3_the_stroop_effect_why_proportion_congrue,rpp.15,2021,2021,1,1,1,0,0.25,0.25,0.25,1,2008,2008,0,0,2
v3_the_stroop_effect_why_proportion_congrue,rpp.15,2021,2021,1,1,1,0,0.375,0.25,0.5,0,2008,2008,0,0,1
v3_the_stroop_effect_why_proportion_congrue,rpp.15,2021,2021,1,1,1,0,0.5,0.5,0.5,1,2008,2008,0,0,1
v3_the_stroop_effect_why_proportion_congrue,rpp.15,2021,2021,1,1,1,0,0.625,0.5,0.75,1,2008,2008,0,0,2
v3_the_stroop_effect_why_proportion_congrue,rpp.15,2021,2021,1,1,1,0,0.625,0.75,0.5,0,2008,2008,0,0,1
v3_the_stroop_effect_why_proportion_congrue,rpp.15,2021,2021,1,1,1,0,0.625,0.75,0.5,1,2008,2008,0,0,1
v3_the_stroop_effect_why_proportion_congrue,rpp.15,2021,2021,1,1,1,0,0.75,0.75,0.75,0,2008,2008,0,0,1
v3_the_stroop_effect_why_proportion_congrue,rpp.15,2022,2022,1,1,0,0,,,,0,2008,2008,0,0,4
v3_the_stroop_effect_why_proportion_congrue,rpp.15,2022,2022,1,1,0,0,,,,1,2008,2008,0,0,6
v3_the_stroop_effect_why_proportion_congrue,rpp.15,2022,2022,1,1,1,0,0.0,0,0.0,1,2008,2008,0,0,1
v3_the_stroop_effect_why_proportion_congrue,rpp.15,2022,2022,1,1,1,0,0.25,0.25,0.25,1,2008,2008,0,0,2
v3_the_stroop_effect_why_proportion_congrue,rpp.15,2022,2022,1,1,1,0,0.5,0.5,0.5,0,2008,2008,0,0,1
v3_the_stroop_effect_why_proportion_congrue,rpp.15,2022,2022,1,1,1,0,0.625,0.75,0.5,1,2008,2008,0,0,1
v3_the_stroop_effect_why_proportion_congrue,rpp.15,2022,2022,1,1,1,0,0.75,0.75,0.75,1,2008,2008,0,0,1
v3_the_stroop_effect_why_proportion_congrue,rpp.15,2022,2022,1,1,1,0,0.75,1,0.5,1,2008,2008,0,0,1
v3_the_stroop_effect_why_proportion_congrue,rpp.15,2023,2023,1,1,0,0,,,,0,2008,2008,0,0,2
v3_the_stroop_effect_why_proportion_congrue,rpp.15,2023,2023,1,1,0,0,,,,1,2008,2008,0,0,2
v3_the_stroop_effect_why_proportion_congrue,rpp.15,2023,2023,1,1,1,0,0.25,0,0.5,0,2008,2008,0,0,1
v3_the_stroop_effect_why_proportion_congrue,rpp.15,2023,2023,1,1,1,0,0.375,0.5,0.25,0,2008,2008,0,0,1
v3_the_stroop_effect_why_proportion_congrue,rpp.15,2023,2023,1,1,1,0,0.5,0.5,0.5,0,2008,2008,0,0,1
v3_the_stroop_effect_why_proportion_congrue,rpp.15,2023,2023,1,1,1,0,0.5,0.5,0.5,1,2008,2008,0,0,4
v3_the_stroop_effect_why_proportion_congrue,rpp.15,2023,2023,1,1,1,0,0.5,0.75,0.25,1,2008,2008,0,0,1
v3_the_stroop_effect_why_proportion_congrue,rpp.15,2023,2023,1,1,1,0,0.875,0.75,1.0,1,2008,2008,0,0,1
v3_the_stroop_effect_why_proportion_congrue,rpp.15,2024,2024,1,1,0,0,,,,0,2008,2008,0,0,3
v3_the_stroop_effect_why_proportion_congrue,rpp.15,2024,2024,1,1,0,0,,,,1,2008,2008,0,0,15
v3_the_stroop_effect_why_proportion_congrue,rpp.15,2024,2024,1,1,1,0,0.0,0,0.0,1,2008,2008,0,0,2
v3_the_stroop_effect_why_proportion_congrue,rpp.15,2024,2024,1,1,1,0,0.125,0,0.25,0,2008,2008,0,0,1
v3_the_stroop_effect_why_proportion_congrue,rpp.15,2024,2024,1,1,1,0,0.125,0,0.25,1,2008,2008,0,0,2
v3_the_stroop_effect_why_proportion_congrue,rpp.15,2024,2024,1,1,1,0,0.25,0.25,0.25,1,2008,2008,0,0,3
v3_the_stroop_effect_why_proportion_congrue,rpp.15,2024,2024,1,1,1,0,0.375,0.5,0.25,0,2008,2008,0,0,1
v3_the_stroop_effect_why_proportion_congrue,rpp.15,2024,2024,1,1,1,0,0.375,0.75,0.0,0,2008,2008,0,0,1
v3_the_stroop_effect_why_proportion_congrue,rpp.15,2024,2024,1,1,1,0,0.5,0.5,0.5,0,2008,2008,0,0,2
v3_the_stroop_effect_why_proportion_congrue,rpp.15,2024,2024,1,1,1,0,0.5,0.5,0.5,1,2008,2008,0,0,2
v3_the_stroop_effect_why_proportion_congrue,rpp.15,2024,2024,1,1,1,0,0.625,1,0.25,1,2008,2008,0,0,1
v3_the_stroop_effect_why_proportion_congrue,rpp.15,2024,2024,1,1,1,0,0.75,0.75,0.75,0,2008,2008,0,0,1
v3_the_stroop_effect_why_proportion_congrue,rpp.15,2024,2024,1,1,1,0,0.75,0.75,0.75,1,2008,2008,0,0,1
v3_the_stroop_effect_why_proportion_congrue,rpp.15,2024,2024,1,1,1,0,0.875,1,0.75,0,2008,2008,0,0,1
v3_the_stroop_effect_why_proportion_congrue,rpp.15,2024,2024,1,1,1,0,1.0,1,1.0,1,2008,2008,0,0,1
v3_the_stroop_effect_why_proportion_congrue,rpp.15,2025,2025,1,1,0,0,,,,0,2008,2008,0,0,3
v3_the_stroop_effect_why_proportion_congrue,rpp.15,2025,2025,1,1,1,0,0.125,0.25,0.0,1,2008,2008,0,0,1
v3_the_stroop_effect_why_proportion_congrue,rpp.15,2025,2025,1,1,1,0,0.5,0.5,0.5,0,2008,2008,0,0,1
v3_the_stroop_effect_why_proportion_congrue,rpp.15,2025,2025,1,1,1,0,0.5,0.5,0.5,1,2008,2008,0,0,1
v3_the_stroop_effect_why_proportion_congrue,rpp.15,2025,2025,1,1,1,0,0.625,0.75,0.5,1,2008,2008,0,0,1
v3_the_stroop_effect_why_proportion_congrue,rpp.15,2026,2026,1,1,0,0,,,,0,2008,2008,0,0,2
v3_the_stroop_effect_why_proportion_congrue,rpp.15,2026,2026,1,1,1,0,0.5,0.5,0.5,1,2008,2008,0,0,1
v3_the_threat_of_appearing_prejudiced_and_r,rpp.129,2008,2008,1,1,0,0,,,,0,2008,2008,0,0,2
v3_the_threat_of_appearing_prejudiced_and_r,rpp.129,2008,2008,1,1,1,0,0.375,0.25,0.5,0,2008,2008,0,0,1
v3_the_threat_of_appearing_prejudiced_and_r,rpp.129,2008,2008,1,1,1,0,0.375,0.5,0.25,0,2008,2008,0,0,2
v3_the_threat_of_appearing_prejudiced_and_r,rpp.129,2009,2009,1,1,0,0,,,,0,2008,2008,0,0,2
v3_the_threat_of_appearing_prejudiced_and_r,rpp.129,2009,2009,1,1,0,0,,,,1,2008,2008,0,0,2
v3_the_threat_of_appearing_prejudiced_and_r,rpp.129,2009,2009,1,1,1,0,0.125,0,0.25,0,2008,2008,0,0,1
v3_the_threat_of_appearing_prejudiced_and_r,rpp.129,2009,2009,1,1,1,0,0.25,0,0.5,1,2008,2008,0,0,1
v3_the_threat_of_appearing_prejudiced_and_r,rpp.129,2009,2009,1,1,1,0,0.25,0.25,0.25,0,2008,2008,0,0,2
v3_the_threat_of_appearing_prejudiced_and_r,rpp.129,2009,2009,1,1,1,0,0.25,0.25,0.25,1,2008,2008,0,0,1
v3_the_threat_of_appearing_prejudiced_and_r,rpp.129,2009,2009,1,1,1,0,0.5,0.5,0.5,0,2008,2008,0,0,1
v3_the_threat_of_appearing_prejudiced_and_r,rpp.129,2009,2009,1,1,1,0,0.625,0.5,0.75,0,2008,2008,0,0,1
v3_the_threat_of_appearing_prejudiced_and_r,rpp.129,2010,2010,1,1,0,0,,,,0,2008,2008,0,0,1
v3_the_threat_of_appearing_prejudiced_and_r,rpp.129,2010,2010,1,1,0,0,,,,1,2008,2008,0,0,1
v3_the_threat_of_appearing_prejudiced_and_r,rpp.129,2010,2010,1,1,1,0,0.625,0.5,0.75,1,2008,2008,0,0,1
v3_the_threat_of_appearing_prejudiced_and_r,rpp.129,2010,2010,1,1,1,0,0.75,0.75,0.75,1,2008,2008,0,0,1
v3_the_threat_of_appearing_prejudiced_and_r,rpp.129,2011,2011,1,1,1,0,0.25,0.25,0.25,0,2008,2008,0,0,1
v3_the_threat_of_appearing_prejudiced_and_r,rpp.129,2011,2011,1,1,1,0,0.5,0.5,0.5,0,2008,2008,0,0,1
v3_the_threat_of_appearing_prejudiced_and_r,rpp.129,2011,2011,1,1,1,0,0.625,0.75,0.5,1,2008,2008,0,0,1
v3_the_threat_of_appearing_prejudiced_and_r,rpp.129,2011,2011,1,1,1,0,0.75,0.75,0.75,1,2008,2008,0,0,1
v3_the_threat_of_appearing_prejudiced_and_r,rpp.129,2012,2012,1,1,0,0,,,,1,2008,2008,0,0,4
v3_the_threat_of_appearing_prejudiced_and_r,rpp.129,2012,2012,1,1,1,0,0.0,0,0.0,1,2008,2008,0,0,1
v3_the_threat_of_appearing_prejudiced_and_r,rpp.129,2012,2012,1,1,1,0,0.25,0.25,0.25,0,2008,2008,0,0,2
v3_the_threat_of_appearing_prejudiced_and_r,rpp.129,2012,2012,1,1,1,0,0.25,0.25,0.25,1,2008,2008,0,0,2
v3_the_threat_of_appearing_prejudiced_and_r,rpp.129,2012,2012,1,1,1,0,0.375,0.25,0.5,1,2008,2008,0,0,1
v3_the_threat_of_appearing_prejudiced_and_r,rpp.129,2012,2012,1,1,1,0,0.375,0.5,0.25,1,2008,2008,0,0,1
v3_the_threat_of_appearing_prejudiced_and_r,rpp.129,2012,2012,1,1,1,0,0.5,0.5,0.5,0,2008,2008,0,0,1
v3_the_threat_of_appearing_prejudiced_and_r,rpp.129,2012,2012,1,1,1,0,0.5,0.5,0.5,1,2008,2008,0,0,5
v3_the_threat_of_appearing_prejudiced_and_r,rpp.129,2012,2012,1,1,1,0,0.75,1,0.5,1,2008,2008,0,0,1
v3_the_threat_of_appearing_prejudiced_and_r,rpp.129,2013,2013,1,1,1,0,0.5,0.5,0.5,1,2008,2008,0,0,1
v3_the_threat_of_appearing_prejudiced_and_r,rpp.129,2014,2014,1,1,0,0,,,,0,2008,2008,0,0,10
v3_the_threat_of_appearing_prejudiced_and_r,rpp.129,2014,2014,1,1,0,0,,,,1,2008,2008,0,0,3
v3_the_threat_of_appearing_prejudiced_and_r,rpp.129,2014,2014,1,1,1,0,0.0,0,0.0,0,2008,2008,0,0,1
v3_the_threat_of_appearing_prejudiced_and_r,rpp.129,2014,2014,1,1,1,0,0.125,0,0.25,0,2008,2008,0,0,1
v3_the_threat_of_appearing_prejudiced_and_r,rpp.129,2014,2014,1,1,1,0,0.5,0.5,0.5,0,2008,2008,0,0,1
v3_the_threat_of_appearing_prejudiced_and_r,rpp.129,2014,2014,1,1,1,0,0.5,0.5,0.5,1,2008,2008,0,0,1
v3_the_threat_of_appearing_prejudiced_and_r,rpp.129,2014,2014,1,1,1,0,0.625,0.5,0.75,1,2008,2008,0,0,1
v3_the_threat_of_appearing_prejudiced_and_r,rpp.129,2014,2014,1,1,1,0,0.875,0.75,1.0,0,2008,2008,0,0,1
v3_the_threat_of_appearing_prejudiced_and_r,rpp.129,2015,2015,1,1,1,0,0.5,0.5,0.5,1,2008,2008,0,0,1
v3_the_threat_of_appearing_prejudiced_and_r,rpp.129,2015,2015,1,1,1,0,0.625,0.5,0.75,1,2008,2008,0,0,2
v3_the_threat_of_appearing_prejudiced_and_r,rpp.129,2015,2015,1,1,1,0,1.0,1,1.0,0,2008,2008,0,0,1
v3_the_threat_of_appearing_prejudiced_and_r,rpp.129,2016,2016,1,1,0,0,,,,1,2008,2008,0,0,2
v3_the_threat_of_appearing_prejudiced_and_r,rpp.129,2016,2016,1,1,1,0,0.25,0.25,0.25,1,2008,2008,0,0,1
v3_the_threat_of_appearing_prejudiced_and_r,rpp.129,2016,2016,1,1,1,0,0.375,0.25,0.5,1,2008,2008,0,0,1
v3_the_threat_of_appearing_prejudiced_and_r,rpp.129,2016,2016,1,1,1,0,0.5,0.5,0.5,1,2008,2008,0,0,2
v3_the_threat_of_appearing_prejudiced_and_r,rpp.129,2016,2016,1,1,1,0,0.625,0.5,0.75,1,2008,2008,0,0,1
v3_the_threat_of_appearing_prejudiced_and_r,rpp.129,2016,2016,1,1,1,0,0.625,0.75,0.5,1,2008,2008,0,0,1
v3_the_threat_of_appearing_prejudiced_and_r,rpp.129,2016,2016,1,1,1,0,0.75,0.75,0.75,1,2008,2008,0,0,1
v3_the_threat_of_appearing_prejudiced_and_r,rpp.129,2016,2016,1,1,1,0,1.0,1,1.0,1,2008,2008,0,0,1
v3_the_threat_of_appearing_prejudiced_and_r,rpp.129,2017,2017,1,1,0,0,,,,0,2008,2008,0,0,2
v3_the_threat_of_appearing_prejudiced_and_r,rpp.129,2017,2017,1,1,0,0,,,,1,2008,2008,0,0,6
v3_the_threat_of_appearing_prejudiced_and_r,rpp.129,2017,2017,1,1,1,0,0.125,0,0.25,1,2008,2008,0,0,2
v3_the_threat_of_appearing_prejudiced_and_r,rpp.129,2017,2017,1,1,1,0,0.25,0.25,0.25,1,2008,2008,0,0,2
v3_the_threat_of_appearing_prejudiced_and_r,rpp.129,2017,2017,1,1,1,0,0.625,0.5,0.75,1,2008,2008,0,0,1
v3_the_threat_of_appearing_prejudiced_and_r,rpp.129,2017,2017,1,1,1,0,0.75,0.5,1.0,1,2008,2008,0,0,1
v3_the_threat_of_appearing_prejudiced_and_r,rpp.129,2018,2018,1,1,0,0,,,,0,2008,2008,0,0,1
v3_the_threat_of_appearing_prejudiced_and_r,rpp.129,2018,2018,1,1,1,0,0.125,0,0.25,0,2008,2008,0,0,1
v3_the_threat_of_appearing_prejudiced_and_r,rpp.129,2018,2018,1,1,1,0,0.5,0.5,0.5,1,2008,2008,0,0,1
v3_the_threat_of_appearing_prejudiced_and_r,rpp.129,2018,2018,1,1,1,0,0.75,0.75,0.75,1,2008,2008,0,0,1
v3_the_threat_of_appearing_prejudiced_and_r,rpp.129,2019,2019,1,1,1,0,0.125,0,0.25,1,2008,2008,0,0,1
v3_the_threat_of_appearing_prejudiced_and_r,rpp.129,2019,2019,1,1,1,0,0.25,0.25,0.25,0,2008,2008,0,0,1
v3_the_threat_of_appearing_prejudiced_and_r,rpp.129,2019,2019,1,1,1,0,0.375,0.25,0.5,0,2008,2008,0,0,1
v3_the_threat_of_appearing_prejudiced_and_r,rpp.129,2019,2019,1,1,1,0,0.5,0.5,0.5,0,2008,2008,0,0,1
v3_the_threat_of_appearing_prejudiced_and_r,rpp.129,2019,2019,1,1,1,0,0.625,0.75,0.5,1,2008,2008,0,0,1
v3_the_threat_of_appearing_prejudiced_and_r,rpp.129,2019,2019,1,1,1,0,0.75,0.75,0.75,0,2008,2008,0,0,1
v3_the_threat_of_appearing_prejudiced_and_r,rpp.129,2020,2020,1,1,0,0,,,,0,2008,2008,0,0,1
v3_the_threat_of_appearing_prejudiced_and_r,rpp.129,2020,2020,1,1,0,0,,,,1,2008,2008,0,0,1
v3_the_threat_of_appearing_prejudiced_and_r,rpp.129,2021,2021,1,1,1,0,0.5,0.5,0.5,0,2008,2008,0,0,1
v3_the_threat_of_appearing_prejudiced_and_r,rpp.129,2021,2021,1,1,1,0,0.75,0.75,0.75,0,2008,2008,0,0,1
v3_the_threat_of_appearing_prejudiced_and_r,rpp.129,2022,2022,1,1,0,0,,,,1,2008,2008,0,0,2
v3_the_threat_of_appearing_prejudiced_and_r,rpp.129,2022,2022,1,1,1,0,0.0,0,0.0,0,2008,2008,0,0,1
v3_the_threat_of_appearing_prejudiced_and_r,rpp.129,2022,2022,1,1,1,0,0.25,0.25,0.25,1,2008,2008,0,0,1
v3_the_threat_of_appearing_prejudiced_and_r,rpp.129,2022,2022,1,1,1,0,0.5,0.5,0.5,0,2008,2008,0,0,2
v3_the_threat_of_appearing_prejudiced_and_r,rpp.129,2022,2022,1,1,1,0,0.625,0.5,0.75,1,2008,2008,0,0,1
v3_the_threat_of_appearing_prejudiced_and_r,rpp.129,2022,2022,1,1,1,0,0.625,0.75,0.5,1,2008,2008,0,0,1
v3_the_threat_of_appearing_prejudiced_and_r,rpp.129,2022,2022,1,1,1,0,0.875,0.75,1.0,0,2008,2008,0,0,1
v3_the_threat_of_appearing_prejudiced_and_r,rpp.129,2023,2023,1,1,1,0,0.25,0.25,0.25,1,2008,2008,0,0,1
v3_the_threat_of_appearing_prejudiced_and_r,rpp.129,2023,2023,1,1,1,0,0.5,0.5,0.5,1,2008,2008,0,0,2
v3_the_threat_of_appearing_prejudiced_and_r,rpp.129,2024,2024,1,1,0,0,,,,0,2008,2008,0,0,3
v3_the_threat_of_appearing_prejudiced_and_r,rpp.129,2024,2024,1,1,1,0,0.125,0.25,0.0,1,2008,2008,0,0,2
v3_the_threat_of_appearing_prejudiced_and_r,rpp.129,2024,2024,1,1,1,0,0.25,0,0.5,0,2008,2008,0,0,1
v3_the_threat_of_appearing_prejudiced_and_r,rpp.129,2025,2025,1,1,0,0,,,,0,2008,2008,0,0,1
v3_the_threat_of_appearing_prejudiced_and_r,rpp.129,2025,2025,1,1,1,0,0.5,0.5,0.5,0,2008,2008,0,0,1
v3_the_threat_of_appearing_prejudiced_and_r,rpp.129,2025,2025,1,1,1,0,0.5,0.5,0.5,1,2008,2008,0,0,2
v3_the_ultimate_sampling_dilemma_in_experie,rpp.17,2009,2009,1,1,0,0,,,,0,2008,2008,0,0,3
v3_the_ultimate_sampling_dilemma_in_experie,rpp.17,2009,2009,1,1,0,0,,,,1,2008,2008,0,0,1
v3_the_ultimate_sampling_dilemma_in_experie,rpp.17,2009,2009,1,1,1,0,0.25,0.25,0.25,1,2008,2008,0,0,2
v3_the_ultimate_sampling_dilemma_in_experie,rpp.17,2009,2009,1,1,1,0,0.5,0.5,0.5,1,2008,2008,0,0,3
v3_the_ultimate_sampling_dilemma_in_experie,rpp.17,2009,2009,1,1,1,0,1.0,1,1.0,1,2008,2008,0,0,1
v3_the_ultimate_sampling_dilemma_in_experie,rpp.17,2010,2010,1,1,0,0,,,,1,2008,2008,0,0,1
v3_the_ultimate_sampling_dilemma_in_experie,rpp.17,2011,2011,1,1,0,0,,,,1,2008,2008,0,0,1
v3_the_ultimate_sampling_dilemma_in_experie,rpp.17,2012,2012,1,1,0,0,,,,1,2008,2008,0,0,1
v3_the_ultimate_sampling_dilemma_in_experie,rpp.17,2012,2012,1,1,1,0,0.625,0.75,0.5,0,2008,2008,0,0,1
v3_the_ultimate_sampling_dilemma_in_experie,rpp.17,2013,2013,1,1,0,0,,,,0,2008,2008,0,0,1
v3_the_ultimate_sampling_dilemma_in_experie,rpp.17,2013,2013,1,1,1,0,0.25,0.25,0.25,0,2008,2008,0,0,1
v3_the_ultimate_sampling_dilemma_in_experie,rpp.17,2013,2013,1,1,1,0,0.625,0.75,0.5,1,2008,2008,0,0,1
v3_the_ultimate_sampling_dilemma_in_experie,rpp.17,2014,2014,1,1,0,0,,,,0,2008,2008,0,0,1
v3_the_ultimate_sampling_dilemma_in_experie,rpp.17,2014,2014,1,1,1,0,0.5,0.5,0.5,1,2008,2008,0,0,1
v3_the_ultimate_sampling_dilemma_in_experie,rpp.17,2015,2015,1,1,0,0,,,,0,2008,2008,0,0,1
v3_the_ultimate_sampling_dilemma_in_experie,rpp.17,2015,2015,1,1,0,0,,,,1,2008,2008,0,0,2
v3_the_ultimate_sampling_dilemma_in_experie,rpp.17,2015,2015,1,1,1,0,0.5,0.5,0.5,0,2008,2008,0,0,1
v3_the_ultimate_sampling_dilemma_in_experie,rpp.17,2015,2015,1,1,1,0,0.75,0.75,0.75,1,2008,2008,0,0,1
v3_the_ultimate_sampling_dilemma_in_experie,rpp.17,2015,2015,1,1,1,0,1.0,1,1.0,1,2008,2008,0,0,1
v3_the_ultimate_sampling_dilemma_in_experie,rpp.17,2016,2016,1,1,0,0,,,,0,2008,2008,0,0,1
v3_the_ultimate_sampling_dilemma_in_experie,rpp.17,2016,2016,1,1,1,0,0.125,0.25,0.0,1,2008,2008,0,0,1
v3_the_ultimate_sampling_dilemma_in_experie,rpp.17,2016,2016,1,1,1,0,0.25,0.25,0.25,1,2008,2008,0,0,1
v3_the_ultimate_sampling_dilemma_in_experie,rpp.17,2016,2016,1,1,1,0,0.375,0.25,0.5,0,2008,2008,0,0,1
v3_the_ultimate_sampling_dilemma_in_experie,rpp.17,2016,2016,1,1,1,0,0.5,0.5,0.5,1,2008,2008,0,0,1
v3_the_ultimate_sampling_dilemma_in_experie,rpp.17,2017,2017,1,1,0,0,,,,0,2008,2008,0,0,4
v3_the_ultimate_sampling_dilemma_in_experie,rpp.17,2017,2017,1,1,0,0,,,,1,2008,2008,0,0,1
v3_the_ultimate_sampling_dilemma_in_experie,rpp.17,2017,2017,1,1,1,0,0.375,0.25,0.5,1,2008,2008,0,0,1
v3_the_ultimate_sampling_dilemma_in_experie,rpp.17,2017,2017,1,1,1,0,0.5,0.25,0.75,1,2008,2008,0,0,1
v3_the_ultimate_sampling_dilemma_in_experie,rpp.17,2017,2017,1,1,1,0,0.5,0.5,0.5,0,2008,2008,0,0,1
v3_the_ultimate_sampling_dilemma_in_experie,rpp.17,2018,2018,1,1,0,0,,,,0,2008,2008,0,0,2
v3_the_ultimate_sampling_dilemma_in_experie,rpp.17,2018,2018,1,1,1,0,0.0,0,0.0,1,2008,2008,0,0,1
v3_the_ultimate_sampling_dilemma_in_experie,rpp.17,2018,2018,1,1,1,0,0.125,0.25,0.0,1,2008,2008,0,0,1
v3_the_ultimate_sampling_dilemma_in_experie,rpp.17,2019,2019,1,1,0,0,,,,1,2008,2008,0,0,1
v3_the_ultimate_sampling_dilemma_in_experie,rpp.17,2019,2019,1,1,1,0,0.375,0.25,0.5,0,2008,2008,0,0,2
v3_the_ultimate_sampling_dilemma_in_experie,rpp.17,2019,2019,1,1,1,0,0.625,0.75,0.5,1,2008,2008,0,0,1
v3_the_ultimate_sampling_dilemma_in_experie,rpp.17,2019,2019,1,1,1,0,0.75,0.75,0.75,0,2008,2008,0,0,2
v3_the_ultimate_sampling_dilemma_in_experie,rpp.17,2020,2020,1,1,1,0,0.125,0,0.25,1,2008,2008,0,0,1
v3_the_ultimate_sampling_dilemma_in_experie,rpp.17,2020,2020,1,1,1,0,0.75,1,0.5,1,2008,2008,0,0,1
v3_the_ultimate_sampling_dilemma_in_experie,rpp.17,2023,2023,1,1,0,0,,,,1,2008,2008,0,0,1
v3_the_ultimate_sampling_dilemma_in_experie,rpp.17,2023,2023,1,1,1,0,0.5,0.5,0.5,0,2008,2008,0,0,1
v3_the_ultimate_sampling_dilemma_in_experie,rpp.17,2024,2024,1,1,0,0,,,,1,2008,2008,0,0,1
v3_the_ultimate_sampling_dilemma_in_experie,rpp.17,2024,2024,1,1,1,0,0.875,0.75,1.0,0,2008,2008,0,0,1
v3_the_value_heuristic_in_judgments_of_rela,rpp.165,2009,2009,1,1,0,0,,,,1,2008,2008,0,0,1
v3_the_value_heuristic_in_judgments_of_rela,rpp.165,2009,2009,1,1,1,0,0.75,0.75,0.75,1,2008,2008,0,0,1
v3_the_value_heuristic_in_judgments_of_rela,rpp.165,2011,2011,1,1,0,0,,,,1,2008,2008,0,0,2
v3_the_value_heuristic_in_judgments_of_rela,rpp.165,2011,2011,1,1,1,0,0.0,0,0.0,1,2008,2008,0,0,1
v3_the_value_heuristic_in_judgments_of_rela,rpp.165,2011,2011,1,1,1,0,0.375,0.5,0.25,1,2008,2008,0,0,1
v3_the_value_heuristic_in_judgments_of_rela,rpp.165,2011,2011,1,1,1,0,0.5,0.5,0.5,1,2008,2008,0,0,1
v3_the_value_heuristic_in_judgments_of_rela,rpp.165,2011,2011,1,1,1,0,0.625,0.75,0.5,0,2008,2008,0,0,1
v3_the_value_heuristic_in_judgments_of_rela,rpp.165,2012,2012,1,1,1,0,0.5,0.5,0.5,0,2008,2008,0,0,1
v3_the_value_heuristic_in_judgments_of_rela,rpp.165,2012,2012,1,1,1,0,0.625,0.75,0.5,0,2008,2008,0,0,1
v3_the_value_heuristic_in_judgments_of_rela,rpp.165,2013,2013,1,1,1,0,0.5,0.5,0.5,0,2008,2008,0,0,1
v3_the_value_heuristic_in_judgments_of_rela,rpp.165,2013,2013,1,1,1,0,0.5,0.5,0.5,1,2008,2008,0,0,1
v3_the_value_heuristic_in_judgments_of_rela,rpp.165,2014,2014,1,1,0,0,,,,0,2008,2008,0,0,1
v3_the_value_heuristic_in_judgments_of_rela,rpp.165,2015,2015,1,1,0,0,,,,0,2008,2008,0,0,1
v3_the_value_heuristic_in_judgments_of_rela,rpp.165,2015,2015,1,1,0,0,,,,1,2008,2008,0,0,1
v3_the_value_heuristic_in_judgments_of_rela,rpp.165,2015,2015,1,1,1,0,0.625,0.5,0.75,0,2008,2008,0,0,1
v3_the_value_heuristic_in_judgments_of_rela,rpp.165,2015,2015,1,1,1,0,0.625,0.75,0.5,1,2008,2008,0,0,2
v3_the_value_heuristic_in_judgments_of_rela,rpp.165,2016,2016,1,1,0,0,,,,0,2008,2008,0,0,1
v3_the_value_heuristic_in_judgments_of_rela,rpp.165,2018,2018,1,1,1,0,0.25,0.25,0.25,0,2008,2008,0,0,1
v3_the_value_heuristic_in_judgments_of_rela,rpp.165,2018,2018,1,1,1,0,0.25,0.25,0.25,1,2008,2008,0,0,1
v3_the_value_heuristic_in_judgments_of_rela,rpp.165,2019,2019,1,1,0,0,,,,1,2008,2008,0,0,1
v3_the_value_heuristic_in_judgments_of_rela,rpp.165,2019,2019,1,1,1,0,0.5,0.5,0.5,1,2008,2008,0,0,1
v3_the_value_heuristic_in_judgments_of_rela,rpp.165,2020,2020,1,1,1,0,0.5,0.75,0.25,1,2008,2008,0,0,1
v3_the_value_heuristic_in_judgments_of_rela,rpp.165,2022,2022,1,1,1,0,0.375,0.5,0.25,1,2008,2008,0,0,1
v3_toward_a_physiology_of_dual_process_reas,rpp.118,2009,2009,1,1,1,0,0.125,0,0.25,1,2008,2008,0,0,1
v3_toward_a_physiology_of_dual_process_reas,rpp.118,2009,2009,1,1,1,0,0.25,0.25,0.25,1,2008,2008,0,0,1
v3_toward_a_physiology_of_dual_process_reas,rpp.118,2009,2009,1,1,1,0,0.875,1,0.75,1,2008,2008,0,0,1
v3_toward_a_physiology_of_dual_process_reas,rpp.118,2010,2010,1,1,0,0,,,,0,2008,2008,0,0,1
v3_toward_a_physiology_of_dual_process_reas,rpp.118,2010,2010,1,1,0,0,,,,1,2008,2008,0,0,5
v3_toward_a_physiology_of_dual_process_reas,rpp.118,2010,2010,1,1,1,0,0.25,0.25,0.25,1,2008,2008,0,0,3
v3_toward_a_physiology_of_dual_process_reas,rpp.118,2010,2010,1,1,1,0,0.5,0.5,0.5,0,2008,2008,0,0,1
v3_toward_a_physiology_of_dual_process_reas,rpp.118,2010,2010,1,1,1,0,0.5,0.5,0.5,1,2008,2008,0,0,3
v3_toward_a_physiology_of_dual_process_reas,rpp.118,2010,2010,1,1,1,0,0.625,0.5,0.75,1,2008,2008,0,0,2
v3_toward_a_physiology_of_dual_process_reas,rpp.118,2010,2010,1,1,1,0,0.75,0.75,0.75,1,2008,2008,0,0,2
v3_toward_a_physiology_of_dual_process_reas,rpp.118,2010,2010,1,1,1,0,0.875,0.75,1.0,0,2008,2008,0,0,1
v3_toward_a_physiology_of_dual_process_reas,rpp.118,2010,2010,1,1,1,0,0.875,1,0.75,1,2008,2008,0,0,1
v3_toward_a_physiology_of_dual_process_reas,rpp.118,2010,2010,1,1,1,0,1.0,1,1.0,1,2008,2008,0,0,1
v3_toward_a_physiology_of_dual_process_reas,rpp.118,2011,2011,1,1,0,0,,,,0,2008,2008,0,0,1
v3_toward_a_physiology_of_dual_process_reas,rpp.118,2011,2011,1,1,0,0,,,,1,2008,2008,0,0,2
v3_toward_a_physiology_of_dual_process_reas,rpp.118,2011,2011,1,1,1,0,0.5,0.5,0.5,1,2008,2008,0,0,3
v3_toward_a_physiology_of_dual_process_reas,rpp.118,2011,2011,1,1,1,0,0.625,0.5,0.75,1,2008,2008,0,0,1
v3_toward_a_physiology_of_dual_process_reas,rpp.118,2011,2011,1,1,1,0,0.625,0.75,0.5,0,2008,2008,0,0,1
v3_toward_a_physiology_of_dual_process_reas,rpp.118,2011,2011,1,1,1,0,0.75,1,0.5,1,2008,2008,0,0,1
v3_toward_a_physiology_of_dual_process_reas,rpp.118,2011,2011,1,1,1,0,0.875,0.75,1.0,1,2008,2008,0,0,3
v3_toward_a_physiology_of_dual_process_reas,rpp.118,2012,2012,1,1,0,0,,,,0,2008,2008,0,0,2
v3_toward_a_physiology_of_dual_process_reas,rpp.118,2012,2012,1,1,0,0,,,,1,2008,2008,0,0,1
v3_toward_a_physiology_of_dual_process_reas,rpp.118,2012,2012,1,1,1,0,0.25,0.25,0.25,0,2008,2008,0,0,1
v3_toward_a_physiology_of_dual_process_reas,rpp.118,2012,2012,1,1,1,0,0.25,0.25,0.25,1,2008,2008,0,0,1
v3_toward_a_physiology_of_dual_process_reas,rpp.118,2012,2012,1,1,1,0,0.5,0.5,0.5,1,2008,2008,0,0,1
v3_toward_a_physiology_of_dual_process_reas,rpp.118,2012,2012,1,1,1,0,0.5,0.75,0.25,0,2008,2008,0,0,1
v3_toward_a_physiology_of_dual_process_reas,rpp.118,2012,2012,1,1,1,0,0.625,0.5,0.75,0,2008,2008,0,0,1
v3_toward_a_physiology_of_dual_process_reas,rpp.118,2012,2012,1,1,1,0,0.625,0.5,0.75,1,2008,2008,0,0,2
v3_toward_a_physiology_of_dual_process_reas,rpp.118,2012,2012,1,1,1,0,0.75,0.75,0.75,1,2008,2008,0,0,1
v3_toward_a_physiology_of_dual_process_reas,rpp.118,2012,2012,1,1,1,0,0.875,1,0.75,1,2008,2008,0,0,1
v3_toward_a_physiology_of_dual_process_reas,rpp.118,2013,2013,1,1,0,0,,,,0,2008,2008,0,0,5
v3_toward_a_physiology_of_dual_process_reas,rpp.118,2013,2013,1,1,0,0,,,,1,2008,2008,0,0,7
v3_toward_a_physiology_of_dual_process_reas,rpp.118,2013,2013,1,1,1,0,0.0,0,0.0,1,2008,2008,0,0,1
v3_toward_a_physiology_of_dual_process_reas,rpp.118,2013,2013,1,1,1,0,0.125,0,0.25,1,2008,2008,0,0,2
v3_toward_a_physiology_of_dual_process_reas,rpp.118,2013,2013,1,1,1,0,0.5,0.5,0.5,0,2008,2008,0,0,1
v3_toward_a_physiology_of_dual_process_reas,rpp.118,2013,2013,1,1,1,0,0.5,0.5,0.5,1,2008,2008,0,0,4
v3_toward_a_physiology_of_dual_process_reas,rpp.118,2013,2013,1,1,1,0,0.625,0.5,0.75,0,2008,2008,0,0,1
v3_toward_a_physiology_of_dual_process_reas,rpp.118,2013,2013,1,1,1,0,0.625,0.5,0.75,1,2008,2008,0,0,2
v3_toward_a_physiology_of_dual_process_reas,rpp.118,2013,2013,1,1,1,0,1.0,1,1.0,1,2008,2008,0,0,1
v3_toward_a_physiology_of_dual_process_reas,rpp.118,2014,2014,1,1,0,0,,,,0,2008,2008,0,0,4
v3_toward_a_physiology_of_dual_process_reas,rpp.118,2014,2014,1,1,0,0,,,,1,2008,2008,0,0,12
v3_toward_a_physiology_of_dual_process_reas,rpp.118,2014,2014,1,1,1,0,0.0,0,0.0,0,2008,2008,0,0,1
v3_toward_a_physiology_of_dual_process_reas,rpp.118,2014,2014,1,1,1,0,0.125,0,0.25,0,2008,2008,0,0,1
v3_toward_a_physiology_of_dual_process_reas,rpp.118,2014,2014,1,1,1,0,0.25,0,0.5,1,2008,2008,0,0,1
v3_toward_a_physiology_of_dual_process_reas,rpp.118,2014,2014,1,1,1,0,0.25,0.25,0.25,0,2008,2008,0,0,1
v3_toward_a_physiology_of_dual_process_reas,rpp.118,2014,2014,1,1,1,0,0.375,0.25,0.5,1,2008,2008,0,0,1
v3_toward_a_physiology_of_dual_process_reas,rpp.118,2014,2014,1,1,1,0,0.375,0.5,0.25,1,2008,2008,0,0,3
v3_toward_a_physiology_of_dual_process_reas,rpp.118,2014,2014,1,1,1,0,0.5,0.5,0.5,1,2008,2008,0,0,3
v3_toward_a_physiology_of_dual_process_reas,rpp.118,2014,2014,1,1,1,0,0.625,0.5,0.75,1,2008,2008,0,0,1
v3_toward_a_physiology_of_dual_process_reas,rpp.118,2014,2014,1,1,1,0,0.625,0.75,0.5,1,2008,2008,0,0,1
v3_toward_a_physiology_of_dual_process_reas,rpp.118,2014,2014,1,1,1,0,0.75,0.75,0.75,1,2008,2008,0,0,2
v3_toward_a_physiology_of_dual_process_reas,rpp.118,2014,2014,1,1,1,0,0.875,0.75,1.0,0,2008,2008,0,0,2
v3_toward_a_physiology_of_dual_process_reas,rpp.118,2014,2014,1,1,1,0,0.875,1,0.75,1,2008,2008,0,0,1
v3_toward_a_physiology_of_dual_process_reas,rpp.118,2014,2020,2,2,0,0,,,,1,2008,2008,0,0,2
v3_toward_a_physiology_of_dual_process_reas,rpp.118,2015,2015,1,1,0,0,,,,0,2008,2008,0,0,3
v3_toward_a_physiology_of_dual_process_reas,rpp.118,2015,2015,1,1,0,0,,,,1,2008,2008,0,0,4
v3_toward_a_physiology_of_dual_process_reas,rpp.118,2015,2015,1,1,1,0,0.25,0.25,0.25,1,2008,2008,0,0,3
v3_toward_a_physiology_of_dual_process_reas,rpp.118,2015,2015,1,1,1,0,0.375,0.25,0.5,0,2008,2008,0,0,1
v3_toward_a_physiology_of_dual_process_reas,rpp.118,2015,2015,1,1,1,0,0.375,0.5,0.25,1,2008,2008,0,0,2
v3_toward_a_physiology_of_dual_process_reas,rpp.118,2015,2015,1,1,1,0,0.5,0.25,0.75,0,2008,2008,0,0,1
v3_toward_a_physiology_of_dual_process_reas,rpp.118,2015,2015,1,1,1,0,0.5,0.5,0.5,0,2008,2008,0,0,1
v3_toward_a_physiology_of_dual_process_reas,rpp.118,2015,2015,1,1,1,0,0.5,0.5,0.5,1,2008,2008,0,0,2
v3_toward_a_physiology_of_dual_process_reas,rpp.118,2015,2015,1,1,1,0,0.625,0.5,0.75,1,2008,2008,0,0,1
v3_toward_a_physiology_of_dual_process_reas,rpp.118,2015,2015,1,1,1,0,0.875,0.75,1.0,1,2008,2008,0,0,1
v3_toward_a_physiology_of_dual_process_reas,rpp.118,2016,2016,1,1,0,0,,,,0,2008,2008,0,0,6
v3_toward_a_physiology_of_dual_process_reas,rpp.118,2016,2016,1,1,0,0,,,,1,2008,2008,0,0,3
v3_toward_a_physiology_of_dual_process_reas,rpp.118,2016,2016,1,1,1,0,0.125,0,0.25,1,2008,2008,0,0,2
v3_toward_a_physiology_of_dual_process_reas,rpp.118,2016,2016,1,1,1,0,0.25,0.5,0.0,1,2008,2008,0,0,1
v3_toward_a_physiology_of_dual_process_reas,rpp.118,2016,2016,1,1,1,0,0.375,0.25,0.5,1,2008,2008,0,0,1
v3_toward_a_physiology_of_dual_process_reas,rpp.118,2016,2016,1,1,1,0,0.5,0.5,0.5,0,2008,2008,0,0,3
v3_toward_a_physiology_of_dual_process_reas,rpp.118,2016,2016,1,1,1,0,0.5,0.5,0.5,1,2008,2008,0,0,2
v3_toward_a_physiology_of_dual_process_reas,rpp.118,2016,2016,1,1,1,0,0.625,0.25,1.0,1,2008,2008,0,0,1
v3_toward_a_physiology_of_dual_process_reas,rpp.118,2016,2016,1,1,1,0,0.625,0.5,0.75,0,2008,2008,0,0,3
v3_toward_a_physiology_of_dual_process_reas,rpp.118,2016,2016,1,1,1,0,0.625,0.5,0.75,1,2008,2008,0,0,1
v3_toward_a_physiology_of_dual_process_reas,rpp.118,2017,2017,1,1,0,0,,,,0,2008,2008,0,0,6
v3_toward_a_physiology_of_dual_process_reas,rpp.118,2017,2017,1,1,0,0,,,,1,2008,2008,0,0,1
v3_toward_a_physiology_of_dual_process_reas,rpp.118,2017,2017,1,1,1,0,0.25,0.25,0.25,1,2008,2008,0,0,2
v3_toward_a_physiology_of_dual_process_reas,rpp.118,2017,2017,1,1,1,0,0.375,0.25,0.5,1,2008,2008,0,0,2
v3_toward_a_physiology_of_dual_process_reas,rpp.118,2017,2017,1,1,1,0,0.5,0.5,0.5,0,2008,2008,0,0,1
v3_toward_a_physiology_of_dual_process_reas,rpp.118,2017,2017,1,1,1,0,0.5,0.5,0.5,1,2008,2008,0,0,1
v3_toward_a_physiology_of_dual_process_reas,rpp.118,2017,2017,1,1,1,0,0.625,0.5,0.75,1,2008,2008,0,0,1
v3_toward_a_physiology_of_dual_process_reas,rpp.118,2017,2017,1,1,1,0,0.625,0.75,0.5,0,2008,2008,0,0,1
v3_toward_a_physiology_of_dual_process_reas,rpp.118,2017,2017,1,1,1,0,0.75,0.5,1.0,1,2008,2008,0,0,1
v3_toward_a_physiology_of_dual_process_reas,rpp.118,2017,2017,1,1,1,0,0.75,1,0.5,1,2008,2008,0,0,1
v3_toward_a_physiology_of_dual_process_reas,rpp.118,2018,2018,1,1,0,0,,,,0,2008,2008,0,0,17
v3_toward_a_physiology_of_dual_process_reas,rpp.118,2018,2018,1,1,0,0,,,,1,2008,2008,0,0,1
v3_toward_a_physiology_of_dual_process_reas,rpp.118,2018,2018,1,1,1,0,0.25,0.25,0.25,0,2008,2008,0,0,1
v3_toward_a_physiology_of_dual_process_reas,rpp.118,2018,2018,1,1,1,0,0.25,0.25,0.25,1,2008,2008,0,0,2
v3_toward_a_physiology_of_dual_process_reas,rpp.118,2018,2018,1,1,1,0,0.5,0.5,0.5,0,2008,2008,0,0,5
v3_toward_a_physiology_of_dual_process_reas,rpp.118,2018,2018,1,1,1,0,0.5,0.5,0.5,1,2008,2008,0,0,1
v3_toward_a_physiology_of_dual_process_reas,rpp.118,2018,2018,1,1,1,0,0.625,0.5,0.75,1,2008,2008,0,0,1
v3_toward_a_physiology_of_dual_process_reas,rpp.118,2018,2018,1,1,1,0,0.625,0.75,0.5,0,2008,2008,0,0,1
v3_toward_a_physiology_of_dual_process_reas,rpp.118,2018,2018,1,1,1,0,0.75,0.5,1.0,0,2008,2008,0,0,1
v3_toward_a_physiology_of_dual_process_reas,rpp.118,2018,2018,1,1,1,0,0.75,0.75,0.75,0,2008,2008,0,0,1
v3_toward_a_physiology_of_dual_process_reas,rpp.118,2018,2018,1,1,1,0,0.875,0.75,1.0,1,2008,2008,0,0,1
v3_toward_a_physiology_of_dual_process_reas,rpp.118,2018,2018,1,1,1,0,1.0,1,1.0,1,2008,2008,0,0,1
v3_toward_a_physiology_of_dual_process_reas,rpp.118,2019,2019,1,1,0,0,,,,0,2008,2008,0,0,1
v3_toward_a_physiology_of_dual_process_reas,rpp.118,2019,2019,1,1,0,0,,,,1,2008,2008,0,0,1
v3_toward_a_physiology_of_dual_process_reas,rpp.118,2019,2019,1,1,1,0,0.25,0.25,0.25,0,2008,2008,0,0,2
v3_toward_a_physiology_of_dual_process_reas,rpp.118,2019,2019,1,1,1,0,0.5,0.5,0.5,1,2008,2008,0,0,2
v3_toward_a_physiology_of_dual_process_reas,rpp.118,2019,2019,1,1,1,0,0.75,0.75,0.75,0,2008,2008,0,0,1
v3_toward_a_physiology_of_dual_process_reas,rpp.118,2020,2020,1,1,0,0,,,,1,2008,2008,0,0,1
v3_toward_a_physiology_of_dual_process_reas,rpp.118,2020,2020,1,1,1,0,0.625,0.75,0.5,0,2008,2008,0,0,1
v3_toward_a_physiology_of_dual_process_reas,rpp.118,2020,2020,1,1,1,0,0.625,0.75,0.5,1,2008,2008,0,0,1
v3_toward_a_physiology_of_dual_process_reas,rpp.118,2020,2020,1,1,1,0,0.75,1,0.5,1,2008,2008,0,0,1
v3_toward_a_physiology_of_dual_process_reas,rpp.118,2020,2020,1,1,1,0,0.875,0.75,1.0,1,2008,2008,0,0,1
v3_toward_a_physiology_of_dual_process_reas,rpp.118,2021,2021,1,1,0,0,,,,1,2008,2008,0,0,1
v3_toward_a_physiology_of_dual_process_reas,rpp.118,2021,2021,1,1,1,0,0.25,0.25,0.25,1,2008,2008,0,0,1
v3_toward_a_physiology_of_dual_process_reas,rpp.118,2021,2021,1,1,1,0,0.375,0.5,0.25,1,2008,2008,0,0,1
v3_toward_a_physiology_of_dual_process_reas,rpp.118,2022,2022,1,1,0,0,,,,0,2008,2008,0,0,1
v3_toward_a_physiology_of_dual_process_reas,rpp.118,2022,2022,1,1,0,0,,,,1,2008,2008,0,0,1
v3_toward_a_physiology_of_dual_process_reas,rpp.118,2022,2022,1,1,1,0,0.25,0.25,0.25,0,2008,2008,0,0,1
v3_toward_a_physiology_of_dual_process_reas,rpp.118,2022,2022,1,1,1,0,0.25,0.25,0.25,1,2008,2008,0,0,1
v3_toward_a_physiology_of_dual_process_reas,rpp.118,2022,2022,1,1,1,0,0.75,0.75,0.75,0,2008,2008,0,0,1
v3_toward_a_physiology_of_dual_process_reas,rpp.118,2023,2023,1,1,1,0,0.25,0.25,0.25,1,2008,2008,0,0,1
v3_toward_a_physiology_of_dual_process_reas,rpp.118,2023,2023,1,1,1,0,0.625,0.75,0.5,1,2008,2008,0,0,1
v3_toward_a_physiology_of_dual_process_reas,rpp.118,2024,2024,1,1,1,0,0.25,0.25,0.25,1,2008,2008,0,0,1
v3_toward_a_physiology_of_dual_process_reas,rpp.118,2024,2024,1,1,1,0,0.625,0.75,0.5,0,2008,2008,0,0,1
v3_toward_a_physiology_of_dual_process_reas,rpp.118,2024,2024,1,1,1,0,0.875,1,0.75,1,2008,2008,0,0,1
v3_toward_a_physiology_of_dual_process_reas,rpp.118,2025,2025,1,1,1,0,0.75,0.5,1.0,1,2008,2008,0,0,1
v3_toward_a_physiology_of_dual_process_reas,rpp.118,2025,2025,1,1,1,0,0.75,0.75,0.75,1,2008,2008,0,0,1
v3_toward_a_physiology_of_dual_process_reas,rpp.118,2025,2025,1,1,1,0,1.0,1,1.0,1,2008,2008,0,0,1
v3_tracing_attention_and_the_activation_flo,rpp.1,2007,2007,1,1,0,0,,,,1,2008,2008,1,1,1
v3_tracing_attention_and_the_activation_flo,rpp.1,2009,2009,1,1,0,0,,,,0,2008,2008,0,0,2
v3_tracing_attention_and_the_activation_flo,rpp.1,2009,2009,1,1,0,0,,,,1,2008,2008,0,0,2
v3_tracing_attention_and_the_activation_flo,rpp.1,2009,2009,1,1,1,0,0.5,0.5,0.5,1,2008,2008,0,0,1
v3_tracing_attention_and_the_activation_flo,rpp.1,2010,2010,1,1,0,0,,,,0,2008,2008,0,0,4
v3_tracing_attention_and_the_activation_flo,rpp.1,2010,2010,1,1,0,0,,,,1,2008,2008,0,0,5
v3_tracing_attention_and_the_activation_flo,rpp.1,2010,2010,1,1,1,0,0.25,0.25,0.25,0,2008,2008,0,0,1
v3_tracing_attention_and_the_activation_flo,rpp.1,2010,2010,1,1,1,0,0.25,0.25,0.25,1,2008,2008,0,0,5
v3_tracing_attention_and_the_activation_flo,rpp.1,2010,2010,1,1,1,0,0.375,0.25,0.5,0,2008,2008,0,0,1
v3_tracing_attention_and_the_activation_flo,rpp.1,2010,2010,1,1,1,0,0.375,0.5,0.25,1,2008,2008,0,0,1
v3_tracing_attention_and_the_activation_flo,rpp.1,2010,2010,1,1,1,0,0.5,0.5,0.5,0,2008,2008,0,0,1
v3_tracing_attention_and_the_activation_flo,rpp.1,2010,2010,1,1,1,0,0.5,0.5,0.5,1,2008,2008,0,0,2
v3_tracing_attention_and_the_activation_flo,rpp.1,2010,2010,1,1,1,0,0.625,0.25,1.0,1,2008,2008,0,0,1
v3_tracing_attention_and_the_activation_flo,rpp.1,2010,2010,1,1,1,0,0.625,0.5,0.75,0,2008,2008,0,0,2
v3_tracing_attention_and_the_activation_flo,rpp.1,2010,2010,1,1,1,0,0.625,0.5,0.75,1,2008,2008,0,0,2
v3_tracing_attention_and_the_activation_flo,rpp.1,2010,2010,1,1,1,0,0.625,0.75,0.5,0,2008,2008,0,0,1
v3_tracing_attention_and_the_activation_flo,rpp.1,2010,2010,1,1,1,0,0.625,0.75,0.5,1,2008,2008,0,0,1
v3_tracing_attention_and_the_activation_flo,rpp.1,2010,2010,1,1,1,0,0.75,0.5,1.0,1,2008,2008,0,0,1
v3_tracing_attention_and_the_activation_flo,rpp.1,2010,2010,1,1,1,0,0.875,0.75,1.0,1,2008,2008,0,0,1
v3_tracing_attention_and_the_activation_flo,rpp.1,2011,2011,1,1,0,0,,,,1,2008,2008,0,0,5
v3_tracing_attention_and_the_activation_flo,rpp.1,2011,2011,1,1,1,0,0.125,0,0.25,1,2008,2008,0,0,1
v3_tracing_attention_and_the_activation_flo,rpp.1,2011,2011,1,1,1,0,0.25,0.25,0.25,1,2008,2008,0,0,2
v3_tracing_attention_and_the_activation_flo,rpp.1,2011,2011,1,1,1,0,0.5,0.25,0.75,1,2008,2008,0,0,1
v3_tracing_attention_and_the_activation_flo,rpp.1,2011,2011,1,1,1,0,0.5,0.5,0.5,0,2008,2008,0,0,3
v3_tracing_attention_and_the_activation_flo,rpp.1,2011,2011,1,1,1,0,0.5,0.5,0.5,1,2008,2008,0,0,4
v3_tracing_attention_and_the_activation_flo,rpp.1,2011,2011,1,1,1,0,0.625,0.25,1.0,1,2008,2008,0,0,1
v3_tracing_attention_and_the_activation_flo,rpp.1,2011,2011,1,1,1,0,0.625,0.5,0.75,1,2008,2008,0,0,2
v3_tracing_attention_and_the_activation_flo,rpp.1,2011,2011,1,1,1,0,0.75,0.5,1.0,1,2008,2008,0,0,1
v3_tracing_attention_and_the_activation_flo,rpp.1,2011,2011,1,1,1,0,0.75,0.75,0.75,0,2008,2008,0,0,2
v3_tracing_attention_and_the_activation_flo,rpp.1,2011,2011,1,1,1,0,0.75,0.75,0.75,1,2008,2008,0,0,2
v3_tracing_attention_and_the_activation_flo,rpp.1,2012,2012,1,1,0,0,,,,0,2008,2008,0,0,4
v3_tracing_attention_and_the_activation_flo,rpp.1,2012,2012,1,1,0,0,,,,1,2008,2008,0,0,4
v3_tracing_attention_and_the_activation_flo,rpp.1,2012,2012,1,1,1,0,0.125,0,0.25,1,2008,2008,0,0,3
v3_tracing_attention_and_the_activation_flo,rpp.1,2012,2012,1,1,1,0,0.25,0.25,0.25,1,2008,2008,0,0,3
v3_tracing_attention_and_the_activation_flo,rpp.1,2012,2012,1,1,1,0,0.375,0.25,0.5,1,2008,2008,0,0,1
v3_tracing_attention_and_the_activation_flo,rpp.1,2012,2012,1,1,1,0,0.5,0.5,0.5,0,2008,2008,0,0,1
v3_tracing_attention_and_the_activation_flo,rpp.1,2012,2012,1,1,1,0,0.625,0.5,0.75,1,2008,2008,0,0,1
v3_tracing_attention_and_the_activation_flo,rpp.1,2012,2012,1,1,1,0,0.625,0.75,0.5,1,2008,2008,0,0,1
v3_tracing_attention_and_the_activation_flo,rpp.1,2012,2012,1,1,1,0,0.75,0.75,0.75,1,2008,2008,0,0,1
v3_tracing_attention_and_the_activation_flo,rpp.1,2013,2013,1,1,0,0,,,,0,2008,2008,0,0,5
v3_tracing_attention_and_the_activation_flo,rpp.1,2013,2013,1,1,0,0,,,,1,2008,2008,0,0,2
v3_tracing_attention_and_the_activation_flo,rpp.1,2013,2013,1,1,1,0,0.125,0,0.25,1,2008,2008,0,0,1
v3_tracing_attention_and_the_activation_flo,rpp.1,2013,2013,1,1,1,0,0.25,0,0.5,0,2008,2008,0,0,1
v3_tracing_attention_and_the_activation_flo,rpp.1,2013,2013,1,1,1,0,0.5,0.5,0.5,0,2008,2008,0,0,5
v3_tracing_attention_and_the_activation_flo,rpp.1,2013,2013,1,1,1,0,0.5,0.5,0.5,1,2008,2008,0,0,4
v3_tracing_attention_and_the_activation_flo,rpp.1,2013,2013,1,1,1,0,0.625,0.5,0.75,1,2008,2008,0,0,1
v3_tracing_attention_and_the_activation_flo,rpp.1,2013,2013,1,1,1,0,0.625,0.75,0.5,0,2008,2008,0,0,1
v3_tracing_attention_and_the_activation_flo,rpp.1,2013,2013,1,1,1,0,0.625,0.75,0.5,1,2008,2008,0,0,1
v3_tracing_attention_and_the_activation_flo,rpp.1,2013,2013,1,1,1,0,0.75,0.5,1.0,1,2008,2008,0,0,1
v3_tracing_attention_and_the_activation_flo,rpp.1,2013,2013,1,1,1,0,0.75,1,0.5,1,2008,2008,0,0,1
v3_tracing_attention_and_the_activation_flo,rpp.1,2013,2013,1,1,1,0,0.875,0.75,1.0,0,2008,2008,0,0,1
v3_tracing_attention_and_the_activation_flo,rpp.1,2013,2013,1,1,1,0,0.875,0.75,1.0,1,2008,2008,0,0,1
v3_tracing_attention_and_the_activation_flo,rpp.1,2013,2013,1,1,1,0,0.875,1,0.75,1,2008,2008,0,0,1
v3_tracing_attention_and_the_activation_flo,rpp.1,2014,2014,1,1,0,0,,,,0,2008,2008,0,0,6
v3_tracing_attention_and_the_activation_flo,rpp.1,2014,2014,1,1,0,0,,,,1,2008,2008,0,0,8
v3_tracing_attention_and_the_activation_flo,rpp.1,2014,2014,1,1,1,0,0.375,0.5,0.25,1,2008,2008,0,0,1
v3_tracing_attention_and_the_activation_flo,rpp.1,2014,2014,1,1,1,0,0.625,0.75,0.5,1,2008,2008,0,0,1
v3_tracing_attention_and_the_activation_flo,rpp.1,2014,2014,1,1,1,0,0.875,0.75,1.0,1,2008,2008,0,0,1
v3_tracing_attention_and_the_activation_flo,rpp.1,2015,2015,1,1,0,0,,,,0,2008,2008,0,0,2
v3_tracing_attention_and_the_activation_flo,rpp.1,2015,2015,1,1,0,0,,,,1,2008,2008,0,0,2
v3_tracing_attention_and_the_activation_flo,rpp.1,2015,2015,1,1,1,0,0.375,0.5,0.25,1,2008,2008,0,0,1
v3_tracing_attention_and_the_activation_flo,rpp.1,2015,2015,1,1,1,0,0.625,0.75,0.5,1,2008,2008,0,0,1
v3_tracing_attention_and_the_activation_flo,rpp.1,2015,2015,1,1,1,0,0.875,1,0.75,1,2008,2008,0,0,1
v3_tracing_attention_and_the_activation_flo,rpp.1,2016,2016,1,1,0,0,,,,0,2008,2008,0,0,2
v3_tracing_attention_and_the_activation_flo,rpp.1,2016,2016,1,1,0,0,,,,1,2008,2008,0,0,3
v3_tracing_attention_and_the_activation_flo,rpp.1,2016,2016,1,1,1,0,0.125,0.25,0.0,1,2008,2008,0,0,1
v3_tracing_attention_and_the_activation_flo,rpp.1,2016,2016,1,1,1,0,0.25,0.25,0.25,0,2008,2008,0,0,1
v3_tracing_attention_and_the_activation_flo,rpp.1,2016,2016,1,1,1,0,0.5,0.5,0.5,1,2008,2008,0,0,1
v3_tracing_attention_and_the_activation_flo,rpp.1,2016,2016,1,1,1,0,0.625,0.5,0.75,1,2008,2008,0,0,1
v3_tracing_attention_and_the_activation_flo,rpp.1,2016,2016,1,1,1,0,0.625,0.75,0.5,1,2008,2008,0,0,1
v3_tracing_attention_and_the_activation_flo,rpp.1,2016,2016,1,1,1,0,0.625,1,0.25,0,2008,2008,0,0,1
v3_tracing_attention_and_the_activation_flo,rpp.1,2016,2016,1,1,1,0,0.75,0.75,0.75,1,2008,2008,0,0,1
v3_tracing_attention_and_the_activation_flo,rpp.1,2016,2018,2,2,0,0,,,,1,2008,2008,0,0,1
v3_tracing_attention_and_the_activation_flo,rpp.1,2017,2017,1,1,0,0,,,,0,2008,2008,0,0,2
v3_tracing_attention_and_the_activation_flo,rpp.1,2017,2017,1,1,0,0,,,,1,2008,2008,0,0,1
v3_tracing_attention_and_the_activation_flo,rpp.1,2017,2017,1,1,1,0,0.5,0.5,0.5,0,2008,2008,0,0,1
v3_tracing_attention_and_the_activation_flo,rpp.1,2017,2017,1,1,1,0,0.5,0.5,0.5,1,2008,2008,0,0,1
v3_tracing_attention_and_the_activation_flo,rpp.1,2017,2017,1,1,1,0,0.625,0.5,0.75,0,2008,2008,0,0,1
v3_tracing_attention_and_the_activation_flo,rpp.1,2017,2017,1,1,1,0,0.625,0.5,0.75,1,2008,2008,0,0,1
v3_tracing_attention_and_the_activation_flo,rpp.1,2017,2017,1,1,1,0,1.0,1,1.0,1,2008,2008,0,0,1
v3_tracing_attention_and_the_activation_flo,rpp.1,2017,2018,2,2,0,0,,,,0,2008,2008,0,0,1
v3_tracing_attention_and_the_activation_flo,rpp.1,2017,2018,2,2,1,0,0.75,0.75,0.75,1,2008,2008,0,0,1
v3_tracing_attention_and_the_activation_flo,rpp.1,2018,2018,1,1,0,0,,,,0,2008,2008,0,0,2
v3_tracing_attention_and_the_activation_flo,rpp.1,2018,2018,1,1,0,0,,,,1,2008,2008,0,0,2
v3_tracing_attention_and_the_activation_flo,rpp.1,2018,2018,1,1,1,0,0.25,0.25,0.25,1,2008,2008,0,0,1
v3_tracing_attention_and_the_activation_flo,rpp.1,2018,2018,1,1,1,0,0.625,0.5,0.75,0,2008,2008,0,0,1
v3_tracing_attention_and_the_activation_flo,rpp.1,2018,2018,1,1,1,0,0.75,0.75,0.75,1,2008,2008,0,0,1
v3_tracing_attention_and_the_activation_flo,rpp.1,2019,2019,1,1,0,0,,,,0,2008,2008,0,0,1
v3_tracing_attention_and_the_activation_flo,rpp.1,2019,2019,1,1,0,0,,,,1,2008,2008,0,0,5
v3_tracing_attention_and_the_activation_flo,rpp.1,2019,2019,1,1,1,0,0.25,0.25,0.25,0,2008,2008,0,0,1
v3_tracing_attention_and_the_activation_flo,rpp.1,2019,2019,1,1,1,0,0.25,0.25,0.25,1,2008,2008,0,0,1
v3_tracing_attention_and_the_activation_flo,rpp.1,2019,2019,1,1,1,0,0.5,0.5,0.5,0,2008,2008,0,0,1
v3_tracing_attention_and_the_activation_flo,rpp.1,2019,2019,1,1,1,0,0.5,0.5,0.5,1,2008,2008,0,0,3
v3_tracing_attention_and_the_activation_flo,rpp.1,2019,2019,1,1,1,0,0.625,0.75,0.5,1,2008,2008,0,0,1
v3_tracing_attention_and_the_activation_flo,rpp.1,2019,2019,1,1,1,0,0.875,0.75,1.0,1,2008,2008,0,0,1
v3_tracing_attention_and_the_activation_flo,rpp.1,2019,2019,1,1,1,0,1.0,1,1.0,1,2008,2008,0,0,2
v3_tracing_attention_and_the_activation_flo,rpp.1,2020,2020,1,1,0,0,,,,0,2008,2008,0,0,1
v3_tracing_attention_and_the_activation_flo,rpp.1,2020,2020,1,1,0,0,,,,1,2008,2008,0,0,1
v3_tracing_attention_and_the_activation_flo,rpp.1,2020,2020,1,1,1,0,0.75,0.75,0.75,1,2008,2008,0,0,1
v3_tracing_attention_and_the_activation_flo,rpp.1,2022,2022,1,1,0,0,,,,0,2008,2008,0,0,1
v3_tracing_attention_and_the_activation_flo,rpp.1,2022,2022,1,1,0,0,,,,1,2008,2008,0,0,2
v3_tracing_attention_and_the_activation_flo,rpp.1,2022,2022,1,1,1,0,0.375,0.5,0.25,1,2008,2008,0,0,1
v3_tracing_attention_and_the_activation_flo,rpp.1,2022,2022,1,1,1,0,0.5,0.5,0.5,0,2008,2008,0,0,1
v3_tracing_attention_and_the_activation_flo,rpp.1,2022,2022,1,1,1,0,0.625,0.75,0.5,1,2008,2008,0,0,1
v3_tracing_attention_and_the_activation_flo,rpp.1,2023,2023,1,1,0,0,,,,0,2008,2008,0,0,1
v3_tracing_attention_and_the_activation_flo,rpp.1,2023,2023,1,1,0,0,,,,1,2008,2008,0,0,2
v3_tracing_attention_and_the_activation_flo,rpp.1,2023,2023,1,1,1,0,0.625,0.75,0.5,0,2008,2008,0,0,1
v3_tracing_attention_and_the_activation_flo,rpp.1,2023,2023,1,1,1,0,0.625,0.75,0.5,1,2008,2008,0,0,1
v3_tracing_attention_and_the_activation_flo,rpp.1,2023,2023,1,1,1,0,0.875,0.75,1.0,1,2008,2008,0,0,1
v3_tracing_attention_and_the_activation_flo,rpp.1,2024,2024,1,1,0,0,,,,1,2008,2008,0,0,1
v3_tracing_attention_and_the_activation_flo,rpp.1,2024,2024,1,1,1,0,0.25,0.25,0.25,1,2008,2008,0,0,1
v3_tracing_attention_and_the_activation_flo,rpp.1,2024,2024,1,1,1,0,0.375,0.25,0.5,0,2008,2008,0,0,1
v3_tracing_attention_and_the_activation_flo,rpp.1,2024,2024,1,1,1,0,0.75,0.75,0.75,0,2008,2008,0,0,1
v3_tracing_attention_and_the_activation_flo,rpp.1,2024,2024,1,1,1,0,0.875,0.75,1.0,1,2008,2008,0,0,2
v3_tracing_attention_and_the_activation_flo,rpp.1,2025,2025,1,1,0,0,,,,0,2008,2008,0,0,1
v3_tracing_attention_and_the_activation_flo,rpp.1,2026,2026,1,1,0,0,,,,1,2008,2008,0,0,1
v3_tracing_attention_and_the_activation_flo,rpp.1,2026,2026,1,1,1,0,0.5,0.5,0.5,1,2008,2008,0,0,1
v3_walking_on_eggshells_how_expressing_rela,rpp.58,2009,2009,1,1,1,0,0.5,0.5,0.5,1,2008,2008,0,0,1
v3_walking_on_eggshells_how_expressing_rela,rpp.58,2009,2009,1,1,1,0,0.625,0.75,0.5,0,2008,2008,0,0,1
v3_walking_on_eggshells_how_expressing_rela,rpp.58,2010,2010,1,1,1,0,0.5,0.5,0.5,1,2008,2008,0,0,1
v3_walking_on_eggshells_how_expressing_rela,rpp.58,2010,2010,1,1,1,0,1.0,1,1.0,1,2008,2008,0,0,1
v3_walking_on_eggshells_how_expressing_rela,rpp.58,2011,2011,1,1,1,0,0.625,0.5,0.75,1,2008,2008,0,0,1
v3_walking_on_eggshells_how_expressing_rela,rpp.58,2012,2012,1,1,0,0,,,,0,2008,2008,0,0,1
v3_walking_on_eggshells_how_expressing_rela,rpp.58,2012,2012,1,1,0,0,,,,1,2008,2008,0,0,1
v3_walking_on_eggshells_how_expressing_rela,rpp.58,2012,2012,1,1,1,0,0.125,0,0.25,0,2008,2008,0,0,1
v3_walking_on_eggshells_how_expressing_rela,rpp.58,2012,2012,1,1,1,0,0.25,0.25,0.25,1,2008,2008,0,0,1
v3_walking_on_eggshells_how_expressing_rela,rpp.58,2012,2012,1,1,1,0,0.625,0.75,0.5,0,2008,2008,0,0,1
v3_walking_on_eggshells_how_expressing_rela,rpp.58,2012,2012,1,1,1,0,0.75,1,0.5,1,2008,2008,0,0,1
v3_walking_on_eggshells_how_expressing_rela,rpp.58,2013,2013,1,1,1,0,0.0,0,0.0,1,2008,2008,0,0,1
v3_walking_on_eggshells_how_expressing_rela,rpp.58,2014,2014,1,1,0,0,,,,1,2008,2008,0,0,1
v3_walking_on_eggshells_how_expressing_rela,rpp.58,2014,2014,1,1,1,0,0.875,0.75,1.0,1,2008,2008,0,0,1
v3_walking_on_eggshells_how_expressing_rela,rpp.58,2015,2015,1,1,0,0,,,,0,2008,2008,0,0,1
v3_walking_on_eggshells_how_expressing_rela,rpp.58,2015,2015,1,1,0,0,,,,1,2008,2008,0,0,1
v3_walking_on_eggshells_how_expressing_rela,rpp.58,2015,2015,1,1,1,0,0.375,0.25,0.5,1,2008,2008,0,0,1
v3_walking_on_eggshells_how_expressing_rela,rpp.58,2015,2015,1,1,1,0,0.5,0.25,0.75,1,2008,2008,0,0,1
v3_walking_on_eggshells_how_expressing_rela,rpp.58,2015,2015,1,1,1,0,0.625,0.5,0.75,0,2008,2008,0,0,1
v3_walking_on_eggshells_how_expressing_rela,rpp.58,2015,2015,1,1,1,0,0.625,0.75,0.5,1,2008,2008,0,0,2
v3_walking_on_eggshells_how_expressing_rela,rpp.58,2015,2015,1,1,1,0,1.0,1,1.0,0,2008,2008,0,0,1
v3_walking_on_eggshells_how_expressing_rela,rpp.58,2015,2015,1,1,1,0,1.0,1,1.0,1,2008,2008,0,0,1
v3_walking_on_eggshells_how_expressing_rela,rpp.58,2018,2018,1,1,1,0,0.125,0,0.25,1,2008,2008,0,0,1
v3_walking_on_eggshells_how_expressing_rela,rpp.58,2018,2018,1,1,1,0,0.125,0.25,0.0,1,2008,2008,0,0,1
v3_walking_on_eggshells_how_expressing_rela,rpp.58,2020,2020,1,1,0,0,,,,0,2008,2008,0,0,3
v3_walking_on_eggshells_how_expressing_rela,rpp.58,2020,2020,1,1,0,0,,,,1,2008,2008,0,0,2
v3_walking_on_eggshells_how_expressing_rela,rpp.58,2020,2020,1,1,1,0,0.125,0,0.25,1,2008,2008,0,0,1
v3_walking_on_eggshells_how_expressing_rela,rpp.58,2020,2020,1,1,1,0,0.625,0.5,0.75,1,2008,2008,0,0,1
v3_walking_on_eggshells_how_expressing_rela,rpp.58,2021,2021,1,1,1,0,0.25,0.25,0.25,1,2008,2008,0,0,1
v3_walking_on_eggshells_how_expressing_rela,rpp.58,2022,2022,1,1,0,0,,,,1,2008,2008,0,0,1
v3_walking_on_eggshells_how_expressing_rela,rpp.58,2023,2023,1,1,0,0,,,,1,2008,2008,0,0,1
v3_walking_on_eggshells_how_expressing_rela,rpp.58,2023,2023,1,1,1,0,0.875,0.75,1.0,1,2008,2008,0,0,1
v3_walking_on_eggshells_how_expressing_rela,rpp.58,2024,2024,1,1,0,0,,,,0,2008,2008,0,0,1
v3_walking_on_eggshells_how_expressing_rela,rpp.58,2026,2026,1,1,1,0,0.875,0.75,1.0,0,2008,2008,0,0,1
v3_walking_on_eggshells_how_expressing_rela,rpp.58,2026,2026,1,1,1,0,1.0,1,1.0,1,2008,2008,0,0,1
v3_warmer_hearts_warmer_rooms,ml3.6,2014,2014,1,1,0,0,,,,0,2013,2013,0,0,1
v3_warmer_hearts_warmer_rooms,ml3.6,2014,2014,1,1,1,0,0.5,0.5,0.5,1,2013,2013,0,0,2
v3_warmer_hearts_warmer_rooms,ml3.6,2014,2014,1,1,1,0,0.625,0.5,0.75,1,2013,2013,0,0,1
v3_warmer_hearts_warmer_rooms,ml3.6,2014,2014,1,1,1,0,0.625,0.75,0.5,0,2013,2013,0,0,1
v3_warmer_hearts_warmer_rooms,ml3.6,2014,2014,1,1,1,0,0.75,0.75,0.75,1,2013,2013,0,0,1
v3_warmer_hearts_warmer_rooms,ml3.6,2015,2015,1,1,0,0,,,,0,2013,2013,0,0,1
v3_warmer_hearts_warmer_rooms,ml3.6,2015,2015,1,1,0,0,,,,1,2013,2013,0,0,1
v3_warmer_hearts_warmer_rooms,ml3.6,2015,2015,1,1,1,0,0.75,0.75,0.75,1,2013,2013,0,0,1
v3_warmer_hearts_warmer_rooms,ml3.6,2015,2015,1,1,1,0,0.75,1,0.5,0,2013,2013,0,0,1
v3_warmer_hearts_warmer_rooms,ml3.6,2015,2015,1,1,1,0,0.875,0.75,1.0,0,2013,2013,0,0,1
v3_warmer_hearts_warmer_rooms,ml3.6,2017,2017,1,1,1,0,0.375,0.25,0.5,1,2013,2013,0,0,1
v3_warmer_hearts_warmer_rooms,ml3.6,2019,2019,1,1,1,0,0.5,0.5,0.5,0,2013,2013,0,0,1
v3_warmer_hearts_warmer_rooms,ml3.6,2019,2019,1,1,1,0,0.5,0.5,0.5,1,2013,2013,0,0,1
v3_warmer_hearts_warmer_rooms,ml3.6,2020,2020,1,1,0,0,,,,1,2013,2013,0,0,1
v3_warmer_hearts_warmer_rooms,ml3.6,2021,2021,1,1,0,0,,,,0,2013,2013,0,0,1
v3_warmer_hearts_warmer_rooms,ml3.6,2025,2025,1,1,0,0,,,,1,2013,2013,0,0,1
v3_weight_as_an_embodiment_of_importance,ml3.10,2010,2010,1,1,0,0,,,,1,2009,2009,0,0,3
v3_weight_as_an_embodiment_of_importance,ml3.10,2010,2010,1,1,1,0,0.25,0.25,0.25,0,2009,2009,0,0,2
v3_weight_as_an_embodiment_of_importance,ml3.10,2011,2011,1,1,1,0,0.5,0.25,0.75,1,2009,2009,0,0,1
v3_weight_as_an_embodiment_of_importance,ml3.10,2011,2011,1,1,1,0,0.5,0.5,0.5,0,2009,2009,0,0,1
v3_weight_as_an_embodiment_of_importance,ml3.10,2011,2011,1,1,1,0,0.75,0.75,0.75,1,2009,2009,0,0,1
v3_weight_as_an_embodiment_of_importance,ml3.10,2012,2012,1,1,0,0,,,,0,2009,2009,0,0,1
v3_weight_as_an_embodiment_of_importance,ml3.10,2012,2012,1,1,0,0,,,,1,2009,2009,0,0,1
v3_weight_as_an_embodiment_of_importance,ml3.10,2012,2012,1,1,1,0,0.5,0.5,0.5,1,2009,2009,0,0,1
v3_weight_as_an_embodiment_of_importance,ml3.10,2012,2012,1,1,1,0,0.625,0.75,0.5,1,2009,2009,0,0,2
v3_weight_as_an_embodiment_of_importance,ml3.10,2013,2013,1,1,0,0,,,,0,2009,2009,0,0,2
v3_weight_as_an_embodiment_of_importance,ml3.10,2013,2013,1,1,0,0,,,,1,2009,2009,0,0,2
v3_weight_as_an_embodiment_of_importance,ml3.10,2013,2013,1,1,1,0,0.0,0,0.0,1,2009,2009,0,0,1
v3_weight_as_an_embodiment_of_importance,ml3.10,2013,2013,1,1,1,0,0.25,0.25,0.25,1,2009,2009,0,0,1
v3_weight_as_an_embodiment_of_importance,ml3.10,2013,2013,1,1,1,0,0.375,0.5,0.25,1,2009,2009,0,0,1
v3_weight_as_an_embodiment_of_importance,ml3.10,2013,2013,1,1,1,0,0.5,0.5,0.5,0,2009,2009,0,0,1
v3_weight_as_an_embodiment_of_importance,ml3.10,2013,2013,1,1,1,0,0.5,0.5,0.5,1,2009,2009,0,0,5
v3_weight_as_an_embodiment_of_importance,ml3.10,2013,2013,1,1,1,0,0.75,0.75,0.75,0,2009,2009,0,0,1
v3_weight_as_an_embodiment_of_importance,ml3.10,2013,2013,1,1,1,0,0.75,0.75,0.75,1,2009,2009,0,0,1
v3_weight_as_an_embodiment_of_importance,ml3.10,2013,2013,1,1,1,0,0.75,1,0.5,0,2009,2009,0,0,1
v3_weight_as_an_embodiment_of_importance,ml3.10,2013,2013,1,1,1,0,0.875,0.75,1.0,1,2009,2009,0,0,1
v3_weight_as_an_embodiment_of_importance,ml3.10,2014,2014,1,1,0,0,,,,0,2009,2009,0,0,3
v3_weight_as_an_embodiment_of_importance,ml3.10,2014,2014,1,1,0,0,,,,1,2009,2009,0,0,2
v3_weight_as_an_embodiment_of_importance,ml3.10,2014,2014,1,1,1,0,0.25,0.25,0.25,1,2009,2009,0,0,3
v3_weight_as_an_embodiment_of_importance,ml3.10,2014,2014,1,1,1,0,0.375,0.5,0.25,0,2009,2009,0,0,1
v3_weight_as_an_embodiment_of_importance,ml3.10,2014,2014,1,1,1,0,0.5,0.25,0.75,1,2009,2009,0,0,1
v3_weight_as_an_embodiment_of_importance,ml3.10,2014,2014,1,1,1,0,0.5,0.5,0.5,1,2009,2009,0,0,2
v3_weight_as_an_embodiment_of_importance,ml3.10,2014,2014,1,1,1,0,0.625,0.5,0.75,1,2009,2009,0,0,1
v3_weight_as_an_embodiment_of_importance,ml3.10,2014,2014,1,1,1,0,0.625,0.75,0.5,1,2009,2009,0,0,1
v3_weight_as_an_embodiment_of_importance,ml3.10,2015,2015,1,1,0,0,,,,0,2009,2009,0,0,7
v3_weight_as_an_embodiment_of_importance,ml3.10,2015,2015,1,1,0,0,,,,1,2009,2009,0,0,10
v3_weight_as_an_embodiment_of_importance,ml3.10,2015,2015,1,1,1,0,0.125,0,0.25,0,2009,2009,0,0,1
v3_weight_as_an_embodiment_of_importance,ml3.10,2015,2015,1,1,1,0,0.125,0,0.25,1,2009,2009,0,0,1
v3_weight_as_an_embodiment_of_importance,ml3.10,2015,2015,1,1,1,0,0.25,0,0.5,1,2009,2009,0,0,1
v3_weight_as_an_embodiment_of_importance,ml3.10,2015,2015,1,1,1,0,0.25,0.25,0.25,1,2009,2009,0,0,1
v3_weight_as_an_embodiment_of_importance,ml3.10,2015,2015,1,1,1,0,0.25,0.5,0.0,1,2009,2009,0,0,1
v3_weight_as_an_embodiment_of_importance,ml3.10,2015,2015,1,1,1,0,0.375,0,0.75,0,2009,2009,0,0,1
v3_weight_as_an_embodiment_of_importance,ml3.10,2015,2015,1,1,1,0,0.375,0.5,0.25,0,2009,2009,0,0,2
v3_weight_as_an_embodiment_of_importance,ml3.10,2015,2015,1,1,1,0,0.5,0.5,0.5,0,2009,2009,0,0,1
v3_weight_as_an_embodiment_of_importance,ml3.10,2015,2015,1,1,1,0,0.5,0.5,0.5,1,2009,2009,0,0,6
v3_weight_as_an_embodiment_of_importance,ml3.10,2015,2015,1,1,1,0,0.625,0.5,0.75,1,2009,2009,0,0,6
v3_weight_as_an_embodiment_of_importance,ml3.10,2015,2015,1,1,1,0,0.625,0.75,0.5,0,2009,2009,0,0,2
v3_weight_as_an_embodiment_of_importance,ml3.10,2015,2015,1,1,1,0,0.625,0.75,0.5,1,2009,2009,0,0,1
v3_weight_as_an_embodiment_of_importance,ml3.10,2015,2015,1,1,1,0,0.75,0.75,0.75,1,2009,2009,0,0,2
v3_weight_as_an_embodiment_of_importance,ml3.10,2015,2015,1,1,1,0,0.75,1,0.5,1,2009,2009,0,0,1
v3_weight_as_an_embodiment_of_importance,ml3.10,2015,2015,1,1,1,0,0.875,0.75,1.0,1,2009,2009,0,0,1
v3_weight_as_an_embodiment_of_importance,ml3.10,2016,2016,1,1,0,0,,,,0,2009,2009,0,0,5
v3_weight_as_an_embodiment_of_importance,ml3.10,2016,2016,1,1,0,0,,,,1,2009,2009,0,0,3
v3_weight_as_an_embodiment_of_importance,ml3.10,2016,2016,1,1,1,0,0.25,0.25,0.25,0,2009,2009,0,0,1
v3_weight_as_an_embodiment_of_importance,ml3.10,2016,2016,1,1,1,0,0.375,0.25,0.5,0,2009,2009,0,0,1
v3_weight_as_an_embodiment_of_importance,ml3.10,2016,2016,1,1,1,0,0.5,0.5,0.5,0,2009,2009,0,0,1
v3_weight_as_an_embodiment_of_importance,ml3.10,2016,2016,1,1,1,0,0.5,0.5,0.5,1,2009,2009,0,0,3
v3_weight_as_an_embodiment_of_importance,ml3.10,2016,2016,1,1,1,0,0.625,0.5,0.75,1,2009,2009,0,0,1
v3_weight_as_an_embodiment_of_importance,ml3.10,2016,2016,1,1,1,0,0.625,0.75,0.5,0,2009,2009,0,0,1
v3_weight_as_an_embodiment_of_importance,ml3.10,2016,2016,1,1,1,0,0.625,0.75,0.5,1,2009,2009,0,0,1
v3_weight_as_an_embodiment_of_importance,ml3.10,2016,2016,1,1,1,0,0.75,0.5,1.0,1,2009,2009,0,0,1
v3_weight_as_an_embodiment_of_importance,ml3.10,2016,2016,1,1,1,0,0.75,0.75,0.75,0,2009,2009,0,0,1
v3_weight_as_an_embodiment_of_importance,ml3.10,2016,2016,1,1,1,0,0.75,0.75,0.75,1,2009,2009,0,0,1
v3_weight_as_an_embodiment_of_importance,ml3.10,2016,2016,1,1,1,0,0.875,0.75,1.0,1,2009,2009,0,0,2
v3_weight_as_an_embodiment_of_importance,ml3.10,2017,2017,1,1,0,0,,,,0,2009,2009,0,0,7
v3_weight_as_an_embodiment_of_importance,ml3.10,2017,2017,1,1,0,0,,,,1,2009,2009,0,0,14
v3_weight_as_an_embodiment_of_importance,ml3.10,2017,2017,1,1,1,0,0.0,0,0.0,1,2009,2009,0,0,2
v3_weight_as_an_embodiment_of_importance,ml3.10,2017,2017,1,1,1,0,0.125,0,0.25,1,2009,2009,0,0,1
v3_weight_as_an_embodiment_of_importance,ml3.10,2017,2017,1,1,1,0,0.25,0.25,0.25,0,2009,2009,0,0,1
v3_weight_as_an_embodiment_of_importance,ml3.10,2017,2017,1,1,1,0,0.25,0.25,0.25,1,2009,2009,0,0,4
v3_weight_as_an_embodiment_of_importance,ml3.10,2017,2017,1,1,1,0,0.375,0.25,0.5,0,2009,2009,0,0,1
v3_weight_as_an_embodiment_of_importance,ml3.10,2017,2017,1,1,1,0,0.375,0.5,0.25,1,2009,2009,0,0,1
v3_weight_as_an_embodiment_of_importance,ml3.10,2017,2017,1,1,1,0,0.5,0.5,0.5,0,2009,2009,0,0,6
v3_weight_as_an_embodiment_of_importance,ml3.10,2017,2017,1,1,1,0,0.5,0.5,0.5,1,2009,2009,0,0,2
v3_weight_as_an_embodiment_of_importance,ml3.10,2017,2017,1,1,1,0,0.625,0.5,0.75,1,2009,2009,0,0,2
v3_weight_as_an_embodiment_of_importance,ml3.10,2017,2017,1,1,1,0,0.625,0.75,0.5,1,2009,2009,0,0,2
v3_weight_as_an_embodiment_of_importance,ml3.10,2017,2017,1,1,1,0,0.75,0.5,1.0,0,2009,2009,0,0,1
v3_weight_as_an_embodiment_of_importance,ml3.10,2017,2017,1,1,1,0,0.75,0.75,0.75,0,2009,2009,0,0,1
v3_weight_as_an_embodiment_of_importance,ml3.10,2017,2017,1,1,1,0,0.875,0.75,1.0,1,2009,2009,0,0,1
v3_weight_as_an_embodiment_of_importance,ml3.10,2018,2018,1,1,0,0,,,,0,2009,2009,0,0,1
v3_weight_as_an_embodiment_of_importance,ml3.10,2018,2018,1,1,0,0,,,,1,2009,2009,0,0,1
v3_weight_as_an_embodiment_of_importance,ml3.10,2018,2018,1,1,1,0,0.25,0.25,0.25,1,2009,2009,0,0,1
v3_weight_as_an_embodiment_of_importance,ml3.10,2018,2018,1,1,1,0,0.5,0.5,0.5,0,2009,2009,0,0,1
v3_weight_as_an_embodiment_of_importance,ml3.10,2018,2018,1,1,1,0,0.5,0.5,0.5,1,2009,2009,0,0,2
v3_weight_as_an_embodiment_of_importance,ml3.10,2018,2018,1,1,1,0,0.625,0.5,0.75,0,2009,2009,0,0,1
v3_weight_as_an_embodiment_of_importance,ml3.10,2018,2018,1,1,1,0,0.875,0.75,1.0,1,2009,2009,0,0,1
v3_weight_as_an_embodiment_of_importance,ml3.10,2019,2019,1,1,0,0,,,,0,2009,2009,0,0,2
v3_weight_as_an_embodiment_of_importance,ml3.10,2019,2019,1,1,0,0,,,,1,2009,2009,0,0,2
v3_weight_as_an_embodiment_of_importance,ml3.10,2019,2019,1,1,1,0,0.25,0.25,0.25,0,2009,2009,0,0,1
v3_weight_as_an_embodiment_of_importance,ml3.10,2019,2019,1,1,1,0,0.25,0.25,0.25,1,2009,2009,0,0,2
v3_weight_as_an_embodiment_of_importance,ml3.10,2019,2019,1,1,1,0,0.5,0.5,0.5,1,2009,2009,0,0,2
v3_weight_as_an_embodiment_of_importance,ml3.10,2019,2019,1,1,1,0,0.625,0.5,0.75,1,2009,2009,0,0,1
v3_weight_as_an_embodiment_of_importance,ml3.10,2019,2019,1,1,1,0,0.625,0.75,0.5,0,2009,2009,0,0,1
v3_weight_as_an_embodiment_of_importance,ml3.10,2020,2020,1,1,0,0,,,,0,2009,2009,0,0,2
v3_weight_as_an_embodiment_of_importance,ml3.10,2020,2020,1,1,0,0,,,,1,2009,2009,0,0,3
v3_weight_as_an_embodiment_of_importance,ml3.10,2020,2020,1,1,1,0,0.25,0.25,0.25,0,2009,2009,0,0,1
v3_weight_as_an_embodiment_of_importance,ml3.10,2020,2020,1,1,1,0,0.25,0.25,0.25,1,2009,2009,0,0,1
v3_weight_as_an_embodiment_of_importance,ml3.10,2020,2020,1,1,1,0,0.375,0.25,0.5,1,2009,2009,0,0,1
v3_weight_as_an_embodiment_of_importance,ml3.10,2020,2020,1,1,1,0,0.375,0.5,0.25,1,2009,2009,0,0,1
v3_weight_as_an_embodiment_of_importance,ml3.10,2020,2020,1,1,1,0,0.5,0.5,0.5,1,2009,2009,0,0,1
v3_weight_as_an_embodiment_of_importance,ml3.10,2020,2020,1,1,1,0,0.625,0.5,0.75,0,2009,2009,0,0,1
v3_weight_as_an_embodiment_of_importance,ml3.10,2020,2020,1,1,1,0,0.625,0.75,0.5,0,2009,2009,0,0,1
v3_weight_as_an_embodiment_of_importance,ml3.10,2020,2020,1,1,1,0,0.75,0.75,0.75,1,2009,2009,0,0,1
v3_weight_as_an_embodiment_of_importance,ml3.10,2021,2021,1,1,0,0,,,,0,2009,2009,0,0,2
v3_weight_as_an_embodiment_of_importance,ml3.10,2021,2021,1,1,0,0,,,,1,2009,2009,0,0,1
v3_weight_as_an_embodiment_of_importance,ml3.10,2021,2021,1,1,1,0,0.0,0,0.0,1,2009,2009,0,0,1
v3_weight_as_an_embodiment_of_importance,ml3.10,2021,2021,1,1,1,0,0.625,0.75,0.5,1,2009,2009,0,0,1
v3_weight_as_an_embodiment_of_importance,ml3.10,2022,2022,1,1,0,0,,,,1,2009,2009,0,0,2
v3_weight_as_an_embodiment_of_importance,ml3.10,2022,2022,1,1,1,0,0.0,0,0.0,1,2009,2009,0,0,1
v3_weight_as_an_embodiment_of_importance,ml3.10,2022,2022,1,1,1,0,0.25,0.25,0.25,1,2009,2009,0,0,3
v3_weight_as_an_embodiment_of_importance,ml3.10,2022,2022,1,1,1,0,0.5,0.5,0.5,0,2009,2009,0,0,1
v3_weight_as_an_embodiment_of_importance,ml3.10,2022,2022,1,1,1,0,0.625,0.75,0.5,0,2009,2009,0,0,1
v3_weight_as_an_embodiment_of_importance,ml3.10,2023,2023,1,1,0,0,,,,1,2009,2009,0,0,2
v3_weight_as_an_embodiment_of_importance,ml3.10,2023,2023,1,1,1,0,0.25,0.25,0.25,1,2009,2009,0,0,1
v3_weight_as_an_embodiment_of_importance,ml3.10,2023,2023,1,1,1,0,0.5,0.5,0.5,0,2009,2009,0,0,1
v3_weight_as_an_embodiment_of_importance,ml3.10,2023,2023,1,1,1,0,0.75,0.5,1.0,0,2009,2009,0,0,1
v3_weight_as_an_embodiment_of_importance,ml3.10,2024,2024,1,1,0,0,,,,0,2009,2009,0,0,1
v3_weight_as_an_embodiment_of_importance,ml3.10,2024,2024,1,1,0,0,,,,1,2009,2009,0,0,1
v3_weight_as_an_embodiment_of_importance,ml3.10,2024,2024,1,1,1,0,0.125,0,0.25,1,2009,2009,0,0,2
v3_weight_as_an_embodiment_of_importance,ml3.10,2024,2024,1,1,1,0,0.5,0.5,0.5,1,2009,2009,0,0,1
v3_weight_as_an_embodiment_of_importance,ml3.10,2024,2024,1,1,1,0,0.625,0.5,0.75,1,2009,2009,0,0,1
v3_weight_as_an_embodiment_of_importance,ml3.10,2024,2024,1,1,1,0,0.875,0.75,1.0,1,2009,2009,0,0,1
v3_weight_as_an_embodiment_of_importance,ml3.10,2024,2024,1,1,1,0,0.875,1,0.75,0,2009,2009,0,0,1
v3_weight_as_an_embodiment_of_importance,ml3.10,2025,2025,1,1,0,0,,,,0,2009,2009,0,0,2
v3_weight_as_an_embodiment_of_importance,ml3.10,2025,2025,1,1,0,0,,,,1,2009,2009,0,0,1
v3_weight_as_an_embodiment_of_importance,ml3.10,2025,2025,1,1,1,0,0.125,0,0.25,1,2009,2009,0,0,1
v3_weight_as_an_embodiment_of_importance,ml3.10,2025,2025,1,1,1,0,0.5,0.5,0.5,1,2009,2009,0,0,1
v3_weight_as_an_embodiment_of_importance,ml3.10,2025,2025,1,1,1,0,0.625,0.5,0.75,1,2009,2009,0,0,1
v3_weight_as_an_embodiment_of_importance,ml3.10,2026,2026,1,1,1,0,0.25,0.25,0.25,1,2009,2009,0,0,1
v3_what_do_cross_national_comparisons_of_pe,rpp.154,2009,2009,1,1,0,0,,,,1,2008,2008,0,0,1
v3_what_do_cross_national_comparisons_of_pe,rpp.154,2010,2010,1,1,1,0,0.5,0.5,0.5,1,2008,2008,0,0,1
v3_what_do_cross_national_comparisons_of_pe,rpp.154,2010,2010,1,1,1,0,0.75,0.75,0.75,1,2008,2008,0,0,1
v3_what_do_cross_national_comparisons_of_pe,rpp.154,2013,2013,1,1,1,0,0.125,0.25,0.0,1,2008,2008,0,0,1
v3_what_do_cross_national_comparisons_of_pe,rpp.154,2013,2013,1,1,1,0,0.5,0.5,0.5,1,2008,2008,0,0,1
v3_what_do_cross_national_comparisons_of_pe,rpp.154,2015,2015,1,1,0,0,,,,0,2008,2008,0,0,2
v3_what_do_cross_national_comparisons_of_pe,rpp.154,2015,2015,1,1,0,0,,,,1,2008,2008,0,0,2
v3_what_do_cross_national_comparisons_of_pe,rpp.154,2015,2015,1,1,1,0,0.5,0.5,0.5,1,2008,2008,0,0,1
v3_what_do_cross_national_comparisons_of_pe,rpp.154,2015,2015,1,1,1,0,0.875,0.75,1.0,1,2008,2008,0,0,1
v3_what_do_cross_national_comparisons_of_pe,rpp.154,2016,2016,1,1,1,0,0.375,0.5,0.25,1,2008,2008,0,0,1
v3_what_do_cross_national_comparisons_of_pe,rpp.154,2019,2019,1,1,0,0,,,,1,2008,2008,0,0,2
v3_what_do_cross_national_comparisons_of_pe,rpp.154,2020,2020,1,1,1,0,0.875,0.75,1.0,1,2008,2008,0,0,1
v3_what_do_cross_national_comparisons_of_pe,rpp.154,2021,2021,1,1,0,0,,,,0,2008,2008,0,0,1
v3_what_do_cross_national_comparisons_of_pe,rpp.154,2022,2022,1,1,0,0,,,,1,2008,2008,0,0,1
v3_what_do_cross_national_comparisons_of_pe,rpp.154,2022,2022,1,1,1,0,0.25,0.25,0.25,1,2008,2008,0,0,1
v3_what_do_cross_national_comparisons_of_pe,rpp.154,2023,2023,1,1,1,0,0.125,0,0.25,1,2008,2008,0,0,1
v3_what_do_cross_national_comparisons_of_pe,rpp.154,2023,2023,1,1,1,0,0.25,0.25,0.25,1,2008,2008,0,0,1
v3_what_do_cross_national_comparisons_of_pe,rpp.154,2024,2024,1,1,1,0,0.125,0,0.25,0,2008,2008,0,0,1
v3_what_do_cross_national_comparisons_of_pe,rpp.154,2024,2024,1,1,1,0,0.25,0.5,0.0,1,2008,2008,0,0,1
v3_what_do_cross_national_comparisons_of_pe,rpp.154,2024,2024,1,1,1,0,0.75,0.75,0.75,1,2008,2008,0,0,1
v3_when_does_between_sequence_phonological_,rpp.12,2007,2007,1,1,1,0,0.75,0.75,0.75,0,2008,2008,1,1,1
v3_when_does_between_sequence_phonological_,rpp.12,2011,2011,1,1,0,0,,,,1,2008,2008,0,0,1
v3_when_does_between_sequence_phonological_,rpp.12,2011,2011,1,1,1,0,0.5,0.5,0.5,0,2008,2008,0,0,1
v3_when_does_between_sequence_phonological_,rpp.12,2011,2011,1,1,1,0,0.625,0.5,0.75,1,2008,2008,0,0,1
v3_when_does_between_sequence_phonological_,rpp.12,2011,2011,1,1,1,0,0.625,0.75,0.5,0,2008,2008,0,0,1
v3_when_does_between_sequence_phonological_,rpp.12,2012,2016,2,2,0,0,,,,1,2008,2008,0,0,1
v3_when_does_between_sequence_phonological_,rpp.12,2012,2016,2,2,0,1,,,,0,2008,2008,0,0,1
v3_when_does_between_sequence_phonological_,rpp.12,2012,2016,2,2,1,0,0.125,0,0.25,1,2008,2008,0,0,1
v3_when_does_between_sequence_phonological_,rpp.12,2012,2016,2,2,1,0,0.375,0.5,0.25,1,2008,2008,0,0,1
v3_when_does_between_sequence_phonological_,rpp.12,2012,2016,2,2,1,0,0.5,0.5,0.5,1,2008,2008,0,0,1
v3_when_does_between_sequence_phonological_,rpp.12,2012,2016,2,2,1,0,0.625,0.75,0.5,0,2008,2008,0,0,1
v3_when_does_between_sequence_phonological_,rpp.12,2012,2016,2,2,1,0,0.75,0.75,0.75,1,2008,2008,0,0,1
v3_when_does_between_sequence_phonological_,rpp.12,2012,2016,2,2,1,1,0.375,0.25,0.5,0,2008,2008,0,0,1
v3_when_does_between_sequence_phonological_,rpp.12,2014,2014,1,1,0,0,,,,0,2008,2008,0,0,2
v3_when_does_between_sequence_phonological_,rpp.12,2014,2014,1,1,1,0,0.125,0,0.25,1,2008,2008,0,0,1
v3_when_does_between_sequence_phonological_,rpp.12,2014,2014,1,1,1,0,0.375,0.25,0.5,1,2008,2008,0,0,1
v3_when_does_between_sequence_phonological_,rpp.12,2014,2014,1,1,1,0,0.5,0.5,0.5,0,2008,2008,0,0,1
v3_when_does_between_sequence_phonological_,rpp.12,2014,2014,1,1,1,0,0.5,0.5,0.5,1,2008,2008,0,0,2
v3_when_does_between_sequence_phonological_,rpp.12,2014,2014,1,1,1,0,0.625,0.5,0.75,1,2008,2008,0,0,1
v3_when_does_between_sequence_phonological_,rpp.12,2014,2014,1,1,1,0,0.625,0.75,0.5,0,2008,2008,0,0,3
v3_when_does_between_sequence_phonological_,rpp.12,2014,2014,1,1,1,0,0.75,0.75,0.75,1,2008,2008,0,0,2
v3_when_does_between_sequence_phonological_,rpp.12,2014,2014,1,1,1,0,0.875,0.75,1.0,0,2008,2008,0,0,2
v3_when_does_between_sequence_phonological_,rpp.12,2014,2014,1,1,1,0,0.875,0.75,1.0,1,2008,2008,0,0,1
v3_when_does_between_sequence_phonological_,rpp.12,2015,2015,1,1,0,0,,,,0,2008,2008,0,0,3
v3_when_does_between_sequence_phonological_,rpp.12,2015,2015,1,1,0,0,,,,1,2008,2008,0,0,1
v3_when_does_between_sequence_phonological_,rpp.12,2015,2015,1,1,1,0,0.125,0,0.25,1,2008,2008,0,0,2
v3_when_does_between_sequence_phonological_,rpp.12,2015,2015,1,1,1,0,0.375,0.25,0.5,0,2008,2008,0,0,1
v3_when_does_between_sequence_phonological_,rpp.12,2015,2015,1,1,1,0,0.375,0.5,0.25,1,2008,2008,0,0,1
v3_when_does_between_sequence_phonological_,rpp.12,2015,2015,1,1,1,0,0.5,0.5,0.5,0,2008,2008,0,0,4
v3_when_does_between_sequence_phonological_,rpp.12,2015,2015,1,1,1,0,0.5,0.5,0.5,1,2008,2008,0,0,1
v3_when_does_between_sequence_phonological_,rpp.12,2015,2015,1,1,1,0,0.625,0.75,0.5,0,2008,2008,0,0,3
v3_when_does_between_sequence_phonological_,rpp.12,2015,2015,1,1,1,0,0.625,0.75,0.5,1,2008,2008,0,0,2
v3_when_does_between_sequence_phonological_,rpp.12,2015,2015,1,1,1,0,0.75,0.75,0.75,0,2008,2008,0,0,1
v3_when_does_between_sequence_phonological_,rpp.12,2015,2015,1,1,1,0,0.75,0.75,0.75,1,2008,2008,0,0,1
v3_when_does_between_sequence_phonological_,rpp.12,2015,2015,1,1,1,0,0.875,0.75,1.0,0,2008,2008,0,0,2
v3_when_does_between_sequence_phonological_,rpp.12,2015,2015,1,1,1,0,0.875,0.75,1.0,1,2008,2008,0,0,1
v3_when_does_between_sequence_phonological_,rpp.12,2015,2015,1,1,1,0,1.0,1,1.0,1,2008,2008,0,0,1
v3_when_does_between_sequence_phonological_,rpp.12,2015,2017,2,2,0,0,,,,0,2008,2008,0,0,1
v3_when_does_between_sequence_phonological_,rpp.12,2015,2017,2,2,1,0,0.25,0.25,0.25,1,2008,2008,0,0,1
v3_when_does_between_sequence_phonological_,rpp.12,2015,2017,2,2,1,0,0.5,0.5,0.5,1,2008,2008,0,0,1
v3_when_does_between_sequence_phonological_,rpp.12,2015,2017,2,2,1,0,0.5,0.75,0.25,0,2008,2008,0,0,1
v3_when_does_between_sequence_phonological_,rpp.12,2015,2017,2,2,1,0,0.625,0.75,0.5,0,2008,2008,0,0,2
v3_when_does_between_sequence_phonological_,rpp.12,2015,2017,2,2,1,0,0.625,0.75,0.5,1,2008,2008,0,0,1
v3_when_does_between_sequence_phonological_,rpp.12,2015,2017,2,2,1,0,0.75,0.5,1.0,1,2008,2008,0,0,1
v3_when_does_between_sequence_phonological_,rpp.12,2015,2017,2,2,1,0,0.75,0.75,0.75,1,2008,2008,0,0,1
v3_when_does_between_sequence_phonological_,rpp.12,2017,2017,1,1,0,0,,,,0,2008,2008,0,0,8
v3_when_does_between_sequence_phonological_,rpp.12,2017,2017,1,1,0,0,,,,1,2008,2008,0,0,2
v3_when_does_between_sequence_phonological_,rpp.12,2017,2017,1,1,1,0,0.125,0,0.25,1,2008,2008,0,0,3
v3_when_does_between_sequence_phonological_,rpp.12,2017,2017,1,1,1,0,0.25,0.25,0.25,1,2008,2008,0,0,1
v3_when_does_between_sequence_phonological_,rpp.12,2017,2017,1,1,1,0,0.5,0.5,0.5,0,2008,2008,0,0,4
v3_when_does_between_sequence_phonological_,rpp.12,2017,2017,1,1,1,0,0.5,0.5,0.5,1,2008,2008,0,0,2
v3_when_does_between_sequence_phonological_,rpp.12,2017,2017,1,1,1,0,0.625,0.5,0.75,1,2008,2008,0,0,1
v3_when_does_between_sequence_phonological_,rpp.12,2017,2017,1,1,1,0,0.625,0.75,0.5,0,2008,2008,0,0,1
v3_when_does_between_sequence_phonological_,rpp.12,2017,2017,1,1,1,0,0.625,0.75,0.5,1,2008,2008,0,0,2
v3_when_does_between_sequence_phonological_,rpp.12,2017,2017,1,1,1,0,0.75,0.75,0.75,1,2008,2008,0,0,1
v3_when_does_between_sequence_phonological_,rpp.12,2023,2023,1,1,1,0,0.75,0.75,0.75,0,2008,2008,0,0,1
v3_when_does_between_sequence_phonological_,rpp.12,2023,2023,1,1,1,0,0.75,0.75,0.75,1,2008,2008,0,0,2
v3_when_does_between_sequence_phonological_,rpp.12,2024,2024,1,1,0,0,,,,0,2008,2008,0,0,1
v3_when_does_between_sequence_phonological_,rpp.12,2024,2024,1,1,0,0,,,,1,2008,2008,0,0,3
v3_when_does_between_sequence_phonological_,rpp.12,2024,2024,1,1,1,0,0.375,0.25,0.5,1,2008,2008,0,0,1
v3_when_does_between_sequence_phonological_,rpp.12,2024,2024,1,1,1,0,0.5,0.5,0.5,0,2008,2008,0,0,1
v3_when_does_between_sequence_phonological_,rpp.12,2024,2024,1,1,1,0,0.625,0.75,0.5,0,2008,2008,0,0,1
v3_when_does_between_sequence_phonological_,rpp.12,2024,2024,1,1,1,0,0.75,0.75,0.75,1,2008,2008,0,0,1
v3_where_do_we_look_during_potentially_offe,rpp.132,2008,2008,1,1,1,0,0.25,0.25,0.25,1,2008,2008,0,0,1
v3_where_do_we_look_during_potentially_offe,rpp.132,2009,2009,1,1,1,0,0.625,0.5,0.75,0,2008,2008,0,0,1
v3_where_do_we_look_during_potentially_offe,rpp.132,2011,2011,1,1,0,0,,,,1,2008,2008,0,0,2
v3_where_do_we_look_during_potentially_offe,rpp.132,2011,2011,1,1,1,0,0.125,0,0.25,1,2008,2008,0,0,1
v3_where_do_we_look_during_potentially_offe,rpp.132,2012,2012,1,1,1,0,0.25,0.25,0.25,1,2008,2008,0,0,1
v3_where_do_we_look_during_potentially_offe,rpp.132,2012,2012,1,1,1,0,0.75,0.5,1.0,1,2008,2008,0,0,1
v3_where_do_we_look_during_potentially_offe,rpp.132,2012,2012,1,1,1,0,0.75,0.75,0.75,1,2008,2008,0,0,1
v3_where_do_we_look_during_potentially_offe,rpp.132,2013,2013,1,1,0,0,,,,1,2008,2008,0,0,2
v3_where_do_we_look_during_potentially_offe,rpp.132,2013,2013,1,1,1,0,0.125,0,0.25,1,2008,2008,0,0,1
v3_where_do_we_look_during_potentially_offe,rpp.132,2013,2013,1,1,1,0,0.25,0.25,0.25,1,2008,2008,0,0,1
v3_where_do_we_look_during_potentially_offe,rpp.132,2013,2013,1,1,1,0,0.5,0.5,0.5,1,2008,2008,0,0,2
v3_where_do_we_look_during_potentially_offe,rpp.132,2013,2013,1,1,1,0,0.625,0.5,0.75,1,2008,2008,0,0,2
v3_where_do_we_look_during_potentially_offe,rpp.132,2014,2014,1,1,1,0,0.0,0,0.0,1,2008,2008,0,0,1
v3_where_do_we_look_during_potentially_offe,rpp.132,2014,2014,1,1,1,0,0.25,0,0.5,0,2008,2008,0,0,1
v3_where_do_we_look_during_potentially_offe,rpp.132,2014,2014,1,1,1,0,0.375,0.25,0.5,1,2008,2008,0,0,1
v3_where_do_we_look_during_potentially_offe,rpp.132,2014,2014,1,1,1,0,0.5,0.25,0.75,1,2008,2008,0,0,1
v3_where_do_we_look_during_potentially_offe,rpp.132,2014,2014,1,1,1,0,0.625,0.75,0.5,1,2008,2008,0,0,1
v3_where_do_we_look_during_potentially_offe,rpp.132,2015,2015,1,1,1,0,0.125,0,0.25,1,2008,2008,0,0,1
v3_where_do_we_look_during_potentially_offe,rpp.132,2015,2015,1,1,1,0,0.25,0.25,0.25,1,2008,2008,0,0,1
v3_where_do_we_look_during_potentially_offe,rpp.132,2016,2016,1,1,1,0,0.25,0.25,0.25,1,2008,2008,0,0,1
v3_where_do_we_look_during_potentially_offe,rpp.132,2017,2017,1,1,1,0,0.625,0.75,0.5,1,2008,2008,0,0,1
v3_where_do_we_look_during_potentially_offe,rpp.132,2018,2018,1,1,1,0,0.25,0.25,0.25,0,2008,2008,0,0,1
v3_where_do_we_look_during_potentially_offe,rpp.132,2018,2021,2,2,1,0,0.5,0.5,0.5,1,2008,2008,0,0,1
v3_where_do_we_look_during_potentially_offe,rpp.132,2020,2020,1,1,1,0,0.125,0,0.25,1,2008,2008,0,0,1
v3_where_do_we_look_during_potentially_offe,rpp.132,2021,2021,1,1,0,0,,,,1,2008,2008,0,0,1
v3_where_do_we_look_during_potentially_offe,rpp.132,2021,2021,1,1,1,0,0.0,0,0.0,1,2008,2008,0,0,1
v3_where_do_we_look_during_potentially_offe,rpp.132,2021,2021,1,1,1,0,0.25,0.25,0.25,1,2008,2008,0,0,1
v3_where_do_we_look_during_potentially_offe,rpp.132,2021,2021,1,1,1,0,0.375,0.25,0.5,1,2008,2008,0,0,1
v3_where_do_we_look_during_potentially_offe,rpp.132,2021,2021,1,1,1,0,0.75,0.5,1.0,1,2008,2008,0,0,1
v3_where_do_we_look_during_potentially_offe,rpp.132,2022,2022,1,1,0,0,,,,0,2008,2008,0,0,2
v3_where_do_we_look_during_potentially_offe,rpp.132,2022,2022,1,1,1,0,0.625,0.5,0.75,1,2008,2008,0,0,1
v3_where_do_we_look_during_potentially_offe,rpp.132,2022,2022,1,1,1,0,0.625,0.75,0.5,1,2008,2008,0,0,1
v3_where_do_we_look_during_potentially_offe,rpp.132,2022,2022,1,1,1,0,0.75,0.75,0.75,1,2008,2008,0,0,1
v3_where_do_we_look_during_potentially_offe,rpp.132,2025,2025,1,1,1,0,0.625,0.5,0.75,1,2008,2008,0,0,1
v3_why_do_implicit_and_explicit_attitude_te,rpp.44,2008,2008,1,1,0,0,,,,0,2008,2008,0,0,1
v3_why_do_implicit_and_explicit_attitude_te,rpp.44,2008,2008,1,1,0,0,,,,1,2008,2008,0,0,2
v3_why_do_implicit_and_explicit_attitude_te,rpp.44,2009,2009,1,1,0,0,,,,0,2008,2008,0,0,1
v3_why_do_implicit_and_explicit_attitude_te,rpp.44,2010,2010,1,1,0,0,,,,1,2008,2008,0,0,1
v3_why_do_implicit_and_explicit_attitude_te,rpp.44,2010,2010,1,1,1,0,0.25,0.25,0.25,0,2008,2008,0,0,1
v3_why_do_implicit_and_explicit_attitude_te,rpp.44,2010,2010,1,1,1,0,0.5,0.5,0.5,1,2008,2008,0,0,1
v3_why_do_implicit_and_explicit_attitude_te,rpp.44,2010,2010,1,1,1,0,0.75,0.75,0.75,1,2008,2008,0,0,1
v3_why_do_implicit_and_explicit_attitude_te,rpp.44,2011,2011,1,1,0,0,,,,0,2008,2008,0,0,1
v3_why_do_implicit_and_explicit_attitude_te,rpp.44,2011,2011,1,1,0,0,,,,1,2008,2008,0,0,1
v3_why_do_implicit_and_explicit_attitude_te,rpp.44,2011,2011,1,1,1,0,0.25,0.25,0.25,0,2008,2008,0,0,1
v3_why_do_implicit_and_explicit_attitude_te,rpp.44,2012,2012,1,1,0,0,,,,0,2008,2008,0,0,2
v3_why_do_implicit_and_explicit_attitude_te,rpp.44,2012,2012,1,1,0,0,,,,1,2008,2008,0,0,4
v3_why_do_implicit_and_explicit_attitude_te,rpp.44,2012,2012,1,1,1,0,0.0,0,0.0,1,2008,2008,0,0,1
v3_why_do_implicit_and_explicit_attitude_te,rpp.44,2012,2012,1,1,1,0,0.125,0,0.25,1,2008,2008,0,0,1
v3_why_do_implicit_and_explicit_attitude_te,rpp.44,2012,2012,1,1,1,0,0.25,0.25,0.25,0,2008,2008,0,0,1
v3_why_do_implicit_and_explicit_attitude_te,rpp.44,2012,2012,1,1,1,0,0.5,0.5,0.5,1,2008,2008,0,0,4
v3_why_do_implicit_and_explicit_attitude_te,rpp.44,2012,2012,1,1,1,0,0.625,0.75,0.5,1,2008,2008,0,0,1
v3_why_do_implicit_and_explicit_attitude_te,rpp.44,2012,2012,1,1,1,0,0.75,0.75,0.75,1,2008,2008,0,0,1
v3_why_do_implicit_and_explicit_attitude_te,rpp.44,2012,2012,1,1,1,0,0.75,1,0.5,1,2008,2008,0,0,1
v3_why_do_implicit_and_explicit_attitude_te,rpp.44,2013,2013,1,1,0,0,,,,0,2008,2008,0,0,3
v3_why_do_implicit_and_explicit_attitude_te,rpp.44,2013,2013,1,1,0,0,,,,1,2008,2008,0,0,7
v3_why_do_implicit_and_explicit_attitude_te,rpp.44,2013,2013,1,1,1,0,0.125,0,0.25,1,2008,2008,0,0,1
v3_why_do_implicit_and_explicit_attitude_te,rpp.44,2013,2013,1,1,1,0,0.5,0.5,0.5,0,2008,2008,0,0,1
v3_why_do_implicit_and_explicit_attitude_te,rpp.44,2013,2013,1,1,1,0,0.5,0.5,0.5,1,2008,2008,0,0,4
v3_why_do_implicit_and_explicit_attitude_te,rpp.44,2013,2013,1,1,1,0,0.625,0.5,0.75,1,2008,2008,0,0,1
v3_why_do_implicit_and_explicit_attitude_te,rpp.44,2013,2013,1,1,1,0,0.625,0.75,0.5,1,2008,2008,0,0,1
v3_why_do_implicit_and_explicit_attitude_te,rpp.44,2013,2013,1,1,1,0,0.75,0.75,0.75,1,2008,2008,0,0,1
v3_why_do_implicit_and_explicit_attitude_te,rpp.44,2013,2014,2,2,0,0,,,,1,2008,2008,0,0,1
v3_why_do_implicit_and_explicit_attitude_te,rpp.44,2014,2014,1,1,0,0,,,,0,2008,2008,0,0,3
v3_why_do_implicit_and_explicit_attitude_te,rpp.44,2014,2014,1,1,0,0,,,,1,2008,2008,0,0,5
v3_why_do_implicit_and_explicit_attitude_te,rpp.44,2014,2014,1,1,1,0,0.0,0,0.0,0,2008,2008,0,0,1
v3_why_do_implicit_and_explicit_attitude_te,rpp.44,2014,2014,1,1,1,0,0.5,0.5,0.5,1,2008,2008,0,0,1
v3_why_do_implicit_and_explicit_attitude_te,rpp.44,2014,2014,1,1,1,0,0.625,0.5,0.75,1,2008,2008,0,0,1
v3_why_do_implicit_and_explicit_attitude_te,rpp.44,2014,2014,1,1,1,0,0.75,0.75,0.75,1,2008,2008,0,0,1
v3_why_do_implicit_and_explicit_attitude_te,rpp.44,2014,2015,2,2,0,0,,,,0,2008,2008,0,0,1
v3_why_do_implicit_and_explicit_attitude_te,rpp.44,2015,2015,1,1,0,0,,,,0,2008,2008,0,0,1
v3_why_do_implicit_and_explicit_attitude_te,rpp.44,2015,2015,1,1,0,0,,,,1,2008,2008,0,0,1
v3_why_do_implicit_and_explicit_attitude_te,rpp.44,2015,2015,1,1,1,0,0.125,0,0.25,1,2008,2008,0,0,1
v3_why_do_implicit_and_explicit_attitude_te,rpp.44,2015,2015,1,1,1,0,0.375,0.25,0.5,1,2008,2008,0,0,1
v3_why_do_implicit_and_explicit_attitude_te,rpp.44,2016,2016,1,1,0,0,,,,1,2008,2008,0,0,5
v3_why_do_implicit_and_explicit_attitude_te,rpp.44,2016,2016,1,1,1,0,0.5,0.5,0.5,1,2008,2008,0,0,2
v3_why_do_implicit_and_explicit_attitude_te,rpp.44,2017,2017,1,1,0,0,,,,0,2008,2008,0,0,2
v3_why_do_implicit_and_explicit_attitude_te,rpp.44,2017,2017,1,1,0,0,,,,1,2008,2008,0,0,6
v3_why_do_implicit_and_explicit_attitude_te,rpp.44,2017,2017,1,1,1,0,0.125,0.25,0.0,1,2008,2008,0,0,1
v3_why_do_implicit_and_explicit_attitude_te,rpp.44,2017,2017,1,1,1,0,0.5,0.5,0.5,0,2008,2008,0,0,4
v3_why_do_implicit_and_explicit_attitude_te,rpp.44,2017,2017,1,1,1,0,0.5,0.5,0.5,1,2008,2008,0,0,1
v3_why_do_implicit_and_explicit_attitude_te,rpp.44,2017,2017,1,1,1,0,0.625,0.5,0.75,1,2008,2008,0,0,2
v3_why_do_implicit_and_explicit_attitude_te,rpp.44,2017,2017,1,1,1,0,0.75,0.75,0.75,0,2008,2008,0,0,1
v3_why_do_implicit_and_explicit_attitude_te,rpp.44,2017,2017,1,1,1,0,0.75,0.75,0.75,1,2008,2008,0,0,1
v3_why_do_implicit_and_explicit_attitude_te,rpp.44,2017,2020,2,2,1,0,0.5,0.5,0.5,1,2008,2008,0,0,1
v3_why_do_implicit_and_explicit_attitude_te,rpp.44,2018,2018,1,1,0,0,,,,0,2008,2008,0,0,1
v3_why_do_implicit_and_explicit_attitude_te,rpp.44,2018,2018,1,1,0,0,,,,1,2008,2008,0,0,6
v3_why_do_implicit_and_explicit_attitude_te,rpp.44,2018,2018,1,1,1,0,0.125,0,0.25,0,2008,2008,0,0,1
v3_why_do_implicit_and_explicit_attitude_te,rpp.44,2018,2018,1,1,1,0,0.25,0.25,0.25,1,2008,2008,0,0,1
v3_why_do_implicit_and_explicit_attitude_te,rpp.44,2018,2018,1,1,1,0,0.375,0.5,0.25,1,2008,2008,0,0,2
v3_why_do_implicit_and_explicit_attitude_te,rpp.44,2018,2018,1,1,1,0,0.5,0.5,0.5,1,2008,2008,0,0,2
v3_why_do_implicit_and_explicit_attitude_te,rpp.44,2018,2018,1,1,1,0,0.625,0.75,0.5,1,2008,2008,0,0,1
v3_why_do_implicit_and_explicit_attitude_te,rpp.44,2018,2018,1,1,1,0,0.75,0.75,0.75,1,2008,2008,0,0,1
v3_why_do_implicit_and_explicit_attitude_te,rpp.44,2019,2019,1,1,0,0,,,,0,2008,2008,0,0,3
v3_why_do_implicit_and_explicit_attitude_te,rpp.44,2019,2019,1,1,0,0,,,,1,2008,2008,0,0,10
v3_why_do_implicit_and_explicit_attitude_te,rpp.44,2019,2019,1,1,1,0,0.25,0.25,0.25,0,2008,2008,0,0,1
v3_why_do_implicit_and_explicit_attitude_te,rpp.44,2019,2019,1,1,1,0,0.25,0.25,0.25,1,2008,2008,0,0,1
v3_why_do_implicit_and_explicit_attitude_te,rpp.44,2019,2019,1,1,1,0,0.5,0.5,0.5,1,2008,2008,0,0,1
v3_why_do_implicit_and_explicit_attitude_te,rpp.44,2019,2019,1,1,1,0,0.75,0.75,0.75,1,2008,2008,0,0,1
v3_why_do_implicit_and_explicit_attitude_te,rpp.44,2020,2020,1,1,0,0,,,,0,2008,2008,0,0,3
v3_why_do_implicit_and_explicit_attitude_te,rpp.44,2020,2020,1,1,0,0,,,,1,2008,2008,0,0,14
v3_why_do_implicit_and_explicit_attitude_te,rpp.44,2020,2020,1,1,1,0,0.25,0,0.5,1,2008,2008,0,0,1
v3_why_do_implicit_and_explicit_attitude_te,rpp.44,2020,2020,1,1,1,0,0.25,0.25,0.25,0,2008,2008,0,0,2
v3_why_do_implicit_and_explicit_attitude_te,rpp.44,2020,2020,1,1,1,0,0.25,0.25,0.25,1,2008,2008,0,0,1
v3_why_do_implicit_and_explicit_attitude_te,rpp.44,2020,2020,1,1,1,0,0.625,0.5,0.75,1,2008,2008,0,0,2
v3_why_do_implicit_and_explicit_attitude_te,rpp.44,2020,2020,1,1,1,0,0.625,0.75,0.5,1,2008,2008,0,0,1
v3_why_do_implicit_and_explicit_attitude_te,rpp.44,2020,2020,1,1,1,0,0.75,0.75,0.75,0,2008,2008,0,0,1
v3_why_do_implicit_and_explicit_attitude_te,rpp.44,2020,2020,1,1,1,0,0.75,0.75,0.75,1,2008,2008,0,0,1
v3_why_do_implicit_and_explicit_attitude_te,rpp.44,2021,2021,1,1,0,0,,,,0,2008,2008,0,0,1
v3_why_do_implicit_and_explicit_attitude_te,rpp.44,2021,2021,1,1,0,0,,,,1,2008,2008,0,0,3
v3_why_do_implicit_and_explicit_attitude_te,rpp.44,2022,2022,1,1,0,0,,,,0,2008,2008,0,0,3
v3_why_do_implicit_and_explicit_attitude_te,rpp.44,2022,2022,1,1,0,0,,,,1,2008,2008,0,0,2
v3_why_do_implicit_and_explicit_attitude_te,rpp.44,2022,2022,1,1,1,0,0.0,0,0.0,1,2008,2008,0,0,1
v3_why_do_implicit_and_explicit_attitude_te,rpp.44,2022,2022,1,1,1,0,0.25,0.25,0.25,0,2008,2008,0,0,1
v3_why_do_implicit_and_explicit_attitude_te,rpp.44,2022,2022,1,1,1,0,0.375,0.25,0.5,1,2008,2008,0,0,1
v3_why_do_implicit_and_explicit_attitude_te,rpp.44,2022,2022,1,1,1,0,0.5,0.5,0.5,1,2008,2008,0,0,1
v3_why_do_implicit_and_explicit_attitude_te,rpp.44,2023,2023,1,1,0,0,,,,0,2008,2008,0,0,2
v3_why_do_implicit_and_explicit_attitude_te,rpp.44,2023,2023,1,1,0,0,,,,1,2008,2008,0,0,1
v3_why_do_implicit_and_explicit_attitude_te,rpp.44,2023,2023,1,1,1,0,0.0,0,0.0,1,2008,2008,0,0,1
v3_why_do_implicit_and_explicit_attitude_te,rpp.44,2023,2023,1,1,1,0,0.25,0,0.5,1,2008,2008,0,0,1
v3_why_do_implicit_and_explicit_attitude_te,rpp.44,2023,2023,1,1,1,0,0.25,0.25,0.25,1,2008,2008,0,0,1
v3_why_do_implicit_and_explicit_attitude_te,rpp.44,2023,2023,1,1,1,0,0.375,0.25,0.5,1,2008,2008,0,0,1
v3_why_do_implicit_and_explicit_attitude_te,rpp.44,2023,2023,1,1,1,0,0.5,0.5,0.5,0,2008,2008,0,0,1
v3_why_do_implicit_and_explicit_attitude_te,rpp.44,2023,2023,1,1,1,0,0.625,0.5,0.75,1,2008,2008,0,0,1
v3_why_do_implicit_and_explicit_attitude_te,rpp.44,2023,2023,1,1,1,0,0.875,0.75,1.0,1,2008,2008,0,0,1
v3_why_do_implicit_and_explicit_attitude_te,rpp.44,2024,2024,1,1,0,0,,,,0,2008,2008,0,0,1
v3_why_do_implicit_and_explicit_attitude_te,rpp.44,2024,2024,1,1,0,0,,,,1,2008,2008,0,0,2
v3_why_do_implicit_and_explicit_attitude_te,rpp.44,2024,2024,1,1,1,0,0.375,0.25,0.5,0,2008,2008,0,0,1
v3_why_do_implicit_and_explicit_attitude_te,rpp.44,2025,2025,1,1,0,0,,,,0,2008,2008,0,0,2
v3_why_do_implicit_and_explicit_attitude_te,rpp.44,2025,2025,1,1,0,0,,,,1,2008,2008,0,0,2
v3_why_do_implicit_and_explicit_attitude_te,rpp.44,2025,2025,1,1,1,0,0.125,0,0.25,1,2008,2008,0,0,1
v3_why_do_implicit_and_explicit_attitude_te,rpp.44,2026,2026,1,1,0,0,,,,1,2008,2008,0,0,3
v3_why_do_implicit_and_explicit_attitude_te,rpp.44,2026,2026,1,1,1,0,0.375,0.25,0.5,1,2008,2008,0,0,1
v3_why_do_implicit_and_explicit_attitude_te,rpp.44,2026,2026,1,1,1,0,0.375,0.5,0.25,0,2008,2008,0,0,1
v3_why_do_implicit_and_explicit_attitude_te,rpp.44,2026,2026,1,1,1,0,0.75,0.75,0.75,1,2008,2008,0,0,1
v3_why_people_are_reluctant_to_tempt_fate,rpp.68,2009,2009,1,1,1,0,0.125,0,0.25,1,2008,2008,0,0,1
v3_why_people_are_reluctant_to_tempt_fate,rpp.68,2010,2010,1,1,0,0,,,,1,2008,2008,0,0,1
v3_why_people_are_reluctant_to_tempt_fate,rpp.68,2010,2010,1,1,1,0,0.0,0,0.0,1,2008,2008,0,0,1
v3_why_people_are_reluctant_to_tempt_fate,rpp.68,2010,2010,1,1,1,0,0.25,0.25,0.25,1,2008,2008,0,0,1
v3_why_people_are_reluctant_to_tempt_fate,rpp.68,2010,2010,1,1,1,0,0.5,0.5,0.5,0,2008,2008,0,0,1
v3_why_people_are_reluctant_to_tempt_fate,rpp.68,2010,2010,1,1,1,0,0.75,0.5,1.0,0,2008,2008,0,0,1
v3_why_people_are_reluctant_to_tempt_fate,rpp.68,2011,2011,1,1,0,0,,,,0,2008,2008,0,0,1
v3_why_people_are_reluctant_to_tempt_fate,rpp.68,2011,2011,1,1,0,0,,,,1,2008,2008,0,0,4
v3_why_people_are_reluctant_to_tempt_fate,rpp.68,2011,2011,1,1,1,0,0.25,0.25,0.25,1,2008,2008,0,0,1
v3_why_people_are_reluctant_to_tempt_fate,rpp.68,2011,2011,1,1,1,0,0.625,0.5,0.75,1,2008,2008,0,0,1
v3_why_people_are_reluctant_to_tempt_fate,rpp.68,2012,2012,1,1,0,0,,,,1,2008,2008,0,0,2
v3_why_people_are_reluctant_to_tempt_fate,rpp.68,2012,2012,1,1,1,0,0.125,0,0.25,1,2008,2008,0,0,2
v3_why_people_are_reluctant_to_tempt_fate,rpp.68,2012,2012,1,1,1,0,0.25,0.25,0.25,1,2008,2008,0,0,1
v3_why_people_are_reluctant_to_tempt_fate,rpp.68,2012,2012,1,1,1,0,0.5,0.5,0.5,0,2008,2008,0,0,1
v3_why_people_are_reluctant_to_tempt_fate,rpp.68,2012,2012,1,1,1,0,0.5,0.5,0.5,1,2008,2008,0,0,1
v3_why_people_are_reluctant_to_tempt_fate,rpp.68,2012,2012,1,1,1,0,0.625,0.5,0.75,0,2008,2008,0,0,1
v3_why_people_are_reluctant_to_tempt_fate,rpp.68,2013,2013,1,1,1,0,0.375,0.25,0.5,1,2008,2008,0,0,1
v3_why_people_are_reluctant_to_tempt_fate,rpp.68,2013,2013,1,1,1,0,0.75,0.75,0.75,1,2008,2008,0,0,1
v3_why_people_are_reluctant_to_tempt_fate,rpp.68,2013,2013,1,1,1,0,0.75,1,0.5,1,2008,2008,0,0,1
v3_why_people_are_reluctant_to_tempt_fate,rpp.68,2014,2014,1,1,0,0,,,,0,2008,2008,0,0,3
v3_why_people_are_reluctant_to_tempt_fate,rpp.68,2014,2014,1,1,0,0,,,,1,2008,2008,0,0,8
v3_why_people_are_reluctant_to_tempt_fate,rpp.68,2014,2014,1,1,1,0,0.0,0,0.0,1,2008,2008,0,0,1
v3_why_people_are_reluctant_to_tempt_fate,rpp.68,2014,2014,1,1,1,0,0.125,0,0.25,1,2008,2008,0,0,2
v3_why_people_are_reluctant_to_tempt_fate,rpp.68,2014,2014,1,1,1,0,0.25,0,0.5,1,2008,2008,0,0,1
v3_why_people_are_reluctant_to_tempt_fate,rpp.68,2014,2014,1,1,1,0,0.25,0.25,0.25,1,2008,2008,0,0,1
v3_why_people_are_reluctant_to_tempt_fate,rpp.68,2014,2014,1,1,1,0,0.5,0.5,0.5,0,2008,2008,0,0,1
v3_why_people_are_reluctant_to_tempt_fate,rpp.68,2014,2014,1,1,1,0,0.5,0.5,0.5,1,2008,2008,0,0,6
v3_why_people_are_reluctant_to_tempt_fate,rpp.68,2014,2014,1,1,1,0,0.75,0.75,0.75,1,2008,2008,0,0,1
v3_why_people_are_reluctant_to_tempt_fate,rpp.68,2015,2015,1,1,0,0,,,,0,2008,2008,0,0,1
v3_why_people_are_reluctant_to_tempt_fate,rpp.68,2015,2015,1,1,1,0,0.875,0.75,1.0,0,2008,2008,0,0,1
v3_why_people_are_reluctant_to_tempt_fate,rpp.68,2015,2015,1,1,1,0,0.875,0.75,1.0,1,2008,2008,0,0,1
v3_why_people_are_reluctant_to_tempt_fate,rpp.68,2016,2016,1,1,0,0,,,,1,2008,2008,0,0,6
v3_why_people_are_reluctant_to_tempt_fate,rpp.68,2016,2016,1,1,1,0,0.125,0,0.25,1,2008,2008,0,0,1
v3_why_people_are_reluctant_to_tempt_fate,rpp.68,2016,2016,1,1,1,0,0.625,0.75,0.5,0,2008,2008,0,0,1
v3_why_people_are_reluctant_to_tempt_fate,rpp.68,2017,2017,1,1,0,0,,,,0,2008,2008,0,0,3
v3_why_people_are_reluctant_to_tempt_fate,rpp.68,2017,2017,1,1,0,0,,,,1,2008,2008,0,0,3
v3_why_people_are_reluctant_to_tempt_fate,rpp.68,2017,2017,1,1,1,0,0.25,0.25,0.25,1,2008,2008,0,0,1
v3_why_people_are_reluctant_to_tempt_fate,rpp.68,2017,2017,1,1,1,0,0.5,0.5,0.5,0,2008,2008,0,0,1
v3_why_people_are_reluctant_to_tempt_fate,rpp.68,2017,2017,1,1,1,0,0.5,0.5,0.5,1,2008,2008,0,0,1
v3_why_people_are_reluctant_to_tempt_fate,rpp.68,2018,2018,1,1,0,0,,,,0,2008,2008,0,0,16
v3_why_people_are_reluctant_to_tempt_fate,rpp.68,2018,2018,1,1,0,0,,,,1,2008,2008,0,0,7
v3_why_people_are_reluctant_to_tempt_fate,rpp.68,2018,2018,1,1,1,0,0.25,0,0.5,1,2008,2008,0,0,1
v3_why_people_are_reluctant_to_tempt_fate,rpp.68,2018,2018,1,1,1,0,0.25,0.25,0.25,1,2008,2008,0,0,1
v3_why_people_are_reluctant_to_tempt_fate,rpp.68,2018,2018,1,1,1,0,0.375,0.25,0.5,0,2008,2008,0,0,1
v3_why_people_are_reluctant_to_tempt_fate,rpp.68,2018,2018,1,1,1,0,0.5,0.5,0.5,1,2008,2008,0,0,5
v3_why_people_are_reluctant_to_tempt_fate,rpp.68,2018,2018,1,1,1,0,0.625,0.75,0.5,1,2008,2008,0,0,1
v3_why_people_are_reluctant_to_tempt_fate,rpp.68,2018,2018,1,1,1,0,0.75,0.75,0.75,0,2008,2008,0,0,1
v3_why_people_are_reluctant_to_tempt_fate,rpp.68,2018,2018,1,1,1,0,0.75,0.75,0.75,1,2008,2008,0,0,1
v3_why_people_are_reluctant_to_tempt_fate,rpp.68,2018,2018,1,1,1,0,0.875,0.75,1.0,1,2008,2008,0,0,1
v3_why_people_are_reluctant_to_tempt_fate,rpp.68,2020,2020,1,1,0,0,,,,0,2008,2008,0,0,3
v3_why_people_are_reluctant_to_tempt_fate,rpp.68,2020,2020,1,1,0,0,,,,1,2008,2008,0,0,3
v3_why_people_are_reluctant_to_tempt_fate,rpp.68,2020,2020,1,1,1,0,0.625,0.5,0.75,0,2008,2008,0,0,1
v3_why_people_are_reluctant_to_tempt_fate,rpp.68,2022,2022,1,1,0,0,,,,0,2008,2008,0,0,1
v3_why_people_are_reluctant_to_tempt_fate,rpp.68,2022,2022,1,1,1,0,0.5,0.5,0.5,0,2008,2008,0,0,4
v3_why_people_are_reluctant_to_tempt_fate,rpp.68,2022,2022,1,1,1,0,0.5,0.5,0.5,1,2008,2008,0,0,2
v3_why_people_are_reluctant_to_tempt_fate,rpp.68,2022,2022,1,1,1,0,0.625,0.25,1.0,0,2008,2008,0,0,1
v3_why_people_are_reluctant_to_tempt_fate,rpp.68,2022,2022,1,1,1,0,0.625,0.5,0.75,1,2008,2008,0,0,1
v3_why_people_are_reluctant_to_tempt_fate,rpp.68,2022,2022,1,1,1,0,0.625,0.75,0.5,0,2008,2008,0,0,1
v3_why_people_are_reluctant_to_tempt_fate,rpp.68,2023,2023,1,1,1,0,0.25,0.25,0.25,1,2008,2008,0,0,1
v3_why_people_are_reluctant_to_tempt_fate,rpp.68,2024,2024,1,1,1,0,0.75,0.75,0.75,0,2008,2008,0,0,1
v3_why_people_are_reluctant_to_tempt_fate,rpp.68,2024,2024,1,1,1,0,1.0,1,1.0,1,2008,2008,0,0,1
v3_why_people_are_reluctant_to_tempt_fate,rpp.68,2025,2025,1,1,0,0,,,,0,2008,2008,0,0,1
v3_why_people_are_reluctant_to_tempt_fate,rpp.68,2025,2025,1,1,0,0,,,,1,2008,2008,0,0,1
v3_why_people_are_reluctant_to_tempt_fate,rpp.68,2025,2025,1,1,1,0,0.25,0.25,0.25,1,2008,2008,0,0,1
v3_why_people_are_reluctant_to_tempt_fate,rpp.68,2025,2025,1,1,1,0,0.375,0.25,0.5,1,2008,2008,0,0,1
v3_why_people_are_reluctant_to_tempt_fate,rpp.68,2025,2025,1,1,1,0,0.5,0.5,0.5,0,2008,2008,0,0,2
v3_why_people_are_reluctant_to_tempt_fate,rpp.68,2025,2025,1,1,1,0,0.5,0.5,0.5,1,2008,2008,0,0,2
v3_working_memory_costs_of_task_switching,rpp.3,2008,2008,1,1,1,0,0.375,0.25,0.5,1,2008,2008,0,0,1
v3_working_memory_costs_of_task_switching,rpp.3,2009,2009,1,1,0,0,,,,1,2008,2008,0,0,2
v3_working_memory_costs_of_task_switching,rpp.3,2009,2009,1,1,1,0,0.5,0.5,0.5,1,2008,2008,0,0,1
v3_working_memory_costs_of_task_switching,rpp.3,2010,2010,1,1,0,0,,,,0,2008,2008,0,0,2
v3_working_memory_costs_of_task_switching,rpp.3,2010,2010,1,1,0,0,,,,1,2008,2008,0,0,2
v3_working_memory_costs_of_task_switching,rpp.3,2010,2010,1,1,1,0,0.125,0.25,0.0,1,2008,2008,0,0,1
v3_working_memory_costs_of_task_switching,rpp.3,2010,2010,1,1,1,0,0.25,0,0.5,0,2008,2008,0,0,1
v3_working_memory_costs_of_task_switching,rpp.3,2010,2010,1,1,1,0,0.5,0.5,0.5,0,2008,2008,0,0,1
v3_working_memory_costs_of_task_switching,rpp.3,2010,2010,1,1,1,0,0.5,0.5,0.5,1,2008,2008,0,0,3
v3_working_memory_costs_of_task_switching,rpp.3,2010,2012,2,2,1,0,0.0,0,0.0,1,2008,2008,0,0,1
v3_working_memory_costs_of_task_switching,rpp.3,2010,2012,2,2,1,0,0.25,0.25,0.25,1,2008,2008,0,0,1
v3_working_memory_costs_of_task_switching,rpp.3,2010,2012,2,2,1,0,0.375,0.5,0.25,1,2008,2008,0,0,1
v3_working_memory_costs_of_task_switching,rpp.3,2010,2012,2,2,1,0,0.5,0.5,0.5,1,2008,2008,0,0,1
v3_working_memory_costs_of_task_switching,rpp.3,2010,2012,2,2,1,0,0.625,0.5,0.75,1,2008,2008,0,0,1
v3_working_memory_costs_of_task_switching,rpp.3,2011,2011,1,1,0,0,,,,0,2008,2008,0,0,1
v3_working_memory_costs_of_task_switching,rpp.3,2011,2011,1,1,0,0,,,,1,2008,2008,0,0,3
v3_working_memory_costs_of_task_switching,rpp.3,2011,2011,1,1,1,0,0.125,0,0.25,1,2008,2008,0,0,1
v3_working_memory_costs_of_task_switching,rpp.3,2011,2011,1,1,1,0,0.375,0.25,0.5,1,2008,2008,0,0,1
v3_working_memory_costs_of_task_switching,rpp.3,2011,2011,1,1,1,0,0.5,0.5,0.5,1,2008,2008,0,0,5
v3_working_memory_costs_of_task_switching,rpp.3,2011,2011,1,1,1,0,0.75,0.75,0.75,1,2008,2008,0,0,1
v3_working_memory_costs_of_task_switching,rpp.3,2012,2012,1,1,0,0,,,,0,2008,2008,0,0,2
v3_working_memory_costs_of_task_switching,rpp.3,2012,2012,1,1,0,0,,,,1,2008,2008,0,0,1
v3_working_memory_costs_of_task_switching,rpp.3,2012,2012,1,1,1,0,0.25,0.25,0.25,1,2008,2008,0,0,1
v3_working_memory_costs_of_task_switching,rpp.3,2012,2012,1,1,1,0,0.375,0.5,0.25,1,2008,2008,0,0,1
v3_working_memory_costs_of_task_switching,rpp.3,2013,2013,1,1,1,0,0.5,0.5,0.5,1,2008,2008,0,0,1
v3_working_memory_costs_of_task_switching,rpp.3,2015,2015,1,1,1,0,0.125,0.25,0.0,1,2008,2008,0,0,1
v3_working_memory_costs_of_task_switching,rpp.3,2015,2015,1,1,1,0,0.375,0.25,0.5,1,2008,2008,0,0,1
v3_working_memory_costs_of_task_switching,rpp.3,2015,2015,1,1,1,0,0.625,0.75,0.5,0,2008,2008,0,0,1
v3_working_memory_costs_of_task_switching,rpp.3,2016,2016,1,1,0,0,,,,0,2008,2008,0,0,1
v3_working_memory_costs_of_task_switching,rpp.3,2016,2016,1,1,0,0,,,,1,2008,2008,0,0,1
v3_working_memory_costs_of_task_switching,rpp.3,2016,2016,1,1,1,0,0.25,0.25,0.25,1,2008,2008,0,0,2
v3_working_memory_costs_of_task_switching,rpp.3,2016,2016,1,1,1,0,0.625,0.75,0.5,0,2008,2008,0,0,1
v3_working_memory_costs_of_task_switching,rpp.3,2016,2016,1,1,1,0,0.625,0.75,0.5,1,2008,2008,0,0,1
v3_working_memory_costs_of_task_switching,rpp.3,2017,2017,1,1,1,0,0.25,0.25,0.25,1,2008,2008,0,0,1
v3_working_memory_costs_of_task_switching,rpp.3,2017,2017,1,1,1,0,0.625,0.5,0.75,0,2008,2008,0,0,1
v3_working_memory_costs_of_task_switching,rpp.3,2018,2018,1,1,0,0,,,,1,2008,2008,0,0,2
v3_working_memory_costs_of_task_switching,rpp.3,2018,2018,1,1,1,0,0.125,0,0.25,1,2008,2008,0,0,1
v3_working_memory_costs_of_task_switching,rpp.3,2018,2018,1,1,1,0,0.5,0.5,0.5,1,2008,2008,0,0,3
v3_working_memory_costs_of_task_switching,rpp.3,2018,2018,1,1,1,0,0.625,0.75,0.5,1,2008,2008,0,0,1
v3_working_memory_costs_of_task_switching,rpp.3,2018,2018,1,1,1,0,0.75,0.75,0.75,1,2008,2008,0,0,1
v3_working_memory_costs_of_task_switching,rpp.3,2018,2018,1,1,1,0,0.875,1,0.75,1,2008,2008,0,0,1
v3_working_memory_costs_of_task_switching,rpp.3,2019,2019,1,1,0,0,,,,1,2008,2008,0,0,2
v3_working_memory_costs_of_task_switching,rpp.3,2019,2019,1,1,1,0,0.125,0,0.25,1,2008,2008,0,0,1
v3_working_memory_costs_of_task_switching,rpp.3,2019,2019,1,1,1,0,0.5,0.5,0.5,0,2008,2008,0,0,1
v3_working_memory_costs_of_task_switching,rpp.3,2019,2019,1,1,1,0,0.625,0.5,0.75,1,2008,2008,0,0,1
v3_working_memory_costs_of_task_switching,rpp.3,2019,2019,1,1,1,0,0.75,0.5,1.0,1,2008,2008,0,0,1
v3_working_memory_costs_of_task_switching,rpp.3,2020,2020,1,1,0,0,,,,0,2008,2008,0,0,1
v3_working_memory_costs_of_task_switching,rpp.3,2020,2020,1,1,0,0,,,,1,2008,2008,0,0,4
v3_working_memory_costs_of_task_switching,rpp.3,2020,2020,1,1,1,0,0.25,0.25,0.25,1,2008,2008,0,0,1
v3_working_memory_costs_of_task_switching,rpp.3,2020,2020,1,1,1,0,0.5,0.5,0.5,0,2008,2008,0,0,3
v3_working_memory_costs_of_task_switching,rpp.3,2020,2020,1,1,1,0,0.75,0.75,0.75,1,2008,2008,0,0,1
v3_working_memory_costs_of_task_switching,rpp.3,2020,2020,1,1,1,0,0.875,0.75,1.0,1,2008,2008,0,0,2
v3_working_memory_costs_of_task_switching,rpp.3,2020,2020,1,1,1,0,0.875,1,0.75,1,2008,2008,0,0,1
v3_working_memory_costs_of_task_switching,rpp.3,2021,2021,1,1,0,0,,,,0,2008,2008,0,0,1
v3_working_memory_costs_of_task_switching,rpp.3,2021,2021,1,1,0,0,,,,1,2008,2008,0,0,1
v3_working_memory_costs_of_task_switching,rpp.3,2022,2022,1,1,0,0,,,,0,2008,2008,0,0,1
v3_working_memory_costs_of_task_switching,rpp.3,2022,2022,1,1,0,0,,,,1,2008,2008,0,0,1
v3_working_memory_costs_of_task_switching,rpp.3,2022,2022,1,1,1,0,0.375,0.25,0.5,1,2008,2008,0,0,1
v3_working_memory_costs_of_task_switching,rpp.3,2022,2022,1,1,1,0,0.875,0.75,1.0,1,2008,2008,0,0,1
v3_working_memory_costs_of_task_switching,rpp.3,2023,2023,1,1,1,0,0.5,0.5,0.5,1,2008,2008,0,0,1
v3_working_memory_costs_of_task_switching,rpp.3,2024,2024,1,1,0,0,,,,0,2008,2008,0,0,1
v3_working_memory_costs_of_task_switching,rpp.3,2024,2024,1,1,0,0,,,,1,2008,2008,0,0,1
v3_working_memory_costs_of_task_switching,rpp.3,2024,2024,1,1,1,0,0.0,0,0.0,1,2008,2008,0,0,1
v3_working_memory_costs_of_task_switching,rpp.3,2024,2024,1,1,1,0,0.125,0,0.25,0,2008,2008,0,0,1
v3_working_memory_costs_of_task_switching,rpp.3,2024,2024,1,1,1,0,0.5,0.5,0.5,1,2008,2008,0,0,2
v3_working_memory_costs_of_task_switching,rpp.3,2024,2024,1,1,1,0,0.625,0.75,0.5,1,2008,2008,0,0,1
v3_working_memory_costs_of_task_switching,rpp.3,2024,2024,1,1,1,0,0.75,0.75,0.75,1,2008,2008,0,0,1
v3_working_memory_costs_of_task_switching,rpp.3,2025,2025,1,1,0,0,,,,1,2008,2008,0,0,2
v3_working_memory_costs_of_task_switching,rpp.3,2025,2025,1,1,1,0,0.125,0,0.25,1,2008,2008,0,0,1
v3_working_memory_costs_of_task_switching,rpp.3,2025,2025,1,1,1,0,0.5,0.5,0.5,1,2008,2008,0,0,1
v3_working_memory_costs_of_task_switching,rpp.3,2025,2025,1,1,1,0,0.625,0.5,0.75,0,2008,2008,0,0,1
v3_working_memory_costs_of_task_switching,rpp.3,2025,2025,1,1,1,0,0.75,0.75,0.75,0,2008,2008,0,0,1
v3_working_memory_costs_of_task_switching,rpp.3,2026,2026,1,1,1,0,0.125,0,0.25,1,2008,2008,0,0,1
