analysis_claim_id,project,outcome,event_time,n_texts,score_mean,baseline_mean,change_from_pre5_mean
v3_1_f_noise_and_effort_on_implicit_measure,RPP,negative,-6,2,0.5,0.46634615384615385,0.033653846153846145
v3_1_f_noise_and_effort_on_implicit_measure,RPP,negative,-5,3,0.5833333333333334,0.46634615384615385,0.11698717948717952
v3_1_f_noise_and_effort_on_implicit_measure,RPP,negative,-4,9,0.4166666666666667,0.46634615384615385,-0.04967948717948717
v3_1_f_noise_and_effort_on_implicit_measure,RPP,negative,-3,8,0.453125,0.46634615384615385,-0.013221153846153855
v3_1_f_noise_and_effort_on_implicit_measure,RPP,negative,-2,1,0.875,0.46634615384615385,0.40865384615384615
v3_1_f_noise_and_effort_on_implicit_measure,RPP,negative,-1,5,0.425,0.46634615384615385,-0.041346153846153866
v3_1_f_noise_and_effort_on_implicit_measure,RPP,negative,0,1,0.5,0.46634615384615385,0.033653846153846145
v3_1_f_noise_and_effort_on_implicit_measure,RPP,negative,2,1,0.625,0.46634615384615385,0.15865384615384615
v3_1_f_noise_and_effort_on_implicit_measure,RPP,negative,3,3,0.5416666666666666,0.46634615384615385,0.07532051282051277
v3_1_f_noise_and_effort_on_implicit_measure,RPP,negative,4,2,0.5625,0.46634615384615385,0.09615384615384615
v3_1_f_noise_and_effort_on_implicit_measure,RPP,negative,5,1,0.375,0.46634615384615385,-0.09134615384615385
v3_1_f_noise_and_effort_on_implicit_measure,RPP,negative,6,3,0.5833333333333334,0.46634615384615385,0.11698717948717952
v3_1_f_noise_and_effort_on_implicit_measure,RPP,negative,8,3,0.6666666666666666,0.46634615384615385,0.20032051282051277
v3_a_motion_aftereffect_from_still_photogra,RPP,positive,-5,3,0.5833333333333334,0.44375,0.1395833333333334
v3_a_motion_aftereffect_from_still_photogra,RPP,positive,-4,4,0.53125,0.44375,0.08750000000000002
v3_a_motion_aftereffect_from_still_photogra,RPP,positive,-3,4,0.46875,0.44375,0.025000000000000022
v3_a_motion_aftereffect_from_still_photogra,RPP,positive,-2,4,0.28125,0.44375,-0.16249999999999998
v3_a_motion_aftereffect_from_still_photogra,RPP,positive,-1,5,0.4,0.44375,-0.043749999999999956
v3_a_motion_aftereffect_from_still_photogra,RPP,positive,0,5,0.55,0.44375,0.10625000000000007
v3_a_motion_aftereffect_from_still_photogra,RPP,positive,6,3,0.4583333333333333,0.44375,0.014583333333333337
v3_a_motion_aftereffect_from_still_photogra,RPP,positive,8,1,0.25,0.44375,-0.19374999999999998
v3_a_single_exposure_to_the_american_flag_s,ML1,negative,-3,17,0.5882352941176471,0.5489130434782609,0.039322250639386214
v3_a_single_exposure_to_the_american_flag_s,ML1,negative,-2,1,0.5,0.5489130434782609,-0.048913043478260865
v3_a_single_exposure_to_the_american_flag_s,ML1,negative,-1,5,0.425,0.5489130434782609,-0.12391304347826088
v3_a_single_exposure_to_the_american_flag_s,ML1,negative,0,21,0.5059523809523809,0.5489130434782609,-0.042960662525879934
v3_a_single_exposure_to_the_american_flag_s,ML1,negative,1,1,0.375,0.5489130434782609,-0.17391304347826086
v3_a_single_exposure_to_the_american_flag_s,ML1,negative,2,5,0.375,0.5489130434782609,-0.17391304347826086
v3_a_single_exposure_to_the_american_flag_s,ML1,negative,3,8,0.4375,0.5489130434782609,-0.11141304347826086
v3_a_single_exposure_to_the_american_flag_s,ML1,negative,6,3,0.5833333333333334,0.5489130434782609,0.034420289855072506
v3_a_single_exposure_to_the_american_flag_s,ML1,negative,7,1,0.75,0.5489130434782609,0.20108695652173914
v3_a_single_exposure_to_the_american_flag_s,ML1,negative,8,3,0.5,0.5489130434782609,-0.048913043478260865
v3_a_social_functional_approach_to_emotions,RPP,negative,-7,1,0.625,0.42338709677419356,0.20161290322580644
v3_a_social_functional_approach_to_emotions,RPP,negative,-6,3,0.5416666666666666,0.42338709677419356,0.11827956989247307
v3_a_social_functional_approach_to_emotions,RPP,negative,-5,5,0.35,0.42338709677419356,-0.07338709677419358
v3_a_social_functional_approach_to_emotions,RPP,negative,-4,7,0.6071428571428571,0.42338709677419356,0.18375576036866353
v3_a_social_functional_approach_to_emotions,RPP,negative,-3,8,0.453125,0.42338709677419356,0.02973790322580644
v3_a_social_functional_approach_to_emotions,RPP,negative,-2,9,0.3055555555555556,0.42338709677419356,-0.11783154121863798
v3_a_social_functional_approach_to_emotions,RPP,negative,-1,2,0.375,0.42338709677419356,-0.04838709677419356
v3_a_social_functional_approach_to_emotions,RPP,negative,2,5,0.575,0.42338709677419356,0.1516129032258064
v3_a_social_functional_approach_to_emotions,RPP,negative,3,1,0.375,0.42338709677419356,-0.04838709677419356
v3_a_social_functional_approach_to_emotions,RPP,negative,4,2,0.375,0.42338709677419356,-0.04838709677419356
v3_a_social_functional_approach_to_emotions,RPP,negative,5,14,0.5267857142857143,0.42338709677419356,0.10339861751152074
v3_a_social_functional_approach_to_emotions,RPP,negative,6,3,0.5,0.42338709677419356,0.07661290322580644
v3_a_social_functional_approach_to_emotions,RPP,negative,8,5,0.55,0.42338709677419356,0.12661290322580648
v3_accelerated_relearning_after_retrieval_i,RPP,negative,-5,1,0.875,0.5441176470588235,0.3308823529411765
v3_accelerated_relearning_after_retrieval_i,RPP,negative,-4,3,0.625,0.5441176470588235,0.08088235294117652
v3_accelerated_relearning_after_retrieval_i,RPP,negative,-3,10,0.525,0.5441176470588235,-0.01911764705882346
v3_accelerated_relearning_after_retrieval_i,RPP,negative,-2,3,0.4166666666666667,0.5441176470588235,-0.1274509803921568
v3_accelerated_relearning_after_retrieval_i,RPP,negative,0,3,0.4166666666666667,0.5441176470588235,-0.1274509803921568
v3_accelerated_relearning_after_retrieval_i,RPP,negative,1,1,0.25,0.5441176470588235,-0.2941176470588235
v3_accelerated_relearning_after_retrieval_i,RPP,negative,2,3,0.4583333333333333,0.5441176470588235,-0.08578431372549017
v3_accelerated_relearning_after_retrieval_i,RPP,negative,4,1,0.5,0.5441176470588235,-0.044117647058823484
v3_accelerated_relearning_after_retrieval_i,RPP,negative,5,5,0.475,0.5441176470588235,-0.0691176470588235
v3_accelerated_relearning_after_retrieval_i,RPP,negative,7,5,0.475,0.5441176470588235,-0.0691176470588235
v3_accelerated_relearning_after_retrieval_i,RPP,negative,8,1,0.625,0.5441176470588235,0.08088235294117652
v3_action_dynamics_reveal_parallel_competit,RPP,positive,-7,2,0.125,0.4305555555555556,-0.3055555555555556
v3_action_dynamics_reveal_parallel_competit,RPP,positive,-6,5,0.5,0.4305555555555556,0.06944444444444442
v3_action_dynamics_reveal_parallel_competit,RPP,positive,-5,6,0.375,0.4305555555555556,-0.05555555555555558
v3_action_dynamics_reveal_parallel_competit,RPP,positive,-4,3,0.4583333333333333,0.4305555555555556,0.027777777777777735
v3_action_dynamics_reveal_parallel_competit,RPP,positive,-3,4,0.4375,0.4305555555555556,0.00694444444444442
v3_action_dynamics_reveal_parallel_competit,RPP,positive,-2,4,0.53125,0.4305555555555556,0.10069444444444442
v3_action_dynamics_reveal_parallel_competit,RPP,positive,-1,1,0.25,0.4305555555555556,-0.18055555555555558
v3_action_dynamics_reveal_parallel_competit,RPP,positive,0,9,0.5138888888888888,0.4305555555555556,0.08333333333333326
v3_action_dynamics_reveal_parallel_competit,RPP,positive,1,2,0.5,0.4305555555555556,0.06944444444444442
v3_action_dynamics_reveal_parallel_competit,RPP,positive,2,2,0.4375,0.4305555555555556,0.00694444444444442
v3_action_dynamics_reveal_parallel_competit,RPP,positive,3,2,0.5625,0.4305555555555556,0.13194444444444442
v3_action_dynamics_reveal_parallel_competit,RPP,positive,4,3,0.6666666666666666,0.4305555555555556,0.23611111111111105
v3_action_dynamics_reveal_parallel_competit,RPP,positive,5,7,0.5535714285714286,0.4305555555555556,0.12301587301587302
v3_action_dynamics_reveal_parallel_competit,RPP,positive,6,3,0.625,0.4305555555555556,0.19444444444444442
v3_action_dynamics_reveal_parallel_competit,RPP,positive,7,1,0.375,0.4305555555555556,-0.05555555555555558
v3_action_dynamics_reveal_parallel_competit,RPP,positive,8,4,0.5625,0.4305555555555556,0.13194444444444442
v3_affective_incoherence_when_affective_con,RPP,negative,-6,2,0.5625,0.5625,0.0
v3_affective_incoherence_when_affective_con,RPP,negative,-4,5,0.65,0.5625,0.08750000000000002
v3_affective_incoherence_when_affective_con,RPP,negative,-3,1,0.5,0.5625,-0.0625
v3_affective_incoherence_when_affective_con,RPP,negative,-2,12,0.53125,0.5625,-0.03125
v3_affective_incoherence_when_affective_con,RPP,negative,0,1,0.625,0.5625,0.0625
v3_affective_incoherence_when_affective_con,RPP,negative,1,9,0.4722222222222222,0.5625,-0.09027777777777779
v3_affective_incoherence_when_affective_con,RPP,negative,2,1,0.5,0.5625,-0.0625
v3_affective_incoherence_when_affective_con,RPP,negative,3,1,0.625,0.5625,0.0625
v3_affective_incoherence_when_affective_con,RPP,negative,4,1,0.5,0.5625,-0.0625
v3_affective_incoherence_when_affective_con,RPP,negative,7,1,0.375,0.5625,-0.1875
v3_affective_incoherence_when_affective_con,RPP,negative,8,1,0.875,0.5625,0.3125
v3_attractor_dynamics_and_semantic_neighbor,RPP,positive,-6,1,0.5,0.5297619047619048,-0.029761904761904767
v3_attractor_dynamics_and_semantic_neighbor,RPP,positive,-5,2,0.5625,0.5297619047619048,0.03273809523809523
v3_attractor_dynamics_and_semantic_neighbor,RPP,positive,-4,11,0.5,0.5297619047619048,-0.029761904761904767
v3_attractor_dynamics_and_semantic_neighbor,RPP,positive,-3,4,0.59375,0.5297619047619048,0.06398809523809523
v3_attractor_dynamics_and_semantic_neighbor,RPP,positive,-1,4,0.53125,0.5297619047619048,0.0014880952380952328
v3_attractor_dynamics_and_semantic_neighbor,RPP,positive,0,1,0.5,0.5297619047619048,-0.029761904761904767
v3_attractor_dynamics_and_semantic_neighbor,RPP,positive,1,3,0.4583333333333333,0.5297619047619048,-0.07142857142857145
v3_attractor_dynamics_and_semantic_neighbor,RPP,positive,2,6,0.4583333333333333,0.5297619047619048,-0.07142857142857145
v3_attractor_dynamics_and_semantic_neighbor,RPP,positive,3,1,0.5,0.5297619047619048,-0.029761904761904767
v3_attractor_dynamics_and_semantic_neighbor,RPP,positive,4,5,0.45,0.5297619047619048,-0.07976190476190476
v3_attractor_dynamics_and_semantic_neighbor,RPP,positive,5,1,0.5,0.5297619047619048,-0.029761904761904767
v3_attractor_dynamics_and_semantic_neighbor,RPP,positive,6,1,0.875,0.5297619047619048,0.34523809523809523
v3_attractor_dynamics_and_semantic_neighbor,RPP,positive,8,1,0.625,0.5297619047619048,0.09523809523809523
v3_auditory_change_detection_simple_sounds_,RPP,positive,-5,3,0.5416666666666666,0.4666666666666667,0.07499999999999996
v3_auditory_change_detection_simple_sounds_,RPP,positive,-4,6,0.4166666666666667,0.4666666666666667,-0.04999999999999999
v3_auditory_change_detection_simple_sounds_,RPP,positive,-3,5,0.475,0.4666666666666667,0.008333333333333304
v3_auditory_change_detection_simple_sounds_,RPP,positive,-1,1,0.5,0.4666666666666667,0.033333333333333326
v3_auditory_change_detection_simple_sounds_,RPP,positive,1,3,0.375,0.4666666666666667,-0.09166666666666667
v3_auditory_change_detection_simple_sounds_,RPP,positive,2,5,0.275,0.4666666666666667,-0.19166666666666665
v3_auditory_change_detection_simple_sounds_,RPP,positive,3,5,0.3,0.4666666666666667,-0.16666666666666669
v3_auditory_change_detection_simple_sounds_,RPP,positive,5,2,0.3125,0.4666666666666667,-0.15416666666666667
v3_auditory_change_detection_simple_sounds_,RPP,positive,6,1,0.25,0.4666666666666667,-0.21666666666666667
v3_availability_a_heuristic_for_judging_fre,ML3,positive,-5,33,0.5075757575757576,0.5075757575757576,0.0
v3_balancing_connectedness_and_self_protect,RPP,negative,-7,3,0.7083333333333334,0.545,0.16333333333333333
v3_balancing_connectedness_and_self_protect,RPP,negative,-6,15,0.4666666666666667,0.545,-0.07833333333333337
v3_balancing_connectedness_and_self_protect,RPP,negative,-5,22,0.5738636363636364,0.545,0.028863636363636314
v3_balancing_connectedness_and_self_protect,RPP,negative,-4,5,0.7,0.545,0.15499999999999992
v3_balancing_connectedness_and_self_protect,RPP,negative,-3,19,0.4605263157894737,0.545,-0.08447368421052637
v3_balancing_connectedness_and_self_protect,RPP,negative,-2,10,0.675,0.545,0.13
v3_balancing_connectedness_and_self_protect,RPP,negative,-1,19,0.4868421052631579,0.545,-0.05815789473684213
v3_balancing_connectedness_and_self_protect,RPP,negative,0,21,0.4226190476190476,0.545,-0.12238095238095242
v3_balancing_connectedness_and_self_protect,RPP,negative,1,12,0.4270833333333333,0.545,-0.11791666666666673
v3_balancing_connectedness_and_self_protect,RPP,negative,2,6,0.4583333333333333,0.545,-0.08666666666666673
v3_balancing_connectedness_and_self_protect,RPP,negative,3,7,0.4107142857142857,0.545,-0.13428571428571434
v3_balancing_connectedness_and_self_protect,RPP,negative,4,9,0.5138888888888888,0.545,-0.0311111111111112
v3_balancing_connectedness_and_self_protect,RPP,negative,5,7,0.39285714285714285,0.545,-0.1521428571428572
v3_balancing_connectedness_and_self_protect,RPP,negative,6,13,0.4519230769230769,0.545,-0.09307692307692311
v3_balancing_connectedness_and_self_protect,RPP,negative,7,3,0.625,0.545,0.07999999999999996
v3_balancing_connectedness_and_self_protect,RPP,negative,8,5,0.525,0.545,-0.020000000000000018
v3_cloningertextquotesingles_psychobiologic,ML3,negative,-6,2,0.5,0.5398936170212766,-0.039893617021276584
v3_cloningertextquotesingles_psychobiologic,ML3,negative,-5,3,0.5416666666666666,0.5398936170212766,0.0017730496453900457
v3_cloningertextquotesingles_psychobiologic,ML3,negative,-4,6,0.5833333333333334,0.5398936170212766,0.043439716312056786
v3_cloningertextquotesingles_psychobiologic,ML3,negative,-3,4,0.5,0.5398936170212766,-0.039893617021276584
v3_cloningertextquotesingles_psychobiologic,ML3,negative,-2,22,0.5170454545454546,0.5398936170212766,-0.022848162475821998
v3_cloningertextquotesingles_psychobiologic,ML3,negative,-1,12,0.5729166666666666,0.5398936170212766,0.033023049645390046
v3_cloningertextquotesingles_psychobiologic,ML3,negative,0,6,0.5625,0.5398936170212766,0.022606382978723416
v3_cloningertextquotesingles_psychobiologic,ML3,negative,1,15,0.475,0.5398936170212766,-0.0648936170212766
v3_cloningertextquotesingles_psychobiologic,ML3,negative,2,5,0.6,0.5398936170212766,0.060106382978723394
v3_cloningertextquotesingles_psychobiologic,ML3,negative,3,4,0.3125,0.5398936170212766,-0.22739361702127658
v3_cloningertextquotesingles_psychobiologic,ML3,negative,4,21,0.5178571428571429,0.5398936170212766,-0.02203647416413368
v3_cloningertextquotesingles_psychobiologic,ML3,negative,5,6,0.4791666666666667,0.5398936170212766,-0.0607269503546099
v3_cloningertextquotesingles_psychobiologic,ML3,negative,6,4,0.5,0.5398936170212766,-0.039893617021276584
v3_cloningertextquotesingles_psychobiologic,ML3,negative,7,4,0.53125,0.5398936170212766,-0.008643617021276584
v3_cloningertextquotesingles_psychobiologic,ML3,negative,8,3,0.4166666666666667,0.5398936170212766,-0.1232269503546099
v3_conflict_triggered_goal_shielding_respon,RPP,positive,-6,3,0.3333333333333333,0.48214285714285715,-0.14880952380952384
v3_conflict_triggered_goal_shielding_respon,RPP,positive,-4,1,1.0,0.48214285714285715,0.5178571428571428
v3_conflict_triggered_goal_shielding_respon,RPP,positive,-3,2,0.3125,0.48214285714285715,-0.16964285714285715
v3_conflict_triggered_goal_shielding_respon,RPP,positive,-2,1,0.25,0.48214285714285715,-0.23214285714285715
v3_conflict_triggered_goal_shielding_respon,RPP,positive,-1,3,0.5,0.48214285714285715,0.01785714285714285
v3_conflict_triggered_goal_shielding_respon,RPP,positive,0,2,0.5625,0.48214285714285715,0.08035714285714285
v3_conflict_triggered_goal_shielding_respon,RPP,positive,1,1,0.125,0.48214285714285715,-0.35714285714285715
v3_conflict_triggered_goal_shielding_respon,RPP,positive,3,2,0.4375,0.48214285714285715,-0.04464285714285715
v3_conflict_triggered_goal_shielding_respon,RPP,positive,4,2,0.375,0.48214285714285715,-0.10714285714285715
v3_conflict_triggered_goal_shielding_respon,RPP,positive,5,1,0.5,0.48214285714285715,0.01785714285714285
v3_conflict_triggered_goal_shielding_respon,RPP,positive,8,1,0.25,0.48214285714285715,-0.23214285714285715
v3_decision_making_and_learning_while_takin,RPP,negative,-7,5,0.85,0.4513888888888889,0.3986111111111111
v3_decision_making_and_learning_while_takin,RPP,negative,-6,1,0.5,0.4513888888888889,0.048611111111111105
v3_decision_making_and_learning_while_takin,RPP,negative,-5,2,0.5625,0.4513888888888889,0.1111111111111111
v3_decision_making_and_learning_while_takin,RPP,negative,-4,1,0.5,0.4513888888888889,0.048611111111111105
v3_decision_making_and_learning_while_takin,RPP,negative,-3,8,0.5,0.4513888888888889,0.048611111111111105
v3_decision_making_and_learning_while_takin,RPP,negative,-2,4,0.34375,0.4513888888888889,-0.1076388888888889
v3_decision_making_and_learning_while_takin,RPP,negative,-1,3,0.375,0.4513888888888889,-0.0763888888888889
v3_decision_making_and_learning_while_takin,RPP,negative,0,1,0.5,0.4513888888888889,0.048611111111111105
v3_decision_making_and_learning_while_takin,RPP,negative,1,2,0.375,0.4513888888888889,-0.0763888888888889
v3_decision_making_and_learning_while_takin,RPP,negative,2,2,0.375,0.4513888888888889,-0.0763888888888889
v3_decision_making_and_learning_while_takin,RPP,negative,3,8,0.40625,0.4513888888888889,-0.045138888888888895
v3_decision_making_and_learning_while_takin,RPP,negative,4,6,0.3958333333333333,0.4513888888888889,-0.05555555555555558
v3_decision_making_and_learning_while_takin,RPP,negative,5,4,0.4375,0.4513888888888889,-0.013888888888888895
v3_decision_making_and_learning_while_takin,RPP,negative,6,2,0.625,0.4513888888888889,0.1736111111111111
v3_decision_making_and_learning_while_takin,RPP,negative,7,1,0.75,0.4513888888888889,0.2986111111111111
v3_decision_making_and_learning_while_takin,RPP,negative,8,3,0.5416666666666666,0.4513888888888889,0.09027777777777773
v3_effects_of_fluency_on_psychological_dist,RPP,negative,-7,3,0.5833333333333334,0.46875,0.11458333333333337
v3_effects_of_fluency_on_psychological_dist,RPP,negative,-6,2,0.625,0.46875,0.15625
v3_effects_of_fluency_on_psychological_dist,RPP,negative,-5,4,0.40625,0.46875,-0.0625
v3_effects_of_fluency_on_psychological_dist,RPP,negative,-4,7,0.5178571428571429,0.46875,0.049107142857142905
v3_effects_of_fluency_on_psychological_dist,RPP,negative,-3,6,0.4166666666666667,0.46875,-0.052083333333333315
v3_effects_of_fluency_on_psychological_dist,RPP,negative,-2,15,0.45,0.46875,-0.01874999999999999
v3_effects_of_fluency_on_psychological_dist,RPP,negative,-1,4,0.59375,0.46875,0.125
v3_effects_of_fluency_on_psychological_dist,RPP,negative,0,21,0.39880952380952384,0.46875,-0.06994047619047616
v3_effects_of_fluency_on_psychological_dist,RPP,negative,1,10,0.475,0.46875,0.006249999999999978
v3_effects_of_fluency_on_psychological_dist,RPP,negative,2,16,0.4609375,0.46875,-0.0078125
v3_effects_of_fluency_on_psychological_dist,RPP,negative,3,18,0.4027777777777778,0.46875,-0.06597222222222221
v3_effects_of_fluency_on_psychological_dist,RPP,negative,4,7,0.625,0.46875,0.15625
v3_effects_of_fluency_on_psychological_dist,RPP,negative,5,8,0.484375,0.46875,0.015625
v3_effects_of_fluency_on_psychological_dist,RPP,negative,6,6,0.4583333333333333,0.46875,-0.010416666666666685
v3_effects_of_fluency_on_psychological_dist,RPP,negative,7,8,0.640625,0.46875,0.171875
v3_effects_of_fluency_on_psychological_dist,RPP,negative,8,5,0.675,0.46875,0.20625000000000004
v3_effects_of_need_for_cognition_on_message,ML3,negative,-1,13,0.6057692307692307,0.6057692307692307,0.0
v3_effects_of_need_for_cognition_on_message,ML3,negative,0,14,0.5535714285714286,0.6057692307692307,-0.05219780219780212
v3_effects_of_need_for_cognition_on_message,ML3,negative,1,12,0.6041666666666666,0.6057692307692307,-0.0016025641025640969
v3_effects_of_need_for_cognition_on_message,ML3,negative,2,13,0.6057692307692307,0.6057692307692307,0.0
v3_effects_of_need_for_cognition_on_message,ML3,negative,3,6,0.5,0.6057692307692307,-0.10576923076923073
v3_effects_of_need_for_cognition_on_message,ML3,negative,4,12,0.5208333333333334,0.6057692307692307,-0.08493589743589736
v3_effects_of_need_for_cognition_on_message,ML3,negative,5,5,0.65,0.6057692307692307,0.044230769230769296
v3_effects_of_need_for_cognition_on_message,ML3,negative,6,4,0.4375,0.6057692307692307,-0.16826923076923073
v3_effects_of_need_for_cognition_on_message,ML3,negative,7,10,0.4,0.6057692307692307,-0.2057692307692307
v3_effects_of_need_for_cognition_on_message,ML3,negative,8,11,0.5454545454545454,0.6057692307692307,-0.06031468531468531
v3_elaboration_enhances_the_imagined_contac,ML1,positive,-4,13,0.5,0.503968253968254,-0.003968253968253954
v3_elaboration_enhances_the_imagined_contac,ML1,positive,-3,5,0.45,0.503968253968254,-0.05396825396825394
v3_elaboration_enhances_the_imagined_contac,ML1,positive,-2,29,0.5301724137931034,0.503968253968254,0.02620415982484947
v3_elaboration_enhances_the_imagined_contac,ML1,positive,-1,16,0.4765625,0.503968253968254,-0.027405753968253954
v3_elaboration_enhances_the_imagined_contac,ML1,positive,0,17,0.5955882352941176,0.503968253968254,0.09161998132586369
v3_elaboration_enhances_the_imagined_contac,ML1,positive,1,14,0.6160714285714286,0.503968253968254,0.11210317460317465
v3_elaboration_enhances_the_imagined_contac,ML1,positive,2,5,0.625,0.503968253968254,0.12103174603174605
v3_elaboration_enhances_the_imagined_contac,ML1,positive,3,12,0.6145833333333334,0.503968253968254,0.11061507936507942
v3_elaboration_enhances_the_imagined_contac,ML1,positive,4,18,0.5555555555555556,0.503968253968254,0.051587301587301626
v3_elaboration_enhances_the_imagined_contac,ML1,positive,5,13,0.47115384615384615,0.503968253968254,-0.03281440781440781
v3_elaboration_enhances_the_imagined_contac,ML1,positive,6,13,0.41346153846153844,0.503968253968254,-0.09050671550671552
v3_elaboration_enhances_the_imagined_contac,ML1,positive,8,1,0.875,0.503968253968254,0.37103174603174605
v3_expectations_as_endowments_evidence_on_r,EERP,negative,-4,2,0.6875,0.43,0.2575
v3_expectations_as_endowments_evidence_on_r,EERP,negative,-3,10,0.4875,0.43,0.057499999999999996
v3_expectations_as_endowments_evidence_on_r,EERP,negative,-2,3,0.25,0.43,-0.18
v3_expectations_as_endowments_evidence_on_r,EERP,negative,-1,10,0.375,0.43,-0.05499999999999999
v3_expectations_as_endowments_evidence_on_r,EERP,negative,0,12,0.53125,0.43,0.10125
v3_expectations_as_endowments_evidence_on_r,EERP,negative,1,10,0.425,0.43,-0.0050000000000000044
v3_expectations_as_endowments_evidence_on_r,EERP,negative,2,6,0.4583333333333333,0.43,0.02833333333333332
v3_expectations_as_endowments_evidence_on_r,EERP,negative,3,5,0.525,0.43,0.09500000000000003
v3_expectations_as_endowments_evidence_on_r,EERP,negative,4,10,0.5375,0.43,0.10749999999999998
v3_expectations_as_endowments_evidence_on_r,EERP,negative,6,7,0.5178571428571429,0.43,0.08785714285714291
v3_expectations_as_endowments_evidence_on_r,EERP,negative,7,2,0.75,0.43,0.32
v3_expectations_as_endowments_evidence_on_r,EERP,negative,8,2,0.25,0.43,-0.18
v3_experiments_in_wording_questions_ii,ML1,positive,-8,1,0.25,0.59375,-0.34375
v3_experiments_in_wording_questions_ii,ML1,positive,-7,3,0.5416666666666666,0.59375,-0.05208333333333337
v3_experiments_in_wording_questions_ii,ML1,positive,-6,3,0.625,0.59375,0.03125
v3_experiments_in_wording_questions_ii,ML1,positive,-4,3,0.6666666666666666,0.59375,0.07291666666666663
v3_experiments_in_wording_questions_ii,ML1,positive,-3,1,0.625,0.59375,0.03125
v3_experiments_in_wording_questions_ii,ML1,positive,-2,3,0.5416666666666666,0.59375,-0.05208333333333337
v3_experiments_in_wording_questions_ii,ML1,positive,-1,1,0.5,0.59375,-0.09375
v3_experiments_in_wording_questions_ii,ML1,positive,0,2,0.5,0.59375,-0.09375
v3_experiments_in_wording_questions_ii,ML1,positive,1,2,0.75,0.59375,0.15625
v3_experiments_in_wording_questions_ii,ML1,positive,2,1,0.25,0.59375,-0.34375
v3_experiments_in_wording_questions_ii,ML1,positive,3,5,0.475,0.59375,-0.11875000000000002
v3_experiments_in_wording_questions_ii,ML1,positive,4,2,0.625,0.59375,0.03125
v3_experiments_in_wording_questions_ii,ML1,positive,5,2,0.75,0.59375,0.15625
v3_experiments_in_wording_questions_ii,ML1,positive,6,2,0.5625,0.59375,-0.03125
v3_experiments_in_wording_questions_ii,ML1,positive,7,4,0.5,0.59375,-0.09375
v3_experiments_in_wording_questions_ii,ML1,positive,8,3,0.5,0.59375,-0.09375
v3_happiness_and_time_preference_the_effect,EERP,negative,-5,3,0.4583333333333333,0.49583333333333335,-0.03750000000000003
v3_happiness_and_time_preference_the_effect,EERP,negative,-4,2,0.75,0.49583333333333335,0.25416666666666665
v3_happiness_and_time_preference_the_effect,EERP,negative,-3,11,0.5,0.49583333333333335,0.004166666666666652
v3_happiness_and_time_preference_the_effect,EERP,negative,-2,6,0.375,0.49583333333333335,-0.12083333333333335
v3_happiness_and_time_preference_the_effect,EERP,negative,-1,8,0.53125,0.49583333333333335,0.03541666666666665
v3_happiness_and_time_preference_the_effect,EERP,negative,0,6,0.4166666666666667,0.49583333333333335,-0.07916666666666666
v3_happiness_and_time_preference_the_effect,EERP,negative,1,11,0.5795454545454546,0.49583333333333335,0.08371212121212124
v3_happiness_and_time_preference_the_effect,EERP,negative,2,7,0.6071428571428571,0.49583333333333335,0.11130952380952375
v3_happiness_and_time_preference_the_effect,EERP,negative,3,18,0.5833333333333334,0.49583333333333335,0.08750000000000002
v3_happiness_and_time_preference_the_effect,EERP,negative,4,6,0.4791666666666667,0.49583333333333335,-0.016666666666666663
v3_happiness_and_time_preference_the_effect,EERP,negative,5,15,0.55,0.49583333333333335,0.054166666666666696
v3_happiness_and_time_preference_the_effect,EERP,negative,6,8,0.5625,0.49583333333333335,0.06666666666666665
v3_happiness_and_time_preference_the_effect,EERP,negative,7,6,0.4166666666666667,0.49583333333333335,-0.07916666666666666
v3_happiness_and_time_preference_the_effect,EERP,negative,8,4,0.8125,0.49583333333333335,0.31666666666666665
v3_head_up_foot_down_object_words_orient_at,RPP,negative,-6,4,0.375,0.47023809523809523,-0.09523809523809523
v3_head_up_foot_down_object_words_orient_at,RPP,negative,-5,1,0.875,0.47023809523809523,0.40476190476190477
v3_head_up_foot_down_object_words_orient_at,RPP,negative,-4,12,0.4479166666666667,0.47023809523809523,-0.022321428571428548
v3_head_up_foot_down_object_words_orient_at,RPP,negative,-3,2,0.6875,0.47023809523809523,0.21726190476190477
v3_head_up_foot_down_object_words_orient_at,RPP,negative,-2,5,0.35,0.47023809523809523,-0.12023809523809526
v3_head_up_foot_down_object_words_orient_at,RPP,negative,-1,1,0.5,0.47023809523809523,0.029761904761904767
v3_head_up_foot_down_object_words_orient_at,RPP,negative,0,14,0.5446428571428571,0.47023809523809523,0.07440476190476186
v3_head_up_foot_down_object_words_orient_at,RPP,negative,1,6,0.5,0.47023809523809523,0.029761904761904767
v3_head_up_foot_down_object_words_orient_at,RPP,negative,2,2,0.6875,0.47023809523809523,0.21726190476190477
v3_head_up_foot_down_object_words_orient_at,RPP,negative,3,6,0.5833333333333334,0.47023809523809523,0.11309523809523814
v3_head_up_foot_down_object_words_orient_at,RPP,negative,4,5,0.575,0.47023809523809523,0.10476190476190472
v3_head_up_foot_down_object_words_orient_at,RPP,negative,6,1,0.75,0.47023809523809523,0.27976190476190477
v3_head_up_foot_down_object_words_orient_at,RPP,negative,7,1,0.625,0.47023809523809523,0.15476190476190477
v3_head_up_foot_down_object_words_orient_at,RPP,negative,8,3,0.4166666666666667,0.47023809523809523,-0.05357142857142855
v3_hedonic_and_instrumental_motives_in_ange,RPP,positive,-6,2,0.3125,0.5540540540540541,-0.24155405405405406
v3_hedonic_and_instrumental_motives_in_ange,RPP,positive,-5,3,0.5833333333333334,0.5540540540540541,0.029279279279279313
v3_hedonic_and_instrumental_motives_in_ange,RPP,positive,-4,8,0.484375,0.5540540540540541,-0.06967905405405406
v3_hedonic_and_instrumental_motives_in_ange,RPP,positive,-3,12,0.5520833333333334,0.5540540540540541,-0.0019707207207206867
v3_hedonic_and_instrumental_motives_in_ange,RPP,positive,-2,7,0.6071428571428571,0.5540540540540541,0.05308880308880304
v3_hedonic_and_instrumental_motives_in_ange,RPP,positive,-1,7,0.5714285714285714,0.5540540540540541,0.01737451737451734
v3_hedonic_and_instrumental_motives_in_ange,RPP,positive,0,8,0.5625,0.5540540540540541,0.008445945945945943
v3_hedonic_and_instrumental_motives_in_ange,RPP,positive,1,4,0.5,0.5540540540540541,-0.05405405405405406
v3_hedonic_and_instrumental_motives_in_ange,RPP,positive,2,13,0.47115384615384615,0.5540540540540541,-0.08290020790020791
v3_hedonic_and_instrumental_motives_in_ange,RPP,positive,3,8,0.484375,0.5540540540540541,-0.06967905405405406
v3_hedonic_and_instrumental_motives_in_ange,RPP,positive,4,5,0.425,0.5540540540540541,-0.12905405405405407
v3_hedonic_and_instrumental_motives_in_ange,RPP,positive,5,4,0.53125,0.5540540540540541,-0.022804054054054057
v3_hedonic_and_instrumental_motives_in_ange,RPP,positive,6,17,0.5808823529411765,0.5540540540540541,0.02682829888712246
v3_hedonic_and_instrumental_motives_in_ange,RPP,positive,7,10,0.425,0.5540540540540541,-0.12905405405405407
v3_hedonic_and_instrumental_motives_in_ange,RPP,positive,8,13,0.5961538461538461,0.5540540540540541,0.04209979209979209
v3_how_does_bilingualism_improve_executive_,RPP,negative,-7,3,0.4166666666666667,0.4344512195121951,-0.017784552845528434
v3_how_does_bilingualism_improve_executive_,RPP,negative,-6,10,0.4875,0.4344512195121951,0.05304878048780487
v3_how_does_bilingualism_improve_executive_,RPP,negative,-5,18,0.5486111111111112,0.4344512195121951,0.11415989159891604
v3_how_does_bilingualism_improve_executive_,RPP,negative,-4,16,0.3203125,0.4344512195121951,-0.11413871951219512
v3_how_does_bilingualism_improve_executive_,RPP,negative,-3,18,0.4652777777777778,0.4344512195121951,0.03082655826558267
v3_how_does_bilingualism_improve_executive_,RPP,negative,-2,20,0.375,0.4344512195121951,-0.05945121951219512
v3_how_does_bilingualism_improve_executive_,RPP,negative,-1,10,0.475,0.4344512195121951,0.04054878048780486
v3_how_does_bilingualism_improve_executive_,RPP,negative,0,16,0.3515625,0.4344512195121951,-0.08288871951219512
v3_how_does_bilingualism_improve_executive_,RPP,negative,1,8,0.4375,0.4344512195121951,0.0030487804878048808
v3_how_does_bilingualism_improve_executive_,RPP,negative,2,21,0.3869047619047619,0.4344512195121951,-0.0475464576074332
v3_how_does_bilingualism_improve_executive_,RPP,negative,3,18,0.3958333333333333,0.4344512195121951,-0.038617886178861804
v3_how_does_bilingualism_improve_executive_,RPP,negative,4,8,0.34375,0.4344512195121951,-0.09070121951219512
v3_how_does_bilingualism_improve_executive_,RPP,negative,5,5,0.35,0.4344512195121951,-0.08445121951219514
v3_how_does_bilingualism_improve_executive_,RPP,negative,6,2,0.3125,0.4344512195121951,-0.12195121951219512
v3_how_does_bilingualism_improve_executive_,RPP,negative,7,5,0.425,0.4344512195121951,-0.00945121951219513
v3_how_the_head_liberates_the_heart_project,RPP,positive,-6,2,0.5625,0.5301724137931034,0.032327586206896575
v3_how_the_head_liberates_the_heart_project,RPP,positive,-4,5,0.475,0.5301724137931034,-0.05517241379310345
v3_how_the_head_liberates_the_heart_project,RPP,positive,-3,10,0.4625,0.5301724137931034,-0.0676724137931034
v3_how_the_head_liberates_the_heart_project,RPP,positive,-2,9,0.6111111111111112,0.5301724137931034,0.08093869731800774
v3_how_the_head_liberates_the_heart_project,RPP,positive,-1,5,0.575,0.5301724137931034,0.04482758620689653
v3_how_the_head_liberates_the_heart_project,RPP,positive,0,12,0.5520833333333334,0.5301724137931034,0.021910919540229945
v3_how_the_head_liberates_the_heart_project,RPP,positive,1,3,0.375,0.5301724137931034,-0.15517241379310343
v3_how_the_head_liberates_the_heart_project,RPP,positive,2,6,0.5625,0.5301724137931034,0.032327586206896575
v3_how_the_head_liberates_the_heart_project,RPP,positive,3,11,0.48863636363636365,0.5301724137931034,-0.04153605015673978
v3_how_the_head_liberates_the_heart_project,RPP,positive,4,4,0.53125,0.5301724137931034,0.0010775862068965747
v3_how_the_head_liberates_the_heart_project,RPP,positive,5,4,0.5625,0.5301724137931034,0.032327586206896575
v3_how_the_head_liberates_the_heart_project,RPP,positive,6,2,0.5,0.5301724137931034,-0.030172413793103425
v3_how_the_head_liberates_the_heart_project,RPP,positive,7,4,0.28125,0.5301724137931034,-0.24892241379310343
v3_how_the_head_liberates_the_heart_project,RPP,positive,8,4,0.53125,0.5301724137931034,0.0010775862068965747
v3_imperfect_public_monitoring_with_costly_,EERP,positive,-3,8,0.5,0.485,0.015000000000000013
v3_imperfect_public_monitoring_with_costly_,EERP,positive,-2,7,0.5178571428571429,0.485,0.03285714285714292
v3_imperfect_public_monitoring_with_costly_,EERP,positive,-1,10,0.45,0.485,-0.034999999999999976
v3_imperfect_public_monitoring_with_costly_,EERP,positive,0,4,0.4375,0.485,-0.04749999999999999
v3_imperfect_public_monitoring_with_costly_,EERP,positive,1,9,0.4166666666666667,0.485,-0.0683333333333333
v3_imperfect_public_monitoring_with_costly_,EERP,positive,2,13,0.49038461538461536,0.485,0.005384615384615377
v3_imperfect_public_monitoring_with_costly_,EERP,positive,3,13,0.5769230769230769,0.485,0.09192307692307689
v3_imperfect_public_monitoring_with_costly_,EERP,positive,5,1,1.0,0.485,0.515
v3_imperfect_public_monitoring_with_costly_,EERP,positive,6,4,0.5625,0.485,0.07750000000000001
v3_imperfect_public_monitoring_with_costly_,EERP,positive,7,4,0.625,0.485,0.14
v3_increasing_and_decreasing_motor_and_cogn,RPP,negative,-6,5,0.475,0.5672043010752689,-0.09220430107526889
v3_increasing_and_decreasing_motor_and_cogn,RPP,negative,-5,21,0.6011904761904762,0.5672043010752689,0.033986175115207296
v3_increasing_and_decreasing_motor_and_cogn,RPP,negative,-4,28,0.5982142857142857,0.5672043010752689,0.03100998463901683
v3_increasing_and_decreasing_motor_and_cogn,RPP,negative,-3,18,0.5069444444444444,0.5672043010752689,-0.06025985663082445
v3_increasing_and_decreasing_motor_and_cogn,RPP,negative,-2,9,0.4583333333333333,0.5672043010752689,-0.10887096774193555
v3_increasing_and_decreasing_motor_and_cogn,RPP,negative,-1,17,0.5955882352941176,0.5672043010752689,0.028383934218848772
v3_increasing_and_decreasing_motor_and_cogn,RPP,negative,1,8,0.5625,0.5672043010752689,-0.0047043010752688685
v3_increasing_and_decreasing_motor_and_cogn,RPP,negative,2,6,0.4791666666666667,0.5672043010752689,-0.08803763440860218
v3_increasing_and_decreasing_motor_and_cogn,RPP,negative,3,4,0.65625,0.5672043010752689,0.08904569892473113
v3_increasing_and_decreasing_motor_and_cogn,RPP,negative,4,6,0.4583333333333333,0.5672043010752689,-0.10887096774193555
v3_increasing_and_decreasing_motor_and_cogn,RPP,negative,5,4,0.4375,0.5672043010752689,-0.12970430107526887
v3_increasing_and_decreasing_motor_and_cogn,RPP,negative,6,4,0.5,0.5672043010752689,-0.06720430107526887
v3_increasing_and_decreasing_motor_and_cogn,RPP,negative,7,1,0.25,0.5672043010752689,-0.31720430107526887
v3_increasing_and_decreasing_motor_and_cogn,RPP,negative,8,2,0.75,0.5672043010752689,0.18279569892473113
v3_individual_differences_in_the_regulation,RPP,negative,-7,8,0.484375,0.4522058823529412,0.03216911764705882
v3_individual_differences_in_the_regulation,RPP,negative,-6,2,0.4375,0.4522058823529412,-0.01470588235294118
v3_individual_differences_in_the_regulation,RPP,negative,-5,12,0.3854166666666667,0.4522058823529412,-0.0667892156862745
v3_individual_differences_in_the_regulation,RPP,negative,-4,8,0.484375,0.4522058823529412,0.03216911764705882
v3_individual_differences_in_the_regulation,RPP,negative,-3,4,0.46875,0.4522058823529412,0.01654411764705882
v3_individual_differences_in_the_regulation,RPP,negative,-2,3,0.3333333333333333,0.4522058823529412,-0.11887254901960786
v3_individual_differences_in_the_regulation,RPP,negative,-1,7,0.5714285714285714,0.4522058823529412,0.11922268907563022
v3_individual_differences_in_the_regulation,RPP,negative,0,16,0.46875,0.4522058823529412,0.01654411764705882
v3_individual_differences_in_the_regulation,RPP,negative,1,1,0.75,0.4522058823529412,0.2977941176470588
v3_individual_differences_in_the_regulation,RPP,negative,2,12,0.3645833333333333,0.4522058823529412,-0.08762254901960786
v3_individual_differences_in_the_regulation,RPP,negative,3,4,0.3125,0.4522058823529412,-0.13970588235294118
v3_individual_differences_in_the_regulation,RPP,negative,4,1,0.5,0.4522058823529412,0.04779411764705882
v3_individual_differences_in_the_regulation,RPP,negative,5,2,0.3125,0.4522058823529412,-0.13970588235294118
v3_individual_differences_in_the_regulation,RPP,negative,7,1,0.375,0.4522058823529412,-0.07720588235294118
v3_individual_differences_in_the_regulation,RPP,negative,8,3,0.4583333333333333,0.4522058823529412,0.006127450980392135
v3_it_feels_like_yesterday_self_esteem_vale,ML3,negative,-8,15,0.45,0.53,-0.08000000000000002
v3_it_feels_like_yesterday_self_esteem_vale,ML3,negative,-7,9,0.5416666666666666,0.53,0.011666666666666603
v3_it_feels_like_yesterday_self_esteem_vale,ML3,negative,-6,12,0.5208333333333334,0.53,-0.009166666666666656
v3_it_feels_like_yesterday_self_esteem_vale,ML3,negative,-5,12,0.5208333333333334,0.53,-0.009166666666666656
v3_it_feels_like_yesterday_self_esteem_vale,ML3,negative,-4,8,0.46875,0.53,-0.06125000000000003
v3_it_feels_like_yesterday_self_esteem_vale,ML3,negative,-3,6,0.4375,0.53,-0.09250000000000003
v3_it_feels_like_yesterday_self_esteem_vale,ML3,negative,-2,12,0.53125,0.53,0.0012499999999999734
v3_it_feels_like_yesterday_self_esteem_vale,ML3,negative,-1,12,0.625,0.53,0.09499999999999997
v3_it_feels_like_yesterday_self_esteem_vale,ML3,negative,0,14,0.45535714285714285,0.53,-0.07464285714285718
v3_it_feels_like_yesterday_self_esteem_vale,ML3,negative,1,13,0.5384615384615384,0.53,0.00846153846153841
v3_it_feels_like_yesterday_self_esteem_vale,ML3,negative,2,19,0.5526315789473685,0.53,0.022631578947368447
v3_it_feels_like_yesterday_self_esteem_vale,ML3,negative,3,3,0.5833333333333334,0.53,0.053333333333333344
v3_it_feels_like_yesterday_self_esteem_vale,ML3,negative,4,18,0.5625,0.53,0.03249999999999997
v3_it_feels_like_yesterday_self_esteem_vale,ML3,negative,5,14,0.4732142857142857,0.53,-0.05678571428571433
v3_it_feels_like_yesterday_self_esteem_vale,ML3,negative,6,5,0.4,0.53,-0.13
v3_it_feels_like_yesterday_self_esteem_vale,ML3,negative,7,3,0.5416666666666666,0.53,0.011666666666666603
v3_it_feels_like_yesterday_self_esteem_vale,ML3,negative,8,2,0.25,0.53,-0.28
v3_last_place_aversion_evidence_and_redistr,EERP,negative,-4,2,0.5,0.5441176470588235,-0.044117647058823484
v3_last_place_aversion_evidence_and_redistr,EERP,negative,-3,4,0.53125,0.5441176470588235,-0.012867647058823484
v3_last_place_aversion_evidence_and_redistr,EERP,negative,-2,6,0.625,0.5441176470588235,0.08088235294117652
v3_last_place_aversion_evidence_and_redistr,EERP,negative,-1,5,0.475,0.5441176470588235,-0.0691176470588235
v3_last_place_aversion_evidence_and_redistr,EERP,negative,0,6,0.4375,0.5441176470588235,-0.10661764705882348
v3_last_place_aversion_evidence_and_redistr,EERP,negative,1,15,0.5416666666666666,0.5441176470588235,-0.002450980392156854
v3_last_place_aversion_evidence_and_redistr,EERP,negative,2,12,0.5729166666666666,0.5441176470588235,0.028799019607843146
v3_last_place_aversion_evidence_and_redistr,EERP,negative,3,25,0.505,0.5441176470588235,-0.03911764705882348
v3_last_place_aversion_evidence_and_redistr,EERP,negative,4,27,0.4398148148148148,0.5441176470588235,-0.10430283224400866
v3_last_place_aversion_evidence_and_redistr,EERP,negative,5,15,0.3333333333333333,0.5441176470588235,-0.21078431372549017
v3_last_place_aversion_evidence_and_redistr,EERP,negative,6,19,0.4276315789473684,0.5441176470588235,-0.11648606811145507
v3_last_place_aversion_evidence_and_redistr,EERP,negative,7,9,0.4444444444444444,0.5441176470588235,-0.09967320261437906
v3_last_place_aversion_evidence_and_redistr,EERP,negative,8,12,0.4270833333333333,0.5441176470588235,-0.11703431372549017
v3_left_frontal_cortical_activation_and_spr,RPP,negative,-7,1,0.75,0.55625,0.19374999999999998
v3_left_frontal_cortical_activation_and_spr,RPP,negative,-6,4,0.71875,0.55625,0.16249999999999998
v3_left_frontal_cortical_activation_and_spr,RPP,negative,-5,5,0.55,0.55625,-0.006249999999999978
v3_left_frontal_cortical_activation_and_spr,RPP,negative,-4,2,0.4375,0.55625,-0.11875000000000002
v3_left_frontal_cortical_activation_and_spr,RPP,negative,-3,6,0.6666666666666666,0.55625,0.11041666666666661
v3_left_frontal_cortical_activation_and_spr,RPP,negative,-2,4,0.4375,0.55625,-0.11875000000000002
v3_left_frontal_cortical_activation_and_spr,RPP,negative,-1,3,0.5833333333333334,0.55625,0.027083333333333348
v3_left_frontal_cortical_activation_and_spr,RPP,negative,0,3,0.5,0.55625,-0.05625000000000002
v3_left_frontal_cortical_activation_and_spr,RPP,negative,1,7,0.4642857142857143,0.55625,-0.09196428571428572
v3_left_frontal_cortical_activation_and_spr,RPP,negative,2,3,0.5,0.55625,-0.05625000000000002
v3_left_frontal_cortical_activation_and_spr,RPP,negative,3,5,0.475,0.55625,-0.08125000000000004
v3_left_frontal_cortical_activation_and_spr,RPP,negative,4,5,0.675,0.55625,0.11875000000000002
v3_left_frontal_cortical_activation_and_spr,RPP,negative,5,1,0.625,0.55625,0.06874999999999998
v3_left_frontal_cortical_activation_and_spr,RPP,negative,6,2,0.8125,0.55625,0.25625
v3_left_frontal_cortical_activation_and_spr,RPP,negative,7,4,0.625,0.55625,0.06874999999999998
v3_left_frontal_cortical_activation_and_spr,RPP,negative,8,2,0.75,0.55625,0.19374999999999998
v3_measuring_the_crowd_within_probabilistic,RPP,positive,-6,1,0.375,0.5120967741935484,-0.13709677419354838
v3_measuring_the_crowd_within_probabilistic,RPP,positive,-5,1,0.5,0.5120967741935484,-0.012096774193548376
v3_measuring_the_crowd_within_probabilistic,RPP,positive,-4,5,0.525,0.5120967741935484,0.012903225806451646
v3_measuring_the_crowd_within_probabilistic,RPP,positive,-3,4,0.4375,0.5120967741935484,-0.07459677419354838
v3_measuring_the_crowd_within_probabilistic,RPP,positive,-2,13,0.5961538461538461,0.5120967741935484,0.08405707196029777
v3_measuring_the_crowd_within_probabilistic,RPP,positive,-1,8,0.40625,0.5120967741935484,-0.10584677419354838
v3_measuring_the_crowd_within_probabilistic,RPP,positive,0,9,0.5277777777777778,0.5120967741935484,0.015681003584229414
v3_measuring_the_crowd_within_probabilistic,RPP,positive,1,1,0.75,0.5120967741935484,0.23790322580645162
v3_measuring_the_crowd_within_probabilistic,RPP,positive,2,12,0.5625,0.5120967741935484,0.050403225806451624
v3_measuring_the_crowd_within_probabilistic,RPP,positive,3,2,0.3125,0.5120967741935484,-0.19959677419354838
v3_measuring_the_crowd_within_probabilistic,RPP,positive,4,6,0.4375,0.5120967741935484,-0.07459677419354838
v3_measuring_the_crowd_within_probabilistic,RPP,positive,5,5,0.45,0.5120967741935484,-0.062096774193548365
v3_measuring_the_crowd_within_probabilistic,RPP,positive,6,6,0.5208333333333334,0.5120967741935484,0.008736559139784994
v3_measuring_the_crowd_within_probabilistic,RPP,positive,7,7,0.44642857142857145,0.5120967741935484,-0.06566820276497692
v3_measuring_the_crowd_within_probabilistic,RPP,positive,8,4,0.3125,0.5120967741935484,-0.19959677419354838
v3_multidimensional_visual_statistical_lear,RPP,positive,-6,4,0.4375,0.5416666666666666,-0.10416666666666663
v3_multidimensional_visual_statistical_lear,RPP,positive,-5,5,0.5,0.5416666666666666,-0.04166666666666663
v3_multidimensional_visual_statistical_lear,RPP,positive,-4,4,0.4375,0.5416666666666666,-0.10416666666666663
v3_multidimensional_visual_statistical_lear,RPP,positive,-3,1,0.625,0.5416666666666666,0.08333333333333337
v3_multidimensional_visual_statistical_lear,RPP,positive,-2,3,0.5833333333333334,0.5416666666666666,0.04166666666666674
v3_multidimensional_visual_statistical_lear,RPP,positive,-1,5,0.625,0.5416666666666666,0.08333333333333337
v3_multidimensional_visual_statistical_lear,RPP,positive,0,1,0.375,0.5416666666666666,-0.16666666666666663
v3_multidimensional_visual_statistical_lear,RPP,positive,1,7,0.6964285714285714,0.5416666666666666,0.15476190476190477
v3_multidimensional_visual_statistical_lear,RPP,positive,2,1,0.125,0.5416666666666666,-0.41666666666666663
v3_multidimensional_visual_statistical_lear,RPP,positive,3,2,0.375,0.5416666666666666,-0.16666666666666663
v3_multidimensional_visual_statistical_lear,RPP,positive,4,1,0.75,0.5416666666666666,0.20833333333333337
v3_multidimensional_visual_statistical_lear,RPP,positive,5,2,0.625,0.5416666666666666,0.08333333333333337
v3_multidimensional_visual_statistical_lear,RPP,positive,7,1,0.25,0.5416666666666666,-0.29166666666666663
v3_multidimensional_visual_statistical_lear,RPP,positive,8,3,0.25,0.5416666666666666,-0.29166666666666663
v3_multiple_roles_for_time_in_short_term_me,RPP,positive,-7,1,0.375,0.46153846153846156,-0.08653846153846156
v3_multiple_roles_for_time_in_short_term_me,RPP,positive,-6,9,0.5277777777777778,0.46153846153846156,0.06623931623931623
v3_multiple_roles_for_time_in_short_term_me,RPP,positive,-5,3,0.4583333333333333,0.46153846153846156,-0.0032051282051282493
v3_multiple_roles_for_time_in_short_term_me,RPP,positive,-4,26,0.39903846153846156,0.46153846153846156,-0.0625
v3_multiple_roles_for_time_in_short_term_me,RPP,positive,-1,23,0.532608695652174,0.46153846153846156,0.07107023411371238
v3_multiple_roles_for_time_in_short_term_me,RPP,positive,0,2,0.5625,0.46153846153846156,0.10096153846153844
v3_multiple_roles_for_time_in_short_term_me,RPP,positive,2,1,0.375,0.46153846153846156,-0.08653846153846156
v3_multiple_roles_for_time_in_short_term_me,RPP,positive,3,9,0.4722222222222222,0.46153846153846156,0.010683760683760646
v3_multiple_roles_for_time_in_short_term_me,RPP,positive,4,1,0.5,0.46153846153846156,0.038461538461538436
v3_multiple_roles_for_time_in_short_term_me,RPP,positive,5,23,0.5434782608695652,0.46153846153846156,0.08193979933110362
v3_multiple_roles_for_time_in_short_term_me,RPP,positive,6,12,0.59375,0.46153846153846156,0.13221153846153844
v3_multiple_roles_for_time_in_short_term_me,RPP,positive,8,1,0.375,0.46153846153846156,-0.08653846153846156
v3_not_so_innocent_does_seeing_one_s_own_ca,RPP,negative,-7,6,0.4583333333333333,0.46381578947368424,-0.005482456140350922
v3_not_so_innocent_does_seeing_one_s_own_ca,RPP,negative,-6,9,0.375,0.46381578947368424,-0.08881578947368424
v3_not_so_innocent_does_seeing_one_s_own_ca,RPP,negative,-5,5,0.475,0.46381578947368424,0.011184210526315741
v3_not_so_innocent_does_seeing_one_s_own_ca,RPP,negative,-4,16,0.4296875,0.46381578947368424,-0.03412828947368424
v3_not_so_innocent_does_seeing_one_s_own_ca,RPP,negative,-2,7,0.5178571428571429,0.46381578947368424,0.05404135338345867
v3_not_so_innocent_does_seeing_one_s_own_ca,RPP,negative,-1,10,0.475,0.46381578947368424,0.011184210526315741
v3_not_so_innocent_does_seeing_one_s_own_ca,RPP,negative,0,4,0.3125,0.46381578947368424,-0.15131578947368424
v3_not_so_innocent_does_seeing_one_s_own_ca,RPP,negative,1,3,0.4166666666666667,0.46381578947368424,-0.04714912280701755
v3_not_so_innocent_does_seeing_one_s_own_ca,RPP,negative,2,20,0.5,0.46381578947368424,0.03618421052631576
v3_not_so_innocent_does_seeing_one_s_own_ca,RPP,negative,3,7,0.5178571428571429,0.46381578947368424,0.05404135338345867
v3_not_so_innocent_does_seeing_one_s_own_ca,RPP,negative,4,5,0.475,0.46381578947368424,0.011184210526315741
v3_not_so_innocent_does_seeing_one_s_own_ca,RPP,negative,5,2,0.6875,0.46381578947368424,0.22368421052631576
v3_not_so_innocent_does_seeing_one_s_own_ca,RPP,negative,7,1,0.5,0.46381578947368424,0.03618421052631576
v3_not_so_innocent_does_seeing_one_s_own_ca,RPP,negative,8,1,0.25,0.46381578947368424,-0.21381578947368424
v3_on_the_additive_effects_of_stimulus_qual,RPP,positive,-4,8,0.484375,0.525,-0.04062500000000002
v3_on_the_additive_effects_of_stimulus_qual,RPP,positive,-1,2,0.6875,0.525,0.16249999999999998
v3_on_the_additive_effects_of_stimulus_qual,RPP,positive,0,3,0.5,0.525,-0.025000000000000022
v3_on_the_additive_effects_of_stimulus_qual,RPP,positive,1,8,0.5625,0.525,0.03749999999999998
v3_on_the_additive_effects_of_stimulus_qual,RPP,positive,2,8,0.46875,0.525,-0.05625000000000002
v3_on_the_additive_effects_of_stimulus_qual,RPP,positive,3,1,0.5,0.525,-0.025000000000000022
v3_on_the_additive_effects_of_stimulus_qual,RPP,positive,6,1,0.5,0.525,-0.025000000000000022
v3_opening_the_mind_to_close_it_considering,RPP,negative,-7,1,0.5,0.4722222222222222,0.02777777777777779
v3_opening_the_mind_to_close_it_considering,RPP,negative,-5,1,0.5,0.4722222222222222,0.02777777777777779
v3_opening_the_mind_to_close_it_considering,RPP,negative,-4,1,0.75,0.4722222222222222,0.2777777777777778
v3_opening_the_mind_to_close_it_considering,RPP,negative,-3,4,0.46875,0.4722222222222222,-0.00347222222222221
v3_opening_the_mind_to_close_it_considering,RPP,negative,-1,3,0.375,0.4722222222222222,-0.09722222222222221
v3_opening_the_mind_to_close_it_considering,RPP,negative,0,1,0.25,0.4722222222222222,-0.2222222222222222
v3_opening_the_mind_to_close_it_considering,RPP,negative,1,2,0.375,0.4722222222222222,-0.09722222222222221
v3_opening_the_mind_to_close_it_considering,RPP,negative,2,2,0.5625,0.4722222222222222,0.09027777777777779
v3_opening_the_mind_to_close_it_considering,RPP,negative,5,2,0.5,0.4722222222222222,0.02777777777777779
v3_opening_the_mind_to_close_it_considering,RPP,negative,6,5,0.375,0.4722222222222222,-0.09722222222222221
v3_opening_the_mind_to_close_it_considering,RPP,negative,7,1,0.875,0.4722222222222222,0.4027777777777778
v3_orienting_attention_in_visual_working_me,RPP,negative,-8,3,0.4583333333333333,0.5098314606741573,-0.051498127340823985
v3_orienting_attention_in_visual_working_me,RPP,negative,-7,2,0.375,0.5098314606741573,-0.1348314606741573
v3_orienting_attention_in_visual_working_me,RPP,negative,-6,4,0.59375,0.5098314606741573,0.0839185393258427
v3_orienting_attention_in_visual_working_me,RPP,negative,-5,15,0.5833333333333334,0.5098314606741573,0.07350187265917607
v3_orienting_attention_in_visual_working_me,RPP,negative,-4,17,0.5661764705882353,0.5098314606741573,0.05634500991407798
v3_orienting_attention_in_visual_working_me,RPP,negative,-3,25,0.485,0.5098314606741573,-0.024831460674157313
v3_orienting_attention_in_visual_working_me,RPP,negative,-2,17,0.49264705882352944,0.5098314606741573,-0.017184401850627862
v3_orienting_attention_in_visual_working_me,RPP,negative,-1,15,0.43333333333333335,0.5098314606741573,-0.07649812734082395
v3_orienting_attention_in_visual_working_me,RPP,negative,0,19,0.5460526315789473,0.5098314606741573,0.036221170904790045
v3_orienting_attention_in_visual_working_me,RPP,negative,1,7,0.44642857142857145,0.5098314606741573,-0.06340288924558585
v3_orienting_attention_in_visual_working_me,RPP,negative,2,9,0.3333333333333333,0.5098314606741573,-0.17649812734082398
v3_orienting_attention_in_visual_working_me,RPP,negative,3,5,0.275,0.5098314606741573,-0.23483146067415728
v3_orienting_attention_in_visual_working_me,RPP,negative,4,6,0.3958333333333333,0.5098314606741573,-0.11399812734082398
v3_orienting_attention_in_visual_working_me,RPP,negative,5,4,0.46875,0.5098314606741573,-0.0410814606741573
v3_orienting_attention_in_visual_working_me,RPP,negative,7,5,0.725,0.5098314606741573,0.21516853932584268
v3_orienting_attention_in_visual_working_me,RPP,negative,8,1,0.25,0.5098314606741573,-0.2598314606741573
v3_perceptual_mechanisms_that_characterize_,RPP,negative,-6,1,0.25,0.3888888888888889,-0.1388888888888889
v3_perceptual_mechanisms_that_characterize_,RPP,negative,-5,3,0.625,0.3888888888888889,0.2361111111111111
v3_perceptual_mechanisms_that_characterize_,RPP,negative,-4,1,0.875,0.3888888888888889,0.4861111111111111
v3_perceptual_mechanisms_that_characterize_,RPP,negative,-3,1,0.25,0.3888888888888889,-0.1388888888888889
v3_perceptual_mechanisms_that_characterize_,RPP,negative,-2,2,0.5625,0.3888888888888889,0.1736111111111111
v3_perceptual_mechanisms_that_characterize_,RPP,negative,-1,11,0.26136363636363635,0.3888888888888889,-0.12752525252525254
v3_perceptual_mechanisms_that_characterize_,RPP,negative,0,3,0.5,0.3888888888888889,0.1111111111111111
v3_perceptual_mechanisms_that_characterize_,RPP,negative,1,14,0.41964285714285715,0.3888888888888889,0.030753968253968256
v3_perceptual_mechanisms_that_characterize_,RPP,negative,2,3,0.6666666666666666,0.3888888888888889,0.27777777777777773
v3_perceptual_mechanisms_that_characterize_,RPP,negative,3,1,0.125,0.3888888888888889,-0.2638888888888889
v3_perceptual_mechanisms_that_characterize_,RPP,negative,4,1,0.5,0.3888888888888889,0.1111111111111111
v3_perceptual_mechanisms_that_characterize_,RPP,negative,5,5,0.175,0.3888888888888889,-0.2138888888888889
v3_perceptual_mechanisms_that_characterize_,RPP,negative,6,1,1.0,0.3888888888888889,0.6111111111111112
v3_perceptual_mechanisms_that_characterize_,RPP,negative,7,6,0.625,0.3888888888888889,0.2361111111111111
v3_perceptual_mechanisms_that_characterize_,RPP,negative,8,1,0.375,0.3888888888888889,-0.013888888888888895
v3_poignancy_mixed_emotional_experience_in_,RPP,negative,-7,1,0.125,0.5119047619047619,-0.38690476190476186
v3_poignancy_mixed_emotional_experience_in_,RPP,negative,-6,9,0.4861111111111111,0.5119047619047619,-0.025793650793650758
v3_poignancy_mixed_emotional_experience_in_,RPP,negative,-5,5,0.55,0.5119047619047619,0.03809523809523818
v3_poignancy_mixed_emotional_experience_in_,RPP,negative,-4,5,0.425,0.5119047619047619,-0.08690476190476187
v3_poignancy_mixed_emotional_experience_in_,RPP,negative,-3,1,0.5,0.5119047619047619,-0.011904761904761862
v3_poignancy_mixed_emotional_experience_in_,RPP,negative,-2,8,0.578125,0.5119047619047619,0.06622023809523814
v3_poignancy_mixed_emotional_experience_in_,RPP,negative,-1,2,0.375,0.5119047619047619,-0.13690476190476186
v3_poignancy_mixed_emotional_experience_in_,RPP,negative,0,8,0.375,0.5119047619047619,-0.13690476190476186
v3_poignancy_mixed_emotional_experience_in_,RPP,negative,1,5,0.325,0.5119047619047619,-0.18690476190476185
v3_poignancy_mixed_emotional_experience_in_,RPP,negative,2,5,0.375,0.5119047619047619,-0.13690476190476186
v3_poignancy_mixed_emotional_experience_in_,RPP,negative,3,2,0.6875,0.5119047619047619,0.17559523809523814
v3_poignancy_mixed_emotional_experience_in_,RPP,negative,4,2,0.4375,0.5119047619047619,-0.07440476190476186
v3_poignancy_mixed_emotional_experience_in_,RPP,negative,5,4,0.5625,0.5119047619047619,0.05059523809523814
v3_poignancy_mixed_emotional_experience_in_,RPP,negative,6,4,0.4375,0.5119047619047619,-0.07440476190476186
v3_poignancy_mixed_emotional_experience_in_,RPP,negative,7,10,0.325,0.5119047619047619,-0.18690476190476185
v3_poignancy_mixed_emotional_experience_in_,RPP,negative,8,8,0.515625,0.5119047619047619,0.0037202380952381375
v3_precision_of_the_anchor_influences_the_a,RPP,positive,-6,3,0.5416666666666666,0.5238095238095238,0.017857142857142794
v3_precision_of_the_anchor_influences_the_a,RPP,positive,-5,2,0.4375,0.5238095238095238,-0.08630952380952384
v3_precision_of_the_anchor_influences_the_a,RPP,positive,-4,5,0.575,0.5238095238095238,0.05119047619047612
v3_precision_of_the_anchor_influences_the_a,RPP,positive,-3,2,0.4375,0.5238095238095238,-0.08630952380952384
v3_precision_of_the_anchor_influences_the_a,RPP,positive,-2,9,0.5277777777777778,0.5238095238095238,0.003968253968253954
v3_precision_of_the_anchor_influences_the_a,RPP,positive,-1,3,0.5416666666666666,0.5238095238095238,0.017857142857142794
v3_precision_of_the_anchor_influences_the_a,RPP,positive,0,10,0.45,0.5238095238095238,-0.07380952380952382
v3_precision_of_the_anchor_influences_the_a,RPP,positive,1,6,0.4375,0.5238095238095238,-0.08630952380952384
v3_precision_of_the_anchor_influences_the_a,RPP,positive,2,11,0.5454545454545454,0.5238095238095238,0.021645021645021578
v3_precision_of_the_anchor_influences_the_a,RPP,positive,3,6,0.6041666666666666,0.5238095238095238,0.0803571428571428
v3_precision_of_the_anchor_influences_the_a,RPP,positive,4,4,0.84375,0.5238095238095238,0.31994047619047616
v3_precision_of_the_anchor_influences_the_a,RPP,positive,5,2,0.5,0.5238095238095238,-0.023809523809523836
v3_precision_of_the_anchor_influences_the_a,RPP,positive,6,3,0.5,0.5238095238095238,-0.023809523809523836
v3_precision_of_the_anchor_influences_the_a,RPP,positive,7,8,0.515625,0.5238095238095238,-0.008184523809523836
v3_precision_of_the_anchor_influences_the_a,RPP,positive,8,2,0.6875,0.5238095238095238,0.16369047619047616
v3_priming_addition_facts_with_semantic_rel,RPP,positive,-6,1,0.5,0.4807692307692308,0.019230769230769218
v3_priming_addition_facts_with_semantic_rel,RPP,positive,-5,1,0.5,0.4807692307692308,0.019230769230769218
v3_priming_addition_facts_with_semantic_rel,RPP,positive,-4,9,0.4861111111111111,0.4807692307692308,0.005341880341880323
v3_priming_addition_facts_with_semantic_rel,RPP,positive,-3,1,0.25,0.4807692307692308,-0.23076923076923078
v3_priming_addition_facts_with_semantic_rel,RPP,positive,-2,2,0.5625,0.4807692307692308,0.08173076923076922
v3_priming_addition_facts_with_semantic_rel,RPP,positive,0,7,0.48214285714285715,0.4807692307692308,0.0013736263736263687
v3_priming_addition_facts_with_semantic_rel,RPP,positive,1,6,0.4375,0.4807692307692308,-0.04326923076923078
v3_priming_addition_facts_with_semantic_rel,RPP,positive,3,2,0.4375,0.4807692307692308,-0.04326923076923078
v3_priming_addition_facts_with_semantic_rel,RPP,positive,5,3,0.5,0.4807692307692308,0.019230769230769218
v3_priming_addition_facts_with_semantic_rel,RPP,positive,6,2,0.4375,0.4807692307692308,-0.04326923076923078
v3_priming_addition_facts_with_semantic_rel,RPP,positive,8,3,0.4583333333333333,0.4807692307692308,-0.022435897435897467
v3_response_scales_effects_of_category_rang,ML1,positive,-8,5,0.425,0.5227272727272727,-0.09772727272727272
v3_response_scales_effects_of_category_rang,ML1,positive,-7,2,0.4375,0.5227272727272727,-0.08522727272727271
v3_response_scales_effects_of_category_rang,ML1,positive,-6,5,0.625,0.5227272727272727,0.10227272727272729
v3_response_scales_effects_of_category_rang,ML1,positive,-5,8,0.5625,0.5227272727272727,0.03977272727272729
v3_response_scales_effects_of_category_rang,ML1,positive,-3,11,0.4772727272727273,0.5227272727272727,-0.045454545454545414
v3_response_scales_effects_of_category_rang,ML1,positive,-2,1,0.75,0.5227272727272727,0.2272727272727273
v3_response_scales_effects_of_category_rang,ML1,positive,-1,2,0.5,0.5227272727272727,-0.022727272727272707
v3_response_scales_effects_of_category_rang,ML1,positive,0,7,0.6607142857142857,0.5227272727272727,0.137987012987013
v3_response_scales_effects_of_category_rang,ML1,positive,1,4,0.59375,0.5227272727272727,0.07102272727272729
v3_response_scales_effects_of_category_rang,ML1,positive,2,5,0.475,0.5227272727272727,-0.04772727272727273
v3_response_scales_effects_of_category_rang,ML1,positive,3,3,0.4583333333333333,0.5227272727272727,-0.06439393939393939
v3_response_scales_effects_of_category_rang,ML1,positive,4,3,0.375,0.5227272727272727,-0.1477272727272727
v3_response_scales_effects_of_category_rang,ML1,positive,5,3,0.2916666666666667,0.5227272727272727,-0.23106060606060602
v3_response_scales_effects_of_category_rang,ML1,positive,6,2,0.625,0.5227272727272727,0.10227272727272729
v3_response_scales_effects_of_category_rang,ML1,positive,7,4,0.5625,0.5227272727272727,0.03977272727272729
v3_response_scales_effects_of_category_rang,ML1,positive,8,1,0.125,0.5227272727272727,-0.3977272727272727
v3_running_on_empty_neural_signals_for_self,ML3,positive,-8,7,0.375,0.4807692307692308,-0.10576923076923078
v3_running_on_empty_neural_signals_for_self,ML3,positive,-7,2,0.625,0.4807692307692308,0.14423076923076922
v3_running_on_empty_neural_signals_for_self,ML3,positive,-4,2,0.5,0.4807692307692308,0.019230769230769218
v3_running_on_empty_neural_signals_for_self,ML3,positive,-3,4,0.59375,0.4807692307692308,0.11298076923076922
v3_running_on_empty_neural_signals_for_self,ML3,positive,-2,2,0.5,0.4807692307692308,0.019230769230769218
v3_running_on_empty_neural_signals_for_self,ML3,positive,-1,5,0.375,0.4807692307692308,-0.10576923076923078
v3_running_on_empty_neural_signals_for_self,ML3,positive,0,2,0.3125,0.4807692307692308,-0.16826923076923078
v3_running_on_empty_neural_signals_for_self,ML3,positive,1,1,0.5,0.4807692307692308,0.019230769230769218
v3_running_on_empty_neural_signals_for_self,ML3,positive,2,4,0.375,0.4807692307692308,-0.10576923076923078
v3_running_on_empty_neural_signals_for_self,ML3,positive,3,4,0.5625,0.4807692307692308,0.08173076923076922
v3_running_on_empty_neural_signals_for_self,ML3,positive,4,5,0.725,0.4807692307692308,0.2442307692307692
v3_running_on_empty_neural_signals_for_self,ML3,positive,7,1,0.75,0.4807692307692308,0.2692307692307692
v3_running_on_empty_neural_signals_for_self,ML3,positive,8,1,0.5,0.4807692307692308,0.019230769230769218
v3_screening_competition_and_job_design_eco,EERP,positive,-6,4,0.5625,0.5661764705882353,-0.003676470588235281
v3_screening_competition_and_job_design_eco,EERP,positive,-5,1,0.75,0.5661764705882353,0.18382352941176472
v3_screening_competition_and_job_design_eco,EERP,positive,-4,1,0.5,0.5661764705882353,-0.06617647058823528
v3_screening_competition_and_job_design_eco,EERP,positive,-2,2,0.5,0.5661764705882353,-0.06617647058823528
v3_screening_competition_and_job_design_eco,EERP,positive,-1,13,0.5673076923076923,0.5661764705882353,0.0011312217194570096
v3_screening_competition_and_job_design_eco,EERP,positive,0,3,0.5416666666666666,0.5661764705882353,-0.02450980392156865
v3_screening_competition_and_job_design_eco,EERP,positive,1,2,0.375,0.5661764705882353,-0.19117647058823528
v3_screening_competition_and_job_design_eco,EERP,positive,2,5,0.575,0.5661764705882353,0.008823529411764675
v3_screening_competition_and_job_design_eco,EERP,positive,3,4,0.46875,0.5661764705882353,-0.09742647058823528
v3_screening_competition_and_job_design_eco,EERP,positive,4,4,0.65625,0.5661764705882353,0.09007352941176472
v3_screening_competition_and_job_design_eco,EERP,positive,5,2,0.125,0.5661764705882353,-0.4411764705882353
v3_screening_competition_and_job_design_eco,EERP,positive,6,1,0.0,0.5661764705882353,-0.5661764705882353
v3_screening_competition_and_job_design_eco,EERP,positive,8,1,0.875,0.5661764705882353,0.3088235294117647
v3_selective_exposure_and_information_quant,RPP,positive,-7,1,0.75,0.546875,0.203125
v3_selective_exposure_and_information_quant,RPP,positive,-6,1,0.375,0.546875,-0.171875
v3_selective_exposure_and_information_quant,RPP,positive,-5,1,0.5,0.546875,-0.046875
v3_selective_exposure_and_information_quant,RPP,positive,-3,4,0.53125,0.546875,-0.015625
v3_selective_exposure_and_information_quant,RPP,positive,-2,1,0.75,0.546875,0.203125
v3_selective_exposure_and_information_quant,RPP,positive,-1,2,0.5,0.546875,-0.046875
v3_selective_exposure_and_information_quant,RPP,positive,0,3,0.5,0.546875,-0.046875
v3_selective_exposure_and_information_quant,RPP,positive,1,3,0.5833333333333334,0.546875,0.03645833333333337
v3_selective_exposure_and_information_quant,RPP,positive,2,5,0.725,0.546875,0.17812499999999998
v3_selective_exposure_and_information_quant,RPP,positive,3,13,0.46153846153846156,0.546875,-0.08533653846153844
v3_selective_exposure_and_information_quant,RPP,positive,4,1,0.25,0.546875,-0.296875
v3_selective_exposure_and_information_quant,RPP,positive,5,5,0.35,0.546875,-0.19687500000000002
v3_selective_exposure_and_information_quant,RPP,positive,6,7,0.5535714285714286,0.546875,0.006696428571428603
v3_selective_exposure_and_information_quant,RPP,positive,7,1,0.875,0.546875,0.328125
v3_selective_exposure_and_information_quant,RPP,positive,8,5,0.5,0.546875,-0.046875
v3_self_handicapping_excuse_making_and_coun,RPP,positive,-7,2,0.5625,0.5113636363636364,0.051136363636363646
v3_self_handicapping_excuse_making_and_coun,RPP,positive,-6,1,0.0,0.5113636363636364,-0.5113636363636364
v3_self_handicapping_excuse_making_and_coun,RPP,positive,-5,7,0.42857142857142855,0.5113636363636364,-0.0827922077922078
v3_self_handicapping_excuse_making_and_coun,RPP,positive,-4,6,0.5208333333333334,0.5113636363636364,0.009469696969697017
v3_self_handicapping_excuse_making_and_coun,RPP,positive,-3,8,0.578125,0.5113636363636364,0.06676136363636365
v3_self_handicapping_excuse_making_and_coun,RPP,positive,-2,7,0.5,0.5113636363636364,-0.011363636363636354
v3_self_handicapping_excuse_making_and_coun,RPP,positive,-1,5,0.525,0.5113636363636364,0.013636363636363669
v3_self_handicapping_excuse_making_and_coun,RPP,positive,0,6,0.5833333333333334,0.5113636363636364,0.07196969696969702
v3_self_handicapping_excuse_making_and_coun,RPP,positive,2,6,0.375,0.5113636363636364,-0.13636363636363635
v3_self_handicapping_excuse_making_and_coun,RPP,positive,3,2,0.75,0.5113636363636364,0.23863636363636365
v3_self_handicapping_excuse_making_and_coun,RPP,positive,4,1,0.5,0.5113636363636364,-0.011363636363636354
v3_self_handicapping_excuse_making_and_coun,RPP,positive,5,6,0.5625,0.5113636363636364,0.051136363636363646
v3_self_handicapping_excuse_making_and_coun,RPP,positive,6,5,0.425,0.5113636363636364,-0.08636363636363636
v3_self_handicapping_excuse_making_and_coun,RPP,positive,7,11,0.38636363636363635,0.5113636363636364,-0.125
v3_self_handicapping_excuse_making_and_coun,RPP,positive,8,8,0.40625,0.5113636363636364,-0.10511363636363635
v3_self_regulation_and_selective_exposure_t,RPP,negative,-6,2,0.6875,0.5166666666666667,0.17083333333333328
v3_self_regulation_and_selective_exposure_t,RPP,negative,-4,4,0.46875,0.5166666666666667,-0.04791666666666672
v3_self_regulation_and_selective_exposure_t,RPP,negative,-3,5,0.425,0.5166666666666667,-0.09166666666666673
v3_self_regulation_and_selective_exposure_t,RPP,negative,-2,2,0.625,0.5166666666666667,0.10833333333333328
v3_self_regulation_and_selective_exposure_t,RPP,negative,-1,4,0.625,0.5166666666666667,0.10833333333333328
v3_self_regulation_and_selective_exposure_t,RPP,negative,0,4,0.625,0.5166666666666667,0.10833333333333328
v3_self_regulation_and_selective_exposure_t,RPP,negative,1,5,0.575,0.5166666666666667,0.05833333333333324
v3_self_regulation_and_selective_exposure_t,RPP,negative,2,4,0.71875,0.5166666666666667,0.20208333333333328
v3_self_regulation_and_selective_exposure_t,RPP,negative,3,3,0.5,0.5166666666666667,-0.01666666666666672
v3_self_regulation_and_selective_exposure_t,RPP,negative,4,1,0.875,0.5166666666666667,0.3583333333333333
v3_self_regulation_and_selective_exposure_t,RPP,negative,5,2,0.5625,0.5166666666666667,0.04583333333333328
v3_self_regulation_and_selective_exposure_t,RPP,negative,6,1,0.5,0.5166666666666667,-0.01666666666666672
v3_self_regulation_and_selective_exposure_t,RPP,negative,7,5,0.525,0.5166666666666667,0.008333333333333304
v3_self_regulation_and_selective_exposure_t,RPP,negative,8,2,0.6875,0.5166666666666667,0.17083333333333328
v3_semantic_interference_in_a_delayed_namin,RPP,negative,-6,4,0.40625,0.4603658536585366,-0.054115853658536606
v3_semantic_interference_in_a_delayed_namin,RPP,negative,-5,2,0.4375,0.4603658536585366,-0.022865853658536606
v3_semantic_interference_in_a_delayed_namin,RPP,negative,-4,28,0.4732142857142857,0.4603658536585366,0.012848432055749093
v3_semantic_interference_in_a_delayed_namin,RPP,negative,-2,7,0.39285714285714285,0.4603658536585366,-0.06750871080139376
v3_semantic_interference_in_a_delayed_namin,RPP,negative,-1,4,0.5,0.4603658536585366,0.039634146341463394
v3_semantic_interference_in_a_delayed_namin,RPP,negative,0,4,0.4375,0.4603658536585366,-0.022865853658536606
v3_semantic_interference_in_a_delayed_namin,RPP,negative,2,3,0.625,0.4603658536585366,0.1646341463414634
v3_semantic_interference_in_a_delayed_namin,RPP,negative,3,2,0.375,0.4603658536585366,-0.0853658536585366
v3_semantic_interference_in_a_delayed_namin,RPP,negative,4,1,0.375,0.4603658536585366,-0.0853658536585366
v3_semantic_interference_in_a_delayed_namin,RPP,negative,5,2,0.625,0.4603658536585366,0.1646341463414634
v3_semantic_interference_in_a_delayed_namin,RPP,negative,6,3,0.25,0.4603658536585366,-0.2103658536585366
v3_semantic_interference_in_a_delayed_namin,RPP,negative,7,1,0.75,0.4603658536585366,0.2896341463414634
v3_semantic_interference_in_a_delayed_namin,RPP,negative,8,1,0.5,0.4603658536585366,0.039634146341463394
v3_slow_to_anger_and_fast_to_forgive_cooper,EERP,positive,-6,1,0.75,0.5474137931034483,0.2025862068965517
v3_slow_to_anger_and_fast_to_forgive_cooper,EERP,positive,-4,5,0.5,0.5474137931034483,-0.04741379310344829
v3_slow_to_anger_and_fast_to_forgive_cooper,EERP,positive,-3,2,0.5625,0.5474137931034483,0.015086206896551713
v3_slow_to_anger_and_fast_to_forgive_cooper,EERP,positive,-2,11,0.6022727272727273,0.5474137931034483,0.054858934169279006
v3_slow_to_anger_and_fast_to_forgive_cooper,EERP,positive,-1,11,0.5113636363636364,0.5474137931034483,-0.036050156739811934
v3_slow_to_anger_and_fast_to_forgive_cooper,EERP,positive,0,12,0.4270833333333333,0.5474137931034483,-0.12033045977011497
v3_slow_to_anger_and_fast_to_forgive_cooper,EERP,positive,1,13,0.5,0.5474137931034483,-0.04741379310344829
v3_slow_to_anger_and_fast_to_forgive_cooper,EERP,positive,2,2,0.625,0.5474137931034483,0.07758620689655171
v3_slow_to_anger_and_fast_to_forgive_cooper,EERP,positive,3,3,0.5,0.5474137931034483,-0.04741379310344829
v3_slow_to_anger_and_fast_to_forgive_cooper,EERP,positive,4,3,0.7083333333333334,0.5474137931034483,0.16091954022988508
v3_slow_to_anger_and_fast_to_forgive_cooper,EERP,positive,5,9,0.4027777777777778,0.5474137931034483,-0.1446360153256705
v3_slow_to_anger_and_fast_to_forgive_cooper,EERP,positive,6,6,0.625,0.5474137931034483,0.07758620689655171
v3_slow_to_anger_and_fast_to_forgive_cooper,EERP,positive,7,3,0.5833333333333334,0.5474137931034483,0.03591954022988508
v3_slow_to_anger_and_fast_to_forgive_cooper,EERP,positive,8,5,0.55,0.5474137931034483,0.002586206896551757
v3_terror_management_and_adults_attachment_,RPP,negative,-6,5,0.5,0.5164473684210527,-0.016447368421052655
v3_terror_management_and_adults_attachment_,RPP,negative,-5,6,0.5833333333333334,0.5164473684210527,0.06688596491228072
v3_terror_management_and_adults_attachment_,RPP,negative,-4,2,0.1875,0.5164473684210527,-0.32894736842105265
v3_terror_management_and_adults_attachment_,RPP,negative,-3,15,0.475,0.5164473684210527,-0.04144736842105268
v3_terror_management_and_adults_attachment_,RPP,negative,-2,7,0.5535714285714286,0.5164473684210527,0.03712406015037595
v3_terror_management_and_adults_attachment_,RPP,negative,-1,8,0.59375,0.5164473684210527,0.07730263157894735
v3_terror_management_and_adults_attachment_,RPP,negative,0,7,0.5714285714285714,0.5164473684210527,0.05498120300751874
v3_terror_management_and_adults_attachment_,RPP,negative,1,12,0.46875,0.5164473684210527,-0.047697368421052655
v3_terror_management_and_adults_attachment_,RPP,negative,2,10,0.575,0.5164473684210527,0.0585526315789473
v3_terror_management_and_adults_attachment_,RPP,negative,3,9,0.5694444444444444,0.5164473684210527,0.052997076023391765
v3_terror_management_and_adults_attachment_,RPP,negative,4,2,0.4375,0.5164473684210527,-0.07894736842105265
v3_terror_management_and_adults_attachment_,RPP,negative,5,9,0.5833333333333334,0.5164473684210527,0.06688596491228072
v3_terror_management_and_adults_attachment_,RPP,negative,6,9,0.5694444444444444,0.5164473684210527,0.052997076023391765
v3_terror_management_and_adults_attachment_,RPP,negative,7,4,0.5,0.5164473684210527,-0.016447368421052655
v3_terror_management_and_adults_attachment_,RPP,negative,8,2,0.5625,0.5164473684210527,0.046052631578947345
v3_thar_she_bursts_reducing_confusion_reduc,EERP,positive,-5,1,0.5,0.5,0.0
v3_thar_she_bursts_reducing_confusion_reduc,EERP,positive,-4,7,0.6071428571428571,0.5,0.1071428571428571
v3_thar_she_bursts_reducing_confusion_reduc,EERP,positive,-3,9,0.4166666666666667,0.5,-0.08333333333333331
v3_thar_she_bursts_reducing_confusion_reduc,EERP,positive,-2,30,0.4875,0.5,-0.012500000000000011
v3_thar_she_bursts_reducing_confusion_reduc,EERP,positive,-1,15,0.525,0.5,0.025000000000000022
v3_thar_she_bursts_reducing_confusion_reduc,EERP,positive,0,6,0.5416666666666666,0.5,0.04166666666666663
v3_thar_she_bursts_reducing_confusion_reduc,EERP,positive,1,22,0.5170454545454546,0.5,0.017045454545454586
v3_thar_she_bursts_reducing_confusion_reduc,EERP,positive,2,10,0.575,0.5,0.07499999999999996
v3_thar_she_bursts_reducing_confusion_reduc,EERP,positive,3,8,0.59375,0.5,0.09375
v3_thar_she_bursts_reducing_confusion_reduc,EERP,positive,4,6,0.5416666666666666,0.5,0.04166666666666663
v3_thar_she_bursts_reducing_confusion_reduc,EERP,positive,5,3,0.4166666666666667,0.5,-0.08333333333333331
v3_thar_she_bursts_reducing_confusion_reduc,EERP,positive,6,9,0.5972222222222222,0.5,0.09722222222222221
v3_thar_she_bursts_reducing_confusion_reduc,EERP,positive,7,2,0.4375,0.5,-0.0625
v3_thar_she_bursts_reducing_confusion_reduc,EERP,positive,8,1,0.5,0.5,0.0
v3_the_economics_of_credence_goods_an_exper,EERP,positive,-5,2,0.5625,0.5092592592592593,0.0532407407407407
v3_the_economics_of_credence_goods_an_exper,EERP,positive,-4,5,0.525,0.5092592592592593,0.015740740740740722
v3_the_economics_of_credence_goods_an_exper,EERP,positive,-3,10,0.475,0.5092592592592593,-0.03425925925925932
v3_the_economics_of_credence_goods_an_exper,EERP,positive,-2,2,0.5625,0.5092592592592593,0.0532407407407407
v3_the_economics_of_credence_goods_an_exper,EERP,positive,-1,8,0.515625,0.5092592592592593,0.0063657407407407
v3_the_economics_of_credence_goods_an_exper,EERP,positive,0,23,0.5978260869565217,0.5092592592592593,0.08856682769726243
v3_the_economics_of_credence_goods_an_exper,EERP,positive,1,10,0.4625,0.5092592592592593,-0.04675925925925928
v3_the_economics_of_credence_goods_an_exper,EERP,positive,2,8,0.5,0.5092592592592593,-0.0092592592592593
v3_the_economics_of_credence_goods_an_exper,EERP,positive,3,15,0.48333333333333334,0.5092592592592593,-0.025925925925925963
v3_the_economics_of_credence_goods_an_exper,EERP,positive,4,12,0.5833333333333334,0.5092592592592593,0.07407407407407407
v3_the_economics_of_credence_goods_an_exper,EERP,positive,5,7,0.6964285714285714,0.5092592592592593,0.1871693121693121
v3_the_economics_of_credence_goods_an_exper,EERP,positive,6,3,0.4166666666666667,0.5092592592592593,-0.09259259259259262
v3_the_economics_of_credence_goods_an_exper,EERP,positive,7,1,0.375,0.5092592592592593,-0.1342592592592593
v3_the_economics_of_credence_goods_an_exper,EERP,positive,8,3,0.7916666666666666,0.5092592592592593,0.28240740740740733
v3_the_effect_of_global_versus_local_proces,RPP,negative,-7,2,0.625,0.4880952380952381,0.13690476190476192
v3_the_effect_of_global_versus_local_proces,RPP,negative,-6,2,0.6875,0.4880952380952381,0.19940476190476192
v3_the_effect_of_global_versus_local_proces,RPP,negative,-5,12,0.4791666666666667,0.4880952380952381,-0.008928571428571397
v3_the_effect_of_global_versus_local_proces,RPP,negative,-4,4,0.46875,0.4880952380952381,-0.019345238095238082
v3_the_effect_of_global_versus_local_proces,RPP,negative,-3,15,0.5166666666666667,0.4880952380952381,0.028571428571428636
v3_the_effect_of_global_versus_local_proces,RPP,negative,-2,14,0.5,0.4880952380952381,0.011904761904761918
v3_the_effect_of_global_versus_local_proces,RPP,negative,-1,18,0.4652777777777778,0.4880952380952381,-0.022817460317460292
v3_the_effect_of_global_versus_local_proces,RPP,negative,0,6,0.5625,0.4880952380952381,0.07440476190476192
v3_the_effect_of_global_versus_local_proces,RPP,negative,1,5,0.325,0.4880952380952381,-0.16309523809523807
v3_the_effect_of_global_versus_local_proces,RPP,negative,2,5,0.475,0.4880952380952381,-0.013095238095238104
v3_the_effect_of_global_versus_local_proces,RPP,negative,3,1,0.5,0.4880952380952381,0.011904761904761918
v3_the_effect_of_global_versus_local_proces,RPP,negative,4,9,0.5416666666666666,0.4880952380952381,0.05357142857142855
v3_the_effect_of_global_versus_local_proces,RPP,negative,5,1,0.5,0.4880952380952381,0.011904761904761918
v3_the_effect_of_global_versus_local_proces,RPP,negative,7,1,1.0,0.4880952380952381,0.5119047619047619
v3_the_effect_of_global_versus_local_proces,RPP,negative,8,2,0.5,0.4880952380952381,0.011904761904761918
v3_the_face_of_success_inferences_from_chie,RPP,negative,-6,6,0.5208333333333334,0.5565476190476191,-0.0357142857142857
v3_the_face_of_success_inferences_from_chie,RPP,negative,-5,2,0.5625,0.5565476190476191,0.005952380952380931
v3_the_face_of_success_inferences_from_chie,RPP,negative,-4,6,0.5416666666666666,0.5565476190476191,-0.014880952380952439
v3_the_face_of_success_inferences_from_chie,RPP,negative,-3,20,0.5375,0.5565476190476191,-0.01904761904761909
v3_the_face_of_success_inferences_from_chie,RPP,negative,-2,9,0.5833333333333334,0.5565476190476191,0.0267857142857143
v3_the_face_of_success_inferences_from_chie,RPP,negative,-1,5,0.6,0.5565476190476191,0.04345238095238091
v3_the_face_of_success_inferences_from_chie,RPP,negative,0,5,0.525,0.5565476190476191,-0.03154761904761905
v3_the_face_of_success_inferences_from_chie,RPP,negative,2,8,0.59375,0.5565476190476191,0.03720238095238093
v3_the_face_of_success_inferences_from_chie,RPP,negative,3,4,0.5,0.5565476190476191,-0.05654761904761907
v3_the_face_of_success_inferences_from_chie,RPP,negative,4,4,0.65625,0.5565476190476191,0.09970238095238093
v3_the_face_of_success_inferences_from_chie,RPP,negative,5,2,0.625,0.5565476190476191,0.06845238095238093
v3_the_face_of_success_inferences_from_chie,RPP,negative,6,13,0.5769230769230769,0.5565476190476191,0.020375457875457803
v3_the_face_of_success_inferences_from_chie,RPP,negative,7,1,0.875,0.5565476190476191,0.31845238095238093
v3_the_face_of_success_inferences_from_chie,RPP,negative,8,6,0.6666666666666666,0.5565476190476191,0.11011904761904756
v3_the_framing_of_decisions_and_the_psychol,ML1,positive,-4,36,0.5694444444444444,0.5694444444444444,0.0
v3_the_framing_of_decisions_and_the_psychol,ML1,positive,4,35,0.6035714285714285,0.5694444444444444,0.03412698412698412
v3_the_lure_of_authority_motivation_and_inc,EERP,positive,-4,3,0.3333333333333333,0.4519230769230769,-0.11858974358974361
v3_the_lure_of_authority_motivation_and_inc,EERP,positive,-3,2,0.3125,0.4519230769230769,-0.13942307692307693
v3_the_lure_of_authority_motivation_and_inc,EERP,positive,-1,8,0.53125,0.4519230769230769,0.07932692307692307
v3_the_lure_of_authority_motivation_and_inc,EERP,positive,0,10,0.5375,0.4519230769230769,0.08557692307692305
v3_the_lure_of_authority_motivation_and_inc,EERP,positive,1,18,0.4722222222222222,0.4519230769230769,0.020299145299145283
v3_the_lure_of_authority_motivation_and_inc,EERP,positive,2,14,0.5892857142857143,0.4519230769230769,0.13736263736263737
v3_the_lure_of_authority_motivation_and_inc,EERP,positive,3,9,0.3888888888888889,0.4519230769230769,-0.06303418803418803
v3_the_lure_of_authority_motivation_and_inc,EERP,positive,4,12,0.4166666666666667,0.4519230769230769,-0.03525641025641024
v3_the_lure_of_authority_motivation_and_inc,EERP,positive,5,8,0.546875,0.4519230769230769,0.09495192307692307
v3_the_lure_of_authority_motivation_and_inc,EERP,positive,6,3,0.625,0.4519230769230769,0.17307692307692307
v3_the_lure_of_authority_motivation_and_inc,EERP,positive,7,6,0.5625,0.4519230769230769,0.11057692307692307
v3_the_lure_of_authority_motivation_and_inc,EERP,positive,8,4,0.375,0.4519230769230769,-0.07692307692307693
v3_the_nonverbal_expression_of_pride_eviden,RPP,positive,-8,12,0.4166666666666667,0.5363636363636364,-0.11969696969696969
v3_the_nonverbal_expression_of_pride_eviden,RPP,positive,-7,5,0.475,0.5363636363636364,-0.0613636363636364
v3_the_nonverbal_expression_of_pride_eviden,RPP,positive,-6,5,0.35,0.5363636363636364,-0.1863636363636364
v3_the_nonverbal_expression_of_pride_eviden,RPP,positive,-5,7,0.5357142857142857,0.5363636363636364,-0.0006493506493506773
v3_the_nonverbal_expression_of_pride_eviden,RPP,positive,-4,13,0.5192307692307693,0.5363636363636364,-0.017132867132867102
v3_the_nonverbal_expression_of_pride_eviden,RPP,positive,-3,23,0.4945652173913043,0.5363636363636364,-0.04179841897233205
v3_the_nonverbal_expression_of_pride_eviden,RPP,positive,-2,9,0.625,0.5363636363636364,0.08863636363636362
v3_the_nonverbal_expression_of_pride_eviden,RPP,positive,-1,3,0.6666666666666666,0.5363636363636364,0.13030303030303025
v3_the_nonverbal_expression_of_pride_eviden,RPP,positive,0,10,0.55,0.5363636363636364,0.013636363636363669
v3_the_nonverbal_expression_of_pride_eviden,RPP,positive,1,12,0.6041666666666666,0.5363636363636364,0.06780303030303025
v3_the_nonverbal_expression_of_pride_eviden,RPP,positive,2,12,0.6770833333333334,0.5363636363636364,0.140719696969697
v3_the_nonverbal_expression_of_pride_eviden,RPP,positive,3,15,0.6916666666666667,0.5363636363636364,0.15530303030303028
v3_the_nonverbal_expression_of_pride_eviden,RPP,positive,4,3,0.8333333333333334,0.5363636363636364,0.296969696969697
v3_the_nonverbal_expression_of_pride_eviden,RPP,positive,5,11,0.5340909090909091,0.5363636363636364,-0.002272727272727315
v3_the_nonverbal_expression_of_pride_eviden,RPP,positive,6,3,0.5833333333333334,0.5363636363636364,0.046969696969696995
v3_the_nonverbal_expression_of_pride_eviden,RPP,positive,7,3,0.6666666666666666,0.5363636363636364,0.13030303030303025
v3_the_nonverbal_expression_of_pride_eviden,RPP,positive,8,7,0.5535714285714286,0.5363636363636364,0.017207792207792227
v3_the_potential_of_social_identity_for_equ,EERP,negative,-5,2,0.5,0.5464285714285714,-0.046428571428571375
v3_the_potential_of_social_identity_for_equ,EERP,negative,-4,6,0.5625,0.5464285714285714,0.016071428571428625
v3_the_potential_of_social_identity_for_equ,EERP,negative,-3,6,0.4583333333333333,0.5464285714285714,-0.08809523809523806
v3_the_potential_of_social_identity_for_equ,EERP,negative,-2,13,0.5673076923076923,0.5464285714285714,0.020879120879120916
v3_the_potential_of_social_identity_for_equ,EERP,negative,-1,8,0.578125,0.5464285714285714,0.031696428571428625
v3_the_potential_of_social_identity_for_equ,EERP,negative,0,13,0.5096153846153846,0.5464285714285714,-0.03681318681318679
v3_the_potential_of_social_identity_for_equ,EERP,negative,1,16,0.5859375,0.5464285714285714,0.039508928571428625
v3_the_potential_of_social_identity_for_equ,EERP,negative,2,6,0.4583333333333333,0.5464285714285714,-0.08809523809523806
v3_the_potential_of_social_identity_for_equ,EERP,negative,3,9,0.5138888888888888,0.5464285714285714,-0.032539682539682535
v3_the_potential_of_social_identity_for_equ,EERP,negative,4,23,0.5978260869565217,0.5464285714285714,0.051397515527950355
v3_the_potential_of_social_identity_for_equ,EERP,negative,5,11,0.5795454545454546,0.5464285714285714,0.03311688311688321
v3_the_potential_of_social_identity_for_equ,EERP,negative,6,5,0.475,0.5464285714285714,-0.0714285714285714
v3_the_potential_of_social_identity_for_equ,EERP,negative,7,9,0.6388888888888888,0.5464285714285714,0.09246031746031746
v3_the_potential_of_social_identity_for_equ,EERP,negative,8,4,0.625,0.5464285714285714,0.07857142857142863
v3_the_representation_of_simple_ensemble_vi,RPP,positive,-5,12,0.4895833333333333,0.45955882352941174,0.030024509803921573
v3_the_representation_of_simple_ensemble_vi,RPP,positive,-4,4,0.46875,0.45955882352941174,0.009191176470588258
v3_the_representation_of_simple_ensemble_vi,RPP,positive,-2,9,0.4722222222222222,0.45955882352941174,0.012663398692810468
v3_the_representation_of_simple_ensemble_vi,RPP,positive,-1,9,0.4027777777777778,0.45955882352941174,-0.05678104575163395
v3_the_representation_of_simple_ensemble_vi,RPP,positive,0,18,0.5347222222222222,0.45955882352941174,0.07516339869281047
v3_the_representation_of_simple_ensemble_vi,RPP,positive,1,9,0.6527777777777778,0.45955882352941174,0.19321895424836605
v3_the_representation_of_simple_ensemble_vi,RPP,positive,2,10,0.5,0.45955882352941174,0.04044117647058826
v3_the_representation_of_simple_ensemble_vi,RPP,positive,3,16,0.40625,0.45955882352941174,-0.05330882352941174
v3_the_representation_of_simple_ensemble_vi,RPP,positive,4,6,0.4166666666666667,0.45955882352941174,-0.04289215686274506
v3_the_representation_of_simple_ensemble_vi,RPP,positive,5,11,0.5454545454545454,0.45955882352941174,0.08589572192513367
v3_the_representation_of_simple_ensemble_vi,RPP,positive,6,6,0.5625,0.45955882352941174,0.10294117647058826
v3_the_representation_of_simple_ensemble_vi,RPP,positive,7,14,0.5,0.45955882352941174,0.04044117647058826
v3_the_representation_of_simple_ensemble_vi,RPP,positive,8,4,0.46875,0.45955882352941174,0.009191176470588258
v3_the_space_between_us_stereotype_threat_a,RPP,negative,-7,3,0.4166666666666667,0.48214285714285715,-0.06547619047619047
v3_the_space_between_us_stereotype_threat_a,RPP,negative,-6,7,0.39285714285714285,0.48214285714285715,-0.0892857142857143
v3_the_space_between_us_stereotype_threat_a,RPP,negative,-5,5,0.475,0.48214285714285715,-0.007142857142857173
v3_the_space_between_us_stereotype_threat_a,RPP,negative,-4,8,0.453125,0.48214285714285715,-0.02901785714285715
v3_the_space_between_us_stereotype_threat_a,RPP,negative,-3,8,0.40625,0.48214285714285715,-0.07589285714285715
v3_the_space_between_us_stereotype_threat_a,RPP,negative,-2,4,0.5625,0.48214285714285715,0.08035714285714285
v3_the_space_between_us_stereotype_threat_a,RPP,negative,-1,3,0.6666666666666666,0.48214285714285715,0.18452380952380948
v3_the_space_between_us_stereotype_threat_a,RPP,negative,0,3,0.5833333333333334,0.48214285714285715,0.10119047619047622
v3_the_space_between_us_stereotype_threat_a,RPP,negative,1,3,0.4166666666666667,0.48214285714285715,-0.06547619047619047
v3_the_space_between_us_stereotype_threat_a,RPP,negative,2,8,0.625,0.48214285714285715,0.14285714285714285
v3_the_space_between_us_stereotype_threat_a,RPP,negative,3,15,0.4166666666666667,0.48214285714285715,-0.06547619047619047
v3_the_space_between_us_stereotype_threat_a,RPP,negative,4,5,0.3,0.48214285714285715,-0.18214285714285716
v3_the_space_between_us_stereotype_threat_a,RPP,negative,5,18,0.5972222222222222,0.48214285714285715,0.11507936507936506
v3_the_space_between_us_stereotype_threat_a,RPP,negative,6,10,0.55,0.48214285714285715,0.0678571428571429
v3_the_space_between_us_stereotype_threat_a,RPP,negative,7,7,0.5,0.48214285714285715,0.01785714285714285
v3_the_space_between_us_stereotype_threat_a,RPP,negative,8,11,0.5,0.48214285714285715,0.01785714285714285
v3_the_stroop_effect_why_proportion_congrue,RPP,positive,-7,2,0.5,0.48660714285714285,0.01339285714285715
v3_the_stroop_effect_why_proportion_congrue,RPP,positive,-6,4,0.15625,0.48660714285714285,-0.33035714285714285
v3_the_stroop_effect_why_proportion_congrue,RPP,positive,-5,19,0.5394736842105263,0.48660714285714285,0.05286654135338348
v3_the_stroop_effect_why_proportion_congrue,RPP,positive,-4,3,0.4583333333333333,0.48660714285714285,-0.028273809523809534
v3_the_stroop_effect_why_proportion_congrue,RPP,positive,-3,8,0.34375,0.48660714285714285,-0.14285714285714285
v3_the_stroop_effect_why_proportion_congrue,RPP,positive,-2,21,0.44642857142857145,0.48660714285714285,-0.0401785714285714
v3_the_stroop_effect_why_proportion_congrue,RPP,positive,-1,33,0.5189393939393939,0.48660714285714285,0.03233225108225107
v3_the_stroop_effect_why_proportion_congrue,RPP,positive,0,33,0.5416666666666666,0.48660714285714285,0.05505952380952378
v3_the_stroop_effect_why_proportion_congrue,RPP,positive,1,34,0.4411764705882353,0.48660714285714285,-0.04543067226890757
v3_the_stroop_effect_why_proportion_congrue,RPP,positive,2,17,0.3897058823529412,0.48660714285714285,-0.09690126050420167
v3_the_stroop_effect_why_proportion_congrue,RPP,positive,3,11,0.3409090909090909,0.48660714285714285,-0.14569805194805197
v3_the_stroop_effect_why_proportion_congrue,RPP,positive,4,22,0.2840909090909091,0.48660714285714285,-0.20251623376623373
v3_the_stroop_effect_why_proportion_congrue,RPP,positive,5,9,0.4444444444444444,0.48660714285714285,-0.04216269841269843
v3_the_stroop_effect_why_proportion_congrue,RPP,positive,6,11,0.4431818181818182,0.48660714285714285,-0.04342532467532467
v3_the_stroop_effect_why_proportion_congrue,RPP,positive,7,7,0.44642857142857145,0.48660714285714285,-0.0401785714285714
v3_the_stroop_effect_why_proportion_congrue,RPP,positive,8,9,0.5,0.48660714285714285,0.01339285714285715
v3_the_threat_of_appearing_prejudiced_and_r,RPP,negative,-7,3,0.375,0.44907407407407407,-0.07407407407407407
v3_the_threat_of_appearing_prejudiced_and_r,RPP,negative,-6,7,0.32142857142857145,0.44907407407407407,-0.12764550264550262
v3_the_threat_of_appearing_prejudiced_and_r,RPP,negative,-5,2,0.6875,0.44907407407407407,0.23842592592592593
v3_the_threat_of_appearing_prejudiced_and_r,RPP,negative,-4,4,0.53125,0.44907407407407407,0.08217592592592593
v3_the_threat_of_appearing_prejudiced_and_r,RPP,negative,-3,14,0.39285714285714285,0.44907407407407407,-0.05621693121693122
v3_the_threat_of_appearing_prejudiced_and_r,RPP,negative,-2,1,0.5,0.44907407407407407,0.05092592592592593
v3_the_threat_of_appearing_prejudiced_and_r,RPP,negative,-1,6,0.4375,0.44907407407407407,-0.01157407407407407
v3_the_threat_of_appearing_prejudiced_and_r,RPP,negative,0,4,0.6875,0.44907407407407407,0.23842592592592593
v3_the_threat_of_appearing_prejudiced_and_r,RPP,negative,1,8,0.578125,0.44907407407407407,0.12905092592592593
v3_the_threat_of_appearing_prejudiced_and_r,RPP,negative,2,6,0.3541666666666667,0.44907407407407407,-0.09490740740740738
v3_the_threat_of_appearing_prejudiced_and_r,RPP,negative,3,3,0.4583333333333333,0.44907407407407407,0.009259259259259245
v3_the_threat_of_appearing_prejudiced_and_r,RPP,negative,4,6,0.4375,0.44907407407407407,-0.01157407407407407
v3_the_threat_of_appearing_prejudiced_and_r,RPP,negative,6,2,0.625,0.44907407407407407,0.17592592592592593
v3_the_threat_of_appearing_prejudiced_and_r,RPP,negative,7,7,0.48214285714285715,0.44907407407407407,0.03306878306878308
v3_the_threat_of_appearing_prejudiced_and_r,RPP,negative,8,3,0.4166666666666667,0.44907407407407407,-0.032407407407407385
v3_the_ultimate_sampling_dilemma_in_experie,RPP,positive,-6,6,0.5,0.5,0.0
v3_the_ultimate_sampling_dilemma_in_experie,RPP,positive,-3,1,0.625,0.5,0.125
v3_the_ultimate_sampling_dilemma_in_experie,RPP,positive,-2,2,0.4375,0.5,-0.0625
v3_the_ultimate_sampling_dilemma_in_experie,RPP,positive,-1,1,0.5,0.5,0.0
v3_the_ultimate_sampling_dilemma_in_experie,RPP,positive,0,3,0.75,0.5,0.25
v3_the_ultimate_sampling_dilemma_in_experie,RPP,positive,1,4,0.3125,0.5,-0.1875
v3_the_ultimate_sampling_dilemma_in_experie,RPP,positive,2,3,0.4583333333333333,0.5,-0.041666666666666685
v3_the_ultimate_sampling_dilemma_in_experie,RPP,positive,3,2,0.0625,0.5,-0.4375
v3_the_ultimate_sampling_dilemma_in_experie,RPP,positive,4,5,0.575,0.5,0.07499999999999996
v3_the_ultimate_sampling_dilemma_in_experie,RPP,positive,5,2,0.4375,0.5,-0.0625
v3_the_ultimate_sampling_dilemma_in_experie,RPP,positive,8,1,0.5,0.5,0.0
v3_toward_a_physiology_of_dual_process_reas,RPP,negative,-6,3,0.4166666666666667,0.5483870967741935,-0.13172043010752682
v3_toward_a_physiology_of_dual_process_reas,RPP,negative,-5,14,0.5892857142857143,0.5483870967741935,0.040898617511520796
v3_toward_a_physiology_of_dual_process_reas,RPP,negative,-4,9,0.6805555555555556,0.5483870967741935,0.13216845878136207
v3_toward_a_physiology_of_dual_process_reas,RPP,negative,-3,9,0.5555555555555556,0.5483870967741935,0.007168458781362075
v3_toward_a_physiology_of_dual_process_reas,RPP,negative,-2,12,0.46875,0.5483870967741935,-0.0796370967741935
v3_toward_a_physiology_of_dual_process_reas,RPP,negative,-1,18,0.5,0.5483870967741935,-0.048387096774193505
v3_toward_a_physiology_of_dual_process_reas,RPP,negative,0,12,0.4479166666666667,0.5483870967741935,-0.10047043010752682
v3_toward_a_physiology_of_dual_process_reas,RPP,negative,1,14,0.4642857142857143,0.5483870967741935,-0.0841013824884792
v3_toward_a_physiology_of_dual_process_reas,RPP,negative,2,10,0.5,0.5483870967741935,-0.048387096774193505
v3_toward_a_physiology_of_dual_process_reas,RPP,negative,3,15,0.5583333333333333,0.5483870967741935,0.009946236559139843
v3_toward_a_physiology_of_dual_process_reas,RPP,negative,4,5,0.45,0.5483870967741935,-0.0983870967741935
v3_toward_a_physiology_of_dual_process_reas,RPP,negative,5,4,0.71875,0.5483870967741935,0.1703629032258065
v3_toward_a_physiology_of_dual_process_reas,RPP,negative,6,2,0.3125,0.5483870967741935,-0.2358870967741935
v3_toward_a_physiology_of_dual_process_reas,RPP,negative,7,3,0.4166666666666667,0.5483870967741935,-0.13172043010752682
v3_toward_a_physiology_of_dual_process_reas,RPP,negative,8,2,0.4375,0.5483870967741935,-0.1108870967741935
v3_tracing_attention_and_the_activation_flo,RPP,negative,-6,1,0.5,0.5104166666666666,-0.01041666666666663
v3_tracing_attention_and_the_activation_flo,RPP,negative,-5,20,0.4875,0.5104166666666666,-0.02291666666666664
v3_tracing_attention_and_the_activation_flo,RPP,negative,-4,19,0.5394736842105263,0.5104166666666666,0.029057017543859698
v3_tracing_attention_and_the_activation_flo,RPP,negative,-3,11,0.36363636363636365,0.5104166666666666,-0.14678030303030298
v3_tracing_attention_and_the_activation_flo,RPP,negative,-2,19,0.5723684210526315,0.5104166666666666,0.0619517543859649
v3_tracing_attention_and_the_activation_flo,RPP,negative,-1,3,0.625,0.5104166666666666,0.11458333333333337
v3_tracing_attention_and_the_activation_flo,RPP,negative,0,3,0.625,0.5104166666666666,0.11458333333333337
v3_tracing_attention_and_the_activation_flo,RPP,negative,1,7,0.5,0.5104166666666666,-0.01041666666666663
v3_tracing_attention_and_the_activation_flo,RPP,negative,2,6,0.6666666666666666,0.5104166666666666,0.15625
v3_tracing_attention_and_the_activation_flo,RPP,negative,3,3,0.5416666666666666,0.5104166666666666,0.03125
v3_tracing_attention_and_the_activation_flo,RPP,negative,4,10,0.6,0.5104166666666666,0.08958333333333335
v3_tracing_attention_and_the_activation_flo,RPP,negative,5,1,0.75,0.5104166666666666,0.23958333333333337
v3_tracing_attention_and_the_activation_flo,RPP,negative,7,3,0.5,0.5104166666666666,-0.01041666666666663
v3_tracing_attention_and_the_activation_flo,RPP,negative,8,3,0.7083333333333334,0.5104166666666666,0.19791666666666674
v3_walking_on_eggshells_how_expressing_rela,RPP,negative,-6,2,0.5625,0.5277777777777778,0.03472222222222221
v3_walking_on_eggshells_how_expressing_rela,RPP,negative,-5,2,0.75,0.5277777777777778,0.2222222222222222
v3_walking_on_eggshells_how_expressing_rela,RPP,negative,-4,1,0.625,0.5277777777777778,0.09722222222222221
v3_walking_on_eggshells_how_expressing_rela,RPP,negative,-3,4,0.4375,0.5277777777777778,-0.09027777777777779
v3_walking_on_eggshells_how_expressing_rela,RPP,negative,-2,1,0.0,0.5277777777777778,-0.5277777777777778
v3_walking_on_eggshells_how_expressing_rela,RPP,negative,-1,1,0.875,0.5277777777777778,0.3472222222222222
v3_walking_on_eggshells_how_expressing_rela,RPP,negative,0,7,0.6785714285714286,0.5277777777777778,0.1507936507936508
v3_walking_on_eggshells_how_expressing_rela,RPP,negative,3,2,0.125,0.5277777777777778,-0.4027777777777778
v3_walking_on_eggshells_how_expressing_rela,RPP,negative,5,2,0.375,0.5277777777777778,-0.1527777777777778
v3_walking_on_eggshells_how_expressing_rela,RPP,negative,6,1,0.25,0.5277777777777778,-0.2777777777777778
v3_walking_on_eggshells_how_expressing_rela,RPP,negative,8,1,0.875,0.5277777777777778,0.3472222222222222
v3_weight_as_an_embodiment_of_importance,ML3,negative,-6,2,0.25,0.5089285714285714,-0.2589285714285714
v3_weight_as_an_embodiment_of_importance,ML3,negative,-5,3,0.5833333333333334,0.5089285714285714,0.07440476190476197
v3_weight_as_an_embodiment_of_importance,ML3,negative,-4,3,0.5833333333333334,0.5089285714285714,0.07440476190476197
v3_weight_as_an_embodiment_of_importance,ML3,negative,-3,13,0.5192307692307693,0.5089285714285714,0.010302197802197877
v3_weight_as_an_embodiment_of_importance,ML3,negative,-2,9,0.4305555555555556,0.5089285714285714,-0.07837301587301582
v3_weight_as_an_embodiment_of_importance,ML3,negative,-1,28,0.5133928571428571,0.5089285714285714,0.004464285714285698
v3_weight_as_an_embodiment_of_importance,ML3,negative,0,14,0.6071428571428571,0.5089285714285714,0.0982142857142857
v3_weight_as_an_embodiment_of_importance,ML3,negative,1,25,0.44,0.5089285714285714,-0.0689285714285714
v3_weight_as_an_embodiment_of_importance,ML3,negative,2,6,0.5416666666666666,0.5089285714285714,0.03273809523809523
v3_weight_as_an_embodiment_of_importance,ML3,negative,3,7,0.42857142857142855,0.5089285714285714,-0.08035714285714285
v3_weight_as_an_embodiment_of_importance,ML3,negative,4,8,0.46875,0.5089285714285714,-0.0401785714285714
v3_weight_as_an_embodiment_of_importance,ML3,negative,5,2,0.3125,0.5089285714285714,-0.1964285714285714
v3_weight_as_an_embodiment_of_importance,ML3,negative,6,6,0.3125,0.5089285714285714,-0.1964285714285714
v3_weight_as_an_embodiment_of_importance,ML3,negative,7,3,0.5,0.5089285714285714,-0.008928571428571397
v3_weight_as_an_embodiment_of_importance,ML3,negative,8,6,0.5208333333333334,0.5089285714285714,0.011904761904761973
v3_when_does_between_sequence_phonological_,RPP,negative,-8,1,0.75,0.5706521739130435,0.17934782608695654
v3_when_does_between_sequence_phonological_,RPP,negative,-4,3,0.5833333333333334,0.5706521739130435,0.012681159420289911
v3_when_does_between_sequence_phonological_,RPP,negative,-3,6,0.4583333333333333,0.5706521739130435,-0.11231884057971014
v3_when_does_between_sequence_phonological_,RPP,negative,-1,14,0.6160714285714286,0.5706521739130435,0.045419254658385144
v3_when_does_between_sequence_phonological_,RPP,negative,0,28,0.5848214285714286,0.5706521739130435,0.014169254658385144
v3_when_does_between_sequence_phonological_,RPP,negative,2,15,0.4583333333333333,0.5706521739130435,-0.11231884057971014
v3_when_does_between_sequence_phonological_,RPP,negative,8,3,0.75,0.5706521739130435,0.17934782608695654
v3_where_do_we_look_during_potentially_offe,RPP,negative,-7,1,0.25,0.4166666666666667,-0.16666666666666669
v3_where_do_we_look_during_potentially_offe,RPP,negative,-6,1,0.625,0.4166666666666667,0.20833333333333331
v3_where_do_we_look_during_potentially_offe,RPP,negative,-4,1,0.125,0.4166666666666667,-0.2916666666666667
v3_where_do_we_look_during_potentially_offe,RPP,negative,-3,3,0.5833333333333334,0.4166666666666667,0.16666666666666669
v3_where_do_we_look_during_potentially_offe,RPP,negative,-2,6,0.4375,0.4166666666666667,0.020833333333333315
v3_where_do_we_look_during_potentially_offe,RPP,negative,-1,5,0.35,0.4166666666666667,-0.06666666666666671
v3_where_do_we_look_during_potentially_offe,RPP,negative,0,2,0.1875,0.4166666666666667,-0.22916666666666669
v3_where_do_we_look_during_potentially_offe,RPP,negative,1,1,0.25,0.4166666666666667,-0.16666666666666669
v3_where_do_we_look_during_potentially_offe,RPP,negative,2,1,0.625,0.4166666666666667,0.20833333333333331
v3_where_do_we_look_during_potentially_offe,RPP,negative,3,2,0.375,0.4166666666666667,-0.041666666666666685
v3_where_do_we_look_during_potentially_offe,RPP,negative,5,1,0.125,0.4166666666666667,-0.2916666666666667
v3_where_do_we_look_during_potentially_offe,RPP,negative,6,4,0.34375,0.4166666666666667,-0.07291666666666669
v3_where_do_we_look_during_potentially_offe,RPP,negative,7,3,0.6666666666666666,0.4166666666666667,0.24999999999999994
v3_why_do_implicit_and_explicit_attitude_te,RPP,positive,-5,3,0.5,0.4722222222222222,0.02777777777777779
v3_why_do_implicit_and_explicit_attitude_te,RPP,positive,-4,1,0.25,0.4722222222222222,-0.2222222222222222
v3_why_do_implicit_and_explicit_attitude_te,RPP,positive,-3,10,0.45,0.4722222222222222,-0.0222222222222222
v3_why_do_implicit_and_explicit_attitude_te,RPP,positive,-2,9,0.5138888888888888,0.4722222222222222,0.04166666666666663
v3_why_do_implicit_and_explicit_attitude_te,RPP,positive,-1,4,0.46875,0.4722222222222222,-0.00347222222222221
v3_why_do_implicit_and_explicit_attitude_te,RPP,positive,0,2,0.25,0.4722222222222222,-0.2222222222222222
v3_why_do_implicit_and_explicit_attitude_te,RPP,positive,1,2,0.5,0.4722222222222222,0.02777777777777779
v3_why_do_implicit_and_explicit_attitude_te,RPP,positive,2,11,0.5340909090909091,0.4722222222222222,0.06186868686868685
v3_why_do_implicit_and_explicit_attitude_te,RPP,positive,3,8,0.4375,0.4722222222222222,-0.03472222222222221
v3_why_do_implicit_and_explicit_attitude_te,RPP,positive,4,4,0.4375,0.4722222222222222,-0.03472222222222221
v3_why_do_implicit_and_explicit_attitude_te,RPP,positive,5,9,0.4861111111111111,0.4722222222222222,0.013888888888888895
v3_why_do_implicit_and_explicit_attitude_te,RPP,positive,7,4,0.28125,0.4722222222222222,-0.1909722222222222
v3_why_do_implicit_and_explicit_attitude_te,RPP,positive,8,7,0.4107142857142857,0.4722222222222222,-0.06150793650793651
v3_why_people_are_reluctant_to_tempt_fate,RPP,negative,-6,1,0.125,0.40625,-0.28125
v3_why_people_are_reluctant_to_tempt_fate,RPP,negative,-5,4,0.375,0.40625,-0.03125
v3_why_people_are_reluctant_to_tempt_fate,RPP,negative,-4,2,0.4375,0.40625,0.03125
v3_why_people_are_reluctant_to_tempt_fate,RPP,negative,-3,6,0.3541666666666667,0.40625,-0.052083333333333315
v3_why_people_are_reluctant_to_tempt_fate,RPP,negative,-2,3,0.625,0.40625,0.21875
v3_why_people_are_reluctant_to_tempt_fate,RPP,negative,-1,13,0.38461538461538464,0.40625,-0.021634615384615363
v3_why_people_are_reluctant_to_tempt_fate,RPP,negative,0,2,0.875,0.40625,0.46875
v3_why_people_are_reluctant_to_tempt_fate,RPP,negative,1,2,0.375,0.40625,-0.03125
v3_why_people_are_reluctant_to_tempt_fate,RPP,negative,2,3,0.4166666666666667,0.40625,0.010416666666666685
v3_why_people_are_reluctant_to_tempt_fate,RPP,negative,3,12,0.53125,0.40625,0.125
v3_why_people_are_reluctant_to_tempt_fate,RPP,negative,5,1,0.625,0.40625,0.21875
v3_why_people_are_reluctant_to_tempt_fate,RPP,negative,7,9,0.5416666666666666,0.40625,0.13541666666666663
v3_why_people_are_reluctant_to_tempt_fate,RPP,negative,8,1,0.25,0.40625,-0.15625
v3_working_memory_costs_of_task_switching,RPP,negative,-7,1,0.375,0.4090909090909091,-0.034090909090909116
v3_working_memory_costs_of_task_switching,RPP,negative,-6,1,0.5,0.4090909090909091,0.09090909090909088
v3_working_memory_costs_of_task_switching,RPP,negative,-5,11,0.375,0.4090909090909091,-0.034090909090909116
v3_working_memory_costs_of_task_switching,RPP,negative,-4,8,0.46875,0.4090909090909091,0.059659090909090884
v3_working_memory_costs_of_task_switching,RPP,negative,-3,2,0.3125,0.4090909090909091,-0.09659090909090912
v3_working_memory_costs_of_task_switching,RPP,negative,-2,1,0.5,0.4090909090909091,0.09090909090909088
v3_working_memory_costs_of_task_switching,RPP,negative,0,3,0.375,0.4090909090909091,-0.034090909090909116
v3_working_memory_costs_of_task_switching,RPP,negative,1,4,0.4375,0.4090909090909091,0.028409090909090884
v3_working_memory_costs_of_task_switching,RPP,negative,2,2,0.4375,0.4090909090909091,0.028409090909090884
v3_working_memory_costs_of_task_switching,RPP,negative,3,7,0.5535714285714286,0.4090909090909091,0.1444805194805195
v3_working_memory_costs_of_task_switching,RPP,negative,4,4,0.5,0.4090909090909091,0.09090909090909088
v3_working_memory_costs_of_task_switching,RPP,negative,5,8,0.640625,0.4090909090909091,0.23153409090909088
v3_working_memory_costs_of_task_switching,RPP,negative,7,2,0.625,0.4090909090909091,0.21590909090909088
v3_working_memory_costs_of_task_switching,RPP,negative,8,1,0.5,0.4090909090909091,0.09090909090909088
