analysis_claim_id,source_id,project,criterion,event_year,scheme,feature,n_pre,n_post,k_pre,k_post,all_pre,all_post,observed_pre,observed_post,expected_pre,expected_post,observed_filter_shift,expected_filter_shift,residual
v3_1_f_noise_and_effort_on_implicit_measure,rpp.63,RPP,failed,2015,volume,epistemic_adverb_tokens,51,38,28,15,0.0,0.02631578947368421,0.0,0.06666666666666667,0.0,0.026315789473684213,0.04035087719298246,3.469446951953614e-18,0.04035087719298246
v3_1_f_noise_and_effort_on_implicit_measure,rpp.63,RPP,failed,2015,volume,replication_word_tokens,51,38,28,15,0.0784313725490196,0.13157894736842105,0.07142857142857142,0.0,0.07843137254901962,0.13157894736842105,-0.12457614624797286,-1.3877787807814457e-17,-0.12457614624797285
v3_1_f_noise_and_effort_on_implicit_measure,rpp.63,RPP,failed,2015,volume,lowercase_modal_tokens,51,38,28,15,0.17647058823529413,0.0,0.21428571428571427,0.0,0.17647058823529413,0.0,-0.037815126050420145,0.0,-0.037815126050420145
v3_a_motion_aftereffect_from_still_photogra,rpp.127,RPP,successful,2015,volume,epistemic_adverb_tokens,34,25,20,14,0.0,0.0,0.0,0.0,0.0,0.0,0.0,0.0,0.0
v3_a_motion_aftereffect_from_still_photogra,rpp.127,RPP,successful,2015,volume,replication_word_tokens,34,25,20,14,0.058823529411764705,0.0,0.05,0.0,0.058823529411764705,0.0,0.008823529411764702,0.0,0.008823529411764702
v3_a_motion_aftereffect_from_still_photogra,rpp.127,RPP,successful,2015,volume,lowercase_modal_tokens,34,25,20,14,0.14705882352941177,0.12,0.2,0.0,0.14705882352941177,0.12,-0.17294117647058824,0.0,-0.17294117647058824
v3_a_single_exposure_to_the_american_flag_s,ml1.12,ML1,failed,2014,volume,epistemic_adverb_tokens,31,96,23,53,0.0,0.010416666666666666,0.0,0.0,0.0,0.010416666666666666,-0.010416666666666666,0.0,-0.010416666666666666
v3_a_single_exposure_to_the_american_flag_s,ml1.12,ML1,failed,2014,volume,replication_word_tokens,31,96,23,53,0.0,0.08333333333333333,0.0,0.07547169811320754,0.0,0.08333333333333333,-0.007861635220125784,0.0,-0.007861635220125784
v3_a_single_exposure_to_the_american_flag_s,ml1.12,ML1,failed,2014,volume,lowercase_modal_tokens,31,96,23,53,0.0967741935483871,0.13541666666666666,0.13043478260869565,0.20754716981132076,0.0967741935483871,0.13541666666666666,0.03846991408434555,0.0,0.03846991408434555
v3_a_social_functional_approach_to_emotions,rpp.56,RPP,failed,2015,volume,epistemic_adverb_tokens,61,73,35,48,0.0,0.0,0.0,0.0,0.0,0.0,0.0,0.0,0.0
v3_a_social_functional_approach_to_emotions,rpp.56,RPP,failed,2015,volume,replication_word_tokens,61,73,35,48,0.0,0.0136986301369863,0.0,0.020833333333333332,0.0,0.0136986301369863,0.007134703196347032,0.0,0.007134703196347032
v3_a_social_functional_approach_to_emotions,rpp.56,RPP,failed,2015,volume,lowercase_modal_tokens,61,73,35,48,0.11475409836065574,0.0958904109589041,0.17142857142857143,0.125,0.11475409836065573,0.0958904109589041,-0.027564884026819794,1.3877787807814457e-17,-0.027564884026819808
v3_accelerated_relearning_after_retrieval_i,rpp.4,RPP,failed,2015,volume,epistemic_adverb_tokens,34,44,17,32,0.0,0.0,0.0,0.0,0.0,0.0,0.0,0.0,0.0
v3_accelerated_relearning_after_retrieval_i,rpp.4,RPP,failed,2015,volume,replication_word_tokens,34,44,17,32,0.08823529411764706,0.045454545454545456,0.11764705882352941,0.0625,0.08823529411764706,0.045454545454545456,-0.012366310160427801,0.0,-0.012366310160427801
v3_accelerated_relearning_after_retrieval_i,rpp.4,RPP,failed,2015,volume,lowercase_modal_tokens,34,44,17,32,0.08823529411764706,0.20454545454545456,0.11764705882352941,0.25,0.08823529411764706,0.20454545454545456,0.016042780748663096,0.0,0.016042780748663096
v3_action_dynamics_reveal_parallel_competit,rpp.112,RPP,successful,2015,volume,epistemic_adverb_tokens,58,112,25,38,0.0,0.0,0.0,0.0,0.0,0.0,0.0,0.0,0.0
v3_action_dynamics_reveal_parallel_competit,rpp.112,RPP,successful,2015,volume,replication_word_tokens,58,112,25,38,0.034482758620689655,0.008928571428571428,0.04,0.02631578947368421,0.034482758620689655,0.008928571428571428,0.011869976665802435,0.0,0.011869976665802435
v3_action_dynamics_reveal_parallel_competit,rpp.112,RPP,successful,2015,volume,lowercase_modal_tokens,58,112,25,38,0.15517241379310345,0.03571428571428571,0.2,0.07894736842105263,0.15517241379310345,0.03571428571428571,-0.0015945035001296431,0.0,-0.0015945035001296431
v3_affective_incoherence_when_affective_con,rpp.52,RPP,failed,2015,volume,epistemic_adverb_tokens,36,22,20,17,0.0,0.0,0.0,0.0,0.0,0.0,0.0,0.0,0.0
v3_affective_incoherence_when_affective_con,rpp.52,RPP,failed,2015,volume,replication_word_tokens,36,22,20,17,0.08333333333333333,0.0,0.15,0.0,0.08333333333333333,0.0,-0.06666666666666667,0.0,-0.06666666666666667
v3_affective_incoherence_when_affective_con,rpp.52,RPP,failed,2015,volume,lowercase_modal_tokens,36,22,20,17,0.027777777777777776,0.045454545454545456,0.05,0.058823529411764705,0.02777777777777778,0.045454545454545456,-0.008853238265002977,-3.469446951953614e-18,-0.008853238265002974
v3_attractor_dynamics_and_semantic_neighbor,rpp.11,RPP,successful,2015,volume,epistemic_adverb_tokens,46,52,22,32,0.0,0.0,0.0,0.0,0.0,0.0,0.0,0.0,0.0
v3_attractor_dynamics_and_semantic_neighbor,rpp.11,RPP,successful,2015,volume,replication_word_tokens,46,52,22,32,0.0,0.0,0.0,0.0,0.0,0.0,0.0,0.0,0.0
v3_attractor_dynamics_and_semantic_neighbor,rpp.11,RPP,successful,2015,volume,lowercase_modal_tokens,46,52,22,32,0.10869565217391304,0.057692307692307696,0.09090909090909091,0.0625,0.10869565217391304,0.057692307692307696,0.022594253572514433,0.0,0.022594253572514433
v3_auditory_change_detection_simple_sounds_,rpp.139,RPP,successful,2015,volume,epistemic_adverb_tokens,30,32,15,16,0.0,0.0,0.0,0.0,0.0,0.0,0.0,0.0,0.0
v3_auditory_change_detection_simple_sounds_,rpp.139,RPP,successful,2015,volume,replication_word_tokens,30,32,15,16,0.0,0.03125,0.0,0.0,0.0,0.03125,-0.03125,0.0,-0.03125
v3_auditory_change_detection_simple_sounds_,rpp.139,RPP,successful,2015,volume,lowercase_modal_tokens,30,32,15,16,0.23333333333333334,0.21875,0.2,0.25,0.23333333333333334,0.21875,0.06458333333333333,0.0,0.06458333333333333
v3_availability_a_heuristic_for_judging_fre,ml3.4,ML3,successful,2016,volume,epistemic_adverb_tokens,111,41,57,33,0.02702702702702703,0.0,0.03508771929824561,0.0,0.02702702702702703,0.0,-0.008060692271218584,0.0,-0.008060692271218584
v3_availability_a_heuristic_for_judging_fre,ml3.4,ML3,successful,2016,volume,replication_word_tokens,111,41,57,33,0.0,0.0,0.0,0.0,0.0,0.0,0.0,0.0,0.0
v3_availability_a_heuristic_for_judging_fre,ml3.4,ML3,successful,2016,volume,lowercase_modal_tokens,111,41,57,33,0.14414414414414414,0.07317073170731707,0.14035087719298245,0.06060606060606061,0.14414414414414414,0.07317073170731707,-0.008771404150094766,0.0,-0.008771404150094766
v3_balancing_connectedness_and_self_protect,rpp.93,RPP,failed,2015,volume,epistemic_adverb_tokens,128,149,93,98,0.0078125,0.006711409395973154,0.010752688172043012,0.01020408163265306,0.0078125,0.006711409395973153,0.0005524840646368946,-8.673617379884035e-19,0.0005524840646368954
v3_balancing_connectedness_and_self_protect,rpp.93,RPP,failed,2015,volume,replication_word_tokens,128,149,93,98,0.0078125,0.0,0.010752688172043012,0.0,0.0078125,0.0,-0.0029401881720430116,0.0,-0.0029401881720430116
v3_balancing_connectedness_and_self_protect,rpp.93,RPP,failed,2015,volume,lowercase_modal_tokens,128,149,93,98,0.1171875,0.1610738255033557,0.13978494623655913,0.19387755102040816,0.1171875,0.1610738255033557,0.010206279280493336,0.0,0.010206279280493336
v3_cloningertextquotesingles_psychobiologic,ml3.8,ML3,failed,2016,volume,epistemic_adverb_tokens,71,132,49,75,0.014084507042253521,0.007575757575757576,0.02040816326530612,0.013333333333333334,0.01408450704225352,0.007575757575757577,-0.0005660804654768412,2.6020852139652106e-18,-0.0005660804654768438
v3_cloningertextquotesingles_psychobiologic,ml3.8,ML3,failed,2016,volume,replication_word_tokens,71,132,49,75,0.0,0.007575757575757576,0.0,0.013333333333333334,0.0,0.007575757575757577,0.005757575757575758,8.673617379884035e-19,0.005757575757575757
v3_cloningertextquotesingles_psychobiologic,ml3.8,ML3,failed,2016,volume,lowercase_modal_tokens,71,132,49,75,0.014084507042253521,0.05303030303030303,0.02040816326530612,0.05333333333333334,0.01408450704225352,0.05303030303030303,-0.006020625920022294,1.734723475976807e-18,-0.006020625920022296
v3_conflict_triggered_goal_shielding_respon,rpp.158,RPP,successful,2015,volume,epistemic_adverb_tokens,16,35,10,20,0.0625,0.0,0.0,0.0,0.0625,0.0,0.0625,0.0,0.0625
v3_conflict_triggered_goal_shielding_respon,rpp.158,RPP,successful,2015,volume,replication_word_tokens,16,35,10,20,0.0,0.08571428571428572,0.0,0.15,0.0,0.08571428571428572,0.06428571428571428,0.0,0.06428571428571428
v3_conflict_triggered_goal_shielding_respon,rpp.158,RPP,successful,2015,volume,lowercase_modal_tokens,16,35,10,20,0.125,0.2,0.2,0.25,0.125,0.2,-0.025000000000000022,0.0,-0.025000000000000022
v3_decision_making_and_learning_while_takin,rpp.39,RPP,failed,2015,volume,epistemic_adverb_tokens,70,128,24,30,0.0,0.0,0.0,0.0,0.0,0.0,0.0,0.0,0.0
v3_decision_making_and_learning_while_takin,rpp.39,RPP,failed,2015,volume,replication_word_tokens,70,128,24,30,0.0,0.0,0.0,0.0,0.0,0.0,0.0,0.0,0.0
v3_decision_making_and_learning_while_takin,rpp.39,RPP,failed,2015,volume,lowercase_modal_tokens,70,128,24,30,0.05714285714285714,0.1171875,0.041666666666666664,0.26666666666666666,0.05714285714285714,0.1171875,0.16495535714285714,0.0,0.16495535714285714
v3_effects_of_fluency_on_psychological_dist,rpp.104,RPP,failed,2015,volume,epistemic_adverb_tokens,75,173,41,107,0.013333333333333334,0.0,0.0,0.0,0.013333333333333336,0.0,0.013333333333333334,-1.734723475976807e-18,0.013333333333333336
v3_effects_of_fluency_on_psychological_dist,rpp.104,RPP,failed,2015,volume,replication_word_tokens,75,173,41,107,0.0,0.028901734104046242,0.0,0.04672897196261682,0.0,0.028901734104046242,0.01782723785857058,0.0,0.01782723785857058
v3_effects_of_fluency_on_psychological_dist,rpp.104,RPP,failed,2015,volume,lowercase_modal_tokens,75,173,41,107,0.10666666666666667,0.10404624277456648,0.0975609756097561,0.1308411214953271,0.10666666666666669,0.10404624277456648,0.035900569777671185,-1.3877787807814457e-17,0.0359005697776712
v3_effects_of_need_for_cognition_on_message,ml3.7,ML3,failed,2016,volume,epistemic_adverb_tokens,20,154,13,94,0.0,0.0,0.0,0.0,0.0,0.0,0.0,0.0,0.0
v3_effects_of_need_for_cognition_on_message,ml3.7,ML3,failed,2016,volume,replication_word_tokens,20,154,13,94,0.0,0.045454545454545456,0.0,0.02127659574468085,0.0,0.04545454545454545,-0.024177949709864605,-6.938893903907228e-18,-0.0241779497098646
v3_effects_of_need_for_cognition_on_message,ml3.7,ML3,failed,2016,volume,lowercase_modal_tokens,20,154,13,94,0.0,0.07142857142857142,0.0,0.06382978723404255,0.0,0.07142857142857142,-0.0075987841945288764,0.0,-0.0075987841945288764
v3_elaboration_enhances_the_imagined_contac,ml1.14,ML1,successful,2014,volume,epistemic_adverb_tokens,130,254,63,116,0.007692307692307693,0.007874015748031496,0.015873015873015872,0.017241379310344827,0.007692307692307694,0.007874015748031496,0.001186655381605152,-8.673617379884035e-19,0.0011866553816051529
v3_elaboration_enhances_the_imagined_contac,ml1.14,ML1,successful,2014,volume,replication_word_tokens,130,254,63,116,0.015384615384615385,0.027559055118110236,0.015873015873015872,0.008620689655172414,0.015384615384615387,0.027559055118110236,-0.01942676595133831,-1.734723475976807e-18,-0.019426765951338305
v3_elaboration_enhances_the_imagined_contac,ml1.14,ML1,successful,2014,volume,lowercase_modal_tokens,130,254,63,116,0.05384615384615385,0.0984251968503937,0.06349206349206349,0.14655172413793102,0.05384615384615385,0.0984251968503937,0.038480617641627676,0.0,0.038480617641627676
v3_expectations_as_endowments_evidence_on_r,ee.9,EERP,failed,2016,volume,epistemic_adverb_tokens,47,138,25,56,0.0,0.0,0.0,0.0,0.0,0.0,0.0,0.0,0.0
v3_expectations_as_endowments_evidence_on_r,ee.9,EERP,failed,2016,volume,replication_word_tokens,47,138,25,56,0.02127659574468085,0.007246376811594203,0.04,0.017857142857142856,0.02127659574468085,0.007246376811594203,-0.008112638209770498,0.0,-0.008112638209770498
v3_expectations_as_endowments_evidence_on_r,ee.9,EERP,failed,2016,volume,lowercase_modal_tokens,47,138,25,56,0.1702127659574468,0.06521739130434782,0.24,0.125,0.1702127659574468,0.06521739130434782,-0.010004625346901011,0.0,-0.010004625346901011
v3_experiments_in_wording_questions_ii,ml1.10,ML1,successful,2014,volume,epistemic_adverb_tokens,48,41,21,24,0.020833333333333332,0.0,0.0,0.0,0.020833333333333332,0.0,0.020833333333333332,0.0,0.020833333333333332
v3_experiments_in_wording_questions_ii,ml1.10,ML1,successful,2014,volume,replication_word_tokens,48,41,21,24,0.0,0.0,0.0,0.0,0.0,0.0,0.0,0.0,0.0
v3_experiments_in_wording_questions_ii,ml1.10,ML1,successful,2014,volume,lowercase_modal_tokens,48,41,21,24,0.0625,0.04878048780487805,0.047619047619047616,0.08333333333333333,0.0625,0.04878048780487806,0.04943379790940766,6.938893903907228e-18,0.049433797909407655
v3_happiness_and_time_preference_the_effect,ee.14,EERP,failed,2016,volume,epistemic_adverb_tokens,64,148,30,88,0.0,0.0,0.0,0.0,0.0,0.0,0.0,0.0,0.0
v3_happiness_and_time_preference_the_effect,ee.14,EERP,failed,2016,volume,replication_word_tokens,64,148,30,88,0.046875,0.006756756756756757,0.1,0.0,0.046875,0.006756756756756757,-0.05988175675675676,0.0,-0.05988175675675676
v3_happiness_and_time_preference_the_effect,ee.14,EERP,failed,2016,volume,lowercase_modal_tokens,64,148,30,88,0.03125,0.08783783783783784,0.03333333333333333,0.09090909090909091,0.03125,0.08783783783783784,0.000987919737919736,0.0,0.000987919737919736
v3_head_up_foot_down_object_words_orient_at,rpp.167,RPP,failed,2015,volume,epistemic_adverb_tokens,52,92,25,43,0.0,0.0,0.0,0.0,0.0,0.0,0.0,0.0,0.0
v3_head_up_foot_down_object_words_orient_at,rpp.167,RPP,failed,2015,volume,replication_word_tokens,52,92,25,43,0.038461538461538464,0.043478260869565216,0.04,0.046511627906976744,0.038461538461538464,0.043478260869565216,0.0014949054989499902,0.0,0.0014949054989499902
v3_head_up_foot_down_object_words_orient_at,rpp.167,RPP,failed,2015,volume,lowercase_modal_tokens,52,92,25,43,0.17307692307692307,0.05434782608695652,0.24,0.023255813953488372,0.17307692307692307,0.05434782608695652,-0.09801508905654507,0.0,-0.09801508905654507
v3_hedonic_and_instrumental_motives_in_ange,rpp.142,RPP,successful,2015,volume,epistemic_adverb_tokens,56,144,39,94,0.0,0.0,0.0,0.0,0.0,0.0,0.0,0.0,0.0
v3_hedonic_and_instrumental_motives_in_ange,rpp.142,RPP,successful,2015,volume,replication_word_tokens,56,144,39,94,0.0,0.013888888888888888,0.0,0.02127659574468085,0.0,0.01388888888888889,0.007387706855791962,1.734723475976807e-18,0.007387706855791961
v3_hedonic_and_instrumental_motives_in_ange,rpp.142,RPP,successful,2015,volume,lowercase_modal_tokens,56,144,39,94,0.08928571428571429,0.1597222222222222,0.07692307692307693,0.20212765957446807,0.08928571428571429,0.1597222222222222,0.05476807471488322,0.0,0.05476807471488322
v3_how_does_bilingualism_improve_executive_,rpp.22,RPP,failed,2015,volume,epistemic_adverb_tokens,177,158,95,91,0.005649717514124294,0.0,0.010526315789473684,0.0,0.005649717514124295,0.0,-0.00487659827534939,-8.673617379884035e-19,-0.004876598275349389
v3_how_does_bilingualism_improve_executive_,rpp.22,RPP,failed,2015,volume,replication_word_tokens,177,158,95,91,0.06779661016949153,0.03164556962025317,0.09473684210526316,0.01098901098901099,0.06779661016949153,0.03164556962025317,-0.04759679056701381,0.0,-0.04759679056701381
v3_how_does_bilingualism_improve_executive_,rpp.22,RPP,failed,2015,volume,lowercase_modal_tokens,177,158,95,91,0.11864406779661017,0.189873417721519,0.14736842105263157,0.24175824175824176,0.11864406779661019,0.189873417721519,0.023160470780701367,-1.3877787807814457e-17,0.02316047078070138
v3_how_the_head_liberates_the_heart_project,rpp.59,RPP,successful,2015,volume,epistemic_adverb_tokens,42,74,31,62,0.0,0.013513513513513514,0.0,0.016129032258064516,0.0,0.013513513513513516,0.0026155187445510014,1.734723475976807e-18,0.0026155187445509997
v3_how_the_head_liberates_the_heart_project,rpp.59,RPP,successful,2015,volume,replication_word_tokens,42,74,31,62,0.0,0.013513513513513514,0.0,0.0,0.0,0.013513513513513516,-0.013513513513513514,1.734723475976807e-18,-0.013513513513513516
v3_how_the_head_liberates_the_heart_project,rpp.59,RPP,successful,2015,volume,lowercase_modal_tokens,42,74,31,62,0.07142857142857142,0.13513513513513514,0.06451612903225806,0.16129032258064516,0.07142857142857142,0.13513513513513514,0.033067629841823376,0.0,0.033067629841823376
v3_imperfect_public_monitoring_with_costly_,ee.2,EERP,successful,2016,volume,epistemic_adverb_tokens,50,100,25,49,0.0,0.02,0.0,0.04081632653061224,0.0,0.02,0.02081632653061224,0.0,0.02081632653061224
v3_imperfect_public_monitoring_with_costly_,ee.2,EERP,successful,2016,volume,replication_word_tokens,50,100,25,49,0.0,0.07,0.0,0.02040816326530612,0.0,0.07,-0.04959183673469389,0.0,-0.04959183673469389
v3_imperfect_public_monitoring_with_costly_,ee.2,EERP,successful,2016,volume,lowercase_modal_tokens,50,100,25,49,0.1,0.13,0.12,0.1836734693877551,0.1,0.13,0.03367346938775512,0.0,0.03367346938775512
v3_increasing_and_decreasing_motor_and_cogn,rpp.49,RPP,failed,2015,volume,epistemic_adverb_tokens,164,87,98,38,0.018292682926829267,0.0,0.030612244897959183,0.0,0.018292682926829267,0.0,-0.012319561971129916,0.0,-0.012319561971129916
v3_increasing_and_decreasing_motor_and_cogn,rpp.49,RPP,failed,2015,volume,replication_word_tokens,164,87,98,38,0.0,0.08045977011494253,0.0,0.05263157894736842,0.0,0.08045977011494253,-0.02782819116757411,0.0,-0.02782819116757411
v3_increasing_and_decreasing_motor_and_cogn,rpp.49,RPP,failed,2015,volume,lowercase_modal_tokens,164,87,98,38,0.0975609756097561,0.08045977011494253,0.12244897959183673,0.05263157894736842,0.09756097560975609,0.08045977011494253,-0.05271619514965474,1.3877787807814457e-17,-0.052716195149654754
v3_individual_differences_in_the_regulation,rpp.53,RPP,failed,2015,volume,epistemic_adverb_tokens,61,69,44,40,0.0,0.028985507246376812,0.0,0.025,0.0,0.028985507246376812,-0.0039855072463768106,0.0,-0.0039855072463768106
v3_individual_differences_in_the_regulation,rpp.53,RPP,failed,2015,volume,replication_word_tokens,61,69,44,40,0.01639344262295082,0.028985507246376812,0.022727272727272728,0.025,0.01639344262295082,0.028985507246376812,-0.010319337350698718,0.0,-0.010319337350698718
v3_individual_differences_in_the_regulation,rpp.53,RPP,failed,2015,volume,lowercase_modal_tokens,61,69,44,40,0.18032786885245902,0.21739130434782608,0.20454545454545456,0.3,0.18032786885245902,0.21739130434782608,0.05839110995917837,0.0,0.05839110995917837
v3_it_feels_like_yesterday_self_esteem_vale,ml3.3,ML3,failed,2016,volume,epistemic_adverb_tokens,185,159,118,101,0.005405405405405406,0.012578616352201259,0.0,0.019801980198019802,0.005405405405405406,0.01257861635220126,0.01262876925122395,1.734723475976807e-18,0.012628769251223948
v3_it_feels_like_yesterday_self_esteem_vale,ml3.3,ML3,failed,2016,volume,replication_word_tokens,185,159,118,101,0.0,0.0,0.0,0.0,0.0,0.0,0.0,0.0,0.0
v3_it_feels_like_yesterday_self_esteem_vale,ml3.3,ML3,failed,2016,volume,lowercase_modal_tokens,185,159,118,101,0.15675675675675677,0.12578616352201258,0.15254237288135594,0.13861386138613863,0.15675675675675677,0.12578616352201258,0.01704208173952687,0.0,0.01704208173952687
v3_last_place_aversion_evidence_and_redistr,ee.18,EERP,failed,2016,volume,epistemic_adverb_tokens,28,236,17,156,0.0,0.00423728813559322,0.0,0.00641025641025641,0.0,0.00423728813559322,0.0021729682746631897,0.0,0.0021729682746631897
v3_last_place_aversion_evidence_and_redistr,ee.18,EERP,failed,2016,volume,replication_word_tokens,28,236,17,156,0.0,0.012711864406779662,0.0,0.0,0.0,0.012711864406779662,-0.012711864406779662,0.0,-0.012711864406779662
v3_last_place_aversion_evidence_and_redistr,ee.18,EERP,failed,2016,volume,lowercase_modal_tokens,28,236,17,156,0.25,0.17796610169491525,0.17647058823529413,0.23076923076923078,0.25,0.17796610169491525,0.1263325408390214,0.0,0.1263325408390214
v3_left_frontal_cortical_activation_and_spr,rpp.55,RPP,failed,2015,volume,epistemic_adverb_tokens,38,61,25,37,0.0,0.0,0.0,0.0,0.0,0.0,0.0,0.0,0.0
v3_left_frontal_cortical_activation_and_spr,rpp.55,RPP,failed,2015,volume,replication_word_tokens,38,61,25,37,0.02631578947368421,0.01639344262295082,0.0,0.02702702702702703,0.02631578947368421,0.01639344262295082,0.036949373877760414,0.0,0.036949373877760414
v3_left_frontal_cortical_activation_and_spr,rpp.55,RPP,failed,2015,volume,lowercase_modal_tokens,38,61,25,37,0.05263157894736842,0.01639344262295082,0.08,0.02702702702702703,0.05263157894736842,0.01639344262295082,-0.016734836648555376,0.0,-0.016734836648555376
v3_measuring_the_crowd_within_probabilistic,rpp.116,RPP,successful,2015,volume,epistemic_adverb_tokens,70,134,32,63,0.0,0.014925373134328358,0.0,0.015873015873015872,0.0,0.014925373134328358,0.0009476427386875142,0.0,0.0009476427386875142
v3_measuring_the_crowd_within_probabilistic,rpp.116,RPP,successful,2015,volume,replication_word_tokens,70,134,32,63,0.1,0.0,0.09375,0.0,0.1,0.0,0.0062500000000000056,0.0,0.0062500000000000056
v3_measuring_the_crowd_within_probabilistic,rpp.116,RPP,successful,2015,volume,lowercase_modal_tokens,70,134,32,63,0.08571428571428572,0.08955223880597014,0.125,0.1111111111111111,0.08571428571428572,0.08955223880597014,-0.017726841980573324,0.0,-0.017726841980573324
v3_multidimensional_visual_statistical_lear,rpp.29,RPP,successful,2015,volume,epistemic_adverb_tokens,50,71,22,21,0.0,0.0,0.0,0.0,0.0,0.0,0.0,0.0,0.0
v3_multidimensional_visual_statistical_lear,rpp.29,RPP,successful,2015,volume,replication_word_tokens,50,71,22,21,0.0,0.09859154929577464,0.0,0.14285714285714285,0.0,0.09859154929577464,0.04426559356136821,0.0,0.04426559356136821
v3_multidimensional_visual_statistical_lear,rpp.29,RPP,successful,2015,volume,lowercase_modal_tokens,50,71,22,21,0.1,0.14084507042253522,0.09090909090909091,0.19047619047619047,0.1,0.14084507042253522,0.05872202914456434,0.0,0.05872202914456434
v3_multiple_roles_for_time_in_short_term_me,rpp.33,RPP,successful,2015,volume,epistemic_adverb_tokens,144,95,62,50,0.0,0.0,0.0,0.0,0.0,0.0,0.0,0.0,0.0
v3_multiple_roles_for_time_in_short_term_me,rpp.33,RPP,successful,2015,volume,replication_word_tokens,144,95,62,50,0.013888888888888888,0.021052631578947368,0.016129032258064516,0.04,0.013888888888888888,0.021052631578947368,0.016707225051877005,0.0,0.016707225051877005
v3_multiple_roles_for_time_in_short_term_me,rpp.33,RPP,successful,2015,volume,lowercase_modal_tokens,144,95,62,50,0.041666666666666664,0.05263157894736842,0.06451612903225806,0.06,0.041666666666666664,0.05263157894736842,-0.015481041312959819,0.0,-0.015481041312959819
v3_not_so_innocent_does_seeing_one_s_own_ca,rpp.65,RPP,failed,2015,volume,epistemic_adverb_tokens,75,75,53,46,0.013333333333333334,0.0,0.018867924528301886,0.0,0.013333333333333332,0.0,-0.005534591194968552,1.734723475976807e-18,-0.005534591194968554
v3_not_so_innocent_does_seeing_one_s_own_ca,rpp.65,RPP,failed,2015,volume,replication_word_tokens,75,75,53,46,0.04,0.013333333333333334,0.05660377358490566,0.0,0.04,0.013333333333333334,-0.029937106918238997,0.0,-0.029937106918238997
v3_not_so_innocent_does_seeing_one_s_own_ca,rpp.65,RPP,failed,2015,volume,lowercase_modal_tokens,75,75,53,46,0.16,0.16,0.20754716981132076,0.17391304347826086,0.16,0.16,-0.0336341263330599,0.0,-0.0336341263330599
v3_on_the_additive_effects_of_stimulus_qual,rpp.27,RPP,successful,2015,volume,epistemic_adverb_tokens,36,64,10,27,0.0,0.015625,0.0,0.037037037037037035,0.0,0.015625,0.021412037037037035,0.0,0.021412037037037035
v3_on_the_additive_effects_of_stimulus_qual,rpp.27,RPP,successful,2015,volume,replication_word_tokens,36,64,10,27,0.05555555555555555,0.015625,0.0,0.037037037037037035,0.05555555555555556,0.015625,0.07696759259259259,-6.938893903907228e-18,0.07696759259259259
v3_on_the_additive_effects_of_stimulus_qual,rpp.27,RPP,successful,2015,volume,lowercase_modal_tokens,36,64,10,27,0.027777777777777776,0.0625,0.0,0.1111111111111111,0.02777777777777778,0.0625,0.07638888888888888,-3.469446951953614e-18,0.07638888888888888
v3_opening_the_mind_to_close_it_considering,rpp.72,RPP,failed,2015,volume,epistemic_adverb_tokens,17,26,10,17,0.0,0.0,0.0,0.0,0.0,0.0,0.0,0.0,0.0
v3_opening_the_mind_to_close_it_considering,rpp.72,RPP,failed,2015,volume,replication_word_tokens,17,26,10,17,0.0,0.0,0.0,0.0,0.0,0.0,0.0,0.0,0.0
v3_opening_the_mind_to_close_it_considering,rpp.72,RPP,failed,2015,volume,lowercase_modal_tokens,17,26,10,17,0.058823529411764705,0.11538461538461539,0.1,0.11764705882352941,0.058823529411764705,0.11538461538461539,-0.03891402714932128,0.0,-0.03891402714932128
v3_orienting_attention_in_visual_working_me,rpp.37,RPP,failed,2015,volume,epistemic_adverb_tokens,154,105,98,60,0.0,0.01904761904761905,0.0,0.03333333333333333,0.0,0.01904761904761905,0.014285714285714284,0.0,0.014285714285714284
v3_orienting_attention_in_visual_working_me,rpp.37,RPP,failed,2015,volume,replication_word_tokens,154,105,98,60,0.012987012987012988,0.0,0.02040816326530612,0.0,0.012987012987012986,0.0,-0.007421150278293133,1.734723475976807e-18,-0.007421150278293135
v3_orienting_attention_in_visual_working_me,rpp.37,RPP,failed,2015,volume,lowercase_modal_tokens,154,105,98,60,0.03896103896103896,0.08571428571428572,0.061224489795918366,0.13333333333333333,0.03896103896103896,0.08571428571428572,0.02535559678416821,0.0,0.02535559678416821
v3_perceptual_mechanisms_that_characterize_,rpp.110,RPP,failed,2015,volume,epistemic_adverb_tokens,28,57,19,40,0.0,0.017543859649122806,0.0,0.025,0.0,0.017543859649122806,0.007456140350877195,0.0,0.007456140350877195
v3_perceptual_mechanisms_that_characterize_,rpp.110,RPP,failed,2015,volume,replication_word_tokens,28,57,19,40,0.0,0.03508771929824561,0.0,0.025,0.0,0.03508771929824561,-0.01008771929824561,0.0,-0.01008771929824561
v3_perceptual_mechanisms_that_characterize_,rpp.110,RPP,failed,2015,volume,lowercase_modal_tokens,28,57,19,40,0.21428571428571427,0.2807017543859649,0.3157894736842105,0.325,0.21428571428571427,0.2807017543859649,-0.05720551378446112,0.0,-0.05720551378446112
v3_poignancy_mixed_emotional_experience_in_,rpp.61,RPP,failed,2015,volume,epistemic_adverb_tokens,54,96,31,54,0.0,0.010416666666666666,0.0,0.018518518518518517,0.0,0.010416666666666666,0.008101851851851851,0.0,0.008101851851851851
v3_poignancy_mixed_emotional_experience_in_,rpp.61,RPP,failed,2015,volume,replication_word_tokens,54,96,31,54,0.0,0.0,0.0,0.0,0.0,0.0,0.0,0.0,0.0
v3_poignancy_mixed_emotional_experience_in_,rpp.61,RPP,failed,2015,volume,lowercase_modal_tokens,54,96,31,54,0.07407407407407407,0.16666666666666666,0.0967741935483871,0.2222222222222222,0.07407407407407407,0.16666666666666666,0.03285543608124253,0.0,0.03285543608124253
v3_precision_of_the_anchor_influences_the_a,rpp.111,RPP,successful,2015,volume,epistemic_adverb_tokens,36,85,24,59,0.0,0.011764705882352941,0.0,0.01694915254237288,0.0,0.011764705882352941,0.00518444666001994,0.0,0.00518444666001994
v3_precision_of_the_anchor_influences_the_a,rpp.111,RPP,successful,2015,volume,replication_word_tokens,36,85,24,59,0.027777777777777776,0.023529411764705882,0.041666666666666664,0.01694915254237288,0.027777777777777776,0.023529411764705882,-0.02046914811122189,0.0,-0.02046914811122189
v3_precision_of_the_anchor_influences_the_a,rpp.111,RPP,successful,2015,volume,lowercase_modal_tokens,36,85,24,59,0.027777777777777776,0.047058823529411764,0.041666666666666664,0.05084745762711865,0.027777777777777776,0.047058823529411764,-0.010100254791182005,0.0,-0.010100254791182005
v3_priming_addition_facts_with_semantic_rel,rpp.24,RPP,successful,2015,volume,epistemic_adverb_tokens,21,45,14,27,0.0,0.0,0.0,0.0,0.0,0.0,0.0,0.0,0.0
v3_priming_addition_facts_with_semantic_rel,rpp.24,RPP,successful,2015,volume,replication_word_tokens,21,45,14,27,0.0,0.022222222222222223,0.0,0.0,0.0,0.022222222222222223,-0.022222222222222223,0.0,-0.022222222222222223
v3_priming_addition_facts_with_semantic_rel,rpp.24,RPP,successful,2015,volume,lowercase_modal_tokens,21,45,14,27,0.09523809523809523,0.06666666666666667,0.07142857142857142,0.07407407407407407,0.09523809523809523,0.06666666666666667,0.031216931216931212,0.0,0.031216931216931212
v3_response_scales_effects_of_category_rang,ml1.8,ML1,successful,2014,volume,epistemic_adverb_tokens,96,82,52,38,0.0,0.0,0.0,0.0,0.0,0.0,0.0,0.0,0.0
v3_response_scales_effects_of_category_rang,ml1.8,ML1,successful,2014,volume,replication_word_tokens,96,82,52,38,0.03125,0.036585365853658534,0.038461538461538464,0.0,0.03125,0.036585365853658534,-0.043796904315197,0.0,-0.043796904315197
v3_response_scales_effects_of_category_rang,ml1.8,ML1,successful,2014,volume,lowercase_modal_tokens,96,82,52,38,0.125,0.10975609756097561,0.15384615384615385,0.18421052631578946,0.125,0.10975609756097561,0.04560827490866,0.0,0.04560827490866
v3_running_on_empty_neural_signals_for_self,ml3.5,ML3,successful,2016,volume,epistemic_adverb_tokens,27,36,22,25,0.0,0.0,0.0,0.0,0.0,0.0,0.0,0.0,0.0
v3_running_on_empty_neural_signals_for_self,ml3.5,ML3,successful,2016,volume,replication_word_tokens,27,36,22,25,0.0,0.0,0.0,0.0,0.0,0.0,0.0,0.0,0.0
v3_running_on_empty_neural_signals_for_self,ml3.5,ML3,successful,2016,volume,lowercase_modal_tokens,27,36,22,25,0.07407407407407407,0.16666666666666666,0.045454545454545456,0.24,0.07407407407407407,0.16666666666666663,0.10195286195286195,-2.7755575615628914e-17,0.10195286195286198
v3_screening_competition_and_job_design_eco,ee.3,EERP,successful,2016,volume,epistemic_adverb_tokens,39,61,21,22,0.0,0.0,0.0,0.0,0.0,0.0,0.0,0.0,0.0
v3_screening_competition_and_job_design_eco,ee.3,EERP,successful,2016,volume,replication_word_tokens,39,61,21,22,0.0,0.0,0.0,0.0,0.0,0.0,0.0,0.0,0.0
v3_screening_competition_and_job_design_eco,ee.3,EERP,successful,2016,volume,lowercase_modal_tokens,39,61,21,22,0.07692307692307693,0.13114754098360656,0.09523809523809523,0.18181818181818182,0.07692307692307693,0.13114754098360656,0.032355622519556954,0.0,0.032355622519556954
v3_selective_exposure_and_information_quant,rpp.84,RPP,successful,2015,volume,epistemic_adverb_tokens,20,67,10,46,0.0,0.0,0.0,0.0,0.0,0.0,0.0,0.0,0.0
v3_selective_exposure_and_information_quant,rpp.84,RPP,successful,2015,volume,replication_word_tokens,20,67,10,46,0.0,0.014925373134328358,0.0,0.0,0.0,0.014925373134328358,-0.014925373134328358,0.0,-0.014925373134328358
v3_selective_exposure_and_information_quant,rpp.84,RPP,successful,2015,volume,lowercase_modal_tokens,20,67,10,46,0.05,0.08955223880597014,0.1,0.10869565217391304,0.05,0.08955223880597014,-0.030856586632057106,0.0,-0.030856586632057106
v3_self_handicapping_excuse_making_and_coun,rpp.94,RPP,successful,2015,volume,epistemic_adverb_tokens,54,62,36,47,0.0,0.0,0.0,0.0,0.0,0.0,0.0,0.0,0.0
v3_self_handicapping_excuse_making_and_coun,rpp.94,RPP,successful,2015,volume,replication_word_tokens,54,62,36,47,0.0,0.0,0.0,0.0,0.0,0.0,0.0,0.0,0.0
v3_self_handicapping_excuse_making_and_coun,rpp.94,RPP,successful,2015,volume,lowercase_modal_tokens,54,62,36,47,0.24074074074074073,0.1774193548387097,0.25,0.23404255319148937,0.24074074074074073,0.1774193548387097,0.04736393909352041,0.0,0.04736393909352041
v3_self_regulation_and_selective_exposure_t,rpp.86,RPP,failed,2015,volume,epistemic_adverb_tokens,41,51,17,30,0.0,0.0,0.0,0.0,0.0,0.0,0.0,0.0,0.0
v3_self_regulation_and_selective_exposure_t,rpp.86,RPP,failed,2015,volume,replication_word_tokens,41,51,17,30,0.0,0.0196078431372549,0.0,0.03333333333333333,0.0,0.0196078431372549,0.013725490196078431,0.0,0.013725490196078431
v3_self_regulation_and_selective_exposure_t,rpp.86,RPP,failed,2015,volume,lowercase_modal_tokens,41,51,17,30,0.0975609756097561,0.0392156862745098,0.11764705882352941,0.06666666666666667,0.0975609756097561,0.0392156862745098,0.007364897178383553,0.0,0.007364897178383553
v3_semantic_interference_in_a_delayed_namin,rpp.28,RPP,failed,2015,volume,epistemic_adverb_tokens,103,35,45,18,0.009708737864077669,0.0,0.022222222222222223,0.0,0.009708737864077669,0.0,-0.012513484358144554,0.0,-0.012513484358144554
v3_semantic_interference_in_a_delayed_namin,rpp.28,RPP,failed,2015,volume,replication_word_tokens,103,35,45,18,0.08737864077669903,0.0,0.1111111111111111,0.0,0.08737864077669903,0.0,-0.023732470334412073,0.0,-0.023732470334412073
v3_semantic_interference_in_a_delayed_namin,rpp.28,RPP,failed,2015,volume,lowercase_modal_tokens,103,35,45,18,0.02912621359223301,0.05714285714285714,0.044444444444444446,0.1111111111111111,0.02912621359223301,0.057142857142857134,0.03865002311604253,-6.938893903907228e-18,0.038650023116042535
v3_slow_to_anger_and_fast_to_forgive_cooper,ee.12,EERP,successful,2016,volume,epistemic_adverb_tokens,94,185,30,61,0.0,0.0,0.0,0.0,0.0,0.0,0.0,0.0,0.0
v3_slow_to_anger_and_fast_to_forgive_cooper,ee.12,EERP,successful,2016,volume,replication_word_tokens,94,185,30,61,0.0,0.010810810810810811,0.0,0.0,0.0,0.010810810810810811,-0.010810810810810811,0.0,-0.010810810810810811
v3_slow_to_anger_and_fast_to_forgive_cooper,ee.12,EERP,successful,2016,volume,lowercase_modal_tokens,94,185,30,61,0.031914893617021274,0.021621621621621623,0.03333333333333333,0.04918032786885246,0.031914893617021274,0.021621621621621623,0.026140266530918776,0.0,0.026140266530918776
v3_terror_management_and_adults_attachment_,rpp.48,RPP,failed,2015,volume,epistemic_adverb_tokens,53,85,43,69,0.018867924528301886,0.0,0.023255813953488372,0.0,0.018867924528301886,0.0,-0.004387889425186486,0.0,-0.004387889425186486
v3_terror_management_and_adults_attachment_,rpp.48,RPP,failed,2015,volume,replication_word_tokens,53,85,43,69,0.0,0.0,0.0,0.0,0.0,0.0,0.0,0.0,0.0
v3_terror_management_and_adults_attachment_,rpp.48,RPP,failed,2015,volume,lowercase_modal_tokens,53,85,43,69,0.09433962264150944,0.10588235294117647,0.09302325581395349,0.10144927536231885,0.09433962264150945,0.10588235294117647,-0.0031167107513016684,-1.3877787807814457e-17,-0.0031167107513016545
v3_thar_she_bursts_reducing_confusion_reduc,ee.16,EERP,successful,2016,volume,epistemic_adverb_tokens,128,146,62,69,0.0,0.0,0.0,0.0,0.0,0.0,0.0,0.0,0.0
v3_thar_she_bursts_reducing_confusion_reduc,ee.16,EERP,successful,2016,volume,replication_word_tokens,128,146,62,69,0.015625,0.00684931506849315,0.0,0.0,0.015625,0.00684931506849315,0.00877568493150685,0.0,0.00877568493150685
v3_thar_she_bursts_reducing_confusion_reduc,ee.16,EERP,successful,2016,volume,lowercase_modal_tokens,128,146,62,69,0.078125,0.08904109589041095,0.11290322580645161,0.14492753623188406,0.078125,0.08904109589041095,0.0211082145350215,0.0,0.0211082145350215
v3_the_economics_of_credence_goods_an_exper,ee.8,EERP,successful,2016,volume,epistemic_adverb_tokens,60,244,27,90,0.0,0.00819672131147541,0.0,0.0,0.0,0.00819672131147541,-0.00819672131147541,0.0,-0.00819672131147541
v3_the_economics_of_credence_goods_an_exper,ee.8,EERP,successful,2016,volume,replication_word_tokens,60,244,27,90,0.0,0.0,0.0,0.0,0.0,0.0,0.0,0.0,0.0
v3_the_economics_of_credence_goods_an_exper,ee.8,EERP,successful,2016,volume,lowercase_modal_tokens,60,244,27,90,0.06666666666666667,0.09016393442622951,0.07407407407407407,0.15555555555555556,0.06666666666666667,0.09016393442622951,0.05798421372191864,0.0,0.05798421372191864
v3_the_effect_of_global_versus_local_proces,rpp.64,RPP,failed,2015,volume,epistemic_adverb_tokens,108,56,67,32,0.0,0.0,0.0,0.0,0.0,0.0,0.0,0.0,0.0
v3_the_effect_of_global_versus_local_proces,rpp.64,RPP,failed,2015,volume,replication_word_tokens,108,56,67,32,0.0,0.03571428571428571,0.0,0.0,0.0,0.03571428571428571,-0.03571428571428571,0.0,-0.03571428571428571
v3_the_effect_of_global_versus_local_proces,rpp.64,RPP,failed,2015,volume,lowercase_modal_tokens,108,56,67,32,0.1388888888888889,0.03571428571428571,0.22388059701492538,0.0625,0.1388888888888889,0.03571428571428571,-0.0582059938403222,0.0,-0.0582059938403222
v3_the_face_of_success_inferences_from_chie,rpp.82,RPP,failed,2015,volume,epistemic_adverb_tokens,81,93,48,47,0.012345679012345678,0.0,0.0,0.0,0.012345679012345678,0.0,0.012345679012345678,0.0,0.012345679012345678
v3_the_face_of_success_inferences_from_chie,rpp.82,RPP,failed,2015,volume,replication_word_tokens,81,93,48,47,0.012345679012345678,0.0,0.0,0.0,0.012345679012345678,0.0,0.012345679012345678,0.0,0.012345679012345678
v3_the_face_of_success_inferences_from_chie,rpp.82,RPP,failed,2015,volume,lowercase_modal_tokens,81,93,48,47,0.12345679012345678,0.053763440860215055,0.14583333333333334,0.06382978723404255,0.12345679012345678,0.053763440860215055,-0.012310196836049066,0.0,-0.012310196836049066
v3_the_framing_of_decisions_and_the_psychol,ml1.2,ML1,successful,2014,volume,epistemic_adverb_tokens,64,84,36,52,0.0,0.011904761904761904,0.0,0.0,0.0,0.011904761904761906,-0.011904761904761904,1.734723475976807e-18,-0.011904761904761906
v3_the_framing_of_decisions_and_the_psychol,ml1.2,ML1,successful,2014,volume,replication_word_tokens,64,84,36,52,0.015625,0.011904761904761904,0.0,0.019230769230769232,0.015625,0.011904761904761906,0.022951007326007328,1.734723475976807e-18,0.022951007326007328
v3_the_framing_of_decisions_and_the_psychol,ml1.2,ML1,successful,2014,volume,lowercase_modal_tokens,64,84,36,52,0.0625,0.08333333333333333,0.1111111111111111,0.07692307692307693,0.0625,0.08333333333333333,-0.055021367521367506,0.0,-0.055021367521367506
v3_the_lure_of_authority_motivation_and_inc,ee.10,EERP,successful,2016,volume,epistemic_adverb_tokens,29,161,13,89,0.034482758620689655,0.012422360248447204,0.07692307692307693,0.02247191011235955,0.034482758620689655,0.012422360248447204,-0.03239076843847492,0.0,-0.03239076843847492
v3_the_lure_of_authority_motivation_and_inc,ee.10,EERP,successful,2016,volume,replication_word_tokens,29,161,13,89,0.0,0.012422360248447204,0.0,0.011235955056179775,0.0,0.012422360248447204,-0.0011864051922674292,0.0,-0.0011864051922674292
v3_the_lure_of_authority_motivation_and_inc,ee.10,EERP,successful,2016,volume,lowercase_modal_tokens,29,161,13,89,0.06896551724137931,0.15527950310559005,0.15384615384615385,0.20224719101123595,0.06896551724137931,0.15527950310559005,-0.037912948699128646,0.0,-0.037912948699128646
v3_the_nonverbal_expression_of_pride_eviden,rpp.69,RPP,successful,2015,volume,epistemic_adverb_tokens,117,113,78,77,0.017094017094017096,0.008849557522123894,0.02564102564102564,0.012987012987012988,0.017094017094017096,0.008849557522123894,-0.00440955308211945,0.0,-0.00440955308211945
v3_the_nonverbal_expression_of_pride_eviden,rpp.69,RPP,successful,2015,volume,replication_word_tokens,117,113,78,77,0.017094017094017096,0.0,0.01282051282051282,0.0,0.017094017094017096,0.0,0.004273504273504276,0.0,0.004273504273504276
v3_the_nonverbal_expression_of_pride_eviden,rpp.69,RPP,successful,2015,volume,lowercase_modal_tokens,117,113,78,77,0.10256410256410256,0.02654867256637168,0.15384615384615385,0.025974025974025976,0.10256410256410256,0.02654867256637168,-0.051856697874397,0.0,-0.051856697874397
v3_the_potential_of_social_identity_for_equ,ee.5,EERP,failed,2016,volume,epistemic_adverb_tokens,92,238,35,100,0.010869565217391304,0.0,0.0,0.0,0.010869565217391304,0.0,0.010869565217391304,0.0,0.010869565217391304
v3_the_potential_of_social_identity_for_equ,ee.5,EERP,failed,2016,volume,replication_word_tokens,92,238,35,100,0.0,0.04201680672268908,0.0,0.02,0.0,0.04201680672268908,-0.02201680672268908,0.0,-0.02201680672268908
v3_the_potential_of_social_identity_for_equ,ee.5,EERP,failed,2016,volume,lowercase_modal_tokens,92,238,35,100,0.05434782608695652,0.06722689075630252,0.11428571428571428,0.09,0.05434782608695652,0.06722689075630252,-0.03716477895506028,0.0,-0.03716477895506028
v3_the_representation_of_simple_ensemble_vi,rpp.122,RPP,successful,2015,volume,epistemic_adverb_tokens,84,211,34,110,0.0,0.014218009478672985,0.0,0.01818181818181818,0.0,0.014218009478672985,0.003963808703145196,0.0,0.003963808703145196
v3_the_representation_of_simple_ensemble_vi,rpp.122,RPP,successful,2015,volume,replication_word_tokens,84,211,34,110,0.011904761904761904,0.0,0.029411764705882353,0.0,0.011904761904761904,0.0,-0.01750700280112045,0.0,-0.01750700280112045
v3_the_representation_of_simple_ensemble_vi,rpp.122,RPP,successful,2015,volume,lowercase_modal_tokens,84,211,34,110,0.08333333333333333,0.06635071090047394,0.11764705882352941,0.1,0.08333333333333333,0.06635071090047394,-0.0006644363906700146,0.0,-0.0006644363906700146
v3_the_space_between_us_stereotype_threat_a,rpp.87,RPP,failed,2015,volume,epistemic_adverb_tokens,59,148,38,94,0.03389830508474576,0.0,0.05263157894736842,0.0,0.03389830508474576,0.0,-0.018733273862622656,0.0,-0.018733273862622656
v3_the_space_between_us_stereotype_threat_a,rpp.87,RPP,failed,2015,volume,replication_word_tokens,59,148,38,94,0.0,0.0,0.0,0.0,0.0,0.0,0.0,0.0,0.0
v3_the_space_between_us_stereotype_threat_a,rpp.87,RPP,failed,2015,volume,lowercase_modal_tokens,59,148,38,94,0.13559322033898305,0.14864864864864866,0.13157894736842105,0.1595744680851064,0.13559322033898305,0.14864864864864866,0.01494009240701974,0.0,0.01494009240701974
v3_the_stroop_effect_why_proportion_congrue,rpp.15,RPP,successful,2015,volume,epistemic_adverb_tokens,157,298,90,177,0.0,0.010067114093959731,0.0,0.01694915254237288,0.0,0.010067114093959731,0.00688203844841315,0.0,0.00688203844841315
v3_the_stroop_effect_why_proportion_congrue,rpp.15,RPP,successful,2015,volume,replication_word_tokens,157,298,90,177,0.0,0.016778523489932886,0.0,0.01694915254237288,0.0,0.016778523489932886,0.00017062905243999532,0.0,0.00017062905243999532
v3_the_stroop_effect_why_proportion_congrue,rpp.15,RPP,successful,2015,volume,lowercase_modal_tokens,157,298,90,177,0.10191082802547771,0.16778523489932887,0.12222222222222222,0.22033898305084745,0.1019108280254777,0.16778523489932887,0.03224235395477408,1.3877787807814457e-17,0.03224235395477407
v3_the_threat_of_appearing_prejudiced_and_r,rpp.129,RPP,failed,2015,volume,epistemic_adverb_tokens,62,64,37,45,0.0,0.015625,0.0,0.022222222222222223,0.0,0.015625,0.006597222222222223,0.0,0.006597222222222223
v3_the_threat_of_appearing_prejudiced_and_r,rpp.129,RPP,failed,2015,volume,replication_word_tokens,62,64,37,45,0.0,0.0,0.0,0.0,0.0,0.0,0.0,0.0,0.0
v3_the_threat_of_appearing_prejudiced_and_r,rpp.129,RPP,failed,2015,volume,lowercase_modal_tokens,62,64,37,45,0.11290322580645161,0.203125,0.13513513513513514,0.28888888888888886,0.11290322580645162,0.203125,0.06353197956020533,-1.3877787807814457e-17,0.06353197956020534
v3_the_ultimate_sampling_dilemma_in_experie,rpp.17,RPP,successful,2015,volume,epistemic_adverb_tokens,19,35,10,21,0.0,0.02857142857142857,0.0,0.0,0.0,0.02857142857142857,-0.02857142857142857,0.0,-0.02857142857142857
v3_the_ultimate_sampling_dilemma_in_experie,rpp.17,RPP,successful,2015,volume,replication_word_tokens,19,35,10,21,0.0,0.0,0.0,0.0,0.0,0.0,0.0,0.0,0.0
v3_the_ultimate_sampling_dilemma_in_experie,rpp.17,RPP,successful,2015,volume,lowercase_modal_tokens,19,35,10,21,0.15789473684210525,0.11428571428571428,0.1,0.14285714285714285,0.15789473684210525,0.11428571428571428,0.08646616541353382,0.0,0.08646616541353382
v3_toward_a_physiology_of_dual_process_reas,rpp.118,RPP,failed,2015,volume,epistemic_adverb_tokens,107,120,65,73,0.0,0.0,0.0,0.0,0.0,0.0,0.0,0.0,0.0
v3_toward_a_physiology_of_dual_process_reas,rpp.118,RPP,failed,2015,volume,replication_word_tokens,107,120,65,73,0.037383177570093455,0.016666666666666666,0.03076923076923077,0.0136986301369863,0.037383177570093455,0.016666666666666666,0.0036459102711823184,0.0,0.0036459102711823184
v3_toward_a_physiology_of_dual_process_reas,rpp.118,RPP,failed,2015,volume,lowercase_modal_tokens,107,120,65,73,0.07476635514018691,0.041666666666666664,0.12307692307692308,0.0547945205479452,0.07476635514018691,0.041666666666666664,-0.035182714055457635,0.0,-0.035182714055457635
v3_tracing_attention_and_the_activation_flo,rpp.1,RPP,failed,2015,volume,epistemic_adverb_tokens,121,77,73,42,0.008264462809917356,0.0,0.0,0.0,0.008264462809917356,0.0,0.008264462809917356,0.0,0.008264462809917356
v3_tracing_attention_and_the_activation_flo,rpp.1,RPP,failed,2015,volume,replication_word_tokens,121,77,73,42,0.03305785123966942,0.06493506493506493,0.0547945205479452,0.07142857142857142,0.03305785123966942,0.06493506493506493,-0.015243162814769284,0.0,-0.015243162814769284
v3_tracing_attention_and_the_activation_flo,rpp.1,RPP,failed,2015,volume,lowercase_modal_tokens,121,77,73,42,0.06611570247933884,0.03896103896103896,0.0821917808219178,0.047619047619047616,0.06611570247933884,0.03896103896103896,-0.007418069684570303,0.0,-0.007418069684570303
v3_walking_on_eggshells_how_expressing_rela,rpp.58,RPP,failed,2015,volume,epistemic_adverb_tokens,14,25,11,15,0.07142857142857142,0.0,0.09090909090909091,0.0,0.07142857142857142,0.0,-0.019480519480519487,0.0,-0.019480519480519487
v3_walking_on_eggshells_how_expressing_rela,rpp.58,RPP,failed,2015,volume,replication_word_tokens,14,25,11,15,0.0,0.0,0.0,0.0,0.0,0.0,0.0,0.0,0.0
v3_walking_on_eggshells_how_expressing_rela,rpp.58,RPP,failed,2015,volume,lowercase_modal_tokens,14,25,11,15,0.21428571428571427,0.2,0.2727272727272727,0.26666666666666666,0.2142857142857143,0.2,0.008225108225108219,-2.7755575615628914e-17,0.008225108225108246
v3_weight_as_an_embodiment_of_importance,ml3.10,ML3,failed,2016,volume,epistemic_adverb_tokens,89,133,58,81,0.0,0.015037593984962405,0.0,0.012345679012345678,0.0,0.015037593984962407,-0.002691914972616727,1.734723475976807e-18,-0.0026919149726167286
v3_weight_as_an_embodiment_of_importance,ml3.10,ML3,failed,2016,volume,replication_word_tokens,89,133,58,81,0.011235955056179775,0.022556390977443608,0.017241379310344827,0.024691358024691357,0.011235955056179777,0.022556390977443608,-0.0038704572069173035,-1.734723475976807e-18,-0.0038704572069173018
v3_weight_as_an_embodiment_of_importance,ml3.10,ML3,failed,2016,volume,lowercase_modal_tokens,89,133,58,81,0.06741573033707865,0.10526315789473684,0.08620689655172414,0.13580246913580246,0.06741573033707865,0.10526315789473684,0.011748145026420131,0.0,0.011748145026420131
v3_when_does_between_sequence_phonological_,rpp.12,RPP,failed,2015,volume,epistemic_adverb_tokens,29,69,24,50,0.0,0.043478260869565216,0.0,0.06,0.0,0.043478260869565216,0.01652173913043478,0.0,0.01652173913043478
v3_when_does_between_sequence_phonological_,rpp.12,RPP,failed,2015,volume,replication_word_tokens,29,69,24,50,0.0,0.0,0.0,0.0,0.0,0.0,0.0,0.0,0.0
v3_when_does_between_sequence_phonological_,rpp.12,RPP,failed,2015,volume,lowercase_modal_tokens,29,69,24,50,0.06896551724137931,0.11594202898550725,0.08333333333333333,0.08,0.06896551724137931,0.11594202898550725,-0.050309845077461265,0.0,-0.050309845077461265
v3_where_do_we_look_during_potentially_offe,rpp.132,RPP,failed,2015,volume,epistemic_adverb_tokens,21,18,17,15,0.09523809523809523,0.0,0.11764705882352941,0.0,0.09523809523809523,0.0,-0.022408963585434177,0.0,-0.022408963585434177
v3_where_do_we_look_during_potentially_offe,rpp.132,RPP,failed,2015,volume,replication_word_tokens,21,18,17,15,0.0,0.0,0.0,0.0,0.0,0.0,0.0,0.0,0.0
v3_where_do_we_look_during_potentially_offe,rpp.132,RPP,failed,2015,volume,lowercase_modal_tokens,21,18,17,15,0.047619047619047616,0.4444444444444444,0.058823529411764705,0.5333333333333333,0.047619047619047616,0.4444444444444444,0.07768440709617182,0.0,0.07768440709617182
v3_why_do_implicit_and_explicit_attitude_te,rpp.44,RPP,successful,2015,volume,epistemic_adverb_tokens,60,126,27,52,0.0,0.0,0.0,0.0,0.0,0.0,0.0,0.0,0.0
v3_why_do_implicit_and_explicit_attitude_te,rpp.44,RPP,successful,2015,volume,replication_word_tokens,60,126,27,52,0.0,0.03968253968253968,0.0,0.019230769230769232,0.0,0.03968253968253968,-0.02045177045177045,0.0,-0.02045177045177045
v3_why_do_implicit_and_explicit_attitude_te,rpp.44,RPP,successful,2015,volume,lowercase_modal_tokens,60,126,27,52,0.06666666666666667,0.12698412698412698,0.1111111111111111,0.17307692307692307,0.06666666666666667,0.12698412698412698,0.0016483516483516564,0.0,0.0016483516483516564
v3_why_people_are_reluctant_to_tempt_fate,rpp.68,RPP,failed,2015,volume,epistemic_adverb_tokens,48,83,29,38,0.0,0.0,0.0,0.0,0.0,0.0,0.0,0.0,0.0
v3_why_people_are_reluctant_to_tempt_fate,rpp.68,RPP,failed,2015,volume,replication_word_tokens,48,83,29,38,0.125,0.14457831325301204,0.13793103448275862,0.0,0.125,0.14457831325301204,-0.15750934773577066,0.0,-0.15750934773577066
v3_why_people_are_reluctant_to_tempt_fate,rpp.68,RPP,failed,2015,volume,lowercase_modal_tokens,48,83,29,38,0.16666666666666666,0.024096385542168676,0.20689655172413793,0.02631578947368421,0.16666666666666666,0.024096385542168676,-0.03801048112595574,0.0,-0.03801048112595574
v3_working_memory_costs_of_task_switching,rpp.3,RPP,failed,2015,volume,epistemic_adverb_tokens,37,61,24,42,0.0,0.0,0.0,0.0,0.0,0.0,0.0,0.0,0.0
v3_working_memory_costs_of_task_switching,rpp.3,RPP,failed,2015,volume,replication_word_tokens,37,61,24,42,0.0,0.0,0.0,0.0,0.0,0.0,0.0,0.0,0.0
v3_working_memory_costs_of_task_switching,rpp.3,RPP,failed,2015,volume,lowercase_modal_tokens,37,61,24,42,0.05405405405405406,0.14754098360655737,0.08333333333333333,0.21428571428571427,0.05405405405405406,0.14754098360655737,0.03746545139987763,0.0,0.03746545139987763
v3_1_f_noise_and_effort_on_implicit_measure,rpp.63,RPP,failed,2015,volume_year,epistemic_adverb_tokens,51,38,28,15,0.0,0.02631578947368421,0.0,0.06666666666666667,0.0,0.02222222222222222,0.04035087719298246,-0.0040935672514619895,0.044444444444444446
v3_1_f_noise_and_effort_on_implicit_measure,rpp.63,RPP,failed,2015,volume_year,replication_word_tokens,51,38,28,15,0.0784313725490196,0.13157894736842105,0.07142857142857142,0.0,0.044642857142857144,0.0,-0.12457614624797286,-0.09779043196225859,-0.026785714285714274
v3_1_f_noise_and_effort_on_implicit_measure,rpp.63,RPP,failed,2015,volume_year,lowercase_modal_tokens,51,38,28,15,0.17647058823529413,0.0,0.21428571428571427,0.0,0.2071254638218924,0.0,-0.037815126050420145,-0.030654875586598268,-0.007160250463821877
v3_a_motion_aftereffect_from_still_photogra,rpp.127,RPP,successful,2015,volume_year,epistemic_adverb_tokens,34,25,20,14,0.0,0.0,0.0,0.0,0.0,0.0,0.0,0.0,0.0
v3_a_motion_aftereffect_from_still_photogra,rpp.127,RPP,successful,2015,volume_year,replication_word_tokens,34,25,20,14,0.058823529411764705,0.0,0.05,0.0,0.045959595959595964,0.0,0.008823529411764702,0.012863933452168741,-0.004040404040404039
v3_a_motion_aftereffect_from_still_photogra,rpp.127,RPP,successful,2015,volume_year,lowercase_modal_tokens,34,25,20,14,0.14705882352941177,0.12,0.2,0.0,0.1101010101010101,0.08928571428571429,-0.17294117647058824,0.0062435277141159595,-0.1791847041847042
v3_a_single_exposure_to_the_american_flag_s,ml1.12,ML1,failed,2014,volume_year,epistemic_adverb_tokens,31,96,23,53,0.0,0.010416666666666666,0.0,0.0,0.0,0.010482180293501049,-0.010416666666666666,6.55136268343827e-05,-0.010482180293501049
v3_a_single_exposure_to_the_american_flag_s,ml1.12,ML1,failed,2014,volume_year,replication_word_tokens,31,96,23,53,0.0,0.08333333333333333,0.0,0.07547169811320754,0.0,0.054396998786273854,-0.007861635220125784,-0.028936334547059475,0.02107469932693369
v3_a_single_exposure_to_the_american_flag_s,ml1.12,ML1,failed,2014,volume_year,lowercase_modal_tokens,31,96,23,53,0.0967741935483871,0.13541666666666666,0.13043478260869565,0.20754716981132076,0.10559006211180123,0.17415787897416496,0.03846991408434555,0.029925343744084162,0.00854457034026139
v3_a_social_functional_approach_to_emotions,rpp.56,RPP,failed,2015,volume_year,epistemic_adverb_tokens,61,73,35,48,0.0,0.0,0.0,0.0,0.0,0.0,0.0,0.0,0.0
v3_a_social_functional_approach_to_emotions,rpp.56,RPP,failed,2015,volume_year,replication_word_tokens,61,73,35,48,0.0,0.0136986301369863,0.0,0.020833333333333332,0.0,0.015350877192982455,0.007134703196347032,0.0016522470559961547,0.005482456140350877
v3_a_social_functional_approach_to_emotions,rpp.56,RPP,failed,2015,volume_year,lowercase_modal_tokens,61,73,35,48,0.11475409836065574,0.0958904109589041,0.17142857142857143,0.125,0.14104741896758705,0.1052827380952381,-0.027564884026819794,-0.016900993470597314,-0.01066389055622248
v3_accelerated_relearning_after_retrieval_i,rpp.4,RPP,failed,2015,volume_year,epistemic_adverb_tokens,34,44,17,32,0.0,0.0,0.0,0.0,0.0,0.0,0.0,0.0,0.0
v3_accelerated_relearning_after_retrieval_i,rpp.4,RPP,failed,2015,volume_year,replication_word_tokens,34,44,17,32,0.08823529411764706,0.045454545454545456,0.11764705882352941,0.0625,0.1158371040723982,0.040178571428571425,-0.012366310160427801,-0.03287778398072516,0.02051147382029736
v3_accelerated_relearning_after_retrieval_i,rpp.4,RPP,failed,2015,volume_year,lowercase_modal_tokens,34,44,17,32,0.08823529411764706,0.20454545454545456,0.11764705882352941,0.25,0.10588235294117648,0.21309523809523812,0.016042780748663096,-0.009097275273745861,0.025140056022408958
v3_action_dynamics_reveal_parallel_competit,rpp.112,RPP,successful,2015,volume_year,epistemic_adverb_tokens,58,112,25,38,0.0,0.0,0.0,0.0,0.0,0.0,0.0,0.0,0.0
v3_action_dynamics_reveal_parallel_competit,rpp.112,RPP,successful,2015,volume_year,replication_word_tokens,58,112,25,38,0.034482758620689655,0.008928571428571428,0.04,0.02631578947368421,0.045,0.01023391812865497,0.011869976665802435,-0.009211894679226802,0.021081871345029236
v3_action_dynamics_reveal_parallel_competit,rpp.112,RPP,successful,2015,volume_year,lowercase_modal_tokens,58,112,25,38,0.15517241379310345,0.03571428571428571,0.2,0.07894736842105263,0.14666666666666667,0.03166971916971917,-0.0015945035001296431,0.004461180581870242,-0.006055684081999885
v3_affective_incoherence_when_affective_con,rpp.52,RPP,failed,2015,volume_year,epistemic_adverb_tokens,36,22,20,17,0.0,0.0,0.0,0.0,0.0,0.0,0.0,0.0,0.0
v3_affective_incoherence_when_affective_con,rpp.52,RPP,failed,2015,volume_year,replication_word_tokens,36,22,20,17,0.08333333333333333,0.0,0.15,0.0,0.15,0.0,-0.06666666666666667,-0.06666666666666667,0.0
v3_affective_incoherence_when_affective_con,rpp.52,RPP,failed,2015,volume_year,lowercase_modal_tokens,36,22,20,17,0.027777777777777776,0.045454545454545456,0.05,0.058823529411764705,0.02608695652173913,0.058823529411764705,-0.008853238265002977,0.015059805213257896,-0.023913043478260874
v3_attractor_dynamics_and_semantic_neighbor,rpp.11,RPP,successful,2015,volume_year,epistemic_adverb_tokens,46,52,22,32,0.0,0.0,0.0,0.0,0.0,0.0,0.0,0.0,0.0
v3_attractor_dynamics_and_semantic_neighbor,rpp.11,RPP,successful,2015,volume_year,replication_word_tokens,46,52,22,32,0.0,0.0,0.0,0.0,0.0,0.0,0.0,0.0,0.0
v3_attractor_dynamics_and_semantic_neighbor,rpp.11,RPP,successful,2015,volume_year,lowercase_modal_tokens,46,52,22,32,0.10869565217391304,0.057692307692307696,0.09090909090909091,0.0625,0.10795454545454546,0.06439393939393939,0.022594253572514433,0.007442738420999281,0.015151515151515152
v3_auditory_change_detection_simple_sounds_,rpp.139,RPP,successful,2015,volume_year,epistemic_adverb_tokens,30,32,15,16,0.0,0.0,0.0,0.0,0.0,0.0,0.0,0.0,0.0
v3_auditory_change_detection_simple_sounds_,rpp.139,RPP,successful,2015,volume_year,replication_word_tokens,30,32,15,16,0.0,0.03125,0.0,0.0,0.0,0.0,-0.03125,-0.03125,0.0
v3_auditory_change_detection_simple_sounds_,rpp.139,RPP,successful,2015,volume_year,lowercase_modal_tokens,30,32,15,16,0.23333333333333334,0.21875,0.2,0.25,0.24666666666666667,0.19744318181818182,0.06458333333333333,-0.03464015151515151,0.09922348484848484
v3_availability_a_heuristic_for_judging_fre,ml3.4,ML3,successful,2016,volume_year,epistemic_adverb_tokens,111,41,57,33,0.02702702702702703,0.0,0.03508771929824561,0.0,0.024812030075187973,0.0,-0.008060692271218584,0.002214996951839056,-0.01027568922305764
v3_availability_a_heuristic_for_judging_fre,ml3.4,ML3,successful,2016,volume_year,replication_word_tokens,111,41,57,33,0.0,0.0,0.0,0.0,0.0,0.0,0.0,0.0,0.0
v3_availability_a_heuristic_for_judging_fre,ml3.4,ML3,successful,2016,volume_year,lowercase_modal_tokens,111,41,57,33,0.14414414414414414,0.07317073170731707,0.14035087719298245,0.06060606060606061,0.13847581917757357,0.07317073170731707,-0.008771404150094766,0.005668324966570576,-0.014439729116665342
v3_balancing_connectedness_and_self_protect,rpp.93,RPP,failed,2015,volume_year,epistemic_adverb_tokens,128,149,93,98,0.0078125,0.006711409395973154,0.010752688172043012,0.01020408163265306,0.0070448646644419724,0.007653061224489796,0.0005524840646368946,0.001709287164074669,-0.0011568030994377745
v3_balancing_connectedness_and_self_protect,rpp.93,RPP,failed,2015,volume_year,replication_word_tokens,128,149,93,98,0.0078125,0.0,0.010752688172043012,0.0,0.008271298593879239,0.0,-0.0029401881720430116,-0.00045879859387923903,-0.0024813895781637726
v3_balancing_connectedness_and_self_protect,rpp.93,RPP,failed,2015,volume_year,lowercase_modal_tokens,128,149,93,98,0.1171875,0.1610738255033557,0.13978494623655913,0.19387755102040816,0.12292879534258842,0.16618715997597985,0.010206279280493336,-0.0006279608699642641,0.0108342401504576
v3_cloningertextquotesingles_psychobiologic,ml3.8,ML3,failed,2016,volume_year,epistemic_adverb_tokens,71,132,49,75,0.014084507042253521,0.007575757575757576,0.02040816326530612,0.013333333333333334,0.014483212639894669,0.007142857142857143,-0.0005660804654768412,-0.0008316060305415809,0.00026552556506473975
v3_cloningertextquotesingles_psychobiologic,ml3.8,ML3,failed,2016,volume_year,replication_word_tokens,71,132,49,75,0.0,0.007575757575757576,0.0,0.013333333333333334,0.0,0.007142857142857143,0.005757575757575758,-0.00043290043290043333,0.0061904761904761916
v3_cloningertextquotesingles_psychobiologic,ml3.8,ML3,failed,2016,volume_year,lowercase_modal_tokens,71,132,49,75,0.014084507042253521,0.05303030303030303,0.02040816326530612,0.05333333333333334,0.014483212639894669,0.04517652717652717,-0.006020625920022294,-0.00825248145141701,0.002231855531394716
v3_conflict_triggered_goal_shielding_respon,rpp.158,RPP,successful,2015,volume_year,epistemic_adverb_tokens,16,35,10,20,0.0625,0.0,0.0,0.0,0.0,0.0,0.0625,0.0625,0.0
v3_conflict_triggered_goal_shielding_respon,rpp.158,RPP,successful,2015,volume_year,replication_word_tokens,16,35,10,20,0.0,0.08571428571428572,0.0,0.15,0.0,0.08823529411764706,0.06428571428571428,0.0025210084033613495,0.06176470588235293
v3_conflict_triggered_goal_shielding_respon,rpp.158,RPP,successful,2015,volume_year,lowercase_modal_tokens,16,35,10,20,0.125,0.2,0.2,0.25,0.14166666666666666,0.22107843137254898,-0.025000000000000022,0.0044117647058823095,-0.02941176470588233
v3_decision_making_and_learning_while_takin,rpp.39,RPP,failed,2015,volume_year,epistemic_adverb_tokens,70,128,24,30,0.0,0.0,0.0,0.0,0.0,0.0,0.0,0.0,0.0
v3_decision_making_and_learning_while_takin,rpp.39,RPP,failed,2015,volume_year,replication_word_tokens,70,128,24,30,0.0,0.0,0.0,0.0,0.0,0.0,0.0,0.0,0.0
v3_decision_making_and_learning_while_takin,rpp.39,RPP,failed,2015,volume_year,lowercase_modal_tokens,70,128,24,30,0.05714285714285714,0.1171875,0.041666666666666664,0.26666666666666666,0.056978383458646614,0.1882040021170456,0.16495535714285714,0.07118097580125612,0.09377438134160102
v3_effects_of_fluency_on_psychological_dist,rpp.104,RPP,failed,2015,volume_year,epistemic_adverb_tokens,75,173,41,107,0.013333333333333334,0.0,0.0,0.0,0.006097560975609756,0.0,0.013333333333333334,0.007235772357723578,0.006097560975609756
v3_effects_of_fluency_on_psychological_dist,rpp.104,RPP,failed,2015,volume_year,replication_word_tokens,75,173,41,107,0.0,0.028901734104046242,0.0,0.04672897196261682,0.0,0.029862038273253223,0.01782723785857058,0.0009603041692069804,0.016866933689363598
v3_effects_of_fluency_on_psychological_dist,rpp.104,RPP,failed,2015,volume_year,lowercase_modal_tokens,75,173,41,107,0.10666666666666667,0.10404624277456648,0.0975609756097561,0.1308411214953271,0.1102787456445993,0.10139372288904996,0.035900569777671185,-0.006264598863449142,0.042165168641120326
v3_effects_of_need_for_cognition_on_message,ml3.7,ML3,failed,2016,volume_year,epistemic_adverb_tokens,20,154,13,94,0.0,0.0,0.0,0.0,0.0,0.0,0.0,0.0,0.0
v3_effects_of_need_for_cognition_on_message,ml3.7,ML3,failed,2016,volume_year,replication_word_tokens,20,154,13,94,0.0,0.045454545454545456,0.0,0.02127659574468085,0.0,0.036532616319850365,-0.024177949709864605,-0.00892192913469509,-0.015256020575169515
v3_effects_of_need_for_cognition_on_message,ml3.7,ML3,failed,2016,volume_year,lowercase_modal_tokens,20,154,13,94,0.0,0.07142857142857142,0.0,0.06382978723404255,0.0,0.06973584075718323,-0.0075987841945288764,-0.0016927306713881984,-0.005906053523140678
v3_elaboration_enhances_the_imagined_contac,ml1.14,ML1,successful,2014,volume_year,epistemic_adverb_tokens,130,254,63,116,0.007692307692307693,0.007874015748031496,0.015873015873015872,0.017241379310344827,0.005577005577005577,0.009250136836343733,0.001186655381605152,0.0034914232036143524,-0.0023047678220092004
v3_elaboration_enhances_the_imagined_contac,ml1.14,ML1,successful,2014,volume_year,replication_word_tokens,130,254,63,116,0.015384615384615385,0.027559055118110236,0.015873015873015872,0.008620689655172414,0.013946413946413947,0.02313902572523262,-0.01942676595133831,-0.002981827954676176,-0.016444937996662135
v3_elaboration_enhances_the_imagined_contac,ml1.14,ML1,successful,2014,volume_year,lowercase_modal_tokens,130,254,63,116,0.05384615384615385,0.0984251968503937,0.06349206349206349,0.14655172413793102,0.056178256178256177,0.10793479748221127,0.038480617641627676,0.007177498299715236,0.03130311934191244
v3_expectations_as_endowments_evidence_on_r,ee.9,EERP,failed,2016,volume_year,epistemic_adverb_tokens,47,138,25,56,0.0,0.0,0.0,0.0,0.0,0.0,0.0,0.0,0.0
v3_expectations_as_endowments_evidence_on_r,ee.9,EERP,failed,2016,volume_year,replication_word_tokens,47,138,25,56,0.02127659574468085,0.007246376811594203,0.04,0.017857142857142856,0.021052631578947368,0.008503401360544217,-0.008112638209770498,0.0014809887146834963,-0.009593626924453993
v3_expectations_as_endowments_evidence_on_r,ee.9,EERP,failed,2016,volume_year,lowercase_modal_tokens,47,138,25,56,0.1702127659574468,0.06521739130434782,0.24,0.125,0.17992481203007518,0.08548817254174397,-0.010004625346901011,0.010558735164767769,-0.02056336051166878
v3_experiments_in_wording_questions_ii,ml1.10,ML1,successful,2014,volume_year,epistemic_adverb_tokens,48,41,21,24,0.020833333333333332,0.0,0.0,0.0,0.0,0.0,0.020833333333333332,0.020833333333333332,0.0
v3_experiments_in_wording_questions_ii,ml1.10,ML1,successful,2014,volume_year,replication_word_tokens,48,41,21,24,0.0,0.0,0.0,0.0,0.0,0.0,0.0,0.0,0.0
v3_experiments_in_wording_questions_ii,ml1.10,ML1,successful,2014,volume_year,lowercase_modal_tokens,48,41,21,24,0.0625,0.04878048780487805,0.047619047619047616,0.08333333333333333,0.02142857142857143,0.051388888888888894,0.04943379790940766,0.043679829655439414,0.005753968253968247
v3_happiness_and_time_preference_the_effect,ee.14,EERP,failed,2016,volume_year,epistemic_adverb_tokens,64,148,30,88,0.0,0.0,0.0,0.0,0.0,0.0,0.0,0.0,0.0
v3_happiness_and_time_preference_the_effect,ee.14,EERP,failed,2016,volume_year,replication_word_tokens,64,148,30,88,0.046875,0.006756756756756757,0.1,0.0,0.040196078431372545,0.007231404958677686,-0.05988175675675676,0.007153569770548384,-0.06703532652730515
v3_happiness_and_time_preference_the_effect,ee.14,EERP,failed,2016,volume_year,lowercase_modal_tokens,64,148,30,88,0.03125,0.08783783783783784,0.03333333333333333,0.09090909090909091,0.028431372549019607,0.0888189123476205,0.000987919737919736,0.0037997019607630515,-0.0028117822228433155
v3_head_up_foot_down_object_words_orient_at,rpp.167,RPP,failed,2015,volume_year,epistemic_adverb_tokens,52,92,25,43,0.0,0.0,0.0,0.0,0.0,0.0,0.0,0.0,0.0
v3_head_up_foot_down_object_words_orient_at,rpp.167,RPP,failed,2015,volume_year,replication_word_tokens,52,92,25,43,0.038461538461538464,0.043478260869565216,0.04,0.046511627906976744,0.03096774193548387,0.03723279304674654,0.0014949054989499902,0.0012483287032359139,0.0002465767957140763
v3_head_up_foot_down_object_words_orient_at,rpp.167,RPP,failed,2015,volume_year,lowercase_modal_tokens,52,92,25,43,0.17307692307692307,0.05434782608695652,0.24,0.023255813953488372,0.17519713261648748,0.0508574113225276,-0.09801508905654507,-0.005610624303993325,-0.09240446475255175
v3_hedonic_and_instrumental_motives_in_ange,rpp.142,RPP,successful,2015,volume_year,epistemic_adverb_tokens,56,144,39,94,0.0,0.0,0.0,0.0,0.0,0.0,0.0,0.0,0.0
v3_hedonic_and_instrumental_motives_in_ange,rpp.142,RPP,successful,2015,volume_year,replication_word_tokens,56,144,39,94,0.0,0.013888888888888888,0.0,0.02127659574468085,0.0,0.013056092843326884,0.007387706855791962,-0.000832796045562004,0.008220502901353966
v3_hedonic_and_instrumental_motives_in_ange,rpp.142,RPP,successful,2015,volume_year,lowercase_modal_tokens,56,144,39,94,0.08928571428571429,0.1597222222222222,0.07692307692307693,0.20212765957446807,0.0999000999000999,0.179768015672271,0.05476807471488322,0.009431407835663166,0.045336666879220056
v3_how_does_bilingualism_improve_executive_,rpp.22,RPP,failed,2015,volume_year,epistemic_adverb_tokens,177,158,95,91,0.005649717514124294,0.0,0.010526315789473684,0.0,0.006477732793522268,0.0,-0.00487659827534939,-0.000828015279397974,-0.004048582995951416
v3_how_does_bilingualism_improve_executive_,rpp.22,RPP,failed,2015,volume_year,replication_word_tokens,177,158,95,91,0.06779661016949153,0.03164556962025317,0.09473684210526316,0.01098901098901099,0.0700104963262858,0.033986733986733984,-0.04759679056701381,0.0001272782096865474,-0.04772406877670036
v3_how_does_bilingualism_improve_executive_,rpp.22,RPP,failed,2015,volume_year,lowercase_modal_tokens,177,158,95,91,0.11864406779661017,0.189873417721519,0.14736842105263157,0.24175824175824176,0.12073774179037337,0.20667873525016384,0.023160470780701367,0.014711643534881635,0.008448827245819732
v3_how_the_head_liberates_the_heart_project,rpp.59,RPP,successful,2015,volume_year,epistemic_adverb_tokens,42,74,31,62,0.0,0.013513513513513514,0.0,0.016129032258064516,0.0,0.01075268817204301,0.0026155187445510014,-0.0027608253414705044,0.005376344086021506
v3_how_the_head_liberates_the_heart_project,rpp.59,RPP,successful,2015,volume_year,replication_word_tokens,42,74,31,62,0.0,0.013513513513513514,0.0,0.0,0.0,0.012096774193548387,-0.013513513513513514,-0.0014167393199651275,-0.012096774193548387
v3_how_the_head_liberates_the_heart_project,rpp.59,RPP,successful,2015,volume_year,lowercase_modal_tokens,42,74,31,62,0.07142857142857142,0.13513513513513514,0.06451612903225806,0.16129032258064516,0.06720430107526881,0.16129032258064516,0.033067629841823376,0.030379457798812626,0.0026881720430107503
v3_imperfect_public_monitoring_with_costly_,ee.2,EERP,successful,2016,volume_year,epistemic_adverb_tokens,50,100,25,49,0.0,0.02,0.0,0.04081632653061224,0.0,0.034371643394199784,0.02081632653061224,0.014371643394199784,0.006444683136412457
v3_imperfect_public_monitoring_with_costly_,ee.2,EERP,successful,2016,volume_year,replication_word_tokens,50,100,25,49,0.0,0.07,0.0,0.02040816326530612,0.0,0.042009786370688626,-0.04959183673469389,-0.02799021362931138,-0.02160162310538251
v3_imperfect_public_monitoring_with_costly_,ee.2,EERP,successful,2016,volume_year,lowercase_modal_tokens,50,100,25,49,0.1,0.13,0.12,0.1836734693877551,0.1168421052631579,0.13694951664876476,0.03367346938775512,-0.009892588614393141,0.04356605800214826
v3_increasing_and_decreasing_motor_and_cogn,rpp.49,RPP,failed,2015,volume_year,epistemic_adverb_tokens,164,87,98,38,0.018292682926829267,0.0,0.030612244897959183,0.0,0.019987042436022028,0.0,-0.012319561971129916,-0.0016943595091927603,-0.010625202461937155
v3_increasing_and_decreasing_motor_and_cogn,rpp.49,RPP,failed,2015,volume_year,replication_word_tokens,164,87,98,38,0.0,0.08045977011494253,0.0,0.05263157894736842,0.0,0.06338873499538318,-0.02782819116757411,-0.017071035119559347,-0.010757156048014763
v3_increasing_and_decreasing_motor_and_cogn,rpp.49,RPP,failed,2015,volume_year,lowercase_modal_tokens,164,87,98,38,0.0975609756097561,0.08045977011494253,0.12244897959183673,0.05263157894736842,0.10160601869785542,0.08228465901596095,-0.05271619514965474,-0.0022201541870808944,-0.050496040962573846
v3_individual_differences_in_the_regulation,rpp.53,RPP,failed,2015,volume_year,epistemic_adverb_tokens,61,69,44,40,0.0,0.028985507246376812,0.0,0.025,0.0,0.028793103448275865,-0.0039855072463768106,-0.00019240379810094715,-0.0037931034482758634
v3_individual_differences_in_the_regulation,rpp.53,RPP,failed,2015,volume_year,replication_word_tokens,61,69,44,40,0.01639344262295082,0.028985507246376812,0.022727272727272728,0.025,0.01515151515151515,0.027500000000000004,-0.010319337350698718,-0.00024357977494113801,-0.01007575757575758
v3_individual_differences_in_the_regulation,rpp.53,RPP,failed,2015,volume_year,lowercase_modal_tokens,61,69,44,40,0.18032786885245902,0.21739130434782608,0.20454545454545456,0.3,0.15606060606060607,0.2238300492610837,0.05839110995917837,0.03070600770511059,0.027685102254067784
v3_it_feels_like_yesterday_self_esteem_vale,ml3.3,ML3,failed,2016,volume_year,epistemic_adverb_tokens,185,159,118,101,0.005405405405405406,0.012578616352201259,0.0,0.019801980198019802,0.004622496147919876,0.012668347580099625,0.01262876925122395,0.0008726404853838955,0.011756128765840054
v3_it_feels_like_yesterday_self_esteem_vale,ml3.3,ML3,failed,2016,volume_year,replication_word_tokens,185,159,118,101,0.0,0.0,0.0,0.0,0.0,0.0,0.0,0.0,0.0
v3_it_feels_like_yesterday_self_esteem_vale,ml3.3,ML3,failed,2016,volume_year,lowercase_modal_tokens,185,159,118,101,0.15675675675675677,0.12578616352201258,0.15254237288135594,0.13861386138613863,0.16478964966397408,0.11570968850348963,0.01704208173952687,-0.018109367925740263,0.035151449665267134
v3_last_place_aversion_evidence_and_redistr,ee.18,EERP,failed,2016,volume_year,epistemic_adverb_tokens,28,236,17,156,0.0,0.00423728813559322,0.0,0.00641025641025641,0.0,0.004326923076923077,0.0021729682746631897,8.963494132985684e-05,0.002083333333333333
v3_last_place_aversion_evidence_and_redistr,ee.18,EERP,failed,2016,volume_year,replication_word_tokens,28,236,17,156,0.0,0.012711864406779662,0.0,0.0,0.0,0.013501340707223058,-0.012711864406779662,0.0007894763004433966,-0.013501340707223058
v3_last_place_aversion_evidence_and_redistr,ee.18,EERP,failed,2016,volume_year,lowercase_modal_tokens,28,236,17,156,0.25,0.17796610169491525,0.17647058823529413,0.23076923076923078,0.23284313725490194,0.18171696223166808,0.1263325408390214,0.020907723281850893,0.10542481755717051
v3_left_frontal_cortical_activation_and_spr,rpp.55,RPP,failed,2015,volume_year,epistemic_adverb_tokens,38,61,25,37,0.0,0.0,0.0,0.0,0.0,0.0,0.0,0.0,0.0
v3_left_frontal_cortical_activation_and_spr,rpp.55,RPP,failed,2015,volume_year,replication_word_tokens,38,61,25,37,0.02631578947368421,0.01639344262295082,0.0,0.02702702702702703,0.017777777777777778,0.0193050193050193,0.036949373877760414,0.011449588377974912,0.0254997854997855
v3_left_frontal_cortical_activation_and_spr,rpp.55,RPP,failed,2015,volume_year,lowercase_modal_tokens,38,61,25,37,0.05263157894736842,0.01639344262295082,0.08,0.02702702702702703,0.07200000000000001,0.01891891891891892,-0.016734836648555376,-0.01684294475666349,0.00010810810810811533
v3_measuring_the_crowd_within_probabilistic,rpp.116,RPP,successful,2015,volume_year,epistemic_adverb_tokens,70,134,32,63,0.0,0.014925373134328358,0.0,0.015873015873015872,0.0,0.013378684807256234,0.0009476427386875142,-0.0015466883270721238,0.002494331065759638
v3_measuring_the_crowd_within_probabilistic,rpp.116,RPP,successful,2015,volume_year,replication_word_tokens,70,134,32,63,0.1,0.0,0.09375,0.0,0.1015625,0.0,0.0062500000000000056,-0.0015624999999999944,0.0078125
v3_measuring_the_crowd_within_probabilistic,rpp.116,RPP,successful,2015,volume_year,lowercase_modal_tokens,70,134,32,63,0.08571428571428572,0.08955223880597014,0.125,0.1111111111111111,0.1015625,0.09946844731158457,-0.017726841980573324,-0.005932005780099864,-0.01179483620047346
v3_multidimensional_visual_statistical_lear,rpp.29,RPP,successful,2015,volume_year,epistemic_adverb_tokens,50,71,22,21,0.0,0.0,0.0,0.0,0.0,0.0,0.0,0.0,0.0
v3_multidimensional_visual_statistical_lear,rpp.29,RPP,successful,2015,volume_year,replication_word_tokens,50,71,22,21,0.0,0.09859154929577464,0.0,0.14285714285714285,0.0,0.05409663865546218,0.04426559356136821,-0.04449491064031246,0.08876050420168066
v3_multidimensional_visual_statistical_lear,rpp.29,RPP,successful,2015,volume_year,lowercase_modal_tokens,50,71,22,21,0.1,0.14084507042253522,0.09090909090909091,0.19047619047619047,0.09785353535353535,0.1594187675070028,0.05872202914456434,0.020720161730932232,0.03800186741363211
v3_multiple_roles_for_time_in_short_term_me,rpp.33,RPP,successful,2015,volume_year,epistemic_adverb_tokens,144,95,62,50,0.0,0.0,0.0,0.0,0.0,0.0,0.0,0.0,0.0
v3_multiple_roles_for_time_in_short_term_me,rpp.33,RPP,successful,2015,volume_year,replication_word_tokens,144,95,62,50,0.013888888888888888,0.021052631578947368,0.016129032258064516,0.04,0.012622720897615706,0.024181818181818183,0.016707225051877005,0.004395354594143997,0.012311870457733009
v3_multiple_roles_for_time_in_short_term_me,rpp.33,RPP,successful,2015,volume_year,lowercase_modal_tokens,144,95,62,50,0.041666666666666664,0.05263157894736842,0.06451612903225806,0.06,0.05442964001870033,0.041212121212121214,-0.015481041312959819,-0.024182431087280867,0.008701389774321049
v3_not_so_innocent_does_seeing_one_s_own_ca,rpp.65,RPP,failed,2015,volume_year,epistemic_adverb_tokens,75,75,53,46,0.013333333333333334,0.0,0.018867924528301886,0.0,0.017758046614872364,0.0,-0.005534591194968552,-0.00442471328153903,-0.0011098779134295217
v3_not_so_innocent_does_seeing_one_s_own_ca,rpp.65,RPP,failed,2015,volume_year,replication_word_tokens,75,75,53,46,0.04,0.013333333333333334,0.05660377358490566,0.0,0.04612930077691454,0.014025245441795231,-0.029937106918238997,-0.00543738866845264,-0.024499718249786355
v3_not_so_innocent_does_seeing_one_s_own_ca,rpp.65,RPP,failed,2015,volume_year,lowercase_modal_tokens,75,75,53,46,0.16,0.16,0.20754716981132076,0.17391304347826086,0.1629813875235629,0.14666510830606203,-0.0336341263330599,-0.016316279217500868,-0.017317847115559032
v3_on_the_additive_effects_of_stimulus_qual,rpp.27,RPP,successful,2015,volume_year,epistemic_adverb_tokens,36,64,10,27,0.0,0.015625,0.0,0.037037037037037035,0.0,0.015594541910331383,0.021412037037037035,-3.045808966861685e-05,0.021442495126705652
v3_on_the_additive_effects_of_stimulus_qual,rpp.27,RPP,successful,2015,volume_year,replication_word_tokens,36,64,10,27,0.05555555555555555,0.015625,0.0,0.037037037037037035,0.042105263157894736,0.037037037037037035,0.07696759259259259,0.03486232943469785,0.042105263157894736
v3_on_the_additive_effects_of_stimulus_qual,rpp.27,RPP,successful,2015,volume_year,lowercase_modal_tokens,36,64,10,27,0.027777777777777776,0.0625,0.0,0.1111111111111111,0.0,0.08565531475748195,0.07638888888888888,0.050933092535259725,0.025455796353629156
v3_opening_the_mind_to_close_it_considering,rpp.72,RPP,failed,2015,volume_year,epistemic_adverb_tokens,17,26,10,17,0.0,0.0,0.0,0.0,0.0,0.0,0.0,0.0,0.0
v3_opening_the_mind_to_close_it_considering,rpp.72,RPP,failed,2015,volume_year,replication_word_tokens,17,26,10,17,0.0,0.0,0.0,0.0,0.0,0.0,0.0,0.0,0.0
v3_opening_the_mind_to_close_it_considering,rpp.72,RPP,failed,2015,volume_year,lowercase_modal_tokens,17,26,10,17,0.058823529411764705,0.11538461538461539,0.1,0.11764705882352941,0.05714285714285714,0.10784313725490195,-0.03891402714932128,-0.005860805860805875,-0.03305322128851541
v3_orienting_attention_in_visual_working_me,rpp.37,RPP,failed,2015,volume_year,epistemic_adverb_tokens,154,105,98,60,0.0,0.01904761904761905,0.0,0.03333333333333333,0.0,0.027083333333333334,0.014285714285714284,0.008035714285714285,0.006249999999999999
v3_orienting_attention_in_visual_working_me,rpp.37,RPP,failed,2015,volume_year,replication_word_tokens,154,105,98,60,0.012987012987012988,0.0,0.02040816326530612,0.0,0.015306122448979591,0.0,-0.007421150278293133,-0.0023191094619666036,-0.005102040816326529
v3_orienting_attention_in_visual_working_me,rpp.37,RPP,failed,2015,volume_year,lowercase_modal_tokens,154,105,98,60,0.03896103896103896,0.08571428571428572,0.061224489795918366,0.13333333333333333,0.03485275689223057,0.08964729532163743,0.02535559678416821,0.0080412916761601,0.01731430510800811
v3_perceptual_mechanisms_that_characterize_,rpp.110,RPP,failed,2015,volume_year,epistemic_adverb_tokens,28,57,19,40,0.0,0.017543859649122806,0.0,0.025,0.0,0.021875,0.007456140350877195,0.004331140350877193,0.0031250000000000028
v3_perceptual_mechanisms_that_characterize_,rpp.110,RPP,failed,2015,volume_year,replication_word_tokens,28,57,19,40,0.0,0.03508771929824561,0.0,0.025,0.0,0.025,-0.01008771929824561,-0.01008771929824561,0.0
v3_perceptual_mechanisms_that_characterize_,rpp.110,RPP,failed,2015,volume_year,lowercase_modal_tokens,28,57,19,40,0.21428571428571427,0.2807017543859649,0.3157894736842105,0.325,0.2481203007518797,0.2970833333333333,-0.05720551378446112,-0.017453007518797026,-0.039752506265664095
v3_poignancy_mixed_emotional_experience_in_,rpp.61,RPP,failed,2015,volume_year,epistemic_adverb_tokens,54,96,31,54,0.0,0.010416666666666666,0.0,0.018518518518518517,0.0,0.010893246187363835,0.008101851851851851,0.00047657952069716895,0.0076252723311546824
v3_poignancy_mixed_emotional_experience_in_,rpp.61,RPP,failed,2015,volume_year,replication_word_tokens,54,96,31,54,0.0,0.0,0.0,0.0,0.0,0.0,0.0,0.0,0.0
v3_poignancy_mixed_emotional_experience_in_,rpp.61,RPP,failed,2015,volume_year,lowercase_modal_tokens,54,96,31,54,0.07407407407407407,0.16666666666666666,0.0967741935483871,0.2222222222222222,0.10138248847926265,0.19795751633986927,0.03285543608124253,0.003982435268014034,0.028873000813228494
v3_precision_of_the_anchor_influences_the_a,rpp.111,RPP,successful,2015,volume_year,epistemic_adverb_tokens,36,85,24,59,0.0,0.011764705882352941,0.0,0.01694915254237288,0.0,0.00847457627118644,0.00518444666001994,-0.0032901296111665004,0.00847457627118644
v3_precision_of_the_anchor_influences_the_a,rpp.111,RPP,successful,2015,volume_year,replication_word_tokens,36,85,24,59,0.027777777777777776,0.023529411764705882,0.041666666666666664,0.01694915254237288,0.0375,0.022598870056497175,-0.02046914811122189,-0.01065276393043093,-0.00981638418079096
v3_precision_of_the_anchor_influences_the_a,rpp.111,RPP,successful,2015,volume_year,lowercase_modal_tokens,36,85,24,59,0.027777777777777776,0.047058823529411764,0.041666666666666664,0.05084745762711865,0.017857142857142856,0.05633575464083938,-0.010100254791182005,0.01919756603206254,-0.029297820823244544
v3_priming_addition_facts_with_semantic_rel,rpp.24,RPP,successful,2015,volume_year,epistemic_adverb_tokens,21,45,14,27,0.0,0.0,0.0,0.0,0.0,0.0,0.0,0.0,0.0
v3_priming_addition_facts_with_semantic_rel,rpp.24,RPP,successful,2015,volume_year,replication_word_tokens,21,45,14,27,0.0,0.022222222222222223,0.0,0.0,0.0,0.013888888888888888,-0.022222222222222223,-0.008333333333333335,-0.013888888888888888
v3_priming_addition_facts_with_semantic_rel,rpp.24,RPP,successful,2015,volume_year,lowercase_modal_tokens,21,45,14,27,0.09523809523809523,0.06666666666666667,0.07142857142857142,0.07407407407407407,0.09183673469387754,0.08796296296296297,0.031216931216931212,0.02469765684051399,0.006519274376417222
v3_response_scales_effects_of_category_rang,ml1.8,ML1,successful,2014,volume_year,epistemic_adverb_tokens,96,82,52,38,0.0,0.0,0.0,0.0,0.0,0.0,0.0,0.0,0.0
v3_response_scales_effects_of_category_rang,ml1.8,ML1,successful,2014,volume_year,replication_word_tokens,96,82,52,38,0.03125,0.036585365853658534,0.038461538461538464,0.0,0.03130422209369577,0.027631578947368424,-0.043796904315197,-0.009008008999985884,-0.034788895315211114
v3_response_scales_effects_of_category_rang,ml1.8,ML1,successful,2014,volume_year,lowercase_modal_tokens,96,82,52,38,0.125,0.10975609756097561,0.15384615384615385,0.18421052631578946,0.13615770194717564,0.09790100250626567,0.04560827490866,-0.023012797001885577,0.06862107191054558
v3_running_on_empty_neural_signals_for_self,ml3.5,ML3,successful,2016,volume_year,epistemic_adverb_tokens,27,36,22,25,0.0,0.0,0.0,0.0,0.0,0.0,0.0,0.0,0.0
v3_running_on_empty_neural_signals_for_self,ml3.5,ML3,successful,2016,volume_year,replication_word_tokens,27,36,22,25,0.0,0.0,0.0,0.0,0.0,0.0,0.0,0.0,0.0
v3_running_on_empty_neural_signals_for_self,ml3.5,ML3,successful,2016,volume_year,lowercase_modal_tokens,27,36,22,25,0.07407407407407407,0.16666666666666666,0.045454545454545456,0.24,0.07007575757575757,0.19733333333333333,0.10195286195286195,0.034664983164983176,0.06728787878787877
v3_screening_competition_and_job_design_eco,ee.3,EERP,successful,2016,volume_year,epistemic_adverb_tokens,39,61,21,22,0.0,0.0,0.0,0.0,0.0,0.0,0.0,0.0,0.0
v3_screening_competition_and_job_design_eco,ee.3,EERP,successful,2016,volume_year,replication_word_tokens,39,61,21,22,0.0,0.0,0.0,0.0,0.0,0.0,0.0,0.0,0.0
v3_screening_competition_and_job_design_eco,ee.3,EERP,successful,2016,volume_year,lowercase_modal_tokens,39,61,21,22,0.07692307692307693,0.13114754098360656,0.09523809523809523,0.18181818181818182,0.08928571428571429,0.150098814229249,0.032355622519556954,0.006588635883005081,0.025766986636551872
v3_selective_exposure_and_information_quant,rpp.84,RPP,successful,2015,volume_year,epistemic_adverb_tokens,20,67,10,46,0.0,0.0,0.0,0.0,0.0,0.0,0.0,0.0,0.0
v3_selective_exposure_and_information_quant,rpp.84,RPP,successful,2015,volume_year,replication_word_tokens,20,67,10,46,0.0,0.014925373134328358,0.0,0.0,0.0,0.011775362318840578,-0.014925373134328358,-0.0031500108154877797,-0.011775362318840578
v3_selective_exposure_and_information_quant,rpp.84,RPP,successful,2015,volume_year,lowercase_modal_tokens,20,67,10,46,0.05,0.08955223880597014,0.1,0.10869565217391304,0.1,0.0878623188405797,-0.030856586632057106,-0.05168991996539045,0.020833333333333343
v3_self_handicapping_excuse_making_and_coun,rpp.94,RPP,successful,2015,volume_year,epistemic_adverb_tokens,54,62,36,47,0.0,0.0,0.0,0.0,0.0,0.0,0.0,0.0,0.0
v3_self_handicapping_excuse_making_and_coun,rpp.94,RPP,successful,2015,volume_year,replication_word_tokens,54,62,36,47,0.0,0.0,0.0,0.0,0.0,0.0,0.0,0.0,0.0
v3_self_handicapping_excuse_making_and_coun,rpp.94,RPP,successful,2015,volume_year,lowercase_modal_tokens,54,62,36,47,0.24074074074074073,0.1774193548387097,0.25,0.23404255319148937,0.2210648148148148,0.18076013820694672,0.04736393909352041,0.023016709294162968,0.02434722979935744
v3_self_regulation_and_selective_exposure_t,rpp.86,RPP,failed,2015,volume_year,epistemic_adverb_tokens,41,51,17,30,0.0,0.0,0.0,0.0,0.0,0.0,0.0,0.0,0.0
v3_self_regulation_and_selective_exposure_t,rpp.86,RPP,failed,2015,volume_year,replication_word_tokens,41,51,17,30,0.0,0.0196078431372549,0.0,0.03333333333333333,0.0,0.013333333333333334,0.013725490196078431,-0.0062745098039215675,0.019999999999999997
v3_self_regulation_and_selective_exposure_t,rpp.86,RPP,failed,2015,volume_year,lowercase_modal_tokens,41,51,17,30,0.0975609756097561,0.0392156862745098,0.11764705882352941,0.06666666666666667,0.11624649859943977,0.06666666666666667,0.007364897178383553,0.008765457402473198,-0.0014005602240896448
v3_semantic_interference_in_a_delayed_namin,rpp.28,RPP,failed,2015,volume_year,epistemic_adverb_tokens,103,35,45,18,0.009708737864077669,0.0,0.022222222222222223,0.0,0.009017713365539453,0.0,-0.012513484358144554,0.0006910244985382161,-0.01320450885668277
v3_semantic_interference_in_a_delayed_namin,rpp.28,RPP,failed,2015,volume_year,replication_word_tokens,103,35,45,18,0.08737864077669903,0.0,0.1111111111111111,0.0,0.08904991948470209,0.0,-0.023732470334412073,-0.0016712787080030572,-0.022061191626409016
v3_semantic_interference_in_a_delayed_namin,rpp.28,RPP,failed,2015,volume_year,lowercase_modal_tokens,103,35,45,18,0.02912621359223301,0.05714285714285714,0.044444444444444446,0.1111111111111111,0.03494363929146538,0.1,0.03865002311604253,0.0370397171579105,0.0016103059581320314
v3_slow_to_anger_and_fast_to_forgive_cooper,ee.12,EERP,successful,2016,volume_year,epistemic_adverb_tokens,94,185,30,61,0.0,0.0,0.0,0.0,0.0,0.0,0.0,0.0,0.0
v3_slow_to_anger_and_fast_to_forgive_cooper,ee.12,EERP,successful,2016,volume_year,replication_word_tokens,94,185,30,61,0.0,0.010810810810810811,0.0,0.0,0.0,0.009038546743464777,-0.010810810810810811,-0.001772264067346034,-0.009038546743464777
v3_slow_to_anger_and_fast_to_forgive_cooper,ee.12,EERP,successful,2016,volume_year,lowercase_modal_tokens,94,185,30,61,0.031914893617021274,0.021621621621621623,0.03333333333333333,0.04918032786885246,0.03499772001823986,0.020787180623246193,0.026140266530918776,-0.003917267399594013,0.03005753393051279
v3_terror_management_and_adults_attachment_,rpp.48,RPP,failed,2015,volume_year,epistemic_adverb_tokens,53,85,43,69,0.018867924528301886,0.0,0.023255813953488372,0.0,0.018604651162790697,0.0,-0.004387889425186486,0.00026327336551118866,-0.004651162790697674
v3_terror_management_and_adults_attachment_,rpp.48,RPP,failed,2015,volume_year,replication_word_tokens,53,85,43,69,0.0,0.0,0.0,0.0,0.0,0.0,0.0,0.0,0.0
v3_terror_management_and_adults_attachment_,rpp.48,RPP,failed,2015,volume_year,lowercase_modal_tokens,53,85,43,69,0.09433962264150944,0.10588235294117647,0.09302325581395349,0.10144927536231885,0.08755129958960328,0.09759447713411909,-0.0031167107513016684,-0.0014995527551512206,-0.0016171579961504479
v3_thar_she_bursts_reducing_confusion_reduc,ee.16,EERP,successful,2016,volume_year,epistemic_adverb_tokens,128,146,62,69,0.0,0.0,0.0,0.0,0.0,0.0,0.0,0.0,0.0
v3_thar_she_bursts_reducing_confusion_reduc,ee.16,EERP,successful,2016,volume_year,replication_word_tokens,128,146,62,69,0.015625,0.00684931506849315,0.0,0.0,0.014546076837511765,0.005797101449275362,0.00877568493150685,2.6709543270447486e-05,0.008748975388236402
v3_thar_she_bursts_reducing_confusion_reduc,ee.16,EERP,successful,2016,volume_year,lowercase_modal_tokens,128,146,62,69,0.078125,0.08904109589041095,0.11290322580645161,0.14492753623188406,0.07490103713978195,0.0921152518978606,0.0211082145350215,0.006298118867667693,0.014810095667353806
v3_the_economics_of_credence_goods_an_exper,ee.8,EERP,successful,2016,volume_year,epistemic_adverb_tokens,60,244,27,90,0.0,0.00819672131147541,0.0,0.0,0.0,0.006734006734006735,-0.00819672131147541,-0.0014627145774686757,-0.006734006734006735
v3_the_economics_of_credence_goods_an_exper,ee.8,EERP,successful,2016,volume_year,replication_word_tokens,60,244,27,90,0.0,0.0,0.0,0.0,0.0,0.0,0.0,0.0,0.0
v3_the_economics_of_credence_goods_an_exper,ee.8,EERP,successful,2016,volume_year,lowercase_modal_tokens,60,244,27,90,0.06666666666666667,0.09016393442622951,0.07407407407407407,0.15555555555555556,0.06793424440483264,0.0883207435171118,0.05798421372191864,-0.003110768647283685,0.06109498236920233
v3_the_effect_of_global_versus_local_proces,rpp.64,RPP,failed,2015,volume_year,epistemic_adverb_tokens,108,56,67,32,0.0,0.0,0.0,0.0,0.0,0.0,0.0,0.0,0.0
v3_the_effect_of_global_versus_local_proces,rpp.64,RPP,failed,2015,volume_year,replication_word_tokens,108,56,67,32,0.0,0.03571428571428571,0.0,0.0,0.0,0.004464285714285714,-0.03571428571428571,-0.03125,-0.004464285714285712
v3_the_effect_of_global_versus_local_proces,rpp.64,RPP,failed,2015,volume_year,lowercase_modal_tokens,108,56,67,32,0.1388888888888889,0.03571428571428571,0.22388059701492538,0.0625,0.1429693637077769,0.0546875,-0.0582059938403222,0.014892739466826274,-0.07309873330714847
v3_the_face_of_success_inferences_from_chie,rpp.82,RPP,failed,2015,volume_year,epistemic_adverb_tokens,81,93,48,47,0.012345679012345678,0.0,0.0,0.0,0.017857142857142856,0.0,0.012345679012345678,-0.005511463844797178,0.017857142857142856
v3_the_face_of_success_inferences_from_chie,rpp.82,RPP,failed,2015,volume_year,replication_word_tokens,81,93,48,47,0.012345679012345678,0.0,0.0,0.0,0.014367816091954025,0.0,0.012345679012345678,-0.002022137079608346,0.014367816091954025
v3_the_face_of_success_inferences_from_chie,rpp.82,RPP,failed,2015,volume_year,lowercase_modal_tokens,81,93,48,47,0.12345679012345678,0.053763440860215055,0.14583333333333334,0.06382978723404255,0.1307542657242807,0.06438242608455375,-0.012310196836049066,0.003321509623514775,-0.01563170645956384
v3_the_framing_of_decisions_and_the_psychol,ml1.2,ML1,successful,2014,volume_year,epistemic_adverb_tokens,64,84,36,52,0.0,0.011904761904761904,0.0,0.0,0.0,0.011604774535809019,-0.011904761904761904,-0.00029998736895288543,-0.011604774535809019
v3_the_framing_of_decisions_and_the_psychol,ml1.2,ML1,successful,2014,volume_year,replication_word_tokens,64,84,36,52,0.015625,0.011904761904761904,0.0,0.019230769230769232,0.015625,0.011604774535809019,0.022951007326007328,-0.00029998736895288543,0.02325099469496021
v3_the_framing_of_decisions_and_the_psychol,ml1.2,ML1,successful,2014,volume_year,lowercase_modal_tokens,64,84,36,52,0.0625,0.08333333333333333,0.1111111111111111,0.07692307692307693,0.0625,0.08220261171189554,-0.055021367521367506,-0.0011307216214377913,-0.053890645899929715
v3_the_lure_of_authority_motivation_and_inc,ee.10,EERP,successful,2016,volume_year,epistemic_adverb_tokens,29,161,13,89,0.034482758620689655,0.012422360248447204,0.07692307692307693,0.02247191011235955,0.04615384615384616,0.01203852327447833,-0.03239076843847492,-0.012054924507125383,-0.02033584393134954
v3_the_lure_of_authority_motivation_and_inc,ee.10,EERP,successful,2016,volume_year,replication_word_tokens,29,161,13,89,0.0,0.012422360248447204,0.0,0.011235955056179775,0.0,0.01203852327447833,-0.0011864051922674292,-0.00038383697396887455,-0.0008025682182985546
v3_the_lure_of_authority_motivation_and_inc,ee.10,EERP,successful,2016,volume_year,lowercase_modal_tokens,29,161,13,89,0.06896551724137931,0.15527950310559005,0.15384615384615385,0.20224719101123595,0.08461538461538462,0.15868541516087345,-0.037912948699128646,-0.01224395531872191,-0.025668993380406735
v3_the_nonverbal_expression_of_pride_eviden,rpp.69,RPP,successful,2015,volume_year,epistemic_adverb_tokens,117,113,78,77,0.017094017094017096,0.008849557522123894,0.02564102564102564,0.012987012987012988,0.017208281914164267,0.00999000999000999,-0.00440955308211945,0.0010261876477389246,-0.005435740729858375
v3_the_nonverbal_expression_of_pride_eviden,rpp.69,RPP,successful,2015,volume_year,replication_word_tokens,117,113,78,77,0.017094017094017096,0.0,0.01282051282051282,0.0,0.01600207390648567,0.0,0.004273504273504276,0.0010919431875314259,0.00318156108597285
v3_the_nonverbal_expression_of_pride_eviden,rpp.69,RPP,successful,2015,volume_year,lowercase_modal_tokens,117,113,78,77,0.10256410256410256,0.02654867256637168,0.15384615384615385,0.025974025974025976,0.10910807601984072,0.023423005565862708,-0.051856697874397,-0.009669640456247137,-0.04218705741814986
v3_the_potential_of_social_identity_for_equ,ee.5,EERP,failed,2016,volume_year,epistemic_adverb_tokens,92,238,35,100,0.010869565217391304,0.0,0.0,0.0,0.011607142857142858,0.0,0.010869565217391304,-0.0007375776397515535,0.011607142857142858
v3_the_potential_of_social_identity_for_equ,ee.5,EERP,failed,2016,volume_year,replication_word_tokens,92,238,35,100,0.0,0.04201680672268908,0.0,0.02,0.0,0.03720238095238095,-0.02201680672268908,-0.004814425770308127,-0.01720238095238095
v3_the_potential_of_social_identity_for_equ,ee.5,EERP,failed,2016,volume_year,lowercase_modal_tokens,92,238,35,100,0.05434782608695652,0.06722689075630252,0.11428571428571428,0.09,0.083078231292517,0.06423669721083514,-0.03716477895506028,-0.03172059875102786,-0.005444180204032423
v3_the_representation_of_simple_ensemble_vi,rpp.122,RPP,successful,2015,volume_year,epistemic_adverb_tokens,84,211,34,110,0.0,0.014218009478672985,0.0,0.01818181818181818,0.0,0.01416885321808921,0.003963808703145196,-4.91562605837749e-05,0.004012964963728971
v3_the_representation_of_simple_ensemble_vi,rpp.122,RPP,successful,2015,volume_year,replication_word_tokens,84,211,34,110,0.011904761904761904,0.0,0.029411764705882353,0.0,0.015345268542199489,0.0,-0.01750700280112045,-0.0034405066374375848,-0.014066496163682864
v3_the_representation_of_simple_ensemble_vi,rpp.122,RPP,successful,2015,volume_year,lowercase_modal_tokens,84,211,34,110,0.08333333333333333,0.06635071090047394,0.11764705882352941,0.1,0.08583044982698962,0.06727857032610852,-0.0006644363906700146,-0.0015692570680217038,0.0009048206773516893
v3_the_space_between_us_stereotype_threat_a,rpp.87,RPP,failed,2015,volume_year,epistemic_adverb_tokens,59,148,38,94,0.03389830508474576,0.0,0.05263157894736842,0.0,0.031100478468899524,0.0,-0.018733273862622656,0.0027978266158462384,-0.021531100478468894
v3_the_space_between_us_stereotype_threat_a,rpp.87,RPP,failed,2015,volume_year,replication_word_tokens,59,148,38,94,0.0,0.0,0.0,0.0,0.0,0.0,0.0,0.0,0.0
v3_the_space_between_us_stereotype_threat_a,rpp.87,RPP,failed,2015,volume_year,lowercase_modal_tokens,59,148,38,94,0.13559322033898305,0.14864864864864866,0.13157894736842105,0.1595744680851064,0.1439189465505255,0.15448711263010387,0.01494009240701974,-0.002487262230087245,0.017427354637106984
v3_the_stroop_effect_why_proportion_congrue,rpp.15,RPP,successful,2015,volume_year,epistemic_adverb_tokens,157,298,90,177,0.0,0.010067114093959731,0.0,0.01694915254237288,0.0,0.009883619267162186,0.00688203844841315,-0.00018349482679754468,0.007065533275210695
v3_the_stroop_effect_why_proportion_congrue,rpp.15,RPP,successful,2015,volume_year,replication_word_tokens,157,298,90,177,0.0,0.016778523489932886,0.0,0.01694915254237288,0.0,0.01773346715938296,0.00017062905243999532,0.000954943669450075,-0.0007843146170100797
v3_the_stroop_effect_why_proportion_congrue,rpp.15,RPP,successful,2015,volume_year,lowercase_modal_tokens,157,298,90,177,0.10191082802547771,0.16778523489932887,0.12222222222222222,0.22033898305084745,0.09906294162577038,0.17085095639955256,0.03224235395477408,0.00591360789993102,0.02632874605484306
v3_the_threat_of_appearing_prejudiced_and_r,rpp.129,RPP,failed,2015,volume_year,epistemic_adverb_tokens,62,64,37,45,0.0,0.015625,0.0,0.022222222222222223,0.0,0.009523809523809523,0.006597222222222223,-0.006101190476190477,0.0126984126984127
v3_the_threat_of_appearing_prejudiced_and_r,rpp.129,RPP,failed,2015,volume_year,replication_word_tokens,62,64,37,45,0.0,0.0,0.0,0.0,0.0,0.0,0.0,0.0,0.0
v3_the_threat_of_appearing_prejudiced_and_r,rpp.129,RPP,failed,2015,volume_year,lowercase_modal_tokens,62,64,37,45,0.11290322580645161,0.203125,0.13513513513513514,0.28888888888888886,0.10204462836041782,0.21534391534391534,0.06353197956020533,0.02307751278994913,0.0404544667702562
v3_the_ultimate_sampling_dilemma_in_experie,rpp.17,RPP,successful,2015,volume_year,epistemic_adverb_tokens,19,35,10,21,0.0,0.02857142857142857,0.0,0.0,0.0,0.017857142857142856,-0.02857142857142857,-0.010714285714285714,-0.017857142857142856
v3_the_ultimate_sampling_dilemma_in_experie,rpp.17,RPP,successful,2015,volume_year,replication_word_tokens,19,35,10,21,0.0,0.0,0.0,0.0,0.0,0.0,0.0,0.0,0.0
v3_the_ultimate_sampling_dilemma_in_experie,rpp.17,RPP,successful,2015,volume_year,lowercase_modal_tokens,19,35,10,21,0.15789473684210525,0.11428571428571428,0.1,0.14285714285714285,0.12000000000000002,0.12738095238095237,0.08646616541353382,0.05098997493734332,0.035476190476190494
v3_toward_a_physiology_of_dual_process_reas,rpp.118,RPP,failed,2015,volume_year,epistemic_adverb_tokens,107,120,65,73,0.0,0.0,0.0,0.0,0.0,0.0,0.0,0.0,0.0
v3_toward_a_physiology_of_dual_process_reas,rpp.118,RPP,failed,2015,volume_year,replication_word_tokens,107,120,65,73,0.037383177570093455,0.016666666666666666,0.03076923076923077,0.0136986301369863,0.03461538461538462,0.01655747468731388,0.0036459102711823184,0.00265860097535605,0.0009873092958262684
v3_toward_a_physiology_of_dual_process_reas,rpp.118,RPP,failed,2015,volume_year,lowercase_modal_tokens,107,120,65,73,0.07476635514018691,0.041666666666666664,0.12307692307692308,0.0547945205479452,0.06923076923076923,0.03538973431674564,-0.035182714055457635,-0.000741346440503346,-0.03444136761495429
v3_tracing_attention_and_the_activation_flo,rpp.1,RPP,failed,2015,volume_year,epistemic_adverb_tokens,121,77,73,42,0.008264462809917356,0.0,0.0,0.0,0.007930785868781542,0.0,0.008264462809917356,0.00033367694113581314,0.007930785868781542
v3_tracing_attention_and_the_activation_flo,rpp.1,RPP,failed,2015,volume_year,replication_word_tokens,121,77,73,42,0.03305785123966942,0.06493506493506493,0.0547945205479452,0.07142857142857142,0.02924285344498538,0.06409602302459445,-0.015243162814769284,0.002975955884213566,-0.01821911869898285
v3_tracing_attention_and_the_activation_flo,rpp.1,RPP,failed,2015,volume_year,lowercase_modal_tokens,121,77,73,42,0.06611570247933884,0.03896103896103896,0.0821917808219178,0.047619047619047616,0.07095342597747573,0.04548229548229549,-0.007418069684570303,0.001683533023119646,-0.009101602707689949
v3_walking_on_eggshells_how_expressing_rela,rpp.58,RPP,failed,2015,volume_year,epistemic_adverb_tokens,14,25,11,15,0.07142857142857142,0.0,0.09090909090909091,0.0,0.0606060606060606,0.0,-0.019480519480519487,0.010822510822510824,-0.03030303030303031
v3_walking_on_eggshells_how_expressing_rela,rpp.58,RPP,failed,2015,volume_year,replication_word_tokens,14,25,11,15,0.0,0.0,0.0,0.0,0.0,0.0,0.0,0.0,0.0
v3_walking_on_eggshells_how_expressing_rela,rpp.58,RPP,failed,2015,volume_year,lowercase_modal_tokens,14,25,11,15,0.21428571428571427,0.2,0.2727272727272727,0.26666666666666666,0.2424242424242424,0.2523809523809524,0.008225108225108219,0.024242424242424232,-0.016017316017316013
v3_weight_as_an_embodiment_of_importance,ml3.10,ML3,failed,2016,volume_year,epistemic_adverb_tokens,89,133,58,81,0.0,0.015037593984962405,0.0,0.012345679012345678,0.0,0.014565949348558045,-0.002691914972616727,-0.00047164463640436,-0.002220270336212367
v3_weight_as_an_embodiment_of_importance,ml3.10,ML3,failed,2016,volume_year,replication_word_tokens,89,133,58,81,0.011235955056179775,0.022556390977443608,0.017241379310344827,0.024691358024691357,0.01108374384236453,0.02216329027923231,-0.0038704572069173035,-0.00024088948439605386,-0.0036295677225212496
v3_weight_as_an_embodiment_of_importance,ml3.10,ML3,failed,2016,volume_year,lowercase_modal_tokens,89,133,58,81,0.06741573033707865,0.10526315789473684,0.08620689655172414,0.13580246913580246,0.057060755336617405,0.10139766299186588,0.011748145026420131,0.006489480097590289,0.005258664928829843
v3_when_does_between_sequence_phonological_,rpp.12,RPP,failed,2015,volume_year,epistemic_adverb_tokens,29,69,24,50,0.0,0.043478260869565216,0.0,0.06,0.0,0.04096969696969697,0.01652173913043478,-0.0025085638998682477,0.01903030303030303
v3_when_does_between_sequence_phonological_,rpp.12,RPP,failed,2015,volume_year,replication_word_tokens,29,69,24,50,0.0,0.0,0.0,0.0,0.0,0.0,0.0,0.0,0.0
v3_when_does_between_sequence_phonological_,rpp.12,RPP,failed,2015,volume_year,lowercase_modal_tokens,29,69,24,50,0.06896551724137931,0.11594202898550725,0.08333333333333333,0.08,0.06770833333333333,0.10193939393939394,-0.050309845077461265,-0.012745451138067326,-0.03756439393939394
v3_where_do_we_look_during_potentially_offe,rpp.132,RPP,failed,2015,volume_year,epistemic_adverb_tokens,21,18,17,15,0.09523809523809523,0.0,0.11764705882352941,0.0,0.11764705882352941,0.0,-0.022408963585434177,-0.022408963585434177,0.0
v3_where_do_we_look_during_potentially_offe,rpp.132,RPP,failed,2015,volume_year,replication_word_tokens,21,18,17,15,0.0,0.0,0.0,0.0,0.0,0.0,0.0,0.0,0.0
v3_where_do_we_look_during_potentially_offe,rpp.132,RPP,failed,2015,volume_year,lowercase_modal_tokens,21,18,17,15,0.047619047619047616,0.4444444444444444,0.058823529411764705,0.5333333333333333,0.058823529411764705,0.5066666666666666,0.07768440709617182,0.05101774042950509,0.026666666666666727
v3_why_do_implicit_and_explicit_attitude_te,rpp.44,RPP,successful,2015,volume_year,epistemic_adverb_tokens,60,126,27,52,0.0,0.0,0.0,0.0,0.0,0.0,0.0,0.0,0.0
v3_why_do_implicit_and_explicit_attitude_te,rpp.44,RPP,successful,2015,volume_year,replication_word_tokens,60,126,27,52,0.0,0.03968253968253968,0.0,0.019230769230769232,0.0,0.03562890431787789,-0.02045177045177045,-0.004053635364661794,-0.016398135087108655
v3_why_do_implicit_and_explicit_attitude_te,rpp.44,RPP,successful,2015,volume_year,lowercase_modal_tokens,60,126,27,52,0.06666666666666667,0.12698412698412698,0.1111111111111111,0.17307692307692307,0.057692307692307696,0.14283200823150813,0.0016483516483516564,0.02482224022174012,-0.023173888573388465
v3_why_people_are_reluctant_to_tempt_fate,rpp.68,RPP,failed,2015,volume_year,epistemic_adverb_tokens,48,83,29,38,0.0,0.0,0.0,0.0,0.0,0.0,0.0,0.0,0.0
v3_why_people_are_reluctant_to_tempt_fate,rpp.68,RPP,failed,2015,volume_year,replication_word_tokens,48,83,29,38,0.125,0.14457831325301204,0.13793103448275862,0.0,0.11206896551724138,0.08721804511278194,-0.15750934773577066,-0.04442923365747148,-0.11308011407829918
v3_why_people_are_reluctant_to_tempt_fate,rpp.68,RPP,failed,2015,volume_year,lowercase_modal_tokens,48,83,29,38,0.16666666666666666,0.024096385542168676,0.20689655172413793,0.02631578947368421,0.1971264367816092,0.01779448621553885,-0.03801048112595574,-0.03676166944157238,-0.001248811684383358
v3_working_memory_costs_of_task_switching,rpp.3,RPP,failed,2015,volume_year,epistemic_adverb_tokens,37,61,24,42,0.0,0.0,0.0,0.0,0.0,0.0,0.0,0.0,0.0
v3_working_memory_costs_of_task_switching,rpp.3,RPP,failed,2015,volume_year,replication_word_tokens,37,61,24,42,0.0,0.0,0.0,0.0,0.0,0.0,0.0,0.0,0.0
v3_working_memory_costs_of_task_switching,rpp.3,RPP,failed,2015,volume_year,lowercase_modal_tokens,37,61,24,42,0.05405405405405406,0.14754098360655737,0.08333333333333333,0.21428571428571427,0.06111111111111111,0.1759259259259259,0.03746545139987763,0.021327885262311476,0.016137566137566152
v3_1_f_noise_and_effort_on_implicit_measure,rpp.63,RPP,failed,2015,volume_year_length,epistemic_adverb_tokens,51,38,28,15,0.0,0.02631578947368421,0.0,0.06666666666666667,0.0,0.02222222222222222,0.04035087719298246,-0.0040935672514619895,0.044444444444444446
v3_1_f_noise_and_effort_on_implicit_measure,rpp.63,RPP,failed,2015,volume_year_length,replication_word_tokens,51,38,28,15,0.0784313725490196,0.13157894736842105,0.07142857142857142,0.0,0.044642857142857144,0.0,-0.12457614624797286,-0.09779043196225859,-0.026785714285714274
v3_1_f_noise_and_effort_on_implicit_measure,rpp.63,RPP,failed,2015,volume_year_length,lowercase_modal_tokens,51,38,28,15,0.17647058823529413,0.0,0.21428571428571427,0.0,0.208887987012987,0.0,-0.037815126050420145,-0.03241739877769287,-0.005397727272727276
v3_a_motion_aftereffect_from_still_photogra,rpp.127,RPP,successful,2015,volume_year_length,epistemic_adverb_tokens,34,25,20,14,0.0,0.0,0.0,0.0,0.0,0.0,0.0,0.0,0.0
v3_a_motion_aftereffect_from_still_photogra,rpp.127,RPP,successful,2015,volume_year_length,replication_word_tokens,34,25,20,14,0.058823529411764705,0.0,0.05,0.0,0.04625,0.0,0.008823529411764702,0.012573529411764706,-0.0037500000000000033
v3_a_motion_aftereffect_from_still_photogra,rpp.127,RPP,successful,2015,volume_year_length,lowercase_modal_tokens,34,25,20,14,0.14705882352941177,0.12,0.2,0.0,0.14250000000000002,0.08928571428571429,-0.17294117647058824,-0.026155462184873954,-0.1467857142857143
v3_a_single_exposure_to_the_american_flag_s,ml1.12,ML1,failed,2014,volume_year_length,epistemic_adverb_tokens,31,96,23,53,0.0,0.010416666666666666,0.0,0.0,0.0,0.009433962264150943,-0.010416666666666666,-0.000982704402515723,-0.009433962264150943
v3_a_single_exposure_to_the_american_flag_s,ml1.12,ML1,failed,2014,volume_year_length,replication_word_tokens,31,96,23,53,0.0,0.08333333333333333,0.0,0.07547169811320754,0.0,0.06301640152916513,-0.007861635220125784,-0.0203169318041682,0.012455296584042416
v3_a_single_exposure_to_the_american_flag_s,ml1.12,ML1,failed,2014,volume_year_length,lowercase_modal_tokens,31,96,23,53,0.0967741935483871,0.13541666666666666,0.13043478260869565,0.20754716981132076,0.10559006211180123,0.18399749837041735,0.03846991408434555,0.03976496314033655,-0.001295049055990996
v3_a_social_functional_approach_to_emotions,rpp.56,RPP,failed,2015,volume_year_length,epistemic_adverb_tokens,61,73,35,48,0.0,0.0,0.0,0.0,0.0,0.0,0.0,0.0,0.0
v3_a_social_functional_approach_to_emotions,rpp.56,RPP,failed,2015,volume_year_length,replication_word_tokens,61,73,35,48,0.0,0.0136986301369863,0.0,0.020833333333333332,0.0,0.015350877192982455,0.007134703196347032,0.0016522470559961547,0.005482456140350877
v3_a_social_functional_approach_to_emotions,rpp.56,RPP,failed,2015,volume_year_length,lowercase_modal_tokens,61,73,35,48,0.11475409836065574,0.0958904109589041,0.17142857142857143,0.125,0.14045218087234893,0.11805555555555557,-0.027564884026819794,-0.003532937915041723,-0.02403194611177807
v3_accelerated_relearning_after_retrieval_i,rpp.4,RPP,failed,2015,volume_year_length,epistemic_adverb_tokens,34,44,17,32,0.0,0.0,0.0,0.0,0.0,0.0,0.0,0.0,0.0
v3_accelerated_relearning_after_retrieval_i,rpp.4,RPP,failed,2015,volume_year_length,replication_word_tokens,34,44,17,32,0.08823529411764706,0.045454545454545456,0.11764705882352941,0.0625,0.1158371040723982,0.040178571428571425,-0.012366310160427801,-0.03287778398072516,0.02051147382029736
v3_accelerated_relearning_after_retrieval_i,rpp.4,RPP,failed,2015,volume_year_length,lowercase_modal_tokens,34,44,17,32,0.08823529411764706,0.20454545454545456,0.11764705882352941,0.25,0.10588235294117648,0.22247023809523808,0.016042780748663096,0.0002777247262541055,0.01576505602240899
v3_action_dynamics_reveal_parallel_competit,rpp.112,RPP,successful,2015,volume_year_length,epistemic_adverb_tokens,58,112,25,38,0.0,0.0,0.0,0.0,0.0,0.0,0.0,0.0,0.0
v3_action_dynamics_reveal_parallel_competit,rpp.112,RPP,successful,2015,volume_year_length,replication_word_tokens,58,112,25,38,0.034482758620689655,0.008928571428571428,0.04,0.02631578947368421,0.046818181818181814,0.010526315789473684,0.011869976665802435,-0.010737678836589904,0.02260765550239234
v3_action_dynamics_reveal_parallel_competit,rpp.112,RPP,successful,2015,volume_year_length,lowercase_modal_tokens,58,112,25,38,0.15517241379310345,0.03571428571428571,0.2,0.07894736842105263,0.1384848484848485,0.049662618083670715,-0.0015945035001296431,0.030635897677639967,-0.03223040117776961
v3_affective_incoherence_when_affective_con,rpp.52,RPP,failed,2015,volume_year_length,epistemic_adverb_tokens,36,22,20,17,0.0,0.0,0.0,0.0,0.0,0.0,0.0,0.0,0.0
v3_affective_incoherence_when_affective_con,rpp.52,RPP,failed,2015,volume_year_length,replication_word_tokens,36,22,20,17,0.08333333333333333,0.0,0.15,0.0,0.15,0.0,-0.06666666666666667,-0.06666666666666667,0.0
v3_affective_incoherence_when_affective_con,rpp.52,RPP,failed,2015,volume_year_length,lowercase_modal_tokens,36,22,20,17,0.027777777777777776,0.045454545454545456,0.05,0.058823529411764705,0.02608695652173913,0.058823529411764705,-0.008853238265002977,0.015059805213257896,-0.023913043478260874
v3_attractor_dynamics_and_semantic_neighbor,rpp.11,RPP,successful,2015,volume_year_length,epistemic_adverb_tokens,46,52,22,32,0.0,0.0,0.0,0.0,0.0,0.0,0.0,0.0,0.0
v3_attractor_dynamics_and_semantic_neighbor,rpp.11,RPP,successful,2015,volume_year_length,replication_word_tokens,46,52,22,32,0.0,0.0,0.0,0.0,0.0,0.0,0.0,0.0,0.0
v3_attractor_dynamics_and_semantic_neighbor,rpp.11,RPP,successful,2015,volume_year_length,lowercase_modal_tokens,46,52,22,32,0.10869565217391304,0.057692307692307696,0.09090909090909091,0.0625,0.11888111888111888,0.06439393939393939,0.022594253572514433,-0.003483835005574143,0.026078088578088576
v3_auditory_change_detection_simple_sounds_,rpp.139,RPP,successful,2015,volume_year_length,epistemic_adverb_tokens,30,32,15,16,0.0,0.0,0.0,0.0,0.0,0.0,0.0,0.0,0.0
v3_auditory_change_detection_simple_sounds_,rpp.139,RPP,successful,2015,volume_year_length,replication_word_tokens,30,32,15,16,0.0,0.03125,0.0,0.0,0.0,0.0,-0.03125,-0.03125,0.0
v3_auditory_change_detection_simple_sounds_,rpp.139,RPP,successful,2015,volume_year_length,lowercase_modal_tokens,30,32,15,16,0.23333333333333334,0.21875,0.2,0.25,0.23833333333333334,0.19744318181818182,0.06458333333333333,-0.02630681818181818,0.09089015151515151
v3_availability_a_heuristic_for_judging_fre,ml3.4,ML3,successful,2016,volume_year_length,epistemic_adverb_tokens,111,41,57,33,0.02702702702702703,0.0,0.03508771929824561,0.0,0.025518341307814992,0.0,-0.008060692271218584,0.0015086857192120363,-0.00956937799043062
v3_availability_a_heuristic_for_judging_fre,ml3.4,ML3,successful,2016,volume_year_length,replication_word_tokens,111,41,57,33,0.0,0.0,0.0,0.0,0.0,0.0,0.0,0.0,0.0
v3_availability_a_heuristic_for_judging_fre,ml3.4,ML3,successful,2016,volume_year_length,lowercase_modal_tokens,111,41,57,33,0.14414414414414414,0.07317073170731707,0.14035087719298245,0.06060606060606061,0.14206813329620346,0.07317073170731707,-0.008771404150094766,0.002076010847940679,-0.010847414998035446
v3_balancing_connectedness_and_self_protect,rpp.93,RPP,failed,2015,volume_year_length,epistemic_adverb_tokens,128,149,93,98,0.0078125,0.006711409395973154,0.010752688172043012,0.01020408163265306,0.005376344086021506,0.007482993197278911,0.0005524840646368946,0.0032077397152842514,-0.0026552556506473568
v3_balancing_connectedness_and_self_protect,rpp.93,RPP,failed,2015,volume_year_length,replication_word_tokens,128,149,93,98,0.0078125,0.0,0.010752688172043012,0.0,0.008271298593879239,0.0,-0.0029401881720430116,-0.00045879859387923903,-0.0024813895781637726
v3_balancing_connectedness_and_self_protect,rpp.93,RPP,failed,2015,volume_year_length,lowercase_modal_tokens,128,149,93,98,0.1171875,0.1610738255033557,0.13978494623655913,0.19387755102040816,0.12188397652757693,0.16567695589434722,0.010206279280493336,-9.33461365854038e-05,0.01029962541707874
v3_cloningertextquotesingles_psychobiologic,ml3.8,ML3,failed,2016,volume_year_length,epistemic_adverb_tokens,71,132,49,75,0.014084507042253521,0.007575757575757576,0.02040816326530612,0.013333333333333334,0.014483212639894669,0.008,-0.0005660804654768412,2.5536826601276624e-05,-0.0005916172920781178
v3_cloningertextquotesingles_psychobiologic,ml3.8,ML3,failed,2016,volume_year_length,replication_word_tokens,71,132,49,75,0.0,0.007575757575757576,0.0,0.013333333333333334,0.0,0.008,0.005757575757575758,0.0004242424242424242,0.005333333333333334
v3_cloningertextquotesingles_psychobiologic,ml3.8,ML3,failed,2016,volume_year_length,lowercase_modal_tokens,71,132,49,75,0.014084507042253521,0.05303030303030303,0.02040816326530612,0.05333333333333334,0.014483212639894669,0.04898412698412698,-0.006020625920022294,-0.004444881643817202,-0.0015757442762050922
v3_conflict_triggered_goal_shielding_respon,rpp.158,RPP,successful,2015,volume_year_length,epistemic_adverb_tokens,16,35,10,20,0.0625,0.0,0.0,0.0,0.0,0.0,0.0625,0.0625,0.0
v3_conflict_triggered_goal_shielding_respon,rpp.158,RPP,successful,2015,volume_year_length,replication_word_tokens,16,35,10,20,0.0,0.08571428571428572,0.0,0.15,0.0,0.09375,0.06428571428571428,0.008035714285714285,0.056249999999999994
v3_conflict_triggered_goal_shielding_respon,rpp.158,RPP,successful,2015,volume_year_length,lowercase_modal_tokens,16,35,10,20,0.125,0.2,0.2,0.25,0.14166666666666666,0.20625,-0.025000000000000022,-0.010416666666666685,-0.014583333333333337
v3_decision_making_and_learning_while_takin,rpp.39,RPP,failed,2015,volume_year_length,epistemic_adverb_tokens,70,128,24,30,0.0,0.0,0.0,0.0,0.0,0.0,0.0,0.0,0.0
v3_decision_making_and_learning_while_takin,rpp.39,RPP,failed,2015,volume_year_length,replication_word_tokens,70,128,24,30,0.0,0.0,0.0,0.0,0.0,0.0,0.0,0.0,0.0
v3_decision_making_and_learning_while_takin,rpp.39,RPP,failed,2015,volume_year_length,lowercase_modal_tokens,70,128,24,30,0.05714285714285714,0.1171875,0.041666666666666664,0.26666666666666666,0.05787037037037037,0.17933048433048435,0.16495535714285714,0.06141547110297112,0.10353988603988602
v3_effects_of_fluency_on_psychological_dist,rpp.104,RPP,failed,2015,volume_year_length,epistemic_adverb_tokens,75,173,41,107,0.013333333333333334,0.0,0.0,0.0,0.008130081300813007,0.0,0.013333333333333334,0.005203252032520327,0.008130081300813007
v3_effects_of_fluency_on_psychological_dist,rpp.104,RPP,failed,2015,volume_year_length,replication_word_tokens,75,173,41,107,0.0,0.028901734104046242,0.0,0.04672897196261682,0.0,0.029862038273253223,0.01782723785857058,0.0009603041692069804,0.016866933689363598
v3_effects_of_fluency_on_psychological_dist,rpp.104,RPP,failed,2015,volume_year_length,lowercase_modal_tokens,75,173,41,107,0.10666666666666667,0.10404624277456648,0.0975609756097561,0.1308411214953271,0.10418118466898954,0.10341060808350527,0.035900569777671185,0.0018498473066159288,0.034050722471055256
v3_effects_of_need_for_cognition_on_message,ml3.7,ML3,failed,2016,volume_year_length,epistemic_adverb_tokens,20,154,13,94,0.0,0.0,0.0,0.0,0.0,0.0,0.0,0.0,0.0
v3_effects_of_need_for_cognition_on_message,ml3.7,ML3,failed,2016,volume_year_length,replication_word_tokens,20,154,13,94,0.0,0.045454545454545456,0.0,0.02127659574468085,0.0,0.036870340061829425,-0.024177949709864605,-0.00858420539271603,-0.015593744317148574
v3_effects_of_need_for_cognition_on_message,ml3.7,ML3,failed,2016,volume_year_length,lowercase_modal_tokens,20,154,13,94,0.0,0.07142857142857142,0.0,0.06382978723404255,0.0,0.06557953606896365,-0.0075987841945288764,-0.0058490353596077765,-0.0017497488349211
v3_elaboration_enhances_the_imagined_contac,ml1.14,ML1,successful,2014,volume_year_length,epistemic_adverb_tokens,130,254,63,116,0.007692307692307693,0.007874015748031496,0.015873015873015872,0.017241379310344827,0.010582010582010581,0.009311091207642931,0.001186655381605152,-0.0014526274300914535,0.0026392828116966055
v3_elaboration_enhances_the_imagined_contac,ml1.14,ML1,successful,2014,volume_year_length,replication_word_tokens,130,254,63,116,0.015384615384615385,0.027559055118110236,0.015873015873015872,0.008620689655172414,0.01367674952580613,0.018367001125621812,-0.01942676595133831,-0.007484188133679168,-0.011942577817659141
v3_elaboration_enhances_the_imagined_contac,ml1.14,ML1,successful,2014,volume_year_length,lowercase_modal_tokens,130,254,63,116,0.05384615384615385,0.0984251968503937,0.06349206349206349,0.14655172413793102,0.06363467818993425,0.10884574220874821,0.038480617641627676,0.0006320210145741023,0.037848596627053574
v3_expectations_as_endowments_evidence_on_r,ee.9,EERP,failed,2016,volume_year_length,epistemic_adverb_tokens,47,138,25,56,0.0,0.0,0.0,0.0,0.0,0.0,0.0,0.0,0.0
v3_expectations_as_endowments_evidence_on_r,ee.9,EERP,failed,2016,volume_year_length,replication_word_tokens,47,138,25,56,0.02127659574468085,0.007246376811594203,0.04,0.017857142857142856,0.018823529411764704,0.008503401360544217,-0.008112638209770498,0.00371009088186616,-0.011822729091636657
v3_expectations_as_endowments_evidence_on_r,ee.9,EERP,failed,2016,volume_year_length,lowercase_modal_tokens,47,138,25,56,0.1702127659574468,0.06521739130434782,0.24,0.125,0.17953654188948306,0.08621031746031746,-0.010004625346901011,0.011669150223933375,-0.021673775570834386
v3_experiments_in_wording_questions_ii,ml1.10,ML1,successful,2014,volume_year_length,epistemic_adverb_tokens,48,41,21,24,0.020833333333333332,0.0,0.0,0.0,0.0,0.0,0.020833333333333332,0.020833333333333332,0.0
v3_experiments_in_wording_questions_ii,ml1.10,ML1,successful,2014,volume_year_length,replication_word_tokens,48,41,21,24,0.0,0.0,0.0,0.0,0.0,0.0,0.0,0.0,0.0
v3_experiments_in_wording_questions_ii,ml1.10,ML1,successful,2014,volume_year_length,lowercase_modal_tokens,48,41,21,24,0.0625,0.04878048780487805,0.047619047619047616,0.08333333333333333,0.05952380952380952,0.05555555555555555,0.04943379790940766,0.009751258226867981,0.03968253968253968
v3_happiness_and_time_preference_the_effect,ee.14,EERP,failed,2016,volume_year_length,epistemic_adverb_tokens,64,148,30,88,0.0,0.0,0.0,0.0,0.0,0.0,0.0,0.0,0.0
v3_happiness_and_time_preference_the_effect,ee.14,EERP,failed,2016,volume_year_length,replication_word_tokens,64,148,30,88,0.046875,0.006756756756756757,0.1,0.0,0.040873015873015874,0.007231404958677686,-0.05988175675675676,0.0064766323289050555,-0.06635838908566181
v3_happiness_and_time_preference_the_effect,ee.14,EERP,failed,2016,volume_year_length,lowercase_modal_tokens,64,148,30,88,0.03125,0.08783783783783784,0.03333333333333333,0.09090909090909091,0.03333333333333333,0.08672348484848486,0.000987919737919736,-0.0031976863226863203,0.004185606060606056
v3_head_up_foot_down_object_words_orient_at,rpp.167,RPP,failed,2015,volume_year_length,epistemic_adverb_tokens,52,92,25,43,0.0,0.0,0.0,0.0,0.0,0.0,0.0,0.0,0.0
v3_head_up_foot_down_object_words_orient_at,rpp.167,RPP,failed,2015,volume_year_length,replication_word_tokens,52,92,25,43,0.038461538461538464,0.043478260869565216,0.04,0.046511627906976744,0.03096774193548387,0.03348837209302325,0.0014949054989499902,-0.0024960922504873723,0.0039909977494373625
v3_head_up_foot_down_object_words_orient_at,rpp.167,RPP,failed,2015,volume_year_length,lowercase_modal_tokens,52,92,25,43,0.17307692307692307,0.05434782608695652,0.24,0.023255813953488372,0.19208602150537638,0.04775898520084567,-0.09801508905654507,-0.025597939314564153,-0.07241714974198092
v3_hedonic_and_instrumental_motives_in_ange,rpp.142,RPP,successful,2015,volume_year_length,epistemic_adverb_tokens,56,144,39,94,0.0,0.0,0.0,0.0,0.0,0.0,0.0,0.0,0.0
v3_hedonic_and_instrumental_motives_in_ange,rpp.142,RPP,successful,2015,volume_year_length,replication_word_tokens,56,144,39,94,0.0,0.013888888888888888,0.0,0.02127659574468085,0.0,0.013475177304964538,0.007387706855791962,-0.0004137115839243505,0.007801418439716313
v3_hedonic_and_instrumental_motives_in_ange,rpp.142,RPP,successful,2015,volume_year_length,lowercase_modal_tokens,56,144,39,94,0.08928571428571429,0.1597222222222222,0.07692307692307693,0.20212765957446807,0.0978021978021978,0.18364994934143872,0.05476807471488322,0.015411243602732994,0.03935683111215023
v3_how_does_bilingualism_improve_executive_,rpp.22,RPP,failed,2015,volume_year_length,epistemic_adverb_tokens,177,158,95,91,0.005649717514124294,0.0,0.010526315789473684,0.0,0.006578947368421052,0.0,-0.00487659827534939,-0.0009292298542967585,-0.003947368421052632
v3_how_does_bilingualism_improve_executive_,rpp.22,RPP,failed,2015,volume_year_length,replication_word_tokens,177,158,95,91,0.06779661016949153,0.03164556962025317,0.09473684210526316,0.01098901098901099,0.07279014844804318,0.033516483516483515,-0.04759679056701381,-0.003122624382321311,-0.0444741661846925
v3_how_does_bilingualism_improve_executive_,rpp.22,RPP,failed,2015,volume_year_length,lowercase_modal_tokens,177,158,95,91,0.11864406779661017,0.189873417721519,0.14736842105263157,0.24175824175824176,0.11956396558197112,0.20679103148582698,0.023160470780701367,0.01599771597894703,0.007162754801754337
v3_how_the_head_liberates_the_heart_project,rpp.59,RPP,successful,2015,volume_year_length,epistemic_adverb_tokens,42,74,31,62,0.0,0.013513513513513514,0.0,0.016129032258064516,0.0,0.01075268817204301,0.0026155187445510014,-0.0027608253414705044,0.005376344086021506
v3_how_the_head_liberates_the_heart_project,rpp.59,RPP,successful,2015,volume_year_length,replication_word_tokens,42,74,31,62,0.0,0.013513513513513514,0.0,0.0,0.0,0.0,-0.013513513513513514,-0.013513513513513514,0.0
v3_how_the_head_liberates_the_heart_project,rpp.59,RPP,successful,2015,volume_year_length,lowercase_modal_tokens,42,74,31,62,0.07142857142857142,0.13513513513513514,0.06451612903225806,0.16129032258064516,0.06720430107526881,0.16129032258064516,0.033067629841823376,0.030379457798812626,0.0026881720430107503
v3_imperfect_public_monitoring_with_costly_,ee.2,EERP,successful,2016,volume_year_length,epistemic_adverb_tokens,50,100,25,49,0.0,0.02,0.0,0.04081632653061224,0.0,0.0326530612244898,0.02081632653061224,0.012653061224489798,0.008163265306122443
v3_imperfect_public_monitoring_with_costly_,ee.2,EERP,successful,2016,volume_year_length,replication_word_tokens,50,100,25,49,0.0,0.07,0.0,0.02040816326530612,0.0,0.04312027841439606,-0.04959183673469389,-0.02687972158560395,-0.02271211514908994
v3_imperfect_public_monitoring_with_costly_,ee.2,EERP,successful,2016,volume_year_length,lowercase_modal_tokens,50,100,25,49,0.1,0.13,0.12,0.1836734693877551,0.14085470085470086,0.14495798319327732,0.03367346938775512,-0.02589671766142354,0.05957018704917866
v3_increasing_and_decreasing_motor_and_cogn,rpp.49,RPP,failed,2015,volume_year_length,epistemic_adverb_tokens,164,87,98,38,0.018292682926829267,0.0,0.030612244897959183,0.0,0.020103057834429453,0.0,-0.012319561971129916,-0.001810374907600186,-0.01050918706352973
v3_increasing_and_decreasing_motor_and_cogn,rpp.49,RPP,failed,2015,volume_year_length,replication_word_tokens,164,87,98,38,0.0,0.08045977011494253,0.0,0.05263157894736842,0.0,0.062280701754385964,-0.02782819116757411,-0.018179068360556563,-0.009649122807017546
v3_increasing_and_decreasing_motor_and_cogn,rpp.49,RPP,failed,2015,volume_year_length,lowercase_modal_tokens,164,87,98,38,0.0975609756097561,0.08045977011494253,0.12244897959183673,0.05263157894736842,0.1095008026788038,0.07923976608187135,-0.05271619514965474,-0.01315983110211888,-0.03955636404753586
v3_individual_differences_in_the_regulation,rpp.53,RPP,failed,2015,volume_year_length,epistemic_adverb_tokens,61,69,44,40,0.0,0.028985507246376812,0.0,0.025,0.0,0.014473684210526316,-0.0039855072463768106,-0.014511823035850496,0.010526315789473686
v3_individual_differences_in_the_regulation,rpp.53,RPP,failed,2015,volume_year_length,replication_word_tokens,61,69,44,40,0.01639344262295082,0.028985507246376812,0.022727272727272728,0.025,0.014462809917355372,0.026973684210526316,-0.010319337350698718,-8.119033025504735e-05,-0.01023814702044367
v3_individual_differences_in_the_regulation,rpp.53,RPP,failed,2015,volume_year_length,lowercase_modal_tokens,61,69,44,40,0.18032786885245902,0.21739130434782608,0.20454545454545456,0.3,0.14771137952956134,0.21163283208020048,0.05839110995917837,0.026858017055272077,0.031533092903906296
v3_it_feels_like_yesterday_self_esteem_vale,ml3.3,ML3,failed,2016,volume_year_length,epistemic_adverb_tokens,185,159,118,101,0.005405405405405406,0.012578616352201259,0.0,0.019801980198019802,0.0,0.012668347580099625,0.01262876925122395,0.005495136633303772,0.007133632617920178
v3_it_feels_like_yesterday_self_esteem_vale,ml3.3,ML3,failed,2016,volume_year_length,replication_word_tokens,185,159,118,101,0.0,0.0,0.0,0.0,0.0,0.0,0.0,0.0,0.0
v3_it_feels_like_yesterday_self_esteem_vale,ml3.3,ML3,failed,2016,volume_year_length,lowercase_modal_tokens,185,159,118,101,0.15675675675675677,0.12578616352201258,0.15254237288135594,0.13861386138613863,0.16629250799109643,0.11881961488074275,0.01704208173952687,-0.0165022998756095,0.03354438161513637
v3_last_place_aversion_evidence_and_redistr,ee.18,EERP,failed,2016,volume_year_length,epistemic_adverb_tokens,28,236,17,156,0.0,0.00423728813559322,0.0,0.00641025641025641,0.0,0.0043859649122807015,0.0021729682746631897,0.0001486767766874812,0.0020242914979757085
v3_last_place_aversion_evidence_and_redistr,ee.18,EERP,failed,2016,volume_year_length,replication_word_tokens,28,236,17,156,0.0,0.012711864406779662,0.0,0.0,0.0,0.013386123680241325,-0.012711864406779662,0.000674259273461663,-0.013386123680241325
v3_last_place_aversion_evidence_and_redistr,ee.18,EERP,failed,2016,volume_year_length,lowercase_modal_tokens,28,236,17,156,0.25,0.17796610169491525,0.17647058823529413,0.23076923076923078,0.23634453781512602,0.18425632785004065,0.1263325408390214,0.01994568833999938,0.10638685249902202
v3_left_frontal_cortical_activation_and_spr,rpp.55,RPP,failed,2015,volume_year_length,epistemic_adverb_tokens,38,61,25,37,0.0,0.0,0.0,0.0,0.0,0.0,0.0,0.0,0.0
v3_left_frontal_cortical_activation_and_spr,rpp.55,RPP,failed,2015,volume_year_length,replication_word_tokens,38,61,25,37,0.02631578947368421,0.01639344262295082,0.0,0.02702702702702703,0.017777777777777778,0.018018018018018018,0.036949373877760414,0.010162587090973629,0.026786786786786785
v3_left_frontal_cortical_activation_and_spr,rpp.55,RPP,failed,2015,volume_year_length,lowercase_modal_tokens,38,61,25,37,0.05263157894736842,0.01639344262295082,0.08,0.02702702702702703,0.07200000000000001,0.02102102102102102,-0.016734836648555376,-0.014740842654561392,-0.001993993993993984
v3_measuring_the_crowd_within_probabilistic,rpp.116,RPP,successful,2015,volume_year_length,epistemic_adverb_tokens,70,134,32,63,0.0,0.014925373134328358,0.0,0.015873015873015872,0.0,0.013378684807256234,0.0009476427386875142,-0.0015466883270721238,0.002494331065759638
v3_measuring_the_crowd_within_probabilistic,rpp.116,RPP,successful,2015,volume_year_length,replication_word_tokens,70,134,32,63,0.1,0.0,0.09375,0.0,0.11778846153846154,0.0,0.0062500000000000056,-0.01778846153846153,0.024038461538461536
v3_measuring_the_crowd_within_probabilistic,rpp.116,RPP,successful,2015,volume_year_length,lowercase_modal_tokens,70,134,32,63,0.08571428571428572,0.08955223880597014,0.125,0.1111111111111111,0.10319368131868131,0.10123456790123457,-0.017726841980573324,-0.005797066509131171,-0.011929775471442153
v3_multidimensional_visual_statistical_lear,rpp.29,RPP,successful,2015,volume_year_length,epistemic_adverb_tokens,50,71,22,21,0.0,0.0,0.0,0.0,0.0,0.0,0.0,0.0,0.0
v3_multidimensional_visual_statistical_lear,rpp.29,RPP,successful,2015,volume_year_length,replication_word_tokens,50,71,22,21,0.0,0.09859154929577464,0.0,0.14285714285714285,0.0,0.11564625850340138,0.04426559356136821,0.017054709207626736,0.02721088435374147
v3_multidimensional_visual_statistical_lear,rpp.29,RPP,successful,2015,volume_year_length,lowercase_modal_tokens,50,71,22,21,0.1,0.14084507042253522,0.09090909090909091,0.19047619047619047,0.09027777777777778,0.1707482993197279,0.05872202914456434,0.039625451119414914,0.019096578025149427
v3_multiple_roles_for_time_in_short_term_me,rpp.33,RPP,successful,2015,volume_year_length,epistemic_adverb_tokens,144,95,62,50,0.0,0.0,0.0,0.0,0.0,0.0,0.0,0.0,0.0
v3_multiple_roles_for_time_in_short_term_me,rpp.33,RPP,successful,2015,volume_year_length,replication_word_tokens,144,95,62,50,0.013888888888888888,0.021052631578947368,0.016129032258064516,0.04,0.011730205278592375,0.023000000000000003,0.016707225051877005,0.004106052031349148,0.012601173020527857
v3_multiple_roles_for_time_in_short_term_me,rpp.33,RPP,successful,2015,volume_year_length,lowercase_modal_tokens,144,95,62,50,0.041666666666666664,0.05263157894736842,0.06451612903225806,0.06,0.05239423740560942,0.054000000000000006,-0.015481041312959819,-0.009359149686311165,-0.006121891626648654
v3_not_so_innocent_does_seeing_one_s_own_ca,rpp.65,RPP,failed,2015,volume_year_length,epistemic_adverb_tokens,75,75,53,46,0.013333333333333334,0.0,0.018867924528301886,0.0,0.018867924528301886,0.0,-0.005534591194968552,-0.005534591194968552,0.0
v3_not_so_innocent_does_seeing_one_s_own_ca,rpp.65,RPP,failed,2015,volume_year_length,replication_word_tokens,75,75,53,46,0.04,0.013333333333333334,0.05660377358490566,0.0,0.04750673854447439,0.015527950310559004,-0.029937106918238997,-0.005312121567248718,-0.02462498535099028
v3_not_so_innocent_does_seeing_one_s_own_ca,rpp.65,RPP,failed,2015,volume_year_length,lowercase_modal_tokens,75,75,53,46,0.16,0.16,0.20754716981132076,0.17391304347826086,0.16874948950420648,0.1681253529079616,-0.0336341263330599,-0.0006241365962448842,-0.033009989736815015
v3_on_the_additive_effects_of_stimulus_qual,rpp.27,RPP,successful,2015,volume_year_length,epistemic_adverb_tokens,36,64,10,27,0.0,0.015625,0.0,0.037037037037037035,0.0,0.017429193899782133,0.021412037037037035,0.0018041938997821333,0.0196078431372549
v3_on_the_additive_effects_of_stimulus_qual,rpp.27,RPP,successful,2015,volume_year_length,replication_word_tokens,36,64,10,27,0.05555555555555555,0.015625,0.0,0.037037037037037035,0.04375,0.037037037037037035,0.07696759259259259,0.03321759259259259,0.04375
v3_on_the_additive_effects_of_stimulus_qual,rpp.27,RPP,successful,2015,volume_year_length,lowercase_modal_tokens,36,64,10,27,0.027777777777777776,0.0625,0.0,0.1111111111111111,0.0,0.08932461873638343,0.07638888888888888,0.05460239651416121,0.02178649237472767
v3_opening_the_mind_to_close_it_considering,rpp.72,RPP,failed,2015,volume_year_length,epistemic_adverb_tokens,17,26,10,17,0.0,0.0,0.0,0.0,0.0,0.0,0.0,0.0,0.0
v3_opening_the_mind_to_close_it_considering,rpp.72,RPP,failed,2015,volume_year_length,replication_word_tokens,17,26,10,17,0.0,0.0,0.0,0.0,0.0,0.0,0.0,0.0,0.0
v3_opening_the_mind_to_close_it_considering,rpp.72,RPP,failed,2015,volume_year_length,lowercase_modal_tokens,17,26,10,17,0.058823529411764705,0.11538461538461539,0.1,0.11764705882352941,0.05714285714285714,0.10784313725490195,-0.03891402714932128,-0.005860805860805875,-0.03305322128851541
v3_orienting_attention_in_visual_working_me,rpp.37,RPP,failed,2015,volume_year_length,epistemic_adverb_tokens,154,105,98,60,0.0,0.01904761904761905,0.0,0.03333333333333333,0.0,0.025,0.014285714285714284,0.005952380952380952,0.008333333333333331
v3_orienting_attention_in_visual_working_me,rpp.37,RPP,failed,2015,volume_year_length,replication_word_tokens,154,105,98,60,0.012987012987012988,0.0,0.02040816326530612,0.0,0.017722878625134265,0.0,-0.007421150278293133,-0.004735865638121277,-0.002685284640171856
v3_orienting_attention_in_visual_working_me,rpp.37,RPP,failed,2015,volume_year_length,lowercase_modal_tokens,154,105,98,60,0.03896103896103896,0.08571428571428572,0.061224489795918366,0.13333333333333333,0.03490627020038785,0.0890485312899106,0.02535559678416821,0.0073890143362759925,0.017966582447892218
v3_perceptual_mechanisms_that_characterize_,rpp.110,RPP,failed,2015,volume_year_length,epistemic_adverb_tokens,28,57,19,40,0.0,0.017543859649122806,0.0,0.025,0.0,0.021875,0.007456140350877195,0.004331140350877193,0.0031250000000000028
v3_perceptual_mechanisms_that_characterize_,rpp.110,RPP,failed,2015,volume_year_length,replication_word_tokens,28,57,19,40,0.0,0.03508771929824561,0.0,0.025,0.0,0.02,-0.01008771929824561,-0.015087719298245612,0.005000000000000001
v3_perceptual_mechanisms_that_characterize_,rpp.110,RPP,failed,2015,volume_year_length,lowercase_modal_tokens,28,57,19,40,0.21428571428571427,0.2807017543859649,0.3157894736842105,0.325,0.2894736842105263,0.2970833333333333,-0.05720551378446112,-0.05880639097744364,0.0016008771929825194
v3_poignancy_mixed_emotional_experience_in_,rpp.61,RPP,failed,2015,volume_year_length,epistemic_adverb_tokens,54,96,31,54,0.0,0.010416666666666666,0.0,0.018518518518518517,0.0,0.010893246187363835,0.008101851851851851,0.00047657952069716895,0.0076252723311546824
v3_poignancy_mixed_emotional_experience_in_,rpp.61,RPP,failed,2015,volume_year_length,replication_word_tokens,54,96,31,54,0.0,0.0,0.0,0.0,0.0,0.0,0.0,0.0,0.0
v3_poignancy_mixed_emotional_experience_in_,rpp.61,RPP,failed,2015,volume_year_length,lowercase_modal_tokens,54,96,31,54,0.07407407407407407,0.16666666666666666,0.0967741935483871,0.2222222222222222,0.11827956989247311,0.21000858255760216,0.03285543608124253,-0.0008635799274635397,0.03371901600870607
v3_precision_of_the_anchor_influences_the_a,rpp.111,RPP,successful,2015,volume_year_length,epistemic_adverb_tokens,36,85,24,59,0.0,0.011764705882352941,0.0,0.01694915254237288,0.0,0.00847457627118644,0.00518444666001994,-0.0032901296111665004,0.00847457627118644
v3_precision_of_the_anchor_influences_the_a,rpp.111,RPP,successful,2015,volume_year_length,replication_word_tokens,36,85,24,59,0.027777777777777776,0.023529411764705882,0.041666666666666664,0.01694915254237288,0.0375,0.022598870056497175,-0.02046914811122189,-0.01065276393043093,-0.00981638418079096
v3_precision_of_the_anchor_influences_the_a,rpp.111,RPP,successful,2015,volume_year_length,lowercase_modal_tokens,36,85,24,59,0.027777777777777776,0.047058823529411764,0.041666666666666664,0.05084745762711865,0.017857142857142856,0.05633575464083938,-0.010100254791182005,0.01919756603206254,-0.029297820823244544
v3_priming_addition_facts_with_semantic_rel,rpp.24,RPP,successful,2015,volume_year_length,epistemic_adverb_tokens,21,45,14,27,0.0,0.0,0.0,0.0,0.0,0.0,0.0,0.0,0.0
v3_priming_addition_facts_with_semantic_rel,rpp.24,RPP,successful,2015,volume_year_length,replication_word_tokens,21,45,14,27,0.0,0.022222222222222223,0.0,0.0,0.0,0.013888888888888888,-0.022222222222222223,-0.008333333333333335,-0.013888888888888888
v3_priming_addition_facts_with_semantic_rel,rpp.24,RPP,successful,2015,volume_year_length,lowercase_modal_tokens,21,45,14,27,0.09523809523809523,0.06666666666666667,0.07142857142857142,0.07407407407407407,0.10714285714285714,0.08796296296296297,0.031216931216931212,0.009391534391534395,0.021825396825396817
v3_response_scales_effects_of_category_rang,ml1.8,ML1,successful,2014,volume_year_length,epistemic_adverb_tokens,96,82,52,38,0.0,0.0,0.0,0.0,0.0,0.0,0.0,0.0,0.0
v3_response_scales_effects_of_category_rang,ml1.8,ML1,successful,2014,volume_year_length,replication_word_tokens,96,82,52,38,0.03125,0.036585365853658534,0.038461538461538464,0.0,0.032466521332918094,0.027631578947368424,-0.043796904315197,-0.010170308239208205,-0.03362659607598879
v3_response_scales_effects_of_category_rang,ml1.8,ML1,successful,2014,volume_year_length,lowercase_modal_tokens,96,82,52,38,0.125,0.10975609756097561,0.15384615384615385,0.18421052631578946,0.13924307810947487,0.10416666666666667,0.04560827490866,-0.019832509003783805,0.0654407839124438
v3_running_on_empty_neural_signals_for_self,ml3.5,ML3,successful,2016,volume_year_length,epistemic_adverb_tokens,27,36,22,25,0.0,0.0,0.0,0.0,0.0,0.0,0.0,0.0,0.0
v3_running_on_empty_neural_signals_for_self,ml3.5,ML3,successful,2016,volume_year_length,replication_word_tokens,27,36,22,25,0.0,0.0,0.0,0.0,0.0,0.0,0.0,0.0,0.0
v3_running_on_empty_neural_signals_for_self,ml3.5,ML3,successful,2016,volume_year_length,lowercase_modal_tokens,27,36,22,25,0.07407407407407407,0.16666666666666666,0.045454545454545456,0.24,0.0625,0.19733333333333333,0.10195286195286195,0.042240740740740745,0.0597121212121212
v3_screening_competition_and_job_design_eco,ee.3,EERP,successful,2016,volume_year_length,epistemic_adverb_tokens,39,61,21,22,0.0,0.0,0.0,0.0,0.0,0.0,0.0,0.0,0.0
v3_screening_competition_and_job_design_eco,ee.3,EERP,successful,2016,volume_year_length,replication_word_tokens,39,61,21,22,0.0,0.0,0.0,0.0,0.0,0.0,0.0,0.0,0.0
v3_screening_competition_and_job_design_eco,ee.3,EERP,successful,2016,volume_year_length,lowercase_modal_tokens,39,61,21,22,0.07692307692307693,0.13114754098360656,0.09523809523809523,0.18181818181818182,0.09419152276295134,0.15464426877470358,0.032355622519556954,0.006228281951222603,0.02612734056833435
v3_selective_exposure_and_information_quant,rpp.84,RPP,successful,2015,volume_year_length,epistemic_adverb_tokens,20,67,10,46,0.0,0.0,0.0,0.0,0.0,0.0,0.0,0.0,0.0
v3_selective_exposure_and_information_quant,rpp.84,RPP,successful,2015,volume_year_length,replication_word_tokens,20,67,10,46,0.0,0.014925373134328358,0.0,0.0,0.0,0.011775362318840578,-0.014925373134328358,-0.0031500108154877797,-0.011775362318840578
v3_selective_exposure_and_information_quant,rpp.84,RPP,successful,2015,volume_year_length,lowercase_modal_tokens,20,67,10,46,0.05,0.08955223880597014,0.1,0.10869565217391304,0.1,0.09562629399585922,-0.030856586632057106,-0.04392594481011093,0.013069358178053825
v3_self_handicapping_excuse_making_and_coun,rpp.94,RPP,successful,2015,volume_year_length,epistemic_adverb_tokens,54,62,36,47,0.0,0.0,0.0,0.0,0.0,0.0,0.0,0.0,0.0
v3_self_handicapping_excuse_making_and_coun,rpp.94,RPP,successful,2015,volume_year_length,replication_word_tokens,54,62,36,47,0.0,0.0,0.0,0.0,0.0,0.0,0.0,0.0,0.0
v3_self_handicapping_excuse_making_and_coun,rpp.94,RPP,successful,2015,volume_year_length,lowercase_modal_tokens,54,62,36,47,0.24074074074074073,0.1774193548387097,0.25,0.23404255319148937,0.21412037037037035,0.18696581196581194,0.04736393909352041,0.03616682749747263,0.011197111596047776
v3_self_regulation_and_selective_exposure_t,rpp.86,RPP,failed,2015,volume_year_length,epistemic_adverb_tokens,41,51,17,30,0.0,0.0,0.0,0.0,0.0,0.0,0.0,0.0,0.0
v3_self_regulation_and_selective_exposure_t,rpp.86,RPP,failed,2015,volume_year_length,replication_word_tokens,41,51,17,30,0.0,0.0196078431372549,0.0,0.03333333333333333,0.0,0.03333333333333333,0.013725490196078431,0.013725490196078431,0.0
v3_self_regulation_and_selective_exposure_t,rpp.86,RPP,failed,2015,volume_year_length,lowercase_modal_tokens,41,51,17,30,0.0975609756097561,0.0392156862745098,0.11764705882352941,0.06666666666666667,0.08627450980392158,0.06666666666666667,0.007364897178383553,0.03873744619799138,-0.03137254901960783
v3_semantic_interference_in_a_delayed_namin,rpp.28,RPP,failed,2015,volume_year_length,epistemic_adverb_tokens,103,35,45,18,0.009708737864077669,0.0,0.022222222222222223,0.0,0.009523809523809523,0.0,-0.012513484358144554,0.00018492834026814613,-0.0126984126984127
v3_semantic_interference_in_a_delayed_namin,rpp.28,RPP,failed,2015,volume_year_length,replication_word_tokens,103,35,45,18,0.08737864077669903,0.0,0.1111111111111111,0.0,0.10529100529100527,0.0,-0.023732470334412073,-0.017912364514306237,-0.0058201058201058364
v3_semantic_interference_in_a_delayed_namin,rpp.28,RPP,failed,2015,volume_year_length,lowercase_modal_tokens,103,35,45,18,0.02912621359223301,0.05714285714285714,0.044444444444444446,0.1111111111111111,0.035449735449735446,0.09722222222222222,0.03865002311604253,0.03375584322186265,0.004894179894179881
v3_slow_to_anger_and_fast_to_forgive_cooper,ee.12,EERP,successful,2016,volume_year_length,epistemic_adverb_tokens,94,185,30,61,0.0,0.0,0.0,0.0,0.0,0.0,0.0,0.0,0.0
v3_slow_to_anger_and_fast_to_forgive_cooper,ee.12,EERP,successful,2016,volume_year_length,replication_word_tokens,94,185,30,61,0.0,0.010810810810810811,0.0,0.0,0.0,0.009198542805100181,-0.010810810810810811,-0.00161226800571063,-0.009198542805100181
v3_slow_to_anger_and_fast_to_forgive_cooper,ee.12,EERP,successful,2016,volume_year_length,lowercase_modal_tokens,94,185,30,61,0.031914893617021274,0.021621621621621623,0.03333333333333333,0.04918032786885246,0.04928571428571429,0.0209471766848816,0.026140266530918776,-0.018045265605433035,0.04418553213635181
v3_terror_management_and_adults_attachment_,rpp.48,RPP,failed,2015,volume_year_length,epistemic_adverb_tokens,53,85,43,69,0.018867924528301886,0.0,0.023255813953488372,0.0,0.018604651162790697,0.0,-0.004387889425186486,0.00026327336551118866,-0.004651162790697674
v3_terror_management_and_adults_attachment_,rpp.48,RPP,failed,2015,volume_year_length,replication_word_tokens,53,85,43,69,0.0,0.0,0.0,0.0,0.0,0.0,0.0,0.0,0.0
v3_terror_management_and_adults_attachment_,rpp.48,RPP,failed,2015,volume_year_length,lowercase_modal_tokens,53,85,43,69,0.09433962264150944,0.10588235294117647,0.09302325581395349,0.10144927536231885,0.0872093023255814,0.09692485689928146,-0.0031167107513016684,-0.0018271757259669674,-0.001289535025334701
v3_thar_she_bursts_reducing_confusion_reduc,ee.16,EERP,successful,2016,volume_year_length,epistemic_adverb_tokens,128,146,62,69,0.0,0.0,0.0,0.0,0.0,0.0,0.0,0.0,0.0
v3_thar_she_bursts_reducing_confusion_reduc,ee.16,EERP,successful,2016,volume_year_length,replication_word_tokens,128,146,62,69,0.015625,0.00684931506849315,0.0,0.0,0.01516437721870659,0.005797101449275362,0.00877568493150685,-0.0005915908379243787,0.009367275769431228
v3_thar_she_bursts_reducing_confusion_reduc,ee.16,EERP,successful,2016,volume_year_length,lowercase_modal_tokens,128,146,62,69,0.078125,0.08904109589041095,0.11290322580645161,0.14492753623188406,0.07546014045377372,0.09314038999393691,0.0211082145350215,0.006764153649752233,0.014344060885269266
v3_the_economics_of_credence_goods_an_exper,ee.8,EERP,successful,2016,volume_year_length,epistemic_adverb_tokens,60,244,27,90,0.0,0.00819672131147541,0.0,0.0,0.0,0.005734767025089606,-0.00819672131147541,-0.0024619542863858045,-0.005734767025089606
v3_the_economics_of_credence_goods_an_exper,ee.8,EERP,successful,2016,volume_year_length,replication_word_tokens,60,244,27,90,0.0,0.0,0.0,0.0,0.0,0.0,0.0,0.0,0.0
v3_the_economics_of_credence_goods_an_exper,ee.8,EERP,successful,2016,volume_year_length,lowercase_modal_tokens,60,244,27,90,0.06666666666666667,0.09016393442622951,0.07407407407407407,0.15555555555555556,0.08730158730158731,0.0867506633441005,0.05798421372191864,-0.024048191717049652,0.0820324054389683
v3_the_effect_of_global_versus_local_proces,rpp.64,RPP,failed,2015,volume_year_length,epistemic_adverb_tokens,108,56,67,32,0.0,0.0,0.0,0.0,0.0,0.0,0.0,0.0,0.0
v3_the_effect_of_global_versus_local_proces,rpp.64,RPP,failed,2015,volume_year_length,replication_word_tokens,108,56,67,32,0.0,0.03571428571428571,0.0,0.0,0.0,0.004464285714285714,-0.03571428571428571,-0.03125,-0.004464285714285712
v3_the_effect_of_global_versus_local_proces,rpp.64,RPP,failed,2015,volume_year_length,lowercase_modal_tokens,108,56,67,32,0.1388888888888889,0.03571428571428571,0.22388059701492538,0.0625,0.15167150671979468,0.0546875,-0.0582059938403222,0.006190596454808503,-0.0643965902951307
v3_the_face_of_success_inferences_from_chie,rpp.82,RPP,failed,2015,volume_year_length,epistemic_adverb_tokens,81,93,48,47,0.012345679012345678,0.0,0.0,0.0,0.017857142857142856,0.0,0.012345679012345678,-0.005511463844797178,0.017857142857142856
v3_the_face_of_success_inferences_from_chie,rpp.82,RPP,failed,2015,volume_year_length,replication_word_tokens,81,93,48,47,0.012345679012345678,0.0,0.0,0.0,0.014660493827160495,0.0,0.012345679012345678,-0.0023148148148148164,0.014660493827160495
v3_the_face_of_success_inferences_from_chie,rpp.82,RPP,failed,2015,volume_year_length,lowercase_modal_tokens,81,93,48,47,0.12345679012345678,0.053763440860215055,0.14583333333333334,0.06382978723404255,0.1382535674202341,0.07208252740167634,-0.012310196836049066,0.0035223092446839757,-0.01583250608073304
v3_the_framing_of_decisions_and_the_psychol,ml1.2,ML1,successful,2014,volume_year_length,epistemic_adverb_tokens,64,84,36,52,0.0,0.011904761904761904,0.0,0.0,0.0,0.011808367071524965,-0.011904761904761904,-9.639483323693916e-05,-0.011808367071524965
v3_the_framing_of_decisions_and_the_psychol,ml1.2,ML1,successful,2014,volume_year_length,replication_word_tokens,64,84,36,52,0.015625,0.011904761904761904,0.0,0.019230769230769232,0.01568100358422939,0.011808367071524965,0.022951007326007328,-0.00015239841746632864,0.023103405743473658
v3_the_framing_of_decisions_and_the_psychol,ml1.2,ML1,successful,2014,volume_year_length,lowercase_modal_tokens,64,84,36,52,0.0625,0.08333333333333333,0.1111111111111111,0.07692307692307693,0.06272401433691756,0.08342416692619123,-0.055021367521367506,-0.00013318074405965774,-0.05488818677730785
v3_the_lure_of_authority_motivation_and_inc,ee.10,EERP,successful,2016,volume_year_length,epistemic_adverb_tokens,29,161,13,89,0.034482758620689655,0.012422360248447204,0.07692307692307693,0.02247191011235955,0.04615384615384616,0.010165864098448368,-0.03239076843847492,-0.013927583683155345,-0.018463184755319578
v3_the_lure_of_authority_motivation_and_inc,ee.10,EERP,successful,2016,volume_year_length,replication_word_tokens,29,161,13,89,0.0,0.012422360248447204,0.0,0.011235955056179775,0.0,0.012208765017753781,-0.0011864051922674292,-0.00021359523069342315,-0.000972809961574006
v3_the_lure_of_authority_motivation_and_inc,ee.10,EERP,successful,2016,volume_year_length,lowercase_modal_tokens,29,161,13,89,0.06896551724137931,0.15527950310559005,0.15384615384615385,0.20224719101123595,0.08461538461538462,0.16310010214504594,-0.037912948699128646,-0.007829268334549416,-0.03008368036457923
v3_the_nonverbal_expression_of_pride_eviden,rpp.69,RPP,successful,2015,volume_year_length,epistemic_adverb_tokens,117,113,78,77,0.017094017094017096,0.008849557522123894,0.02564102564102564,0.012987012987012988,0.01802413273001508,0.012987012987012988,-0.00440955308211945,0.0032073398288911086,-0.007616892911010559
v3_the_nonverbal_expression_of_pride_eviden,rpp.69,RPP,successful,2015,volume_year_length,replication_word_tokens,117,113,78,77,0.017094017094017096,0.0,0.01282051282051282,0.0,0.015629063296406096,0.0,0.004273504273504276,0.0014649537976109996,0.002808550475893276
v3_the_nonverbal_expression_of_pride_eviden,rpp.69,RPP,successful,2015,volume_year_length,lowercase_modal_tokens,117,113,78,77,0.10256410256410256,0.02654867256637168,0.15384615384615385,0.025974025974025976,0.11460846643402424,0.024350649350649352,-0.051856697874397,-0.014242387085644008,-0.03761431078875299
v3_the_potential_of_social_identity_for_equ,ee.5,EERP,failed,2016,volume_year_length,epistemic_adverb_tokens,92,238,35,100,0.010869565217391304,0.0,0.0,0.0,0.01083743842364532,0.0,0.010869565217391304,3.212679374598425e-05,0.01083743842364532
v3_the_potential_of_social_identity_for_equ,ee.5,EERP,failed,2016,volume_year_length,replication_word_tokens,92,238,35,100,0.0,0.04201680672268908,0.0,0.02,0.0,0.03693324629069167,-0.02201680672268908,-0.005083560431997411,-0.016933246290691668
v3_the_potential_of_social_identity_for_equ,ee.5,EERP,failed,2016,volume_year_length,lowercase_modal_tokens,92,238,35,100,0.05434782608695652,0.06722689075630252,0.11428571428571428,0.09,0.08028293545534924,0.07008539216505003,-0.03716477895506028,-0.023076607959645216,-0.014088170995415067
v3_the_representation_of_simple_ensemble_vi,rpp.122,RPP,successful,2015,volume_year_length,epistemic_adverb_tokens,84,211,34,110,0.0,0.014218009478672985,0.0,0.01818181818181818,0.0,0.01416885321808921,0.003963808703145196,-4.91562605837749e-05,0.004012964963728971
v3_the_representation_of_simple_ensemble_vi,rpp.122,RPP,successful,2015,volume_year_length,replication_word_tokens,84,211,34,110,0.011904761904761904,0.0,0.029411764705882353,0.0,0.014705882352941176,0.0,-0.01750700280112045,-0.002801120448179272,-0.014705882352941176
v3_the_representation_of_simple_ensemble_vi,rpp.122,RPP,successful,2015,volume_year_length,lowercase_modal_tokens,84,211,34,110,0.08333333333333333,0.06635071090047394,0.11764705882352941,0.1,0.09200234441602728,0.06675908980662801,-0.0006644363906700146,-0.008260632176539884,0.007596195785869869
v3_the_space_between_us_stereotype_threat_a,rpp.87,RPP,failed,2015,volume_year_length,epistemic_adverb_tokens,59,148,38,94,0.03389830508474576,0.0,0.05263157894736842,0.0,0.032330827067669175,0.0,-0.018733273862622656,0.0015674780170765873,-0.020300751879699243
v3_the_space_between_us_stereotype_threat_a,rpp.87,RPP,failed,2015,volume_year_length,replication_word_tokens,59,148,38,94,0.0,0.0,0.0,0.0,0.0,0.0,0.0,0.0,0.0
v3_the_space_between_us_stereotype_threat_a,rpp.87,RPP,failed,2015,volume_year_length,lowercase_modal_tokens,59,148,38,94,0.13559322033898305,0.14864864864864866,0.13157894736842105,0.1595744680851064,0.1458935801041064,0.15618356732147068,0.01494009240701974,-0.0027654410923013406,0.01770553349932108
v3_the_stroop_effect_why_proportion_congrue,rpp.15,RPP,successful,2015,volume_year_length,epistemic_adverb_tokens,157,298,90,177,0.0,0.010067114093959731,0.0,0.01694915254237288,0.0,0.009920262117906474,0.00688203844841315,-0.00014685197605325724,0.007028890424466408
v3_the_stroop_effect_why_proportion_congrue,rpp.15,RPP,successful,2015,volume_year_length,replication_word_tokens,157,298,90,177,0.0,0.016778523489932886,0.0,0.01694915254237288,0.0,0.017699488541200695,0.00017062905243999532,0.0009209650512678087,-0.0007503359988278134
v3_the_stroop_effect_why_proportion_congrue,rpp.15,RPP,successful,2015,volume_year_length,lowercase_modal_tokens,157,298,90,177,0.10191082802547771,0.16778523489932887,0.12222222222222222,0.22033898305084745,0.09991764248047126,0.17059859350800086,0.03224235395477408,0.004806544153678441,0.02743580980109564
v3_the_threat_of_appearing_prejudiced_and_r,rpp.129,RPP,failed,2015,volume_year_length,epistemic_adverb_tokens,62,64,37,45,0.0,0.015625,0.0,0.022222222222222223,0.0,0.009523809523809523,0.006597222222222223,-0.006101190476190477,0.0126984126984127
v3_the_threat_of_appearing_prejudiced_and_r,rpp.129,RPP,failed,2015,volume_year_length,replication_word_tokens,62,64,37,45,0.0,0.0,0.0,0.0,0.0,0.0,0.0,0.0,0.0
v3_the_threat_of_appearing_prejudiced_and_r,rpp.129,RPP,failed,2015,volume_year_length,lowercase_modal_tokens,62,64,37,45,0.11290322580645161,0.203125,0.13513513513513514,0.28888888888888886,0.10968863600442548,0.21534391534391534,0.06353197956020533,0.015433505145941467,0.04809847441426386
v3_the_ultimate_sampling_dilemma_in_experie,rpp.17,RPP,successful,2015,volume_year_length,epistemic_adverb_tokens,19,35,10,21,0.0,0.02857142857142857,0.0,0.0,0.0,0.0,-0.02857142857142857,-0.02857142857142857,0.0
v3_the_ultimate_sampling_dilemma_in_experie,rpp.17,RPP,successful,2015,volume_year_length,replication_word_tokens,19,35,10,21,0.0,0.0,0.0,0.0,0.0,0.0,0.0,0.0,0.0
v3_the_ultimate_sampling_dilemma_in_experie,rpp.17,RPP,successful,2015,volume_year_length,lowercase_modal_tokens,19,35,10,21,0.15789473684210525,0.11428571428571428,0.1,0.14285714285714285,0.06666666666666667,0.11904761904761904,0.08646616541353382,0.09598997493734335,-0.009523809523809532
v3_toward_a_physiology_of_dual_process_reas,rpp.118,RPP,failed,2015,volume_year_length,epistemic_adverb_tokens,107,120,65,73,0.0,0.0,0.0,0.0,0.0,0.0,0.0,0.0,0.0
v3_toward_a_physiology_of_dual_process_reas,rpp.118,RPP,failed,2015,volume_year_length,replication_word_tokens,107,120,65,73,0.037383177570093455,0.016666666666666666,0.03076923076923077,0.0136986301369863,0.03448363230971927,0.016936488169364883,0.0036459102711823184,0.0031693667630724003,0.00047654350810991813
v3_toward_a_physiology_of_dual_process_reas,rpp.118,RPP,failed,2015,volume_year_length,lowercase_modal_tokens,107,120,65,73,0.07476635514018691,0.041666666666666664,0.12307692307692308,0.0547945205479452,0.06953481301307389,0.045466834895457824,-0.035182714055457635,0.00903171035590418,-0.044214424411361815
v3_tracing_attention_and_the_activation_flo,rpp.1,RPP,failed,2015,volume_year_length,epistemic_adverb_tokens,121,77,73,42,0.008264462809917356,0.0,0.0,0.0,0.00837138508371385,0.0,0.008264462809917356,-0.00010692227379649477,0.00837138508371385
v3_tracing_attention_and_the_activation_flo,rpp.1,RPP,failed,2015,volume_year_length,replication_word_tokens,121,77,73,42,0.03305785123966942,0.06493506493506493,0.0547945205479452,0.07142857142857142,0.0339340073929115,0.06516439909297052,-0.015243162814769284,-0.0006468219953364857,-0.014596340819432799
v3_tracing_attention_and_the_activation_flo,rpp.1,RPP,failed,2015,volume_year_length,lowercase_modal_tokens,121,77,73,42,0.06611570247933884,0.03896103896103896,0.0821917808219178,0.047619047619047616,0.07127908240921939,0.03373015873015873,-0.007418069684570303,-0.010394260160760775,0.0029761904761904726
v3_walking_on_eggshells_how_expressing_rela,rpp.58,RPP,failed,2015,volume_year_length,epistemic_adverb_tokens,14,25,11,15,0.07142857142857142,0.0,0.09090909090909091,0.0,0.0606060606060606,0.0,-0.019480519480519487,0.010822510822510824,-0.03030303030303031
v3_walking_on_eggshells_how_expressing_rela,rpp.58,RPP,failed,2015,volume_year_length,replication_word_tokens,14,25,11,15,0.0,0.0,0.0,0.0,0.0,0.0,0.0,0.0,0.0
v3_walking_on_eggshells_how_expressing_rela,rpp.58,RPP,failed,2015,volume_year_length,lowercase_modal_tokens,14,25,11,15,0.21428571428571427,0.2,0.2727272727272727,0.26666666666666666,0.2424242424242424,0.2555555555555556,0.008225108225108219,0.02741702741702745,-0.019191919191919232
v3_weight_as_an_embodiment_of_importance,ml3.10,ML3,failed,2016,volume_year_length,epistemic_adverb_tokens,89,133,58,81,0.0,0.015037593984962405,0.0,0.012345679012345678,0.0,0.013991769547325103,-0.002691914972616727,-0.0010458244376373022,-0.0016460905349794247
v3_weight_as_an_embodiment_of_importance,ml3.10,ML3,failed,2016,volume_year_length,replication_word_tokens,89,133,58,81,0.011235955056179775,0.022556390977443608,0.017241379310344827,0.024691358024691357,0.011936339522546418,0.021589110477999367,-0.0038704572069173035,-0.0016676649658108837,-0.00220279224110642
v3_weight_as_an_embodiment_of_importance,ml3.10,ML3,failed,2016,volume_year_length,lowercase_modal_tokens,89,133,58,81,0.06741573033707865,0.10526315789473684,0.08620689655172414,0.13580246913580246,0.05853011580513683,0.10163026274137385,0.011748145026420131,0.005252719378578831,0.0064954256478413006
v3_when_does_between_sequence_phonological_,rpp.12,RPP,failed,2015,volume_year_length,epistemic_adverb_tokens,29,69,24,50,0.0,0.043478260869565216,0.0,0.06,0.0,0.04096969696969697,0.01652173913043478,-0.0025085638998682477,0.01903030303030303
v3_when_does_between_sequence_phonological_,rpp.12,RPP,failed,2015,volume_year_length,replication_word_tokens,29,69,24,50,0.0,0.0,0.0,0.0,0.0,0.0,0.0,0.0,0.0
v3_when_does_between_sequence_phonological_,rpp.12,RPP,failed,2015,volume_year_length,lowercase_modal_tokens,29,69,24,50,0.06896551724137931,0.11594202898550725,0.08333333333333333,0.08,0.06770833333333333,0.10193939393939394,-0.050309845077461265,-0.012745451138067326,-0.03756439393939394
v3_where_do_we_look_during_potentially_offe,rpp.132,RPP,failed,2015,volume_year_length,epistemic_adverb_tokens,21,18,17,15,0.09523809523809523,0.0,0.11764705882352941,0.0,0.11764705882352941,0.0,-0.022408963585434177,-0.022408963585434177,0.0
v3_where_do_we_look_during_potentially_offe,rpp.132,RPP,failed,2015,volume_year_length,replication_word_tokens,21,18,17,15,0.0,0.0,0.0,0.0,0.0,0.0,0.0,0.0,0.0
v3_where_do_we_look_during_potentially_offe,rpp.132,RPP,failed,2015,volume_year_length,lowercase_modal_tokens,21,18,17,15,0.047619047619047616,0.4444444444444444,0.058823529411764705,0.5333333333333333,0.058823529411764705,0.5066666666666666,0.07768440709617182,0.05101774042950509,0.026666666666666727
v3_why_do_implicit_and_explicit_attitude_te,rpp.44,RPP,successful,2015,volume_year_length,epistemic_adverb_tokens,60,126,27,52,0.0,0.0,0.0,0.0,0.0,0.0,0.0,0.0,0.0
v3_why_do_implicit_and_explicit_attitude_te,rpp.44,RPP,successful,2015,volume_year_length,replication_word_tokens,60,126,27,52,0.0,0.03968253968253968,0.0,0.019230769230769232,0.0,0.034722222222222224,-0.02045177045177045,-0.004960317460317457,-0.015491452991452992
v3_why_do_implicit_and_explicit_attitude_te,rpp.44,RPP,successful,2015,volume_year_length,lowercase_modal_tokens,60,126,27,52,0.06666666666666667,0.12698412698412698,0.1111111111111111,0.17307692307692307,0.05901505901505901,0.1532051282051282,0.0016483516483516564,0.033872608872608866,-0.03222425722425721
v3_why_people_are_reluctant_to_tempt_fate,rpp.68,RPP,failed,2015,volume_year_length,epistemic_adverb_tokens,48,83,29,38,0.0,0.0,0.0,0.0,0.0,0.0,0.0,0.0,0.0
v3_why_people_are_reluctant_to_tempt_fate,rpp.68,RPP,failed,2015,volume_year_length,replication_word_tokens,48,83,29,38,0.125,0.14457831325301204,0.13793103448275862,0.0,0.11694152923538231,0.07819548872180451,-0.15750934773577066,-0.05832435376658984,-0.09918499396918082
v3_why_people_are_reluctant_to_tempt_fate,rpp.68,RPP,failed,2015,volume_year_length,lowercase_modal_tokens,48,83,29,38,0.16666666666666666,0.024096385542168676,0.20689655172413793,0.02631578947368421,0.19914328550010707,0.01929824561403509,-0.03801048112595574,-0.037274758761574,-0.0007357223643817343
v3_working_memory_costs_of_task_switching,rpp.3,RPP,failed,2015,volume_year_length,epistemic_adverb_tokens,37,61,24,42,0.0,0.0,0.0,0.0,0.0,0.0,0.0,0.0,0.0
v3_working_memory_costs_of_task_switching,rpp.3,RPP,failed,2015,volume_year_length,replication_word_tokens,37,61,24,42,0.0,0.0,0.0,0.0,0.0,0.0,0.0,0.0,0.0
v3_working_memory_costs_of_task_switching,rpp.3,RPP,failed,2015,volume_year_length,lowercase_modal_tokens,37,61,24,42,0.05405405405405406,0.14754098360655737,0.08333333333333333,0.21428571428571427,0.06547619047619048,0.1759259259259259,0.03746545139987763,0.016962805897232106,0.020502645502645522
