scheme,source_index,period,year,length_band,n,k,pattern_0,pattern_1,pattern_2,pattern_3,pattern_4,pattern_5,pattern_6,pattern_7
volume,0,0,,,51,28,38,0,4,0,9,0,0,0
volume,0,1,,,38,15,32,1,5,0,0,0,0,0
volume,1,0,,,34,20,27,0,2,0,5,0,0,0
volume,1,1,,,25,14,22,0,0,0,3,0,0,0
volume,2,0,,,31,23,28,0,0,0,3,0,0,0
volume,2,1,,,96,53,76,1,6,0,11,0,2,0
volume,3,0,,,61,35,54,0,0,0,7,0,0,0
volume,3,1,,,73,48,65,0,1,0,7,0,0,0
volume,4,0,,,34,17,29,0,2,0,2,0,1,0
volume,4,1,,,44,32,33,0,2,0,9,0,0,0
volume,5,0,,,58,25,47,0,2,0,9,0,0,0
volume,5,1,,,112,38,107,0,1,0,4,0,0,0
volume,6,0,,,36,20,32,0,3,0,1,0,0,0
volume,6,1,,,22,17,21,0,0,0,1,0,0,0
volume,7,0,,,46,22,41,0,0,0,5,0,0,0
volume,7,1,,,52,32,49,0,0,0,3,0,0,0
volume,8,0,,,30,15,23,0,0,0,7,0,0,0
volume,8,1,,,32,16,24,0,1,0,7,0,0,0
volume,9,0,,,111,57,92,3,0,0,16,0,0,0
volume,9,1,,,41,33,38,0,0,0,3,0,0,0
volume,10,0,,,128,93,112,0,1,0,14,1,0,0
volume,10,1,,,149,98,124,1,0,0,24,0,0,0
volume,11,0,,,71,49,69,1,0,0,1,0,0,0
volume,11,1,,,132,75,124,0,1,0,6,1,0,0
volume,12,0,,,16,10,13,1,0,0,2,0,0,0
volume,12,1,,,35,20,25,0,3,0,7,0,0,0
volume,13,0,,,70,24,66,0,0,0,4,0,0,0
volume,13,1,,,128,30,113,0,0,0,15,0,0,0
volume,14,0,,,75,41,66,1,0,0,8,0,0,0
volume,14,1,,,173,107,150,0,5,0,18,0,0,0
volume,15,0,,,20,13,20,0,0,0,0,0,0,0
volume,15,1,,,154,94,138,0,5,0,9,0,2,0
volume,16,0,,,130,63,120,1,2,0,7,0,0,0
volume,16,1,,,254,116,220,2,7,0,25,0,0,0
volume,17,0,,,47,25,38,0,1,0,8,0,0,0
volume,17,1,,,138,56,128,0,1,0,9,0,0,0
volume,18,0,,,48,21,44,1,0,0,3,0,0,0
volume,18,1,,,41,24,39,0,0,0,2,0,0,0
volume,19,0,,,64,30,59,0,3,0,2,0,0,0
volume,19,1,,,148,88,134,0,1,0,13,0,0,0
volume,20,0,,,52,25,41,0,2,0,9,0,0,0
volume,20,1,,,92,43,83,0,4,0,5,0,0,0
volume,21,0,,,56,39,51,0,0,0,5,0,0,0
volume,21,1,,,144,94,119,0,2,0,23,0,0,0
volume,22,0,,,177,95,146,1,9,0,18,0,3,0
volume,22,1,,,158,91,125,0,3,0,28,0,2,0
volume,23,0,,,42,31,39,0,0,0,3,0,0,0
volume,23,1,,,74,62,62,1,1,0,10,0,0,0
volume,24,0,,,50,25,45,0,0,0,5,0,0,0
volume,24,1,,,100,49,78,2,7,0,13,0,0,0
volume,25,0,,,164,98,147,1,0,0,14,2,0,0
volume,25,1,,,87,38,74,0,6,0,6,0,1,0
volume,26,0,,,61,44,49,0,1,0,11,0,0,0
volume,26,1,,,69,40,51,1,2,0,14,1,0,0
volume,27,0,,,185,118,156,0,0,0,28,1,0,0
volume,27,1,,,159,101,137,2,0,0,20,0,0,0
volume,28,0,,,28,17,21,0,0,0,7,0,0,0
volume,28,1,,,236,156,190,1,3,0,42,0,0,0
volume,29,0,,,38,25,35,0,1,0,2,0,0,0
volume,29,1,,,61,37,59,0,1,0,1,0,0,0
volume,30,0,,,70,32,57,0,7,0,6,0,0,0
volume,30,1,,,134,63,120,2,0,0,12,0,0,0
volume,31,0,,,50,22,45,0,0,0,5,0,0,0
volume,31,1,,,71,21,55,0,6,0,9,0,1,0
volume,32,0,,,144,62,136,0,2,0,6,0,0,0
volume,32,1,,,95,50,88,0,2,0,5,0,0,0
volume,33,0,,,75,53,60,0,3,0,11,1,0,0
volume,33,1,,,75,46,62,0,1,0,12,0,0,0
volume,34,0,,,36,10,34,0,1,0,0,0,1,0
volume,34,1,,,64,27,58,1,1,0,4,0,0,0
volume,35,0,,,17,10,16,0,0,0,1,0,0,0
volume,35,1,,,26,17,23,0,0,0,3,0,0,0
volume,36,0,,,154,98,146,0,2,0,6,0,0,0
volume,36,1,,,105,60,95,1,0,0,8,1,0,0
volume,37,0,,,28,19,22,0,0,0,6,0,0,0
volume,37,1,,,57,40,39,0,2,0,15,1,0,0
volume,38,0,,,54,31,50,0,0,0,4,0,0,0
volume,38,1,,,96,54,79,1,0,0,16,0,0,0
volume,39,0,,,36,24,34,0,1,0,1,0,0,0
volume,39,1,,,85,59,78,1,2,0,4,0,0,0
volume,40,0,,,21,14,19,0,0,0,2,0,0,0
volume,40,1,,,45,27,41,0,1,0,3,0,0,0
volume,41,0,,,96,52,81,0,3,0,12,0,0,0
volume,41,1,,,82,38,70,0,3,0,9,0,0,0
volume,42,0,,,27,22,25,0,0,0,2,0,0,0
volume,42,1,,,36,25,30,0,0,0,6,0,0,0
volume,43,0,,,39,21,36,0,0,0,3,0,0,0
volume,43,1,,,61,22,53,0,0,0,8,0,0,0
volume,44,0,,,20,10,19,0,0,0,1,0,0,0
volume,44,1,,,67,46,60,0,1,0,6,0,0,0
volume,45,0,,,54,36,41,0,0,0,13,0,0,0
volume,45,1,,,62,47,51,0,0,0,11,0,0,0
volume,46,0,,,41,17,37,0,0,0,4,0,0,0
volume,46,1,,,51,30,48,0,1,0,2,0,0,0
volume,47,0,,,103,45,90,1,9,0,3,0,0,0
volume,47,1,,,35,18,33,0,0,0,2,0,0,0
volume,48,0,,,94,30,91,0,0,0,3,0,0,0
volume,48,1,,,185,61,179,0,2,0,4,0,0,0
volume,49,0,,,53,43,47,1,0,0,5,0,0,0
volume,49,1,,,85,69,76,0,0,0,9,0,0,0
volume,50,0,,,128,62,116,0,2,0,10,0,0,0
volume,50,1,,,146,69,132,0,1,0,13,0,0,0
volume,51,0,,,60,27,56,0,0,0,4,0,0,0
volume,51,1,,,244,90,220,2,0,0,22,0,0,0
volume,52,0,,,108,67,93,0,0,0,15,0,0,0
volume,52,1,,,56,32,52,0,2,0,2,0,0,0
volume,53,0,,,81,48,70,0,1,0,9,1,0,0
volume,53,1,,,93,47,88,0,0,0,5,0,0,0
volume,54,0,,,64,36,59,0,1,0,4,0,0,0
volume,54,1,,,84,52,75,1,1,0,7,0,0,0
volume,55,0,,,29,13,27,0,0,0,1,1,0,0
volume,55,1,,,161,89,133,1,2,0,24,1,0,0
volume,56,0,,,117,78,102,1,2,0,11,1,0,0
volume,56,1,,,113,77,109,1,0,0,3,0,0,0
volume,57,0,,,92,35,86,1,0,0,5,0,0,0
volume,57,1,,,238,100,212,0,10,0,16,0,0,0
volume,58,0,,,84,34,76,0,1,0,7,0,0,0
volume,58,1,,,211,110,194,3,0,0,14,0,0,0
volume,59,0,,,59,38,49,2,0,0,8,0,0,0
volume,59,1,,,148,94,126,0,0,0,22,0,0,0
volume,60,0,,,157,90,141,0,0,0,16,0,0,0
volume,60,1,,,298,177,242,1,5,0,48,2,0,0
volume,61,0,,,62,37,55,0,0,0,7,0,0,0
volume,61,1,,,64,45,50,1,0,0,13,0,0,0
volume,62,0,,,19,10,16,0,0,0,3,0,0,0
volume,62,1,,,35,21,31,0,0,0,3,1,0,0
volume,63,0,,,107,65,95,0,4,0,8,0,0,0
volume,63,1,,,120,73,113,0,2,0,5,0,0,0
volume,64,0,,,121,73,108,1,4,0,8,0,0,0
volume,64,1,,,77,42,69,0,5,0,3,0,0,0
volume,65,0,,,14,11,11,0,0,0,2,1,0,0
volume,65,1,,,25,15,20,0,0,0,5,0,0,0
volume,66,0,,,89,58,82,0,1,0,6,0,0,0
volume,66,1,,,133,81,115,1,2,1,14,0,0,0
volume,67,0,,,29,24,27,0,0,0,2,0,0,0
volume,67,1,,,69,50,60,1,0,0,6,2,0,0
volume,68,0,,,21,17,18,2,0,0,1,0,0,0
volume,68,1,,,18,15,10,0,0,0,8,0,0,0
volume,69,0,,,60,27,56,0,0,0,4,0,0,0
volume,69,1,,,126,52,105,0,5,0,16,0,0,0
volume,70,0,,,48,29,35,0,5,0,7,0,1,0
volume,70,1,,,83,38,69,0,12,0,2,0,0,0
volume,71,0,,,37,24,35,0,0,0,2,0,0,0
volume,71,1,,,61,42,52,0,0,0,9,0,0,0
volume_year,0,0,2009,,2,2,2,0,0,0,0,0,0,0
volume_year,0,0,2010,,6,3,5,0,0,0,1,0,0,0
volume_year,0,0,2011,,11,9,7,0,0,0,4,0,0,0
volume_year,0,0,2012,,14,8,11,0,0,0,3,0,0,0
volume_year,0,0,2013,,2,1,2,0,0,0,0,0,0,0
volume_year,0,0,2014,,16,5,11,0,4,0,1,0,0,0
volume_year,0,1,2015,,4,1,4,0,0,0,0,0,0,0
volume_year,0,1,2016,,6,0,1,0,5,0,0,0,0,0
volume_year,0,1,2017,,3,1,2,1,0,0,0,0,0,0
volume_year,0,1,2018,,3,3,3,0,0,0,0,0,0,0
volume_year,0,1,2019,,2,2,2,0,0,0,0,0,0,0
volume_year,0,1,2020,,1,1,1,0,0,0,0,0,0,0
volume_year,0,1,2021,,4,3,4,0,0,0,0,0,0,0
volume_year,0,1,2023,,13,3,13,0,0,0,0,0,0,0
volume_year,0,1,2024,,1,0,1,0,0,0,0,0,0,0
volume_year,0,1,2026,,1,1,1,0,0,0,0,0,0,0
volume_year,1,0,2010,,5,3,5,0,0,0,0,0,0,0
volume_year,1,0,2011,,5,4,5,0,0,0,0,0,0,0
volume_year,1,0,2012,,4,4,4,0,0,0,0,0,0,0
volume_year,1,0,2013,,11,4,7,0,1,0,3,0,0,0
volume_year,1,0,2014,,9,5,6,0,1,0,2,0,0,0
volume_year,1,1,2015,,8,5,6,0,0,0,2,0,0,0
volume_year,1,1,2016,,1,0,1,0,0,0,0,0,0,0
volume_year,1,1,2017,,1,0,0,0,0,0,1,0,0,0
volume_year,1,1,2018,,1,0,1,0,0,0,0,0,0,0
volume_year,1,1,2019,,2,0,2,0,0,0,0,0,0,0
volume_year,1,1,2020,,1,0,1,0,0,0,0,0,0,0
volume_year,1,1,2021,,3,3,3,0,0,0,0,0,0,0
volume_year,1,1,2023,,1,1,1,0,0,0,0,0,0,0
volume_year,1,1,2024,,4,3,4,0,0,0,0,0,0,0
volume_year,1,1,2025,,1,0,1,0,0,0,0,0,0,0
volume_year,1,1,2026,,2,2,2,0,0,0,0,0,0,0
volume_year,2,0,2011,,21,17,18,0,0,0,3,0,0,0
volume_year,2,0,2012,,1,1,1,0,0,0,0,0,0,0
volume_year,2,0,2013,,9,5,9,0,0,0,0,0,0,0
volume_year,2,1,2014,,38,21,32,0,2,0,4,0,0,0
volume_year,2,1,2015,,2,1,2,0,0,0,0,0,0,0
volume_year,2,1,2016,,9,5,6,1,0,0,1,0,1,0
volume_year,2,1,2017,,9,8,7,0,0,0,1,0,1,0
volume_year,2,1,2018,,13,0,10,0,3,0,0,0,0,0
volume_year,2,1,2020,,4,3,4,0,0,0,0,0,0,0
volume_year,2,1,2021,,3,1,2,0,1,0,0,0,0,0
volume_year,2,1,2022,,4,3,3,0,0,0,1,0,0,0
volume_year,2,1,2023,,3,2,2,0,0,0,1,0,0,0
volume_year,2,1,2024,,7,6,5,0,0,0,2,0,0,0
volume_year,2,1,2025,,3,3,2,0,0,0,1,0,0,0
volume_year,2,1,2026,,1,0,1,0,0,0,0,0,0,0
volume_year,3,0,2008,,1,1,1,0,0,0,0,0,0,0
volume_year,3,0,2009,,7,3,6,0,0,0,1,0,0,0
volume_year,3,0,2010,,7,5,7,0,0,0,0,0,0,0
volume_year,3,0,2011,,16,7,15,0,0,0,1,0,0,0
volume_year,3,0,2012,,17,8,16,0,0,0,1,0,0,0
volume_year,3,0,2013,,10,9,6,0,0,0,4,0,0,0
volume_year,3,0,2014,,3,2,3,0,0,0,0,0,0,0
volume_year,3,1,2015,,1,0,1,0,0,0,0,0,0,0
volume_year,3,1,2017,,8,5,8,0,0,0,0,0,0,0
volume_year,3,1,2018,,2,1,1,0,0,0,1,0,0,0
volume_year,3,1,2019,,4,2,4,0,0,0,0,0,0,0
volume_year,3,1,2020,,19,14,18,0,1,0,0,0,0,0
volume_year,3,1,2021,,7,3,6,0,0,0,1,0,0,0
volume_year,3,1,2022,,1,0,1,0,0,0,0,0,0,0
volume_year,3,1,2023,,6,5,6,0,0,0,0,0,0,0
volume_year,3,1,2024,,6,5,3,0,0,0,3,0,0,0
volume_year,3,1,2025,,16,10,15,0,0,0,1,0,0,0
volume_year,3,1,2026,,3,3,2,0,0,0,1,0,0,0
volume_year,4,0,2009,,6,0,6,0,0,0,0,0,0,0
volume_year,4,0,2010,,2,1,2,0,0,0,0,0,0,0
volume_year,4,0,2011,,5,3,3,0,0,0,1,0,1,0
volume_year,4,0,2012,,13,10,12,0,1,0,0,0,0,0
volume_year,4,0,2013,,5,3,3,0,1,0,1,0,0,0
volume_year,4,0,2014,,3,0,3,0,0,0,0,0,0,0
volume_year,4,1,2015,,5,3,3,0,0,0,2,0,0,0
volume_year,4,1,2016,,1,1,0,0,0,0,1,0,0,0
volume_year,4,1,2017,,4,3,4,0,0,0,0,0,0,0
volume_year,4,1,2019,,1,1,1,0,0,0,0,0,0,0
volume_year,4,1,2020,,6,5,4,0,0,0,2,0,0,0
volume_year,4,1,2021,,1,0,1,0,0,0,0,0,0,0
volume_year,4,1,2022,,5,5,4,0,0,0,1,0,0,0
volume_year,4,1,2023,,1,1,1,0,0,0,0,0,0,0
volume_year,4,1,2024,,6,4,5,0,0,0,1,0,0,0
volume_year,4,1,2025,,14,9,10,0,2,0,2,0,0,0
volume_year,5,0,2008,,9,2,6,0,0,0,3,0,0,0
volume_year,5,0,2009,,8,5,5,0,1,0,2,0,0,0
volume_year,5,0,2010,,12,6,9,0,1,0,2,0,0,0
volume_year,5,0,2011,,8,3,6,0,0,0,2,0,0,0
volume_year,5,0,2012,,5,4,5,0,0,0,0,0,0,0
volume_year,5,0,2013,,10,4,10,0,0,0,0,0,0,0
volume_year,5,0,2014,,6,1,6,0,0,0,0,0,0,0
volume_year,5,1,2015,,16,9,16,0,0,0,0,0,0,0
volume_year,5,1,2016,,8,2,8,0,0,0,0,0,0,0
volume_year,5,1,2017,,7,2,6,0,0,0,1,0,0,0
volume_year,5,1,2018,,13,2,12,0,0,0,1,0,0,0
volume_year,5,1,2019,,8,3,7,0,0,0,1,0,0,0
volume_year,5,1,2020,,18,7,16,0,1,0,1,0,0,0
volume_year,5,1,2021,,11,3,11,0,0,0,0,0,0,0
volume_year,5,1,2022,,5,1,5,0,0,0,0,0,0,0
volume_year,5,1,2023,,14,4,14,0,0,0,0,0,0,0
volume_year,5,1,2024,,4,1,4,0,0,0,0,0,0,0
volume_year,5,1,2025,,6,3,6,0,0,0,0,0,0,0
volume_year,5,1,2026,,2,1,2,0,0,0,0,0,0,0
volume_year,6,0,2009,,4,2,4,0,0,0,0,0,0,0
volume_year,6,0,2010,,3,0,3,0,0,0,0,0,0,0
volume_year,6,0,2011,,5,5,2,0,3,0,0,0,0,0
volume_year,6,0,2012,,1,1,1,0,0,0,0,0,0,0
volume_year,6,0,2013,,23,12,22,0,0,0,1,0,0,0
volume_year,6,1,2015,,2,1,2,0,0,0,0,0,0,0
volume_year,6,1,2016,,12,9,12,0,0,0,0,0,0,0
volume_year,6,1,2017,,2,1,2,0,0,0,0,0,0,0
volume_year,6,1,2018,,1,1,1,0,0,0,0,0,0,0
volume_year,6,1,2019,,1,1,1,0,0,0,0,0,0,0
volume_year,6,1,2022,,1,1,1,0,0,0,0,0,0,0
volume_year,6,1,2023,,1,1,1,0,0,0,0,0,0,0
volume_year,6,1,2024,,1,1,1,0,0,0,0,0,0,0
volume_year,6,1,2025,,1,1,0,0,0,0,1,0,0,0
volume_year,7,0,2009,,3,1,3,0,0,0,0,0,0,0
volume_year,7,0,2010,,6,2,6,0,0,0,0,0,0,0
volume_year,7,0,2011,,16,11,14,0,0,0,2,0,0,0
volume_year,7,0,2012,,7,4,7,0,0,0,0,0,0,0
volume_year,7,0,2013,,2,0,2,0,0,0,0,0,0,0
volume_year,7,0,2014,,12,4,9,0,0,0,3,0,0,0
volume_year,7,1,2015,,2,1,2,0,0,0,0,0,0,0
volume_year,7,1,2016,,5,3,5,0,0,0,0,0,0,0
volume_year,7,1,2017,,12,6,11,0,0,0,1,0,0,0
volume_year,7,1,2018,,2,1,2,0,0,0,0,0,0,0
volume_year,7,1,2019,,6,5,5,0,0,0,1,0,0,0
volume_year,7,1,2020,,1,1,1,0,0,0,0,0,0,0
volume_year,7,1,2021,,1,1,1,0,0,0,0,0,0,0
volume_year,7,1,2023,,3,1,3,0,0,0,0,0,0,0
volume_year,7,1,2024,,11,8,10,0,0,0,1,0,0,0
volume_year,7,1,2025,,2,2,2,0,0,0,0,0,0,0
volume_year,7,1,2026,,7,3,7,0,0,0,0,0,0,0
volume_year,8,0,2008,,1,0,1,0,0,0,0,0,0,0
volume_year,8,0,2010,,9,3,7,0,0,0,2,0,0,0
volume_year,8,0,2011,,9,6,6,0,0,0,3,0,0,0
volume_year,8,0,2012,,6,5,5,0,0,0,1,0,0,0
volume_year,8,0,2014,,5,1,4,0,0,0,1,0,0,0
volume_year,8,1,2016,,3,3,3,0,0,0,0,0,0,0
volume_year,8,1,2017,,12,5,9,0,0,0,3,0,0,0
volume_year,8,1,2018,,11,5,9,0,0,0,2,0,0,0
volume_year,8,1,2019,,1,0,0,0,1,0,0,0,0,0
volume_year,8,1,2020,,3,2,3,0,0,0,0,0,0,0
volume_year,8,1,2021,,1,1,0,0,0,0,1,0,0,0
volume_year,8,1,2022,,1,0,0,0,0,0,1,0,0,0
volume_year,9,0,2004,,27,19,25,0,0,0,2,0,0,0
volume_year,9,0,2005,,14,5,13,0,0,0,1,0,0,0
volume_year,9,0,2011,,70,33,54,3,0,0,13,0,0,0
volume_year,9,1,2026,,41,33,38,0,0,0,3,0,0,0
volume_year,10,0,2008,,3,3,3,0,0,0,0,0,0,0
volume_year,10,0,2009,,18,15,15,0,0,0,3,0,0,0
volume_year,10,0,2010,,33,22,31,0,0,0,2,0,0,0
volume_year,10,0,2011,,11,5,10,0,0,0,1,0,0,0
volume_year,10,0,2012,,21,19,16,0,0,0,5,0,0,0
volume_year,10,0,2013,,13,10,12,0,1,0,0,0,0,0
volume_year,10,0,2014,,29,19,25,0,0,0,3,1,0,0
volume_year,10,1,2015,,28,21,22,0,0,0,6,0,0,0
volume_year,10,1,2016,,16,12,12,1,0,0,3,0,0,0
volume_year,10,1,2017,,12,6,10,0,0,0,2,0,0,0
volume_year,10,1,2018,,11,7,8,0,0,0,3,0,0,0
volume_year,10,1,2019,,12,9,11,0,0,0,1,0,0,0
volume_year,10,1,2020,,7,7,5,0,0,0,2,0,0,0
volume_year,10,1,2021,,22,13,17,0,0,0,5,0,0,0
volume_year,10,1,2022,,3,3,3,0,0,0,0,0,0,0
volume_year,10,1,2023,,6,5,6,0,0,0,0,0,0,0
volume_year,10,1,2024,,9,4,8,0,0,0,1,0,0,0
volume_year,10,1,2025,,23,11,22,0,0,0,1,0,0,0
volume_year,11,0,2010,,3,2,3,0,0,0,0,0,0,0
volume_year,11,0,2011,,4,3,4,0,0,0,0,0,0,0
volume_year,11,0,2012,,6,6,6,0,0,0,0,0,0,0
volume_year,11,0,2013,,9,4,9,0,0,0,0,0,0,0
volume_year,11,0,2014,,31,22,29,1,0,0,1,0,0,0
volume_year,11,0,2015,,18,12,18,0,0,0,0,0,0,0
volume_year,11,1,2016,,8,6,8,0,0,0,0,0,0,0
volume_year,11,1,2017,,28,15,26,0,1,0,0,1,0,0
volume_year,11,1,2018,,7,5,7,0,0,0,0,0,0,0
volume_year,11,1,2019,,9,4,7,0,0,0,2,0,0,0
volume_year,11,1,2020,,33,21,32,0,0,0,1,0,0,0
volume_year,11,1,2021,,10,6,9,0,0,0,1,0,0,0
volume_year,11,1,2022,,11,4,9,0,0,0,2,0,0,0
volume_year,11,1,2023,,7,4,7,0,0,0,0,0,0,0
volume_year,11,1,2024,,6,3,6,0,0,0,0,0,0,0
volume_year,11,1,2025,,12,6,12,0,0,0,0,0,0,0
volume_year,11,1,2026,,1,1,1,0,0,0,0,0,0,0
volume_year,12,0,2008,,1,0,1,0,0,0,0,0,0,0
volume_year,12,0,2009,,3,3,3,0,0,0,0,0,0,0
volume_year,12,0,2010,,3,0,2,1,0,0,0,0,0,0
volume_year,12,0,2011,,1,1,1,0,0,0,0,0,0,0
volume_year,12,0,2012,,3,2,2,0,0,0,1,0,0,0
volume_year,12,0,2013,,1,1,1,0,0,0,0,0,0,0
volume_year,12,0,2014,,4,3,3,0,0,0,1,0,0,0
volume_year,12,1,2015,,4,2,2,0,0,0,2,0,0,0
volume_year,12,1,2016,,2,1,1,0,0,0,1,0,0,0
volume_year,12,1,2017,,2,0,2,0,0,0,0,0,0,0
volume_year,12,1,2018,,3,2,3,0,0,0,0,0,0,0
volume_year,12,1,2019,,3,2,1,0,0,0,2,0,0,0
volume_year,12,1,2020,,1,1,1,0,0,0,0,0,0,0
volume_year,12,1,2022,,1,0,1,0,0,0,0,0,0,0
volume_year,12,1,2023,,1,1,0,0,0,0,1,0,0,0
volume_year,12,1,2024,,1,1,1,0,0,0,0,0,0,0
volume_year,12,1,2025,,17,10,13,0,3,0,1,0,0,0
volume_year,13,0,2008,,12,5,12,0,0,0,0,0,0,0
volume_year,13,0,2009,,4,1,4,0,0,0,0,0,0,0
volume_year,13,0,2010,,7,2,7,0,0,0,0,0,0,0
volume_year,13,0,2011,,6,1,6,0,0,0,0,0,0,0
volume_year,13,0,2012,,19,8,18,0,0,0,1,0,0,0
volume_year,13,0,2013,,14,4,12,0,0,0,2,0,0,0
volume_year,13,0,2014,,8,3,7,0,0,0,1,0,0,0
volume_year,13,1,2015,,11,1,11,0,0,0,0,0,0,0
volume_year,13,1,2016,,12,2,12,0,0,0,0,0,0,0
volume_year,13,1,2017,,9,2,7,0,0,0,2,0,0,0
volume_year,13,1,2018,,15,8,11,0,0,0,4,0,0,0
volume_year,13,1,2019,,13,6,8,0,0,0,5,0,0,0
volume_year,13,1,2020,,18,4,16,0,0,0,2,0,0,0
volume_year,13,1,2021,,7,2,7,0,0,0,0,0,0,0
volume_year,13,1,2022,,23,1,22,0,0,0,1,0,0,0
volume_year,13,1,2023,,11,3,10,0,0,0,1,0,0,0
volume_year,13,1,2024,,4,0,4,0,0,0,0,0,0,0
volume_year,13,1,2025,,5,1,5,0,0,0,0,0,0,0
volume_year,14,0,2008,,5,3,5,0,0,0,0,0,0,0
volume_year,14,0,2009,,8,2,6,1,0,0,1,0,0,0
volume_year,14,0,2010,,7,4,6,0,0,0,1,0,0,0
volume_year,14,0,2011,,10,7,9,0,0,0,1,0,0,0
volume_year,14,0,2012,,14,6,12,0,0,0,2,0,0,0
volume_year,14,0,2013,,21,15,18,0,0,0,3,0,0,0
volume_year,14,0,2014,,10,4,10,0,0,0,0,0,0,0
volume_year,14,1,2015,,37,21,31,0,0,0,6,0,0,0
volume_year,14,1,2016,,20,10,20,0,0,0,0,0,0,0
volume_year,14,1,2017,,24,16,23,0,0,0,1,0,0,0
volume_year,14,1,2018,,28,18,22,0,3,0,3,0,0,0
volume_year,14,1,2019,,11,7,11,0,0,0,0,0,0,0
volume_year,14,1,2020,,12,8,9,0,1,0,2,0,0,0
volume_year,14,1,2021,,11,6,7,0,0,0,4,0,0,0
volume_year,14,1,2022,,12,8,11,0,0,0,1,0,0,0
volume_year,14,1,2023,,6,5,6,0,0,0,0,0,0,0
volume_year,14,1,2024,,5,3,4,0,1,0,0,0,0,0
volume_year,14,1,2025,,6,4,5,0,0,0,1,0,0,0
volume_year,14,1,2026,,1,1,1,0,0,0,0,0,0,0
volume_year,15,0,2015,,20,13,20,0,0,0,0,0,0,0
volume_year,15,1,2016,,17,14,17,0,0,0,0,0,0,0
volume_year,15,1,2017,,17,12,16,0,0,0,1,0,0,0
volume_year,15,1,2018,,16,13,16,0,0,0,0,0,0,0
volume_year,15,1,2019,,12,6,9,0,1,0,0,0,2,0
volume_year,15,1,2020,,28,12,25,0,2,0,1,0,0,0
volume_year,15,1,2021,,12,5,11,0,0,0,1,0,0,0
volume_year,15,1,2022,,7,4,7,0,0,0,0,0,0,0
volume_year,15,1,2023,,13,10,10,0,0,0,3,0,0,0
volume_year,15,1,2024,,19,11,17,0,0,0,2,0,0,0
volume_year,15,1,2025,,13,7,10,0,2,0,1,0,0,0
volume_year,16,0,2010,,37,13,34,1,1,0,1,0,0,0
volume_year,16,0,2011,,8,5,8,0,0,0,0,0,0,0
volume_year,16,0,2012,,55,29,52,0,1,0,2,0,0,0
volume_year,16,0,2013,,30,16,26,0,0,0,4,0,0,0
volume_year,16,1,2014,,30,17,26,0,2,0,2,0,0,0
volume_year,16,1,2015,,45,14,40,1,2,0,2,0,0,0
volume_year,16,1,2016,,10,5,10,0,0,0,0,0,0,0
volume_year,16,1,2017,,24,12,22,0,0,0,2,0,0,0
volume_year,16,1,2018,,32,18,27,0,0,0,5,0,0,0
volume_year,16,1,2019,,42,13,36,0,3,0,3,0,0,0
volume_year,16,1,2020,,26,13,22,0,0,0,4,0,0,0
volume_year,16,1,2021,,3,0,3,0,0,0,0,0,0,0
volume_year,16,1,2022,,4,1,4,0,0,0,0,0,0,0
volume_year,16,1,2023,,21,16,18,1,0,0,2,0,0,0
volume_year,16,1,2024,,10,5,6,0,0,0,4,0,0,0
volume_year,16,1,2025,,2,1,1,0,0,0,1,0,0,0
volume_year,16,1,2026,,5,1,5,0,0,0,0,0,0,0
volume_year,17,0,2012,,2,2,2,0,0,0,0,0,0,0
volume_year,17,0,2013,,14,10,11,0,0,0,3,0,0,0
volume_year,17,0,2014,,12,3,11,0,0,0,1,0,0,0
volume_year,17,0,2015,,19,10,14,0,1,0,4,0,0,0
volume_year,17,1,2016,,22,12,20,0,0,0,2,0,0,0
volume_year,17,1,2017,,21,10,20,0,1,0,0,0,0,0
volume_year,17,1,2018,,24,6,23,0,0,0,1,0,0,0
volume_year,17,1,2019,,16,5,16,0,0,0,0,0,0,0
volume_year,17,1,2020,,16,10,13,0,0,0,3,0,0,0
volume_year,17,1,2021,,5,0,5,0,0,0,0,0,0,0
volume_year,17,1,2022,,20,7,20,0,0,0,0,0,0,0
volume_year,17,1,2023,,5,2,5,0,0,0,0,0,0,0
volume_year,17,1,2024,,7,2,5,0,0,0,2,0,0,0
volume_year,17,1,2025,,2,2,1,0,0,0,1,0,0,0
volume_year,18,0,1979,,1,0,0,0,0,0,1,0,0,0
volume_year,18,0,1985,,1,0,1,0,0,0,0,0,0,0
volume_year,18,0,1991,,1,0,0,1,0,0,0,0,0,0
volume_year,18,0,1999,,5,1,4,0,0,0,1,0,0,0
volume_year,18,0,2001,,3,0,3,0,0,0,0,0,0,0
volume_year,18,0,2002,,1,1,1,0,0,0,0,0,0,0
volume_year,18,0,2003,,2,1,2,0,0,0,0,0,0,0
volume_year,18,0,2005,,3,3,3,0,0,0,0,0,0,0
volume_year,18,0,2006,,4,1,3,0,0,0,1,0,0,0
volume_year,18,0,2007,,5,3,5,0,0,0,0,0,0,0
volume_year,18,0,2008,,6,3,6,0,0,0,0,0,0,0
volume_year,18,0,2010,,6,3,6,0,0,0,0,0,0,0
volume_year,18,0,2011,,1,1,1,0,0,0,0,0,0,0
volume_year,18,0,2012,,7,3,7,0,0,0,0,0,0,0
volume_year,18,0,2013,,2,1,2,0,0,0,0,0,0,0
volume_year,18,1,2014,,3,2,3,0,0,0,0,0,0,0
volume_year,18,1,2015,,5,2,4,0,0,0,1,0,0,0
volume_year,18,1,2016,,1,1,1,0,0,0,0,0,0,0
volume_year,18,1,2017,,6,5,5,0,0,0,1,0,0,0
volume_year,18,1,2018,,7,2,7,0,0,0,0,0,0,0
volume_year,18,1,2019,,3,2,3,0,0,0,0,0,0,0
volume_year,18,1,2020,,2,2,2,0,0,0,0,0,0,0
volume_year,18,1,2021,,9,4,9,0,0,0,0,0,0,0
volume_year,18,1,2022,,3,3,3,0,0,0,0,0,0,0
volume_year,18,1,2023,,1,0,1,0,0,0,0,0,0,0
volume_year,18,1,2026,,1,1,1,0,0,0,0,0,0,0
volume_year,19,0,2011,,5,3,5,0,0,0,0,0,0,0
volume_year,19,0,2012,,2,2,2,0,0,0,0,0,0,0
volume_year,19,0,2013,,22,11,20,0,1,0,1,0,0,0
volume_year,19,0,2014,,17,6,14,0,2,0,1,0,0,0
volume_year,19,0,2015,,18,8,18,0,0,0,0,0,0,0
volume_year,19,1,2016,,10,6,9,0,0,0,1,0,0,0
volume_year,19,1,2017,,15,11,13,0,0,0,2,0,0,0
volume_year,19,1,2018,,11,7,10,0,1,0,0,0,0,0
volume_year,19,1,2019,,25,18,23,0,0,0,2,0,0,0
volume_year,19,1,2020,,11,6,9,0,0,0,2,0,0,0
volume_year,19,1,2021,,26,15,23,0,0,0,3,0,0,0
volume_year,19,1,2022,,19,8,18,0,0,0,1,0,0,0
volume_year,19,1,2023,,9,6,8,0,0,0,1,0,0,0
volume_year,19,1,2024,,9,4,9,0,0,0,0,0,0,0
volume_year,19,1,2025,,8,5,8,0,0,0,0,0,0,0
volume_year,19,1,2026,,5,2,4,0,0,0,1,0,0,0
volume_year,20,0,2009,,6,4,4,0,0,0,2,0,0,0
volume_year,20,0,2010,,2,1,2,0,0,0,0,0,0,0
volume_year,20,0,2011,,31,12,24,0,2,0,5,0,0,0
volume_year,20,0,2012,,2,2,2,0,0,0,0,0,0,0
volume_year,20,0,2013,,9,5,7,0,0,0,2,0,0,0
volume_year,20,0,2014,,2,1,2,0,0,0,0,0,0,0
volume_year,20,1,2015,,28,14,26,0,1,0,1,0,0,0
volume_year,20,1,2016,,10,6,10,0,0,0,0,0,0,0
volume_year,20,1,2017,,5,2,5,0,0,0,0,0,0,0
volume_year,20,1,2018,,11,6,9,0,1,0,1,0,0,0
volume_year,20,1,2019,,18,5,15,0,2,0,1,0,0,0
volume_year,20,1,2021,,2,1,1,0,0,0,1,0,0,0
volume_year,20,1,2022,,1,1,1,0,0,0,0,0,0,0
volume_year,20,1,2023,,5,3,5,0,0,0,0,0,0,0
volume_year,20,1,2024,,1,1,1,0,0,0,0,0,0,0
volume_year,20,1,2025,,11,4,10,0,0,0,1,0,0,0
volume_year,21,0,2009,,3,2,3,0,0,0,0,0,0,0
volume_year,21,0,2010,,4,3,4,0,0,0,0,0,0,0
volume_year,21,0,2011,,11,8,8,0,0,0,3,0,0,0
volume_year,21,0,2012,,14,12,12,0,0,0,2,0,0,0
volume_year,21,0,2013,,15,7,15,0,0,0,0,0,0,0
volume_year,21,0,2014,,9,7,9,0,0,0,0,0,0,0
volume_year,21,1,2015,,16,8,15,0,0,0,1,0,0,0
volume_year,21,1,2016,,8,4,7,0,0,0,1,0,0,0
volume_year,21,1,2017,,16,13,12,0,0,0,4,0,0,0
volume_year,21,1,2018,,13,8,11,0,0,0,2,0,0,0
volume_year,21,1,2019,,6,5,4,0,1,0,1,0,0,0
volume_year,21,1,2020,,5,4,4,0,0,0,1,0,0,0
volume_year,21,1,2021,,17,17,13,0,0,0,4,0,0,0
volume_year,21,1,2022,,11,10,8,0,0,0,3,0,0,0
volume_year,21,1,2023,,33,13,29,0,1,0,3,0,0,0
volume_year,21,1,2024,,5,3,5,0,0,0,0,0,0,0
volume_year,21,1,2025,,8,5,5,0,0,0,3,0,0,0
volume_year,21,1,2026,,6,4,6,0,0,0,0,0,0,0
volume_year,22,0,2008,,3,3,3,0,0,0,0,0,0,0
volume_year,22,0,2009,,25,10,24,0,0,0,1,0,0,0
volume_year,22,0,2010,,30,18,29,0,0,0,1,0,0,0
volume_year,22,0,2011,,26,16,17,1,2,0,3,0,3,0
volume_year,22,0,2012,,36,18,27,0,3,0,6,0,0,0
volume_year,22,0,2013,,30,20,24,0,2,0,4,0,0,0
volume_year,22,0,2014,,27,10,22,0,2,0,3,0,0,0
volume_year,22,1,2015,,35,16,27,0,0,0,8,0,0,0
volume_year,22,1,2016,,25,8,25,0,0,0,0,0,0,0
volume_year,22,1,2017,,27,21,20,0,0,0,7,0,0,0
volume_year,22,1,2018,,37,18,27,0,2,0,7,0,1,0
volume_year,22,1,2019,,10,8,8,0,0,0,1,0,1,0
volume_year,22,1,2020,,6,5,4,0,1,0,1,0,0,0
volume_year,22,1,2021,,3,2,2,0,0,0,1,0,0,0
volume_year,22,1,2022,,7,5,6,0,0,0,1,0,0,0
volume_year,22,1,2024,,2,2,1,0,0,0,1,0,0,0
volume_year,22,1,2025,,5,5,4,0,0,0,1,0,0,0
volume_year,22,1,2026,,1,1,1,0,0,0,0,0,0,0
volume_year,23,0,2009,,2,2,2,0,0,0,0,0,0,0
volume_year,23,0,2010,,1,0,1,0,0,0,0,0,0,0
volume_year,23,0,2011,,6,5,5,0,0,0,1,0,0,0
volume_year,23,0,2012,,16,10,14,0,0,0,2,0,0,0
volume_year,23,0,2013,,10,9,10,0,0,0,0,0,0,0
volume_year,23,0,2014,,7,5,7,0,0,0,0,0,0,0
volume_year,23,1,2015,,16,12,15,0,1,0,0,0,0,0
volume_year,23,1,2016,,4,3,4,0,0,0,0,0,0,0
volume_year,23,1,2017,,8,6,8,0,0,0,0,0,0,0
volume_year,23,1,2018,,11,11,10,0,0,0,1,0,0,0
volume_year,23,1,2019,,6,4,5,1,0,0,0,0,0,0
volume_year,23,1,2020,,5,4,5,0,0,0,0,0,0,0
volume_year,23,1,2021,,3,2,3,0,0,0,0,0,0,0
volume_year,23,1,2022,,4,4,1,0,0,0,3,0,0,0
volume_year,23,1,2023,,5,4,5,0,0,0,0,0,0,0
volume_year,23,1,2024,,5,5,1,0,0,0,4,0,0,0
volume_year,23,1,2025,,6,6,4,0,0,0,2,0,0,0
volume_year,23,1,2026,,1,1,1,0,0,0,0,0,0,0
volume_year,24,0,2013,,19,8,18,0,0,0,1,0,0,0
volume_year,24,0,2014,,15,7,15,0,0,0,0,0,0,0
volume_year,24,0,2015,,16,10,12,0,0,0,4,0,0,0
volume_year,24,1,2016,,8,4,8,0,0,0,0,0,0,0
volume_year,24,1,2017,,19,9,11,0,2,0,6,0,0,0
volume_year,24,1,2018,,26,13,21,0,0,0,5,0,0,0
volume_year,24,1,2019,,19,13,16,1,0,0,2,0,0,0
volume_year,24,1,2020,,1,0,1,0,0,0,0,0,0,0
volume_year,24,1,2021,,2,1,2,0,0,0,0,0,0,0
volume_year,24,1,2022,,12,4,10,0,2,0,0,0,0,0
volume_year,24,1,2023,,9,4,8,0,1,0,0,0,0,0
volume_year,24,1,2024,,3,0,1,0,2,0,0,0,0,0
volume_year,24,1,2026,,1,1,0,1,0,0,0,0,0,0
volume_year,25,0,2009,,7,5,5,1,0,0,1,0,0,0
volume_year,25,0,2010,,37,21,37,0,0,0,0,0,0,0
volume_year,25,0,2011,,45,28,40,0,0,0,3,2,0,0
volume_year,25,0,2012,,26,18,21,0,0,0,5,0,0,0
volume_year,25,0,2013,,16,9,14,0,0,0,2,0,0,0
volume_year,25,0,2014,,33,17,30,0,0,0,3,0,0,0
volume_year,25,1,2016,,15,8,11,0,2,0,2,0,0,0
volume_year,25,1,2017,,11,6,11,0,0,0,0,0,0,0
volume_year,25,1,2018,,7,4,6,0,0,0,1,0,0,0
volume_year,25,1,2019,,7,6,6,0,0,0,1,0,0,0
volume_year,25,1,2020,,19,4,15,0,3,0,0,0,1,0
volume_year,25,1,2021,,19,4,17,0,0,0,2,0,0,0
volume_year,25,1,2022,,1,1,1,0,0,0,0,0,0,0
volume_year,25,1,2023,,3,2,3,0,0,0,0,0,0,0
volume_year,25,1,2024,,2,1,1,0,1,0,0,0,0,0
volume_year,25,1,2025,,3,2,3,0,0,0,0,0,0,0
volume_year,26,0,2008,,12,8,7,0,1,0,4,0,0,0
volume_year,26,0,2009,,5,2,3,0,0,0,2,0,0,0
volume_year,26,0,2010,,15,12,14,0,0,0,1,0,0,0
volume_year,26,0,2011,,15,8,12,0,0,0,3,0,0,0
volume_year,26,0,2012,,4,4,3,0,0,0,1,0,0,0
volume_year,26,0,2013,,3,3,3,0,0,0,0,0,0,0
volume_year,26,0,2014,,7,7,7,0,0,0,0,0,0,0
volume_year,26,1,2015,,29,16,23,0,0,0,5,1,0,0
volume_year,26,1,2016,,1,1,1,0,0,0,0,0,0,0
volume_year,26,1,2017,,20,12,14,1,1,0,4,0,0,0
volume_year,26,1,2018,,7,4,5,0,0,0,2,0,0,0
volume_year,26,1,2019,,2,1,2,0,0,0,0,0,0,0
volume_year,26,1,2020,,4,2,2,0,1,0,1,0,0,0
volume_year,26,1,2022,,1,1,0,0,0,0,1,0,0,0
volume_year,26,1,2023,,5,3,4,0,0,0,1,0,0,0
volume_year,27,0,2002,,1,1,1,0,0,0,0,0,0,0
volume_year,27,0,2003,,1,0,1,0,0,0,0,0,0,0
volume_year,27,0,2004,,22,12,19,0,0,0,2,1,0,0
volume_year,27,0,2005,,1,1,0,0,0,0,1,0,0,0
volume_year,27,0,2006,,19,13,16,0,0,0,3,0,0,0
volume_year,27,0,2007,,15,5,13,0,0,0,2,0,0,0
volume_year,27,0,2008,,19,15,18,0,0,0,1,0,0,0
volume_year,27,0,2009,,15,9,10,0,0,0,5,0,0,0
volume_year,27,0,2010,,18,12,16,0,0,0,2,0,0,0
volume_year,27,0,2011,,24,12,23,0,0,0,1,0,0,0
volume_year,27,0,2012,,14,8,10,0,0,0,4,0,0,0
volume_year,27,0,2013,,6,6,4,0,0,0,2,0,0,0
volume_year,27,0,2014,,13,12,10,0,0,0,3,0,0,0
volume_year,27,0,2015,,17,12,15,0,0,0,2,0,0,0
volume_year,27,1,2016,,26,14,19,0,0,0,7,0,0,0
volume_year,27,1,2017,,23,13,20,1,0,0,2,0,0,0
volume_year,27,1,2018,,30,19,27,0,0,0,3,0,0,0
volume_year,27,1,2019,,3,3,3,0,0,0,0,0,0,0
volume_year,27,1,2020,,24,18,24,0,0,0,0,0,0,0
volume_year,27,1,2021,,20,14,17,0,0,0,3,0,0,0
volume_year,27,1,2022,,7,5,5,1,0,0,1,0,0,0
volume_year,27,1,2023,,7,3,7,0,0,0,0,0,0,0
volume_year,27,1,2024,,5,2,3,0,0,0,2,0,0,0
volume_year,27,1,2025,,11,7,9,0,0,0,2,0,0,0
volume_year,27,1,2026,,3,3,3,0,0,0,0,0,0,0
volume_year,28,0,2012,,3,2,3,0,0,0,0,0,0,0
volume_year,28,0,2013,,9,4,6,0,0,0,3,0,0,0
volume_year,28,0,2014,,8,6,7,0,0,0,1,0,0,0
volume_year,28,0,2015,,8,5,5,0,0,0,3,0,0,0
volume_year,28,1,2016,,16,6,14,0,0,0,2,0,0,0
volume_year,28,1,2017,,27,15,23,0,0,0,4,0,0,0
volume_year,28,1,2018,,20,12,20,0,0,0,0,0,0,0
volume_year,28,1,2019,,36,25,29,0,1,0,6,0,0,0
volume_year,28,1,2020,,40,27,32,1,0,0,7,0,0,0
volume_year,28,1,2021,,25,15,18,0,0,0,7,0,0,0
volume_year,28,1,2022,,22,19,17,0,0,0,5,0,0,0
volume_year,28,1,2023,,11,9,9,0,0,0,2,0,0,0
volume_year,28,1,2024,,17,12,10,0,2,0,5,0,0,0
volume_year,28,1,2025,,20,14,16,0,0,0,4,0,0,0
volume_year,28,1,2026,,2,2,2,0,0,0,0,0,0,0
volume_year,29,0,2008,,2,1,2,0,0,0,0,0,0,0
volume_year,29,0,2009,,9,4,8,0,1,0,0,0,0,0
volume_year,29,0,2010,,11,5,11,0,0,0,0,0,0,0
volume_year,29,0,2011,,2,2,1,0,0,0,1,0,0,0
volume_year,29,0,2012,,6,6,6,0,0,0,0,0,0,0
volume_year,29,0,2013,,5,4,4,0,0,0,1,0,0,0
volume_year,29,0,2014,,3,3,3,0,0,0,0,0,0,0
volume_year,29,1,2015,,6,3,6,0,0,0,0,0,0,0
volume_year,29,1,2016,,10,7,9,0,0,0,1,0,0,0
volume_year,29,1,2017,,5,3,5,0,0,0,0,0,0,0
volume_year,29,1,2018,,7,5,6,0,1,0,0,0,0,0
volume_year,29,1,2019,,9,5,9,0,0,0,0,0,0,0
volume_year,29,1,2020,,7,1,7,0,0,0,0,0,0,0
volume_year,29,1,2021,,2,2,2,0,0,0,0,0,0,0
volume_year,29,1,2022,,6,4,6,0,0,0,0,0,0,0
volume_year,29,1,2023,,2,2,2,0,0,0,0,0,0,0
volume_year,29,1,2024,,4,4,4,0,0,0,0,0,0,0
volume_year,29,1,2026,,3,1,3,0,0,0,0,0,0,0
volume_year,30,0,2009,,1,1,0,0,0,0,1,0,0,0
volume_year,30,0,2010,,4,1,4,0,0,0,0,0,0,0
volume_year,30,0,2011,,14,5,12,0,0,0,2,0,0,0
volume_year,30,0,2012,,7,4,6,0,0,0,1,0,0,0
volume_year,30,0,2013,,28,13,20,0,7,0,1,0,0,0
volume_year,30,0,2014,,16,8,15,0,0,0,1,0,0,0
volume_year,30,1,2015,,14,9,13,1,0,0,0,0,0,0
volume_year,30,1,2016,,6,1,6,0,0,0,0,0,0,0
volume_year,30,1,2017,,25,12,24,0,0,0,1,0,0,0
volume_year,30,1,2018,,10,2,9,1,0,0,0,0,0,0
volume_year,30,1,2019,,9,6,6,0,0,0,3,0,0,0
volume_year,30,1,2020,,9,5,7,0,0,0,2,0,0,0
volume_year,30,1,2021,,10,6,9,0,0,0,1,0,0,0
volume_year,30,1,2022,,17,7,16,0,0,0,1,0,0,0
volume_year,30,1,2023,,11,4,10,0,0,0,1,0,0,0
volume_year,30,1,2024,,10,8,9,0,0,0,1,0,0,0
volume_year,30,1,2025,,12,3,10,0,0,0,2,0,0,0
volume_year,30,1,2026,,1,0,1,0,0,0,0,0,0,0
volume_year,31,0,2009,,12,4,10,0,0,0,2,0,0,0
volume_year,31,0,2010,,9,5,9,0,0,0,0,0,0,0
volume_year,31,0,2011,,5,4,5,0,0,0,0,0,0,0
volume_year,31,0,2012,,7,1,7,0,0,0,0,0,0,0
volume_year,31,0,2013,,8,3,7,0,0,0,1,0,0,0
volume_year,31,0,2014,,9,5,7,0,0,0,2,0,0,0
volume_year,31,1,2015,,16,1,10,0,5,0,1,0,0,0
volume_year,31,1,2016,,17,7,13,0,1,0,2,0,1,0
volume_year,31,1,2017,,2,1,1,0,0,0,1,0,0,0
volume_year,31,1,2018,,5,2,3,0,0,0,2,0,0,0
volume_year,31,1,2019,,3,1,3,0,0,0,0,0,0,0
volume_year,31,1,2020,,6,2,6,0,0,0,0,0,0,0
volume_year,31,1,2021,,1,0,0,0,0,0,1,0,0,0
volume_year,31,1,2022,,2,1,2,0,0,0,0,0,0,0
volume_year,31,1,2023,,8,3,6,0,0,0,2,0,0,0
volume_year,31,1,2024,,2,0,2,0,0,0,0,0,0,0
volume_year,31,1,2025,,7,2,7,0,0,0,0,0,0,0
volume_year,31,1,2026,,2,1,2,0,0,0,0,0,0,0
volume_year,32,0,2008,,1,1,1,0,0,0,0,0,0,0
volume_year,32,0,2009,,23,9,20,0,2,0,1,0,0,0
volume_year,32,0,2010,,6,3,6,0,0,0,0,0,0,0
volume_year,32,0,2011,,40,26,36,0,0,0,4,0,0,0
volume_year,32,0,2012,,2,0,2,0,0,0,0,0,0,0
volume_year,32,0,2013,,12,0,12,0,0,0,0,0,0,0
volume_year,32,0,2014,,60,23,59,0,0,0,1,0,0,0
volume_year,32,1,2015,,2,2,2,0,0,0,0,0,0,0
volume_year,32,1,2017,,1,1,1,0,0,0,0,0,0,0
volume_year,32,1,2018,,22,9,18,0,1,0,3,0,0,0
volume_year,32,1,2019,,2,1,2,0,0,0,0,0,0,0
volume_year,32,1,2020,,48,23,48,0,0,0,0,0,0,0
volume_year,32,1,2021,,15,12,14,0,1,0,0,0,0,0
volume_year,32,1,2023,,3,1,2,0,0,0,1,0,0,0
volume_year,32,1,2025,,2,1,1,0,0,0,1,0,0,0
volume_year,33,0,2008,,10,6,10,0,0,0,0,0,0,0
volume_year,33,0,2009,,16,9,12,0,1,0,3,0,0,0
volume_year,33,0,2010,,9,5,8,0,0,0,1,0,0,0
volume_year,33,0,2011,,17,16,12,0,2,0,2,1,0,0
volume_year,33,0,2013,,9,7,9,0,0,0,0,0,0,0
volume_year,33,0,2014,,14,10,9,0,0,0,5,0,0,0
volume_year,33,1,2015,,8,4,5,0,0,0,3,0,0,0
volume_year,33,1,2016,,5,3,3,0,0,0,2,0,0,0
volume_year,33,1,2017,,31,20,27,0,1,0,3,0,0,0
volume_year,33,1,2018,,14,7,12,0,0,0,2,0,0,0
volume_year,33,1,2019,,9,5,7,0,0,0,2,0,0,0
volume_year,33,1,2020,,3,2,3,0,0,0,0,0,0,0
volume_year,33,1,2022,,1,1,1,0,0,0,0,0,0,0
volume_year,33,1,2023,,1,1,1,0,0,0,0,0,0,0
volume_year,33,1,2024,,1,1,1,0,0,0,0,0,0,0
volume_year,33,1,2025,,1,1,1,0,0,0,0,0,0,0
volume_year,33,1,2026,,1,1,1,0,0,0,0,0,0,0
volume_year,34,0,2008,,1,0,1,0,0,0,0,0,0,0
volume_year,34,0,2009,,3,0,2,0,0,0,0,0,1,0
volume_year,34,0,2010,,1,0,1,0,0,0,0,0,0,0
volume_year,34,0,2011,,19,8,18,0,1,0,0,0,0,0
volume_year,34,0,2013,,10,0,10,0,0,0,0,0,0,0
volume_year,34,0,2014,,2,2,2,0,0,0,0,0,0,0
volume_year,34,1,2015,,12,3,12,0,0,0,0,0,0,0
volume_year,34,1,2016,,17,8,16,0,0,0,1,0,0,0
volume_year,34,1,2017,,19,8,16,1,0,0,2,0,0,0
volume_year,34,1,2018,,1,1,1,0,0,0,0,0,0,0
volume_year,34,1,2019,,2,0,2,0,0,0,0,0,0,0
volume_year,34,1,2020,,1,0,1,0,0,0,0,0,0,0
volume_year,34,1,2021,,4,1,4,0,0,0,0,0,0,0
volume_year,34,1,2022,,1,0,1,0,0,0,0,0,0,0
volume_year,34,1,2024,,6,6,4,0,1,0,1,0,0,0
volume_year,34,1,2025,,1,0,1,0,0,0,0,0,0,0
volume_year,35,0,2008,,2,1,2,0,0,0,0,0,0,0
volume_year,35,0,2010,,2,1,2,0,0,0,0,0,0,0
volume_year,35,0,2011,,1,1,1,0,0,0,0,0,0,0
volume_year,35,0,2012,,7,4,6,0,0,0,1,0,0,0
volume_year,35,0,2014,,5,3,5,0,0,0,0,0,0,0
volume_year,35,1,2015,,2,1,2,0,0,0,0,0,0,0
volume_year,35,1,2016,,2,2,1,0,0,0,1,0,0,0
volume_year,35,1,2017,,3,2,3,0,0,0,0,0,0,0
volume_year,35,1,2018,,1,0,0,0,0,0,1,0,0,0
volume_year,35,1,2020,,5,2,5,0,0,0,0,0,0,0
volume_year,35,1,2021,,6,5,5,0,0,0,1,0,0,0
volume_year,35,1,2022,,3,1,3,0,0,0,0,0,0,0
volume_year,35,1,2024,,2,2,2,0,0,0,0,0,0,0
volume_year,35,1,2025,,2,2,2,0,0,0,0,0,0,0
volume_year,36,0,2007,,5,3,5,0,0,0,0,0,0,0
volume_year,36,0,2008,,2,2,2,0,0,0,0,0,0,0
volume_year,36,0,2009,,4,4,4,0,0,0,0,0,0,0
volume_year,36,0,2010,,20,15,18,0,2,0,0,0,0,0
volume_year,36,0,2011,,34,17,30,0,0,0,4,0,0,0
volume_year,36,0,2012,,48,25,47,0,0,0,1,0,0,0
volume_year,36,0,2013,,19,17,18,0,0,0,1,0,0,0
volume_year,36,0,2014,,22,15,22,0,0,0,0,0,0,0
volume_year,36,1,2015,,32,19,31,0,0,0,1,0,0,0
volume_year,36,1,2016,,19,7,18,0,0,0,1,0,0,0
volume_year,36,1,2017,,18,9,15,0,0,0,3,0,0,0
volume_year,36,1,2018,,8,5,6,0,0,0,1,1,0,0
volume_year,36,1,2019,,6,6,4,1,0,0,1,0,0,0
volume_year,36,1,2020,,6,4,5,0,0,0,1,0,0,0
volume_year,36,1,2022,,7,5,7,0,0,0,0,0,0,0
volume_year,36,1,2023,,1,1,1,0,0,0,0,0,0,0
volume_year,36,1,2024,,3,1,3,0,0,0,0,0,0,0
volume_year,36,1,2025,,3,3,3,0,0,0,0,0,0,0
volume_year,36,1,2026,,2,0,2,0,0,0,0,0,0,0
volume_year,37,0,2009,,2,1,2,0,0,0,0,0,0,0
volume_year,37,0,2010,,5,3,5,0,0,0,0,0,0,0
volume_year,37,0,2011,,1,1,1,0,0,0,0,0,0,0
volume_year,37,0,2012,,2,1,2,0,0,0,0,0,0,0
volume_year,37,0,2013,,4,2,4,0,0,0,0,0,0,0
volume_year,37,0,2014,,14,11,8,0,0,0,6,0,0,0
volume_year,37,1,2015,,4,3,4,0,0,0,0,0,0,0
volume_year,37,1,2016,,16,14,11,0,0,0,4,1,0,0
volume_year,37,1,2017,,7,3,7,0,0,0,0,0,0,0
volume_year,37,1,2018,,3,1,2,0,0,0,1,0,0,0
volume_year,37,1,2019,,5,1,4,0,1,0,0,0,0,0
volume_year,37,1,2020,,8,5,1,0,0,0,7,0,0,0
volume_year,37,1,2021,,1,1,1,0,0,0,0,0,0,0
volume_year,37,1,2022,,6,6,6,0,0,0,0,0,0,0
volume_year,37,1,2023,,1,1,0,0,0,0,1,0,0,0
volume_year,37,1,2025,,5,4,3,0,1,0,1,0,0,0
volume_year,37,1,2026,,1,1,0,0,0,0,1,0,0,0
volume_year,38,0,2008,,1,1,0,0,0,0,1,0,0,0
volume_year,38,0,2009,,16,9,16,0,0,0,0,0,0,0
volume_year,38,0,2010,,7,5,5,0,0,0,2,0,0,0
volume_year,38,0,2011,,7,5,6,0,0,0,1,0,0,0
volume_year,38,0,2012,,3,1,3,0,0,0,0,0,0,0
volume_year,38,0,2013,,16,8,16,0,0,0,0,0,0,0
volume_year,38,0,2014,,4,2,4,0,0,0,0,0,0,0
volume_year,38,1,2015,,15,8,11,0,0,0,4,0,0,0
volume_year,38,1,2016,,5,5,3,0,0,0,2,0,0,0
volume_year,38,1,2017,,8,5,7,0,0,0,1,0,0,0
volume_year,38,1,2018,,2,2,2,0,0,0,0,0,0,0
volume_year,38,1,2019,,4,2,4,0,0,0,0,0,0,0
volume_year,38,1,2020,,11,4,11,0,0,0,0,0,0,0
volume_year,38,1,2021,,11,4,11,0,0,0,0,0,0,0
volume_year,38,1,2022,,17,10,13,1,0,0,3,0,0,0
volume_year,38,1,2023,,12,8,8,0,0,0,4,0,0,0
volume_year,38,1,2024,,6,3,5,0,0,0,1,0,0,0
volume_year,38,1,2025,,3,1,3,0,0,0,0,0,0,0
volume_year,38,1,2026,,2,2,1,0,0,0,1,0,0,0
volume_year,39,0,2009,,3,3,3,0,0,0,0,0,0,0
volume_year,39,0,2010,,3,2,3,0,0,0,0,0,0,0
volume_year,39,0,2011,,11,5,11,0,0,0,0,0,0,0
volume_year,39,0,2012,,2,2,2,0,0,0,0,0,0,0
volume_year,39,0,2013,,10,9,9,0,1,0,0,0,0,0
volume_year,39,0,2014,,7,3,6,0,0,0,1,0,0,0
volume_year,39,1,2015,,13,10,13,0,0,0,0,0,0,0
volume_year,39,1,2016,,7,6,6,0,0,0,1,0,0,0
volume_year,39,1,2017,,15,11,13,0,0,0,2,0,0,0
volume_year,39,1,2018,,8,6,8,0,0,0,0,0,0,0
volume_year,39,1,2019,,8,4,8,0,0,0,0,0,0,0
volume_year,39,1,2020,,3,2,3,0,0,0,0,0,0,0
volume_year,39,1,2021,,6,3,5,1,0,0,0,0,0,0
volume_year,39,1,2022,,12,8,10,0,2,0,0,0,0,0
volume_year,39,1,2023,,5,2,5,0,0,0,0,0,0,0
volume_year,39,1,2024,,2,2,1,0,0,0,1,0,0,0
volume_year,39,1,2026,,6,5,6,0,0,0,0,0,0,0
volume_year,40,0,2009,,1,1,1,0,0,0,0,0,0,0
volume_year,40,0,2010,,2,1,2,0,0,0,0,0,0,0
volume_year,40,0,2011,,14,9,12,0,0,0,2,0,0,0
volume_year,40,0,2012,,1,1,1,0,0,0,0,0,0,0
volume_year,40,0,2013,,3,2,3,0,0,0,0,0,0,0
volume_year,40,1,2015,,7,7,6,0,0,0,1,0,0,0
volume_year,40,1,2016,,16,6,14,0,1,0,1,0,0,0
volume_year,40,1,2017,,1,0,1,0,0,0,0,0,0,0
volume_year,40,1,2018,,3,2,3,0,0,0,0,0,0,0
volume_year,40,1,2020,,3,3,2,0,0,0,1,0,0,0
volume_year,40,1,2021,,5,2,5,0,0,0,0,0,0,0
volume_year,40,1,2023,,3,3,3,0,0,0,0,0,0,0
volume_year,40,1,2025,,7,4,7,0,0,0,0,0,0,0
volume_year,41,0,1987,,1,1,1,0,0,0,0,0,0,0
volume_year,41,0,1988,,5,3,4,0,0,0,1,0,0,0
volume_year,41,0,1992,,1,0,1,0,0,0,0,0,0,0
volume_year,41,0,1993,,1,1,1,0,0,0,0,0,0,0
volume_year,41,0,1998,,3,2,2,0,0,0,1,0,0,0
volume_year,41,0,1999,,2,2,2,0,0,0,0,0,0,0
volume_year,41,0,2000,,2,1,2,0,0,0,0,0,0,0
volume_year,41,0,2002,,1,1,0,0,0,0,1,0,0,0
volume_year,41,0,2003,,8,4,8,0,0,0,0,0,0,0
volume_year,41,0,2004,,3,2,0,0,0,0,3,0,0,0
volume_year,41,0,2005,,3,1,3,0,0,0,0,0,0,0
volume_year,41,0,2006,,9,5,9,0,0,0,0,0,0,0
volume_year,41,0,2007,,7,2,6,0,0,0,1,0,0,0
volume_year,41,0,2008,,7,5,7,0,0,0,0,0,0,0
volume_year,41,0,2009,,19,8,15,0,2,0,2,0,0,0
volume_year,41,0,2010,,3,0,3,0,0,0,0,0,0,0
volume_year,41,0,2011,,14,11,12,0,1,0,1,0,0,0
volume_year,41,0,2012,,2,1,1,0,0,0,1,0,0,0
volume_year,41,0,2013,,5,2,4,0,0,0,1,0,0,0
volume_year,41,1,2014,,20,7,15,0,3,0,2,0,0,0
volume_year,41,1,2015,,4,4,4,0,0,0,0,0,0,0
volume_year,41,1,2016,,7,5,5,0,0,0,2,0,0,0
volume_year,41,1,2017,,10,3,9,0,0,0,1,0,0,0
volume_year,41,1,2018,,5,3,5,0,0,0,0,0,0,0
volume_year,41,1,2019,,8,3,6,0,0,0,2,0,0,0
volume_year,41,1,2020,,3,2,3,0,0,0,0,0,0,0
volume_year,41,1,2021,,8,4,8,0,0,0,0,0,0,0
volume_year,41,1,2022,,6,1,5,0,0,0,1,0,0,0
volume_year,41,1,2023,,8,3,7,0,0,0,1,0,0,0
volume_year,41,1,2024,,3,3,3,0,0,0,0,0,0,0
volume_year,42,0,2008,,8,7,7,0,0,0,1,0,0,0
volume_year,42,0,2009,,2,2,2,0,0,0,0,0,0,0
volume_year,42,0,2010,,3,0,3,0,0,0,0,0,0,0
volume_year,42,0,2012,,3,2,2,0,0,0,1,0,0,0
volume_year,42,0,2013,,4,4,4,0,0,0,0,0,0,0
volume_year,42,0,2014,,2,2,2,0,0,0,0,0,0,0
volume_year,42,0,2015,,5,5,5,0,0,0,0,0,0,0
volume_year,42,1,2016,,4,2,4,0,0,0,0,0,0,0
volume_year,42,1,2017,,1,1,1,0,0,0,0,0,0,0
volume_year,42,1,2018,,6,4,4,0,0,0,2,0,0,0
volume_year,42,1,2019,,7,4,7,0,0,0,0,0,0,0
volume_year,42,1,2020,,5,5,4,0,0,0,1,0,0,0
volume_year,42,1,2023,,1,1,1,0,0,0,0,0,0,0
volume_year,42,1,2024,,4,1,4,0,0,0,0,0,0,0
volume_year,42,1,2025,,3,3,2,0,0,0,1,0,0,0
volume_year,42,1,2026,,5,4,3,0,0,0,2,0,0,0
volume_year,43,0,2010,,4,4,4,0,0,0,0,0,0,0
volume_year,43,0,2011,,6,1,6,0,0,0,0,0,0,0
volume_year,43,0,2012,,3,1,3,0,0,0,0,0,0,0
volume_year,43,0,2013,,2,0,2,0,0,0,0,0,0,0
volume_year,43,0,2014,,8,2,7,0,0,0,1,0,0,0
volume_year,43,0,2015,,16,13,14,0,0,0,2,0,0,0
volume_year,43,1,2016,,12,3,11,0,0,0,1,0,0,0
volume_year,43,1,2017,,5,2,4,0,0,0,1,0,0,0
volume_year,43,1,2018,,23,5,20,0,0,0,3,0,0,0
volume_year,43,1,2019,,9,4,9,0,0,0,0,0,0,0
volume_year,43,1,2020,,5,4,5,0,0,0,0,0,0,0
volume_year,43,1,2021,,4,2,2,0,0,0,2,0,0,0
volume_year,43,1,2022,,1,1,0,0,0,0,1,0,0,0
volume_year,43,1,2024,,1,1,1,0,0,0,0,0,0,0
volume_year,43,1,2025,,1,0,1,0,0,0,0,0,0,0
volume_year,44,0,2008,,1,1,1,0,0,0,0,0,0,0
volume_year,44,0,2009,,2,1,2,0,0,0,0,0,0,0
volume_year,44,0,2010,,2,1,2,0,0,0,0,0,0,0
volume_year,44,0,2011,,1,0,1,0,0,0,0,0,0,0
volume_year,44,0,2012,,4,4,3,0,0,0,1,0,0,0
volume_year,44,0,2013,,4,1,4,0,0,0,0,0,0,0
volume_year,44,0,2014,,6,2,6,0,0,0,0,0,0,0
volume_year,44,1,2015,,4,3,4,0,0,0,0,0,0,0
volume_year,44,1,2016,,4,3,4,0,0,0,0,0,0,0
volume_year,44,1,2017,,5,5,5,0,0,0,0,0,0,0
volume_year,44,1,2018,,24,13,22,0,1,0,1,0,0,0
volume_year,44,1,2019,,2,1,2,0,0,0,0,0,0,0
volume_year,44,1,2020,,8,5,4,0,0,0,4,0,0,0
volume_year,44,1,2021,,7,7,6,0,0,0,1,0,0,0
volume_year,44,1,2022,,1,1,1,0,0,0,0,0,0,0
volume_year,44,1,2023,,8,5,8,0,0,0,0,0,0,0
volume_year,44,1,2024,,1,0,1,0,0,0,0,0,0,0
volume_year,44,1,2025,,3,3,3,0,0,0,0,0,0,0
volume_year,45,0,2008,,2,2,2,0,0,0,0,0,0,0
volume_year,45,0,2009,,1,1,0,0,0,0,1,0,0,0
volume_year,45,0,2010,,8,7,6,0,0,0,2,0,0,0
volume_year,45,0,2011,,12,6,6,0,0,0,6,0,0,0
volume_year,45,0,2012,,18,8,15,0,0,0,3,0,0,0
volume_year,45,0,2013,,8,7,7,0,0,0,1,0,0,0
volume_year,45,0,2014,,5,5,5,0,0,0,0,0,0,0
volume_year,45,1,2015,,9,6,7,0,0,0,2,0,0,0
volume_year,45,1,2017,,7,6,7,0,0,0,0,0,0,0
volume_year,45,1,2018,,4,2,4,0,0,0,0,0,0,0
volume_year,45,1,2019,,1,1,1,0,0,0,0,0,0,0
volume_year,45,1,2020,,6,6,6,0,0,0,0,0,0,0
volume_year,45,1,2021,,9,5,7,0,0,0,2,0,0,0
volume_year,45,1,2022,,13,11,9,0,0,0,4,0,0,0
volume_year,45,1,2023,,9,8,6,0,0,0,3,0,0,0
volume_year,45,1,2024,,2,0,2,0,0,0,0,0,0,0
volume_year,45,1,2025,,2,2,2,0,0,0,0,0,0,0
volume_year,46,0,2009,,3,2,3,0,0,0,0,0,0,0
volume_year,46,0,2010,,4,0,4,0,0,0,0,0,0,0
volume_year,46,0,2011,,9,4,9,0,0,0,0,0,0,0
volume_year,46,0,2012,,12,5,10,0,0,0,2,0,0,0
volume_year,46,0,2013,,6,2,6,0,0,0,0,0,0,0
volume_year,46,0,2014,,7,4,5,0,0,0,2,0,0,0
volume_year,46,1,2015,,10,4,9,0,1,0,0,0,0,0
volume_year,46,1,2016,,5,5,4,0,0,0,1,0,0,0
volume_year,46,1,2017,,5,4,5,0,0,0,0,0,0,0
volume_year,46,1,2018,,8,3,8,0,0,0,0,0,0,0
volume_year,46,1,2019,,6,1,6,0,0,0,0,0,0,0
volume_year,46,1,2020,,2,2,2,0,0,0,0,0,0,0
volume_year,46,1,2021,,1,1,1,0,0,0,0,0,0,0
volume_year,46,1,2022,,7,5,7,0,0,0,0,0,0,0
volume_year,46,1,2023,,3,2,3,0,0,0,0,0,0,0
volume_year,46,1,2024,,2,1,2,0,0,0,0,0,0,0
volume_year,46,1,2026,,2,2,1,0,0,0,1,0,0,0
volume_year,47,0,2007,,1,0,1,0,0,0,0,0,0,0
volume_year,47,0,2009,,7,4,7,0,0,0,0,0,0,0
volume_year,47,0,2010,,4,2,4,0,0,0,0,0,0,0
volume_year,47,0,2011,,69,28,60,1,7,0,1,0,0,0
volume_year,47,0,2012,,2,0,2,0,0,0,0,0,0,0
volume_year,47,0,2013,,12,7,8,0,2,0,2,0,0,0
volume_year,47,0,2014,,8,4,8,0,0,0,0,0,0,0
volume_year,47,1,2015,,5,4,4,0,0,0,1,0,0,0
volume_year,47,1,2016,,2,0,2,0,0,0,0,0,0,0
volume_year,47,1,2017,,4,3,4,0,0,0,0,0,0,0
volume_year,47,1,2018,,4,2,4,0,0,0,0,0,0,0
volume_year,47,1,2019,,4,1,4,0,0,0,0,0,0,0
volume_year,47,1,2020,,7,2,7,0,0,0,0,0,0,0
volume_year,47,1,2021,,3,3,2,0,0,0,1,0,0,0
volume_year,47,1,2022,,2,1,2,0,0,0,0,0,0,0
volume_year,47,1,2023,,2,1,2,0,0,0,0,0,0,0
volume_year,47,1,2024,,1,0,1,0,0,0,0,0,0,0
volume_year,47,1,2025,,1,1,1,0,0,0,0,0,0,0
volume_year,48,0,2003,,1,0,1,0,0,0,0,0,0,0
volume_year,48,0,2010,,3,1,3,0,0,0,0,0,0,0
volume_year,48,0,2011,,1,0,1,0,0,0,0,0,0,0
volume_year,48,0,2012,,17,5,16,0,0,0,1,0,0,0
volume_year,48,0,2013,,7,2,7,0,0,0,0,0,0,0
volume_year,48,0,2014,,22,11,21,0,0,0,1,0,0,0
volume_year,48,0,2015,,43,11,42,0,0,0,1,0,0,0
volume_year,48,1,2016,,32,12,31,0,0,0,1,0,0,0
volume_year,48,1,2017,,37,13,35,0,1,0,1,0,0,0
volume_year,48,1,2018,,12,2,11,0,0,0,1,0,0,0
volume_year,48,1,2019,,19,3,19,0,0,0,0,0,0,0
volume_year,48,1,2020,,15,3,14,0,1,0,0,0,0,0
volume_year,48,1,2021,,19,9,19,0,0,0,0,0,0,0
volume_year,48,1,2022,,16,6,15,0,0,0,1,0,0,0
volume_year,48,1,2023,,13,3,13,0,0,0,0,0,0,0
volume_year,48,1,2024,,14,5,14,0,0,0,0,0,0,0
volume_year,48,1,2025,,6,4,6,0,0,0,0,0,0,0
volume_year,48,1,2026,,2,1,2,0,0,0,0,0,0,0
volume_year,49,0,2006,,1,0,1,0,0,0,0,0,0,0
volume_year,49,0,2009,,5,5,5,0,0,0,0,0,0,0
volume_year,49,0,2010,,6,6,6,0,0,0,0,0,0,0
volume_year,49,0,2011,,4,2,3,0,0,0,1,0,0,0
volume_year,49,0,2012,,17,15,15,0,0,0,2,0,0,0
volume_year,49,0,2013,,10,7,9,0,0,0,1,0,0,0
volume_year,49,0,2014,,10,8,8,1,0,0,1,0,0,0
volume_year,49,1,2015,,9,7,9,0,0,0,0,0,0,0
volume_year,49,1,2016,,17,12,13,0,0,0,4,0,0,0
volume_year,49,1,2017,,10,10,9,0,0,0,1,0,0,0
volume_year,49,1,2018,,11,9,10,0,0,0,1,0,0,0
volume_year,49,1,2019,,2,2,2,0,0,0,0,0,0,0
volume_year,49,1,2020,,13,9,12,0,0,0,1,0,0,0
volume_year,49,1,2021,,10,9,9,0,0,0,1,0,0,0
volume_year,49,1,2022,,4,4,4,0,0,0,0,0,0,0
volume_year,49,1,2023,,2,2,2,0,0,0,0,0,0,0
volume_year,49,1,2024,,2,1,1,0,0,0,1,0,0,0
volume_year,49,1,2025,,5,4,5,0,0,0,0,0,0,0
volume_year,50,0,2011,,4,1,4,0,0,0,0,0,0,0
volume_year,50,0,2012,,8,7,8,0,0,0,0,0,0,0
volume_year,50,0,2013,,19,9,16,0,0,0,3,0,0,0
volume_year,50,0,2014,,58,30,53,0,1,0,4,0,0,0
volume_year,50,0,2015,,39,15,35,0,1,0,3,0,0,0
volume_year,50,1,2016,,14,6,14,0,0,0,0,0,0,0
volume_year,50,1,2017,,40,22,34,0,0,0,6,0,0,0
volume_year,50,1,2018,,28,10,26,0,0,0,2,0,0,0
volume_year,50,1,2019,,20,8,17,0,1,0,2,0,0,0
volume_year,50,1,2020,,12,6,11,0,0,0,1,0,0,0
volume_year,50,1,2021,,8,3,7,0,0,0,1,0,0,0
volume_year,50,1,2022,,15,9,15,0,0,0,0,0,0,0
volume_year,50,1,2023,,3,2,2,0,0,0,1,0,0,0
volume_year,50,1,2024,,4,1,4,0,0,0,0,0,0,0
volume_year,50,1,2025,,1,1,1,0,0,0,0,0,0,0
volume_year,50,1,2026,,1,1,1,0,0,0,0,0,0,0
volume_year,51,0,2011,,4,2,4,0,0,0,0,0,0,0
volume_year,51,0,2012,,11,5,10,0,0,0,1,0,0,0
volume_year,51,0,2013,,22,10,20,0,0,0,2,0,0,0
volume_year,51,0,2014,,6,2,6,0,0,0,0,0,0,0
volume_year,51,0,2015,,17,8,16,0,0,0,1,0,0,0
volume_year,51,1,2016,,62,23,58,0,0,0,4,0,0,0
volume_year,51,1,2017,,33,10,30,2,0,0,1,0,0,0
volume_year,51,1,2018,,19,8,18,0,0,0,1,0,0,0
volume_year,51,1,2019,,29,15,25,0,0,0,4,0,0,0
volume_year,51,1,2020,,39,12,33,0,0,0,6,0,0,0
volume_year,51,1,2021,,20,7,17,0,0,0,3,0,0,0
volume_year,51,1,2022,,7,3,6,0,0,0,1,0,0,0
volume_year,51,1,2023,,8,1,7,0,0,0,1,0,0,0
volume_year,51,1,2024,,5,3,5,0,0,0,0,0,0,0
volume_year,51,1,2025,,9,2,8,0,0,0,1,0,0,0
volume_year,51,1,2026,,13,6,13,0,0,0,0,0,0,0
volume_year,52,0,2008,,2,2,2,0,0,0,0,0,0,0
volume_year,52,0,2009,,5,2,5,0,0,0,0,0,0,0
volume_year,52,0,2010,,26,12,21,0,0,0,5,0,0,0
volume_year,52,0,2011,,4,4,3,0,0,0,1,0,0,0
volume_year,52,0,2012,,19,15,17,0,0,0,2,0,0,0
volume_year,52,0,2013,,26,14,25,0,0,0,1,0,0,0
volume_year,52,0,2014,,26,18,20,0,0,0,6,0,0,0
volume_year,52,1,2015,,8,6,7,0,0,0,1,0,0,0
volume_year,52,1,2016,,7,5,7,0,0,0,0,0,0,0
volume_year,52,1,2017,,7,5,7,0,0,0,0,0,0,0
volume_year,52,1,2018,,2,1,2,0,0,0,0,0,0,0
volume_year,52,1,2019,,15,9,15,0,0,0,0,0,0,0
volume_year,52,1,2020,,7,1,6,0,1,0,0,0,0,0
volume_year,52,1,2021,,2,0,1,0,1,0,0,0,0,0
volume_year,52,1,2022,,4,1,4,0,0,0,0,0,0,0
volume_year,52,1,2023,,2,2,1,0,0,0,1,0,0,0
volume_year,52,1,2024,,1,1,1,0,0,0,0,0,0,0
volume_year,52,1,2026,,1,1,1,0,0,0,0,0,0,0
volume_year,53,0,2009,,7,6,5,0,0,0,1,1,0,0
volume_year,53,0,2010,,5,2,4,0,0,0,1,0,0,0
volume_year,53,0,2011,,9,6,6,0,0,0,3,0,0,0
volume_year,53,0,2012,,29,20,26,0,1,0,2,0,0,0
volume_year,53,0,2013,,23,9,21,0,0,0,2,0,0,0
volume_year,53,0,2014,,8,5,8,0,0,0,0,0,0,0
volume_year,53,1,2015,,11,5,10,0,0,0,1,0,0,0
volume_year,53,1,2016,,2,0,2,0,0,0,0,0,0,0
volume_year,53,1,2017,,11,8,11,0,0,0,0,0,0,0
volume_year,53,1,2018,,6,4,4,0,0,0,2,0,0,0
volume_year,53,1,2019,,6,4,6,0,0,0,0,0,0,0
volume_year,53,1,2020,,9,2,9,0,0,0,0,0,0,0
volume_year,53,1,2021,,21,13,19,0,0,0,2,0,0,0
volume_year,53,1,2022,,5,1,5,0,0,0,0,0,0,0
volume_year,53,1,2023,,12,6,12,0,0,0,0,0,0,0
volume_year,53,1,2024,,2,1,2,0,0,0,0,0,0,0
volume_year,53,1,2025,,4,1,4,0,0,0,0,0,0,0
volume_year,53,1,2026,,4,2,4,0,0,0,0,0,0,0
volume_year,54,0,2010,,64,36,59,0,1,0,4,0,0,0
volume_year,54,1,2018,,58,35,50,1,1,0,6,0,0,0
volume_year,54,1,2026,,26,17,25,0,0,0,1,0,0,0
volume_year,55,0,2012,,5,3,4,0,0,0,0,1,0,0
volume_year,55,0,2013,,4,2,3,0,0,0,1,0,0,0
volume_year,55,0,2014,,5,0,5,0,0,0,0,0,0,0
volume_year,55,0,2015,,15,8,15,0,0,0,0,0,0,0
volume_year,55,1,2016,,19,10,17,0,0,0,2,0,0,0
volume_year,55,1,2017,,36,18,28,1,1,0,6,0,0,0
volume_year,55,1,2018,,27,14,25,0,0,0,2,0,0,0
volume_year,55,1,2019,,18,9,15,0,0,0,3,0,0,0
volume_year,55,1,2020,,21,12,13,0,1,0,6,1,0,0
volume_year,55,1,2021,,12,8,10,0,0,0,2,0,0,0
volume_year,55,1,2022,,4,3,4,0,0,0,0,0,0,0
volume_year,55,1,2023,,10,6,9,0,0,0,1,0,0,0
volume_year,55,1,2024,,5,4,3,0,0,0,2,0,0,0
volume_year,55,1,2025,,6,3,6,0,0,0,0,0,0,0
volume_year,55,1,2026,,3,2,3,0,0,0,0,0,0,0
volume_year,56,0,1993,,1,1,1,0,0,0,0,0,0,0
volume_year,56,0,2007,,17,12,14,1,0,0,2,0,0,0
volume_year,56,0,2008,,7,5,6,0,0,0,1,0,0,0
volume_year,56,0,2009,,7,5,5,0,0,0,2,0,0,0
volume_year,56,0,2010,,11,7,10,0,0,0,0,1,0,0
volume_year,56,0,2011,,18,13,16,0,0,0,2,0,0,0
volume_year,56,0,2012,,32,23,27,0,1,0,4,0,0,0
volume_year,56,0,2013,,17,9,16,0,1,0,0,0,0,0
volume_year,56,0,2014,,7,3,7,0,0,0,0,0,0,0
volume_year,56,1,2015,,13,10,12,1,0,0,0,0,0,0
volume_year,56,1,2016,,17,12,17,0,0,0,0,0,0,0
volume_year,56,1,2017,,17,12,17,0,0,0,0,0,0,0
volume_year,56,1,2018,,24,15,23,0,0,0,1,0,0,0
volume_year,56,1,2019,,7,3,6,0,0,0,1,0,0,0
volume_year,56,1,2020,,13,11,13,0,0,0,0,0,0,0
volume_year,56,1,2021,,4,3,3,0,0,0,1,0,0,0
volume_year,56,1,2022,,6,3,6,0,0,0,0,0,0,0
volume_year,56,1,2023,,9,7,9,0,0,0,0,0,0,0
volume_year,56,1,2024,,1,0,1,0,0,0,0,0,0,0
volume_year,56,1,2025,,1,0,1,0,0,0,0,0,0,0
volume_year,56,1,2026,,1,1,1,0,0,0,0,0,0,0
volume_year,57,0,2011,,2,2,1,0,0,0,1,0,0,0
volume_year,57,0,2012,,9,6,8,0,0,0,1,0,0,0
volume_year,57,0,2013,,14,6,13,0,0,0,1,0,0,0
volume_year,57,0,2014,,32,13,29,1,0,0,2,0,0,0
volume_year,57,0,2015,,35,8,35,0,0,0,0,0,0,0
volume_year,57,1,2016,,33,13,30,0,1,0,2,0,0,0
volume_year,57,1,2017,,29,16,27,0,0,0,2,0,0,0
volume_year,57,1,2018,,21,6,19,0,0,0,2,0,0,0
volume_year,57,1,2019,,21,9,19,0,1,0,1,0,0,0
volume_year,57,1,2020,,66,23,56,0,7,0,3,0,0,0
volume_year,57,1,2021,,24,11,20,0,1,0,3,0,0,0
volume_year,57,1,2022,,13,5,12,0,0,0,1,0,0,0
volume_year,57,1,2023,,12,9,12,0,0,0,0,0,0,0
volume_year,57,1,2024,,11,4,9,0,0,0,2,0,0,0
volume_year,57,1,2025,,8,4,8,0,0,0,0,0,0,0
volume_year,58,0,2010,,23,12,22,0,1,0,0,0,0,0
volume_year,58,0,2011,,16,4,15,0,0,0,1,0,0,0
volume_year,58,0,2012,,3,0,3,0,0,0,0,0,0,0
volume_year,58,0,2013,,25,9,22,0,0,0,3,0,0,0
volume_year,58,0,2014,,17,9,14,0,0,0,3,0,0,0
volume_year,58,1,2015,,36,18,34,0,0,0,2,0,0,0
volume_year,58,1,2016,,21,9,20,0,0,0,1,0,0,0
volume_year,58,1,2017,,19,10,18,1,0,0,0,0,0,0
volume_year,58,1,2018,,31,16,26,2,0,0,3,0,0,0
volume_year,58,1,2019,,10,6,9,0,0,0,1,0,0,0
volume_year,58,1,2020,,20,11,19,0,0,0,1,0,0,0
volume_year,58,1,2021,,15,6,13,0,0,0,2,0,0,0
volume_year,58,1,2022,,19,14,17,0,0,0,2,0,0,0
volume_year,58,1,2023,,10,4,9,0,0,0,1,0,0,0
volume_year,58,1,2024,,15,9,14,0,0,0,1,0,0,0
volume_year,58,1,2025,,11,5,11,0,0,0,0,0,0,0
volume_year,58,1,2026,,4,2,4,0,0,0,0,0,0,0
volume_year,59,0,2008,,3,3,2,0,0,0,1,0,0,0
volume_year,59,0,2009,,8,7,6,0,0,0,2,0,0,0
volume_year,59,0,2010,,11,5,8,1,0,0,2,0,0,0
volume_year,59,0,2011,,11,8,10,1,0,0,0,0,0,0
volume_year,59,0,2012,,13,8,12,0,0,0,1,0,0,0
volume_year,59,0,2013,,9,4,8,0,0,0,1,0,0,0
volume_year,59,0,2014,,4,3,3,0,0,0,1,0,0,0
volume_year,59,1,2015,,5,3,5,0,0,0,0,0,0,0
volume_year,59,1,2016,,5,3,4,0,0,0,1,0,0,0
volume_year,59,1,2017,,17,8,17,0,0,0,0,0,0,0
volume_year,59,1,2018,,18,15,14,0,0,0,4,0,0,0
volume_year,59,1,2019,,9,5,5,0,0,0,4,0,0,0
volume_year,59,1,2020,,26,18,23,0,0,0,3,0,0,0
volume_year,59,1,2021,,13,10,10,0,0,0,3,0,0,0
volume_year,59,1,2022,,16,7,15,0,0,0,1,0,0,0
volume_year,59,1,2023,,17,11,15,0,0,0,2,0,0,0
volume_year,59,1,2024,,8,6,5,0,0,0,3,0,0,0
volume_year,59,1,2025,,12,8,12,0,0,0,0,0,0,0
volume_year,59,1,2026,,2,0,1,0,0,0,1,0,0,0
volume_year,60,0,2008,,2,2,2,0,0,0,0,0,0,0
volume_year,60,0,2009,,8,4,8,0,0,0,0,0,0,0
volume_year,60,0,2010,,29,19,28,0,0,0,1,0,0,0
volume_year,60,0,2011,,7,3,6,0,0,0,1,0,0,0
volume_year,60,0,2012,,16,8,14,0,0,0,2,0,0,0
volume_year,60,0,2013,,36,21,31,0,0,0,5,0,0,0
volume_year,60,0,2014,,59,33,52,0,0,0,7,0,0,0
volume_year,60,1,2015,,52,33,50,0,0,0,2,0,0,0
volume_year,60,1,2016,,62,34,52,0,1,0,8,1,0,0
volume_year,60,1,2017,,24,17,19,0,0,0,5,0,0,0
volume_year,60,1,2018,,22,11,17,0,0,0,5,0,0,0
volume_year,60,1,2019,,32,22,21,0,0,0,10,1,0,0
volume_year,60,1,2020,,13,9,8,0,2,0,3,0,0,0
volume_year,60,1,2021,,16,11,12,0,0,0,4,0,0,0
volume_year,60,1,2022,,17,7,16,0,0,0,1,0,0,0
volume_year,60,1,2023,,13,9,12,0,1,0,0,0,0,0
volume_year,60,1,2024,,37,19,26,1,1,0,9,0,0,0
volume_year,60,1,2025,,7,4,6,0,0,0,1,0,0,0
volume_year,60,1,2026,,3,1,3,0,0,0,0,0,0,0
volume_year,61,0,2008,,5,3,5,0,0,0,0,0,0,0
volume_year,61,0,2009,,11,7,9,0,0,0,2,0,0,0
volume_year,61,0,2010,,4,2,4,0,0,0,0,0,0,0
volume_year,61,0,2011,,4,4,4,0,0,0,0,0,0,0
volume_year,61,0,2012,,18,14,16,0,0,0,2,0,0,0
volume_year,61,0,2013,,1,1,1,0,0,0,0,0,0,0
volume_year,61,0,2014,,19,6,16,0,0,0,3,0,0,0
volume_year,61,1,2015,,4,4,4,0,0,0,0,0,0,0
volume_year,61,1,2016,,10,8,10,0,0,0,0,0,0,0
volume_year,61,1,2017,,14,6,11,1,0,0,2,0,0,0
volume_year,61,1,2018,,4,3,2,0,0,0,2,0,0,0
volume_year,61,1,2019,,6,6,3,0,0,0,3,0,0,0
volume_year,61,1,2020,,2,0,2,0,0,0,0,0,0,0
volume_year,61,1,2021,,2,2,2,0,0,0,0,0,0,0
volume_year,61,1,2022,,9,7,6,0,0,0,3,0,0,0
volume_year,61,1,2023,,3,3,2,0,0,0,1,0,0,0
volume_year,61,1,2024,,6,3,4,0,0,0,2,0,0,0
volume_year,61,1,2025,,4,3,4,0,0,0,0,0,0,0
volume_year,62,0,2009,,10,6,8,0,0,0,2,0,0,0
volume_year,62,0,2010,,1,0,0,0,0,0,1,0,0,0
volume_year,62,0,2011,,1,0,1,0,0,0,0,0,0,0
volume_year,62,0,2012,,2,1,2,0,0,0,0,0,0,0
volume_year,62,0,2013,,3,2,3,0,0,0,0,0,0,0
volume_year,62,0,2014,,2,1,2,0,0,0,0,0,0,0
volume_year,62,1,2015,,6,3,6,0,0,0,0,0,0,0
volume_year,62,1,2016,,5,4,4,0,0,0,1,0,0,0
volume_year,62,1,2017,,8,3,7,0,0,0,0,1,0,0
volume_year,62,1,2018,,4,2,3,0,0,0,1,0,0,0
volume_year,62,1,2019,,6,5,6,0,0,0,0,0,0,0
volume_year,62,1,2020,,2,2,1,0,0,0,1,0,0,0
volume_year,62,1,2023,,2,1,2,0,0,0,0,0,0,0
volume_year,62,1,2024,,2,1,2,0,0,0,0,0,0,0
volume_year,63,0,2009,,3,3,3,0,0,0,0,0,0,0
volume_year,63,0,2010,,20,14,20,0,0,0,0,0,0,0
volume_year,63,0,2011,,12,9,12,0,0,0,0,0,0,0
volume_year,63,0,2012,,12,9,9,0,1,0,2,0,0,0
volume_year,63,0,2013,,24,12,20,0,1,0,3,0,0,0
volume_year,63,0,2014,,36,18,31,0,2,0,3,0,0,0
volume_year,63,1,2015,,19,12,18,0,0,0,1,0,0,0
volume_year,63,1,2016,,23,14,22,0,1,0,0,0,0,0
volume_year,63,1,2017,,17,10,16,0,0,0,1,0,0,0
volume_year,63,1,2018,,33,15,30,0,0,0,3,0,0,0
volume_year,63,1,2019,,7,5,7,0,0,0,0,0,0,0
volume_year,63,1,2020,,5,4,5,0,0,0,0,0,0,0
volume_year,63,1,2021,,3,2,3,0,0,0,0,0,0,0
volume_year,63,1,2022,,5,3,4,0,1,0,0,0,0,0
volume_year,63,1,2023,,2,2,2,0,0,0,0,0,0,0
volume_year,63,1,2024,,3,3,3,0,0,0,0,0,0,0
volume_year,63,1,2025,,3,3,3,0,0,0,0,0,0,0
volume_year,64,0,2007,,1,0,1,0,0,0,0,0,0,0
volume_year,64,0,2009,,5,1,5,0,0,0,0,0,0,0
volume_year,64,0,2010,,29,20,25,0,2,0,2,0,0,0
volume_year,64,0,2011,,24,19,22,0,0,0,2,0,0,0
volume_year,64,0,2012,,19,11,16,1,1,0,1,0,0,0
volume_year,64,0,2013,,26,19,24,0,0,0,2,0,0,0
volume_year,64,0,2014,,17,3,15,0,1,0,1,0,0,0
volume_year,64,1,2015,,7,3,6,0,1,0,0,0,0,0
volume_year,64,1,2016,,13,7,10,0,1,0,2,0,0,0
volume_year,64,1,2017,,10,6,9,0,1,0,0,0,0,0
volume_year,64,1,2018,,7,3,7,0,0,0,0,0,0,0
volume_year,64,1,2019,,16,10,15,0,1,0,0,0,0,0
volume_year,64,1,2020,,3,1,3,0,0,0,0,0,0,0
volume_year,64,1,2022,,6,3,6,0,0,0,0,0,0,0
volume_year,64,1,2023,,6,3,5,0,1,0,0,0,0,0
volume_year,64,1,2024,,6,5,5,0,0,0,1,0,0,0
volume_year,64,1,2025,,1,0,1,0,0,0,0,0,0,0
volume_year,64,1,2026,,2,1,2,0,0,0,0,0,0,0
volume_year,65,0,2009,,2,2,2,0,0,0,0,0,0,0
volume_year,65,0,2010,,2,2,2,0,0,0,0,0,0,0
volume_year,65,0,2011,,1,1,0,0,0,0,1,0,0,0
volume_year,65,0,2012,,6,4,5,0,0,0,0,1,0,0
volume_year,65,0,2013,,1,1,0,0,0,0,1,0,0,0
volume_year,65,0,2014,,2,1,2,0,0,0,0,0,0,0
volume_year,65,1,2015,,9,7,9,0,0,0,0,0,0,0
volume_year,65,1,2018,,2,2,0,0,0,0,2,0,0,0
volume_year,65,1,2020,,7,2,6,0,0,0,1,0,0,0
volume_year,65,1,2021,,1,1,0,0,0,0,1,0,0,0
volume_year,65,1,2022,,1,0,1,0,0,0,0,0,0,0
volume_year,65,1,2023,,2,1,1,0,0,0,1,0,0,0
volume_year,65,1,2024,,1,0,1,0,0,0,0,0,0,0
volume_year,65,1,2026,,2,2,2,0,0,0,0,0,0,0
volume_year,66,0,2010,,5,2,3,0,0,0,2,0,0,0
volume_year,66,0,2011,,3,3,3,0,0,0,0,0,0,0
volume_year,66,0,2012,,5,3,5,0,0,0,0,0,0,0
volume_year,66,0,2013,,17,13,17,0,0,0,0,0,0,0
volume_year,66,0,2014,,14,9,12,0,1,0,1,0,0,0
volume_year,66,0,2015,,45,28,42,0,0,0,3,0,0,0
volume_year,66,1,2016,,22,14,22,0,0,0,0,0,0,0
volume_year,66,1,2017,,46,25,36,1,1,0,8,0,0,0
volume_year,66,1,2018,,8,6,8,0,0,0,0,0,0,0
volume_year,66,1,2019,,11,7,10,0,0,1,0,0,0,0
volume_year,66,1,2020,,13,8,11,0,1,0,1,0,0,0
volume_year,66,1,2021,,5,2,4,0,0,0,1,0,0,0
volume_year,66,1,2022,,8,6,6,0,0,0,2,0,0,0
volume_year,66,1,2023,,5,3,4,0,0,0,1,0,0,0
volume_year,66,1,2024,,8,6,7,0,0,0,1,0,0,0
volume_year,66,1,2025,,6,3,6,0,0,0,0,0,0,0
volume_year,66,1,2026,,1,1,1,0,0,0,0,0,0,0
volume_year,67,0,2007,,1,1,1,0,0,0,0,0,0,0
volume_year,67,0,2011,,4,3,4,0,0,0,0,0,0,0
volume_year,67,0,2012,,8,6,7,0,0,0,1,0,0,0
volume_year,67,0,2014,,16,14,15,0,0,0,1,0,0,0
volume_year,67,1,2015,,33,28,31,0,0,0,1,1,0,0
volume_year,67,1,2017,,25,15,20,1,0,0,3,1,0,0
volume_year,67,1,2023,,3,3,3,0,0,0,0,0,0,0
volume_year,67,1,2024,,8,4,6,0,0,0,2,0,0,0
volume_year,68,0,2008,,1,1,0,0,0,0,1,0,0,0
volume_year,68,0,2009,,1,1,1,0,0,0,0,0,0,0
volume_year,68,0,2011,,3,1,3,0,0,0,0,0,0,0
volume_year,68,0,2012,,3,3,3,0,0,0,0,0,0,0
volume_year,68,0,2013,,8,6,8,0,0,0,0,0,0,0
volume_year,68,0,2014,,5,5,3,2,0,0,0,0,0,0
volume_year,68,1,2015,,2,2,0,0,0,0,2,0,0,0
volume_year,68,1,2016,,1,1,0,0,0,0,1,0,0,0
volume_year,68,1,2017,,1,1,1,0,0,0,0,0,0,0
volume_year,68,1,2018,,2,2,0,0,0,0,2,0,0,0
volume_year,68,1,2020,,1,1,0,0,0,0,1,0,0,0
volume_year,68,1,2021,,5,4,3,0,0,0,2,0,0,0
volume_year,68,1,2022,,5,3,5,0,0,0,0,0,0,0
volume_year,68,1,2025,,1,1,1,0,0,0,0,0,0,0
volume_year,69,0,2008,,3,0,2,0,0,0,1,0,0,0
volume_year,69,0,2009,,1,0,1,0,0,0,0,0,0,0
volume_year,69,0,2010,,4,3,4,0,0,0,0,0,0,0
volume_year,69,0,2011,,3,1,3,0,0,0,0,0,0,0
volume_year,69,0,2012,,16,10,14,0,0,0,2,0,0,0
volume_year,69,0,2013,,20,9,20,0,0,0,0,0,0,0
volume_year,69,0,2014,,13,4,12,0,0,0,1,0,0,0
volume_year,69,1,2015,,4,2,4,0,0,0,0,0,0,0
volume_year,69,1,2016,,7,2,7,0,0,0,0,0,0,0
volume_year,69,1,2017,,19,11,15,0,1,0,3,0,0,0
volume_year,69,1,2018,,15,8,14,0,0,0,1,0,0,0
volume_year,69,1,2019,,17,4,15,0,1,0,1,0,0,0
volume_year,69,1,2020,,26,9,20,0,3,0,3,0,0,0
volume_year,69,1,2021,,4,0,4,0,0,0,0,0,0,0
volume_year,69,1,2022,,9,4,6,0,0,0,3,0,0,0
volume_year,69,1,2023,,10,7,7,0,0,0,3,0,0,0
volume_year,69,1,2024,,4,1,3,0,0,0,1,0,0,0
volume_year,69,1,2025,,5,1,4,0,0,0,1,0,0,0
volume_year,69,1,2026,,6,3,6,0,0,0,0,0,0,0
volume_year,70,0,2009,,1,1,0,0,0,0,1,0,0,0
volume_year,70,0,2010,,5,4,4,0,0,0,1,0,0,0
volume_year,70,0,2011,,7,2,7,0,0,0,0,0,0,0
volume_year,70,0,2012,,8,6,7,0,0,0,1,0,0,0
volume_year,70,0,2013,,3,3,2,0,0,0,1,0,0,0
volume_year,70,0,2014,,24,13,15,0,5,0,3,0,1,0
volume_year,70,1,2015,,3,2,3,0,0,0,0,0,0,0
volume_year,70,1,2016,,8,2,8,0,0,0,0,0,0,0
volume_year,70,1,2017,,9,3,8,0,0,0,1,0,0,0
volume_year,70,1,2018,,35,12,26,0,8,0,1,0,0,0
volume_year,70,1,2020,,7,1,3,0,4,0,0,0,0,0
volume_year,70,1,2022,,10,9,10,0,0,0,0,0,0,0
volume_year,70,1,2023,,1,1,1,0,0,0,0,0,0,0
volume_year,70,1,2024,,2,2,2,0,0,0,0,0,0,0
volume_year,70,1,2025,,8,6,8,0,0,0,0,0,0,0
volume_year,71,0,2008,,1,1,1,0,0,0,0,0,0,0
volume_year,71,0,2009,,3,1,3,0,0,0,0,0,0,0
volume_year,71,0,2010,,15,11,13,0,0,0,2,0,0,0
volume_year,71,0,2011,,12,8,12,0,0,0,0,0,0,0
volume_year,71,0,2012,,5,2,5,0,0,0,0,0,0,0
volume_year,71,0,2013,,1,1,1,0,0,0,0,0,0,0
volume_year,71,1,2015,,3,3,1,0,0,0,2,0,0,0
volume_year,71,1,2016,,6,4,6,0,0,0,0,0,0,0
volume_year,71,1,2017,,2,2,2,0,0,0,0,0,0,0
volume_year,71,1,2018,,9,7,7,0,0,0,2,0,0,0
volume_year,71,1,2019,,6,4,6,0,0,0,0,0,0,0
volume_year,71,1,2020,,13,8,13,0,0,0,0,0,0,0
volume_year,71,1,2021,,2,0,2,0,0,0,0,0,0,0
volume_year,71,1,2022,,4,2,4,0,0,0,0,0,0,0
volume_year,71,1,2023,,1,1,1,0,0,0,0,0,0,0
volume_year,71,1,2024,,8,6,6,0,0,0,2,0,0,0
volume_year,71,1,2025,,6,4,4,0,0,0,2,0,0,0
volume_year,71,1,2026,,1,1,0,0,0,0,1,0,0,0
volume_year_length,0,0,2009,1,1,1,1,0,0,0,0,0,0,0
volume_year_length,0,0,2009,2,1,1,1,0,0,0,0,0,0,0
volume_year_length,0,0,2010,1,6,3,5,0,0,0,1,0,0,0
volume_year_length,0,0,2011,1,10,8,7,0,0,0,3,0,0,0
volume_year_length,0,0,2011,2,1,1,0,0,0,0,1,0,0,0
volume_year_length,0,0,2012,0,1,0,1,0,0,0,0,0,0,0
volume_year_length,0,0,2012,1,11,6,8,0,0,0,3,0,0,0
volume_year_length,0,0,2012,2,2,2,2,0,0,0,0,0,0,0
volume_year_length,0,0,2013,1,2,1,2,0,0,0,0,0,0,0
volume_year_length,0,0,2014,1,16,5,11,0,4,0,1,0,0,0
volume_year_length,0,1,2015,1,4,1,4,0,0,0,0,0,0,0
volume_year_length,0,1,2016,0,2,0,0,0,2,0,0,0,0,0
volume_year_length,0,1,2016,1,4,0,1,0,3,0,0,0,0,0
volume_year_length,0,1,2017,1,3,1,2,1,0,0,0,0,0,0
volume_year_length,0,1,2018,1,3,3,3,0,0,0,0,0,0,0
volume_year_length,0,1,2019,1,2,2,2,0,0,0,0,0,0,0
volume_year_length,0,1,2020,1,1,1,1,0,0,0,0,0,0,0
volume_year_length,0,1,2021,1,4,3,4,0,0,0,0,0,0,0
volume_year_length,0,1,2023,1,11,2,11,0,0,0,0,0,0,0
volume_year_length,0,1,2023,2,2,1,2,0,0,0,0,0,0,0
volume_year_length,0,1,2024,1,1,0,1,0,0,0,0,0,0,0
volume_year_length,0,1,2026,1,1,1,1,0,0,0,0,0,0,0
volume_year_length,1,0,2010,1,5,3,5,0,0,0,0,0,0,0
volume_year_length,1,0,2011,1,5,4,5,0,0,0,0,0,0,0
volume_year_length,1,0,2012,1,4,4,4,0,0,0,0,0,0,0
volume_year_length,1,0,2013,1,10,3,7,0,1,0,2,0,0,0
volume_year_length,1,0,2013,2,1,1,0,0,0,0,1,0,0,0
volume_year_length,1,0,2014,0,1,0,1,0,0,0,0,0,0,0
volume_year_length,1,0,2014,1,8,5,5,0,1,0,2,0,0,0
volume_year_length,1,1,2015,1,8,5,6,0,0,0,2,0,0,0
volume_year_length,1,1,2016,1,1,0,1,0,0,0,0,0,0,0
volume_year_length,1,1,2017,1,1,0,0,0,0,0,1,0,0,0
volume_year_length,1,1,2018,1,1,0,1,0,0,0,0,0,0,0
volume_year_length,1,1,2019,0,1,0,1,0,0,0,0,0,0,0
volume_year_length,1,1,2019,1,1,0,1,0,0,0,0,0,0,0
volume_year_length,1,1,2020,1,1,0,1,0,0,0,0,0,0,0
volume_year_length,1,1,2021,1,3,3,3,0,0,0,0,0,0,0
volume_year_length,1,1,2023,1,1,1,1,0,0,0,0,0,0,0
volume_year_length,1,1,2024,1,4,3,4,0,0,0,0,0,0,0
volume_year_length,1,1,2025,1,1,0,1,0,0,0,0,0,0,0
volume_year_length,1,1,2026,1,2,2,2,0,0,0,0,0,0,0
volume_year_length,2,0,2011,1,21,17,18,0,0,0,3,0,0,0
volume_year_length,2,0,2012,2,1,1,1,0,0,0,0,0,0,0
volume_year_length,2,0,2013,1,8,4,8,0,0,0,0,0,0,0
volume_year_length,2,0,2013,2,1,1,1,0,0,0,0,0,0,0
volume_year_length,2,1,2014,0,1,0,1,0,0,0,0,0,0,0
volume_year_length,2,1,2014,1,34,19,29,0,2,0,3,0,0,0
volume_year_length,2,1,2014,2,3,2,2,0,0,0,1,0,0,0
volume_year_length,2,1,2015,1,2,1,2,0,0,0,0,0,0,0
volume_year_length,2,1,2016,1,8,4,6,1,0,0,1,0,0,0
volume_year_length,2,1,2016,4,1,1,0,0,0,0,0,0,1,0
volume_year_length,2,1,2017,1,9,8,7,0,0,0,1,0,1,0
volume_year_length,2,1,2018,1,13,0,10,0,3,0,0,0,0,0
volume_year_length,2,1,2020,1,4,3,4,0,0,0,0,0,0,0
volume_year_length,2,1,2021,1,3,1,2,0,1,0,0,0,0,0
volume_year_length,2,1,2022,1,4,3,3,0,0,0,1,0,0,0
volume_year_length,2,1,2023,1,3,2,2,0,0,0,1,0,0,0
volume_year_length,2,1,2024,1,7,6,5,0,0,0,2,0,0,0
volume_year_length,2,1,2025,1,3,3,2,0,0,0,1,0,0,0
volume_year_length,2,1,2026,1,1,0,1,0,0,0,0,0,0,0
volume_year_length,3,0,2008,1,1,1,1,0,0,0,0,0,0,0
volume_year_length,3,0,2009,1,7,3,6,0,0,0,1,0,0,0
volume_year_length,3,0,2010,1,7,5,7,0,0,0,0,0,0,0
volume_year_length,3,0,2011,0,2,0,2,0,0,0,0,0,0,0
volume_year_length,3,0,2011,1,12,5,11,0,0,0,1,0,0,0
volume_year_length,3,0,2011,2,2,2,2,0,0,0,0,0,0,0
volume_year_length,3,0,2012,1,17,8,16,0,0,0,1,0,0,0
volume_year_length,3,0,2013,1,10,9,6,0,0,0,4,0,0,0
volume_year_length,3,0,2014,1,3,2,3,0,0,0,0,0,0,0
volume_year_length,3,1,2015,1,1,0,1,0,0,0,0,0,0,0
volume_year_length,3,1,2017,1,8,5,8,0,0,0,0,0,0,0
volume_year_length,3,1,2018,1,1,0,1,0,0,0,0,0,0,0
volume_year_length,3,1,2018,4,1,1,0,0,0,0,1,0,0,0
volume_year_length,3,1,2019,1,4,2,4,0,0,0,0,0,0,0
volume_year_length,3,1,2020,1,19,14,18,0,1,0,0,0,0,0
volume_year_length,3,1,2021,0,1,0,1,0,0,0,0,0,0,0
volume_year_length,3,1,2021,1,6,3,5,0,0,0,1,0,0,0
volume_year_length,3,1,2022,1,1,0,1,0,0,0,0,0,0,0
volume_year_length,3,1,2023,1,6,5,6,0,0,0,0,0,0,0
volume_year_length,3,1,2024,1,6,5,3,0,0,0,3,0,0,0
volume_year_length,3,1,2025,0,1,0,1,0,0,0,0,0,0,0
volume_year_length,3,1,2025,1,15,10,14,0,0,0,1,0,0,0
volume_year_length,3,1,2026,1,3,3,2,0,0,0,1,0,0,0
volume_year_length,4,0,2009,1,6,0,6,0,0,0,0,0,0,0
volume_year_length,4,0,2010,1,2,1,2,0,0,0,0,0,0,0
volume_year_length,4,0,2011,1,5,3,3,0,0,0,1,0,1,0
volume_year_length,4,0,2012,1,13,10,12,0,1,0,0,0,0,0
volume_year_length,4,0,2013,1,5,3,3,0,1,0,1,0,0,0
volume_year_length,4,0,2014,1,3,0,3,0,0,0,0,0,0,0
volume_year_length,4,1,2015,0,1,0,1,0,0,0,0,0,0,0
volume_year_length,4,1,2015,1,4,3,2,0,0,0,2,0,0,0
volume_year_length,4,1,2016,1,1,1,0,0,0,0,1,0,0,0
volume_year_length,4,1,2017,1,4,3,4,0,0,0,0,0,0,0
volume_year_length,4,1,2019,1,1,1,1,0,0,0,0,0,0,0
volume_year_length,4,1,2020,1,6,5,4,0,0,0,2,0,0,0
volume_year_length,4,1,2021,1,1,0,1,0,0,0,0,0,0,0
volume_year_length,4,1,2022,1,5,5,4,0,0,0,1,0,0,0
volume_year_length,4,1,2023,1,1,1,1,0,0,0,0,0,0,0
volume_year_length,4,1,2024,1,6,4,5,0,0,0,1,0,0,0
volume_year_length,4,1,2025,1,14,9,10,0,2,0,2,0,0,0
volume_year_length,5,0,2008,1,9,2,6,0,0,0,3,0,0,0
volume_year_length,5,0,2009,1,8,5,5,0,1,0,2,0,0,0
volume_year_length,5,0,2010,1,11,6,9,0,1,0,1,0,0,0
volume_year_length,5,0,2010,2,1,0,0,0,0,0,1,0,0,0
volume_year_length,5,0,2011,1,6,2,6,0,0,0,0,0,0,0
volume_year_length,5,0,2011,2,2,1,0,0,0,0,2,0,0,0
volume_year_length,5,0,2012,1,5,4,5,0,0,0,0,0,0,0
volume_year_length,5,0,2013,1,10,4,10,0,0,0,0,0,0,0
volume_year_length,5,0,2014,1,6,1,6,0,0,0,0,0,0,0
volume_year_length,5,1,2015,1,16,9,16,0,0,0,0,0,0,0
volume_year_length,5,1,2016,1,8,2,8,0,0,0,0,0,0,0
volume_year_length,5,1,2017,0,1,0,1,0,0,0,0,0,0,0
volume_year_length,5,1,2017,1,6,2,5,0,0,0,1,0,0,0
volume_year_length,5,1,2018,1,13,2,12,0,0,0,1,0,0,0
volume_year_length,5,1,2019,1,7,2,7,0,0,0,0,0,0,0
volume_year_length,5,1,2019,2,1,1,0,0,0,0,1,0,0,0
volume_year_length,5,1,2020,0,2,0,2,0,0,0,0,0,0,0
volume_year_length,5,1,2020,1,15,6,13,0,1,0,1,0,0,0
volume_year_length,5,1,2020,2,1,1,1,0,0,0,0,0,0,0
volume_year_length,5,1,2021,1,11,3,11,0,0,0,0,0,0,0
volume_year_length,5,1,2022,1,5,1,5,0,0,0,0,0,0,0
volume_year_length,5,1,2023,0,1,0,1,0,0,0,0,0,0,0
volume_year_length,5,1,2023,1,13,4,13,0,0,0,0,0,0,0
volume_year_length,5,1,2024,1,4,1,4,0,0,0,0,0,0,0
volume_year_length,5,1,2025,1,6,3,6,0,0,0,0,0,0,0
volume_year_length,5,1,2026,1,2,1,2,0,0,0,0,0,0,0
volume_year_length,6,0,2009,1,2,1,2,0,0,0,0,0,0,0
volume_year_length,6,0,2009,2,2,1,2,0,0,0,0,0,0,0
volume_year_length,6,0,2010,0,1,0,1,0,0,0,0,0,0,0
volume_year_length,6,0,2010,1,2,0,2,0,0,0,0,0,0,0
volume_year_length,6,0,2011,1,5,5,2,0,3,0,0,0,0,0
volume_year_length,6,0,2012,1,1,1,1,0,0,0,0,0,0,0
volume_year_length,6,0,2013,1,23,12,22,0,0,0,1,0,0,0
volume_year_length,6,1,2015,1,2,1,2,0,0,0,0,0,0,0
volume_year_length,6,1,2016,1,12,9,12,0,0,0,0,0,0,0
volume_year_length,6,1,2017,1,2,1,2,0,0,0,0,0,0,0
volume_year_length,6,1,2018,1,1,1,1,0,0,0,0,0,0,0
volume_year_length,6,1,2019,1,1,1,1,0,0,0,0,0,0,0
volume_year_length,6,1,2022,1,1,1,1,0,0,0,0,0,0,0
volume_year_length,6,1,2023,1,1,1,1,0,0,0,0,0,0,0
volume_year_length,6,1,2024,1,1,1,1,0,0,0,0,0,0,0
volume_year_length,6,1,2025,1,1,1,0,0,0,0,1,0,0,0
volume_year_length,7,0,2009,1,3,1,3,0,0,0,0,0,0,0
volume_year_length,7,0,2010,1,6,2,6,0,0,0,0,0,0,0
volume_year_length,7,0,2011,1,13,8,12,0,0,0,1,0,0,0
volume_year_length,7,0,2011,2,3,3,2,0,0,0,1,0,0,0
volume_year_length,7,0,2012,1,7,4,7,0,0,0,0,0,0,0
volume_year_length,7,0,2013,1,2,0,2,0,0,0,0,0,0,0
volume_year_length,7,0,2014,1,12,4,9,0,0,0,3,0,0,0
volume_year_length,7,1,2015,1,2,1,2,0,0,0,0,0,0,0
volume_year_length,7,1,2016,1,4,2,4,0,0,0,0,0,0,0
volume_year_length,7,1,2016,2,1,1,1,0,0,0,0,0,0,0
volume_year_length,7,1,2017,1,12,6,11,0,0,0,1,0,0,0
volume_year_length,7,1,2018,1,2,1,2,0,0,0,0,0,0,0
volume_year_length,7,1,2019,1,6,5,5,0,0,0,1,0,0,0
volume_year_length,7,1,2020,1,1,1,1,0,0,0,0,0,0,0
volume_year_length,7,1,2021,1,1,1,1,0,0,0,0,0,0,0
volume_year_length,7,1,2023,1,3,1,3,0,0,0,0,0,0,0
volume_year_length,7,1,2024,1,11,8,10,0,0,0,1,0,0,0
volume_year_length,7,1,2025,1,2,2,2,0,0,0,0,0,0,0
volume_year_length,7,1,2026,1,7,3,7,0,0,0,0,0,0,0
volume_year_length,8,0,2008,1,1,0,1,0,0,0,0,0,0,0
volume_year_length,8,0,2010,1,9,3,7,0,0,0,2,0,0,0
volume_year_length,8,0,2011,1,8,5,5,0,0,0,3,0,0,0
volume_year_length,8,0,2011,2,1,1,1,0,0,0,0,0,0,0
volume_year_length,8,0,2012,1,6,5,5,0,0,0,1,0,0,0
volume_year_length,8,0,2014,1,5,1,4,0,0,0,1,0,0,0
volume_year_length,8,1,2016,1,3,3,3,0,0,0,0,0,0,0
volume_year_length,8,1,2017,1,12,5,9,0,0,0,3,0,0,0
volume_year_length,8,1,2018,1,11,5,9,0,0,0,2,0,0,0
volume_year_length,8,1,2019,1,1,0,0,0,1,0,0,0,0,0
volume_year_length,8,1,2020,1,3,2,3,0,0,0,0,0,0,0
volume_year_length,8,1,2021,1,1,1,0,0,0,0,1,0,0,0
volume_year_length,8,1,2022,1,1,0,0,0,0,0,1,0,0,0
volume_year_length,9,0,2004,1,27,19,25,0,0,0,2,0,0,0
volume_year_length,9,0,2005,1,14,5,13,0,0,0,1,0,0,0
volume_year_length,9,0,2011,0,2,0,2,0,0,0,0,0,0,0
volume_year_length,9,0,2011,1,66,32,52,3,0,0,11,0,0,0
volume_year_length,9,0,2011,2,1,0,0,0,0,0,1,0,0,0
volume_year_length,9,0,2011,4,1,1,0,0,0,0,1,0,0,0
volume_year_length,9,1,2026,1,41,33,38,0,0,0,3,0,0,0
volume_year_length,10,0,2008,1,3,3,3,0,0,0,0,0,0,0
volume_year_length,10,0,2009,1,16,13,13,0,0,0,3,0,0,0
volume_year_length,10,0,2009,2,2,2,2,0,0,0,0,0,0,0
volume_year_length,10,0,2010,1,31,22,29,0,0,0,2,0,0,0
volume_year_length,10,0,2010,2,1,0,1,0,0,0,0,0,0,0
volume_year_length,10,0,2010,3,1,0,1,0,0,0,0,0,0,0
volume_year_length,10,0,2011,1,11,5,10,0,0,0,1,0,0,0
volume_year_length,10,0,2012,1,21,19,16,0,0,0,5,0,0,0
volume_year_length,10,0,2013,1,13,10,12,0,1,0,0,0,0,0
volume_year_length,10,0,2014,1,27,18,24,0,0,0,3,0,0,0
volume_year_length,10,0,2014,2,2,1,1,0,0,0,0,1,0,0
volume_year_length,10,1,2015,0,1,0,1,0,0,0,0,0,0,0
volume_year_length,10,1,2015,1,24,19,18,0,0,0,6,0,0,0
volume_year_length,10,1,2015,2,2,2,2,0,0,0,0,0,0,0
volume_year_length,10,1,2015,3,1,0,1,0,0,0,0,0,0,0
volume_year_length,10,1,2016,1,15,11,11,1,0,0,3,0,0,0
volume_year_length,10,1,2016,2,1,1,1,0,0,0,0,0,0,0
volume_year_length,10,1,2017,1,12,6,10,0,0,0,2,0,0,0
volume_year_length,10,1,2018,1,11,7,8,0,0,0,3,0,0,0
volume_year_length,10,1,2019,1,9,7,9,0,0,0,0,0,0,0
volume_year_length,10,1,2019,2,2,1,1,0,0,0,1,0,0,0
volume_year_length,10,1,2019,3,1,1,1,0,0,0,0,0,0,0
volume_year_length,10,1,2020,1,7,7,5,0,0,0,2,0,0,0
volume_year_length,10,1,2021,1,22,13,17,0,0,0,5,0,0,0
volume_year_length,10,1,2022,1,3,3,3,0,0,0,0,0,0,0
volume_year_length,10,1,2023,1,6,5,6,0,0,0,0,0,0,0
volume_year_length,10,1,2024,1,9,4,8,0,0,0,1,0,0,0
volume_year_length,10,1,2025,1,23,11,22,0,0,0,1,0,0,0
volume_year_length,11,0,2010,1,3,2,3,0,0,0,0,0,0,0
volume_year_length,11,0,2011,1,4,3,4,0,0,0,0,0,0,0
volume_year_length,11,0,2012,1,6,6,6,0,0,0,0,0,0,0
volume_year_length,11,0,2013,1,9,4,9,0,0,0,0,0,0,0
volume_year_length,11,0,2014,1,31,22,29,1,0,0,1,0,0,0
volume_year_length,11,0,2015,0,1,0,1,0,0,0,0,0,0,0
volume_year_length,11,0,2015,1,15,11,15,0,0,0,0,0,0,0
volume_year_length,11,0,2015,2,1,1,1,0,0,0,0,0,0,0
volume_year_length,11,0,2015,3,1,0,1,0,0,0,0,0,0,0
volume_year_length,11,1,2016,1,8,6,8,0,0,0,0,0,0,0
volume_year_length,11,1,2017,0,2,0,2,0,0,0,0,0,0,0
volume_year_length,11,1,2017,1,25,15,23,0,1,0,0,1,0,0
volume_year_length,11,1,2017,4,1,0,1,0,0,0,0,0,0,0
volume_year_length,11,1,2018,1,7,5,7,0,0,0,0,0,0,0
volume_year_length,11,1,2019,1,7,3,6,0,0,0,1,0,0,0
volume_year_length,11,1,2019,2,2,1,1,0,0,0,1,0,0,0
volume_year_length,11,1,2020,0,3,1,3,0,0,0,0,0,0,0
volume_year_length,11,1,2020,1,28,19,27,0,0,0,1,0,0,0
volume_year_length,11,1,2020,2,2,1,2,0,0,0,0,0,0,0
volume_year_length,11,1,2021,0,1,0,1,0,0,0,0,0,0,0
volume_year_length,11,1,2021,1,9,6,8,0,0,0,1,0,0,0
volume_year_length,11,1,2022,0,1,0,1,0,0,0,0,0,0,0
volume_year_length,11,1,2022,1,10,4,8,0,0,0,2,0,0,0
volume_year_length,11,1,2023,1,6,3,6,0,0,0,0,0,0,0
volume_year_length,11,1,2023,2,1,1,1,0,0,0,0,0,0,0
volume_year_length,11,1,2024,1,6,3,6,0,0,0,0,0,0,0
volume_year_length,11,1,2025,1,9,5,9,0,0,0,0,0,0,0
volume_year_length,11,1,2025,2,3,1,3,0,0,0,0,0,0,0
volume_year_length,11,1,2026,1,1,1,1,0,0,0,0,0,0,0
volume_year_length,12,0,2008,1,1,0,1,0,0,0,0,0,0,0
volume_year_length,12,0,2009,1,3,3,3,0,0,0,0,0,0,0
volume_year_length,12,0,2010,1,3,0,2,1,0,0,0,0,0,0
volume_year_length,12,0,2011,1,1,1,1,0,0,0,0,0,0,0
volume_year_length,12,0,2012,1,3,2,2,0,0,0,1,0,0,0
volume_year_length,12,0,2013,1,1,1,1,0,0,0,0,0,0,0
volume_year_length,12,0,2014,1,4,3,3,0,0,0,1,0,0,0
volume_year_length,12,1,2015,1,4,2,2,0,0,0,2,0,0,0
volume_year_length,12,1,2016,1,2,1,1,0,0,0,1,0,0,0
volume_year_length,12,1,2017,1,2,0,2,0,0,0,0,0,0,0
volume_year_length,12,1,2018,1,2,1,2,0,0,0,0,0,0,0
volume_year_length,12,1,2018,2,1,1,1,0,0,0,0,0,0,0
volume_year_length,12,1,2019,1,2,2,1,0,0,0,1,0,0,0
volume_year_length,12,1,2019,4,1,0,0,0,0,0,1,0,0,0
volume_year_length,12,1,2020,1,1,1,1,0,0,0,0,0,0,0
volume_year_length,12,1,2022,1,1,0,1,0,0,0,0,0,0,0
volume_year_length,12,1,2023,1,1,1,0,0,0,0,1,0,0,0
volume_year_length,12,1,2024,1,1,1,1,0,0,0,0,0,0,0
volume_year_length,12,1,2025,0,1,0,1,0,0,0,0,0,0,0
volume_year_length,12,1,2025,1,16,10,12,0,3,0,1,0,0,0
volume_year_length,13,0,2008,0,1,0,1,0,0,0,0,0,0,0
volume_year_length,13,0,2008,1,11,5,11,0,0,0,0,0,0,0
volume_year_length,13,0,2009,0,2,0,2,0,0,0,0,0,0,0
volume_year_length,13,0,2009,1,2,1,2,0,0,0,0,0,0,0
volume_year_length,13,0,2010,1,7,2,7,0,0,0,0,0,0,0
volume_year_length,13,0,2011,1,6,1,6,0,0,0,0,0,0,0
volume_year_length,13,0,2012,1,18,7,17,0,0,0,1,0,0,0
volume_year_length,13,0,2012,2,1,1,1,0,0,0,0,0,0,0
volume_year_length,13,0,2013,1,14,4,12,0,0,0,2,0,0,0
volume_year_length,13,0,2014,1,7,3,6,0,0,0,1,0,0,0
volume_year_length,13,0,2014,2,1,0,1,0,0,0,0,0,0,0
volume_year_length,13,1,2015,1,11,1,11,0,0,0,0,0,0,0
volume_year_length,13,1,2016,0,2,0,2,0,0,0,0,0,0,0
volume_year_length,13,1,2016,1,10,2,10,0,0,0,0,0,0,0
volume_year_length,13,1,2017,1,9,2,7,0,0,0,2,0,0,0
volume_year_length,13,1,2018,1,15,8,11,0,0,0,4,0,0,0
volume_year_length,13,1,2019,1,13,6,8,0,0,0,5,0,0,0
volume_year_length,13,1,2020,1,18,4,16,0,0,0,2,0,0,0
volume_year_length,13,1,2021,1,7,2,7,0,0,0,0,0,0,0
volume_year_length,13,1,2022,0,1,0,1,0,0,0,0,0,0,0
volume_year_length,13,1,2022,1,20,1,19,0,0,0,1,0,0,0
volume_year_length,13,1,2022,2,2,0,2,0,0,0,0,0,0,0
volume_year_length,13,1,2023,1,9,3,9,0,0,0,0,0,0,0
volume_year_length,13,1,2023,2,2,0,1,0,0,0,1,0,0,0
volume_year_length,13,1,2024,1,4,0,4,0,0,0,0,0,0,0
volume_year_length,13,1,2025,1,4,1,4,0,0,0,0,0,0,0
volume_year_length,13,1,2025,2,1,0,1,0,0,0,0,0,0,0
volume_year_length,14,0,2008,1,5,3,5,0,0,0,0,0,0,0
volume_year_length,14,0,2009,1,6,2,5,1,0,0,0,0,0,0
volume_year_length,14,0,2009,2,1,0,1,0,0,0,0,0,0,0
volume_year_length,14,0,2009,4,1,0,0,0,0,0,1,0,0,0
volume_year_length,14,0,2010,1,7,4,6,0,0,0,1,0,0,0
volume_year_length,14,0,2011,1,10,7,9,0,0,0,1,0,0,0
volume_year_length,14,0,2012,1,14,6,12,0,0,0,2,0,0,0
volume_year_length,14,0,2013,1,21,15,18,0,0,0,3,0,0,0
volume_year_length,14,0,2014,0,1,0,1,0,0,0,0,0,0,0
volume_year_length,14,0,2014,1,9,4,9,0,0,0,0,0,0,0
volume_year_length,14,1,2015,1,36,21,30,0,0,0,6,0,0,0
volume_year_length,14,1,2015,4,1,0,1,0,0,0,0,0,0,0
volume_year_length,14,1,2016,0,1,0,1,0,0,0,0,0,0,0
volume_year_length,14,1,2016,1,18,10,18,0,0,0,0,0,0,0
volume_year_length,14,1,2016,2,1,0,1,0,0,0,0,0,0,0
volume_year_length,14,1,2017,1,22,14,21,0,0,0,1,0,0,0
volume_year_length,14,1,2017,2,2,2,2,0,0,0,0,0,0,0
volume_year_length,14,1,2018,1,28,18,22,0,3,0,3,0,0,0
volume_year_length,14,1,2019,1,11,7,11,0,0,0,0,0,0,0
volume_year_length,14,1,2020,1,12,8,9,0,1,0,2,0,0,0
volume_year_length,14,1,2021,1,9,4,6,0,0,0,3,0,0,0
volume_year_length,14,1,2021,2,2,2,1,0,0,0,1,0,0,0
volume_year_length,14,1,2022,1,12,8,11,0,0,0,1,0,0,0
volume_year_length,14,1,2023,1,6,5,6,0,0,0,0,0,0,0
volume_year_length,14,1,2024,1,5,3,4,0,1,0,0,0,0,0
volume_year_length,14,1,2025,1,6,4,5,0,0,0,1,0,0,0
volume_year_length,14,1,2026,1,1,1,1,0,0,0,0,0,0,0
volume_year_length,15,0,2015,1,17,12,17,0,0,0,0,0,0,0
volume_year_length,15,0,2015,2,1,1,1,0,0,0,0,0,0,0
volume_year_length,15,0,2015,3,2,0,2,0,0,0,0,0,0,0
volume_year_length,15,1,2016,0,1,0,1,0,0,0,0,0,0,0
volume_year_length,15,1,2016,1,16,14,16,0,0,0,0,0,0,0
volume_year_length,15,1,2017,1,17,12,16,0,0,0,1,0,0,0
volume_year_length,15,1,2018,1,15,13,15,0,0,0,0,0,0,0
volume_year_length,15,1,2018,2,1,0,1,0,0,0,0,0,0,0
volume_year_length,15,1,2019,1,12,6,9,0,1,0,0,0,2,0
volume_year_length,15,1,2020,1,27,12,25,0,2,0,0,0,0,0
volume_year_length,15,1,2020,2,1,0,0,0,0,0,1,0,0,0
volume_year_length,15,1,2021,0,1,0,1,0,0,0,0,0,0,0
volume_year_length,15,1,2021,1,11,5,10,0,0,0,1,0,0,0
volume_year_length,15,1,2022,1,7,4,7,0,0,0,0,0,0,0
volume_year_length,15,1,2023,1,13,10,10,0,0,0,3,0,0,0
volume_year_length,15,1,2024,1,19,11,17,0,0,0,2,0,0,0
volume_year_length,15,1,2025,1,13,7,10,0,2,0,1,0,0,0
volume_year_length,16,0,2010,0,1,0,1,0,0,0,0,0,0,0
volume_year_length,16,0,2010,1,33,11,32,0,1,0,0,0,0,0
volume_year_length,16,0,2010,2,3,2,1,1,0,0,1,0,0,0
volume_year_length,16,0,2011,1,8,5,8,0,0,0,0,0,0,0
volume_year_length,16,0,2012,0,1,0,1,0,0,0,0,0,0,0
volume_year_length,16,0,2012,1,53,28,50,0,1,0,2,0,0,0
volume_year_length,16,0,2012,2,1,1,1,0,0,0,0,0,0,0
volume_year_length,16,0,2013,1,28,16,24,0,0,0,4,0,0,0
volume_year_length,16,0,2013,2,1,0,1,0,0,0,0,0,0,0
volume_year_length,16,0,2013,3,1,0,1,0,0,0,0,0,0,0
volume_year_length,16,1,2014,0,1,0,1,0,0,0,0,0,0,0
volume_year_length,16,1,2014,1,28,16,24,0,2,0,2,0,0,0
volume_year_length,16,1,2014,2,1,1,1,0,0,0,0,0,0,0
volume_year_length,16,1,2015,0,1,0,1,0,0,0,0,0,0,0
volume_year_length,16,1,2015,1,44,14,39,1,2,0,2,0,0,0
volume_year_length,16,1,2016,1,9,4,9,0,0,0,0,0,0,0
volume_year_length,16,1,2016,2,1,1,1,0,0,0,0,0,0,0
volume_year_length,16,1,2017,1,23,11,21,0,0,0,2,0,0,0
volume_year_length,16,1,2017,3,1,1,1,0,0,0,0,0,0,0
volume_year_length,16,1,2018,1,32,18,27,0,0,0,5,0,0,0
volume_year_length,16,1,2019,0,2,0,2,0,0,0,0,0,0,0
volume_year_length,16,1,2019,1,37,13,33,0,1,0,3,0,0,0
volume_year_length,16,1,2019,2,3,0,1,0,2,0,0,0,0,0
volume_year_length,16,1,2020,1,26,13,22,0,0,0,4,0,0,0
volume_year_length,16,1,2021,1,3,0,3,0,0,0,0,0,0,0
volume_year_length,16,1,2022,0,1,0,1,0,0,0,0,0,0,0
volume_year_length,16,1,2022,1,3,1,3,0,0,0,0,0,0,0
volume_year_length,16,1,2023,1,21,16,18,1,0,0,2,0,0,0
volume_year_length,16,1,2024,1,10,5,6,0,0,0,4,0,0,0
volume_year_length,16,1,2025,1,2,1,1,0,0,0,1,0,0,0
volume_year_length,16,1,2026,1,5,1,5,0,0,0,0,0,0,0
volume_year_length,17,0,2012,1,2,2,2,0,0,0,0,0,0,0
volume_year_length,17,0,2013,1,12,8,10,0,0,0,2,0,0,0
volume_year_length,17,0,2013,4,2,2,1,0,0,0,1,0,0,0
volume_year_length,17,0,2014,0,1,0,1,0,0,0,0,0,0,0
volume_year_length,17,0,2014,1,11,3,10,0,0,0,1,0,0,0
volume_year_length,17,0,2015,0,1,1,1,0,0,0,0,0,0,0
volume_year_length,17,0,2015,1,17,8,12,0,1,0,4,0,0,0
volume_year_length,17,0,2015,2,1,1,1,0,0,0,0,0,0,0
volume_year_length,17,1,2016,1,20,11,19,0,0,0,1,0,0,0
volume_year_length,17,1,2016,2,2,1,1,0,0,0,1,0,0,0
volume_year_length,17,1,2017,1,21,10,20,0,1,0,0,0,0,0
volume_year_length,17,1,2018,0,5,0,5,0,0,0,0,0,0,0
volume_year_length,17,1,2018,1,18,5,17,0,0,0,1,0,0,0
volume_year_length,17,1,2018,2,1,1,1,0,0,0,0,0,0,0
volume_year_length,17,1,2019,0,3,0,3,0,0,0,0,0,0,0
volume_year_length,17,1,2019,1,12,5,12,0,0,0,0,0,0,0
volume_year_length,17,1,2019,3,1,0,1,0,0,0,0,0,0,0
volume_year_length,17,1,2020,0,1,0,1,0,0,0,0,0,0,0
volume_year_length,17,1,2020,1,14,9,11,0,0,0,3,0,0,0
volume_year_length,17,1,2020,2,1,1,1,0,0,0,0,0,0,0
volume_year_length,17,1,2021,1,3,0,3,0,0,0,0,0,0,0
volume_year_length,17,1,2021,2,1,0,1,0,0,0,0,0,0,0
volume_year_length,17,1,2021,3,1,0,1,0,0,0,0,0,0,0
volume_year_length,17,1,2022,1,17,6,17,0,0,0,0,0,0,0
volume_year_length,17,1,2022,2,3,1,3,0,0,0,0,0,0,0
volume_year_length,17,1,2023,1,5,2,5,0,0,0,0,0,0,0
volume_year_length,17,1,2024,1,7,2,5,0,0,0,2,0,0,0
volume_year_length,17,1,2025,1,2,2,1,0,0,0,1,0,0,0
volume_year_length,18,0,1979,1,1,0,0,0,0,0,1,0,0,0
volume_year_length,18,0,1985,1,1,0,1,0,0,0,0,0,0,0
volume_year_length,18,0,1991,1,1,0,0,1,0,0,0,0,0,0
volume_year_length,18,0,1999,0,1,0,1,0,0,0,0,0,0,0
volume_year_length,18,0,1999,1,4,1,3,0,0,0,1,0,0,0
volume_year_length,18,0,2001,1,3,0,3,0,0,0,0,0,0,0
volume_year_length,18,0,2002,1,1,1,1,0,0,0,0,0,0,0
volume_year_length,18,0,2003,0,1,0,1,0,0,0,0,0,0,0
volume_year_length,18,0,2003,2,1,1,1,0,0,0,0,0,0,0
volume_year_length,18,0,2005,1,3,3,3,0,0,0,0,0,0,0
volume_year_length,18,0,2006,0,1,0,1,0,0,0,0,0,0,0
volume_year_length,18,0,2006,1,2,0,2,0,0,0,0,0,0,0
volume_year_length,18,0,2006,3,1,1,0,0,0,0,1,0,0,0
volume_year_length,18,0,2007,1,5,3,5,0,0,0,0,0,0,0
volume_year_length,18,0,2008,1,5,2,5,0,0,0,0,0,0,0
volume_year_length,18,0,2008,2,1,1,1,0,0,0,0,0,0,0
volume_year_length,18,0,2010,1,6,3,6,0,0,0,0,0,0,0
volume_year_length,18,0,2011,1,1,1,1,0,0,0,0,0,0,0
volume_year_length,18,0,2012,0,1,1,1,0,0,0,0,0,0,0
volume_year_length,18,0,2012,1,6,2,6,0,0,0,0,0,0,0
volume_year_length,18,0,2013,1,2,1,2,0,0,0,0,0,0,0
volume_year_length,18,1,2014,1,3,2,3,0,0,0,0,0,0,0
volume_year_length,18,1,2015,0,1,0,1,0,0,0,0,0,0,0
volume_year_length,18,1,2015,1,4,2,3,0,0,0,1,0,0,0
volume_year_length,18,1,2016,1,1,1,1,0,0,0,0,0,0,0
volume_year_length,18,1,2017,1,6,5,5,0,0,0,1,0,0,0
volume_year_length,18,1,2018,1,7,2,7,0,0,0,0,0,0,0
volume_year_length,18,1,2019,1,3,2,3,0,0,0,0,0,0,0
volume_year_length,18,1,2020,1,2,2,2,0,0,0,0,0,0,0
volume_year_length,18,1,2021,1,9,4,9,0,0,0,0,0,0,0
volume_year_length,18,1,2022,1,2,2,2,0,0,0,0,0,0,0
volume_year_length,18,1,2022,2,1,1,1,0,0,0,0,0,0,0
volume_year_length,18,1,2023,1,1,0,1,0,0,0,0,0,0,0
volume_year_length,18,1,2026,1,1,1,1,0,0,0,0,0,0,0
volume_year_length,19,0,2011,1,5,3,5,0,0,0,0,0,0,0
volume_year_length,19,0,2012,1,2,2,2,0,0,0,0,0,0,0
volume_year_length,19,0,2013,1,21,10,20,0,1,0,0,0,0,0
volume_year_length,19,0,2013,3,1,1,0,0,0,0,1,0,0,0
volume_year_length,19,0,2014,1,16,6,14,0,2,0,0,0,0,0
volume_year_length,19,0,2014,2,1,0,0,0,0,0,1,0,0,0
volume_year_length,19,0,2015,1,18,8,18,0,0,0,0,0,0,0
volume_year_length,19,1,2016,1,9,5,8,0,0,0,1,0,0,0
volume_year_length,19,1,2016,2,1,1,1,0,0,0,0,0,0,0
volume_year_length,19,1,2017,0,1,0,0,0,0,0,1,0,0,0
volume_year_length,19,1,2017,1,13,10,13,0,0,0,0,0,0,0
volume_year_length,19,1,2017,3,1,1,0,0,0,0,1,0,0,0
volume_year_length,19,1,2018,1,11,7,10,0,1,0,0,0,0,0
volume_year_length,19,1,2019,1,25,18,23,0,0,0,2,0,0,0
volume_year_length,19,1,2020,1,8,5,7,0,0,0,1,0,0,0
volume_year_length,19,1,2020,2,3,1,2,0,0,0,1,0,0,0
volume_year_length,19,1,2021,0,1,0,1,0,0,0,0,0,0,0
volume_year_length,19,1,2021,1,24,14,22,0,0,0,2,0,0,0
volume_year_length,19,1,2021,2,1,1,0,0,0,0,1,0,0,0
volume_year_length,19,1,2022,0,1,0,1,0,0,0,0,0,0,0
volume_year_length,19,1,2022,1,18,8,17,0,0,0,1,0,0,0
volume_year_length,19,1,2023,1,9,6,8,0,0,0,1,0,0,0
volume_year_length,19,1,2024,1,9,4,9,0,0,0,0,0,0,0
volume_year_length,19,1,2025,1,8,5,8,0,0,0,0,0,0,0
volume_year_length,19,1,2026,1,5,2,4,0,0,0,1,0,0,0
volume_year_length,20,0,2009,1,5,3,3,0,0,0,2,0,0,0
volume_year_length,20,0,2009,2,1,1,1,0,0,0,0,0,0,0
volume_year_length,20,0,2010,1,2,1,2,0,0,0,0,0,0,0
volume_year_length,20,0,2011,1,31,12,24,0,2,0,5,0,0,0
volume_year_length,20,0,2012,1,2,2,2,0,0,0,0,0,0,0
volume_year_length,20,0,2013,0,2,0,2,0,0,0,0,0,0,0
volume_year_length,20,0,2013,1,6,5,4,0,0,0,2,0,0,0
volume_year_length,20,0,2013,2,1,0,1,0,0,0,0,0,0,0
volume_year_length,20,0,2014,1,2,1,2,0,0,0,0,0,0,0
volume_year_length,20,1,2015,0,1,1,1,0,0,0,0,0,0,0
volume_year_length,20,1,2015,1,25,11,23,0,1,0,1,0,0,0
volume_year_length,20,1,2015,2,2,2,2,0,0,0,0,0,0,0
volume_year_length,20,1,2016,0,1,0,1,0,0,0,0,0,0,0
volume_year_length,20,1,2016,1,8,5,8,0,0,0,0,0,0,0
volume_year_length,20,1,2016,2,1,1,1,0,0,0,0,0,0,0
volume_year_length,20,1,2017,1,5,2,5,0,0,0,0,0,0,0
volume_year_length,20,1,2018,1,10,5,8,0,1,0,1,0,0,0
volume_year_length,20,1,2018,2,1,1,1,0,0,0,0,0,0,0
volume_year_length,20,1,2019,1,16,4,13,0,2,0,1,0,0,0
volume_year_length,20,1,2019,2,2,1,2,0,0,0,0,0,0,0
volume_year_length,20,1,2021,1,2,1,1,0,0,0,1,0,0,0
volume_year_length,20,1,2022,1,1,1,1,0,0,0,0,0,0,0
volume_year_length,20,1,2023,1,5,3,5,0,0,0,0,0,0,0
volume_year_length,20,1,2024,1,1,1,1,0,0,0,0,0,0,0
volume_year_length,20,1,2025,1,11,4,10,0,0,0,1,0,0,0
volume_year_length,21,0,2009,1,3,2,3,0,0,0,0,0,0,0
volume_year_length,21,0,2010,1,4,3,4,0,0,0,0,0,0,0
volume_year_length,21,0,2011,1,10,7,7,0,0,0,3,0,0,0
volume_year_length,21,0,2011,2,1,1,1,0,0,0,0,0,0,0
volume_year_length,21,0,2012,1,14,12,12,0,0,0,2,0,0,0
volume_year_length,21,0,2013,1,15,7,15,0,0,0,0,0,0,0
volume_year_length,21,0,2014,1,9,7,9,0,0,0,0,0,0,0
volume_year_length,21,1,2015,1,16,8,15,0,0,0,1,0,0,0
volume_year_length,21,1,2016,0,1,0,1,0,0,0,0,0,0,0
volume_year_length,21,1,2016,1,7,4,6,0,0,0,1,0,0,0
volume_year_length,21,1,2017,1,16,13,12,0,0,0,4,0,0,0
volume_year_length,21,1,2018,0,1,0,1,0,0,0,0,0,0,0
volume_year_length,21,1,2018,1,12,8,10,0,0,0,2,0,0,0
volume_year_length,21,1,2019,1,6,5,4,0,1,0,1,0,0,0
volume_year_length,21,1,2020,1,5,4,4,0,0,0,1,0,0,0
volume_year_length,21,1,2021,1,17,17,13,0,0,0,4,0,0,0
volume_year_length,21,1,2022,1,10,9,8,0,0,0,2,0,0,0
volume_year_length,21,1,2022,2,1,1,0,0,0,0,1,0,0,0
volume_year_length,21,1,2023,1,30,13,26,0,1,0,3,0,0,0
volume_year_length,21,1,2023,2,3,0,3,0,0,0,0,0,0,0
volume_year_length,21,1,2024,1,5,3,5,0,0,0,0,0,0,0
volume_year_length,21,1,2025,1,8,5,5,0,0,0,3,0,0,0
volume_year_length,21,1,2026,1,6,4,6,0,0,0,0,0,0,0
volume_year_length,22,0,2008,1,2,2,2,0,0,0,0,0,0,0
volume_year_length,22,0,2008,2,1,1,1,0,0,0,0,0,0,0
volume_year_length,22,0,2009,0,2,0,2,0,0,0,0,0,0,0
volume_year_length,22,0,2009,1,19,7,18,0,0,0,1,0,0,0
volume_year_length,22,0,2009,2,4,3,4,0,0,0,0,0,0,0
volume_year_length,22,0,2010,0,1,0,1,0,0,0,0,0,0,0
volume_year_length,22,0,2010,1,28,17,27,0,0,0,1,0,0,0
volume_year_length,22,0,2010,2,1,1,1,0,0,0,0,0,0,0
volume_year_length,22,0,2011,0,1,0,1,0,0,0,0,0,0,0
volume_year_length,22,0,2011,1,24,15,15,1,2,0,3,0,3,0
volume_year_length,22,0,2011,2,1,1,1,0,0,0,0,0,0,0
volume_year_length,22,0,2012,1,32,18,24,0,3,0,5,0,0,0
volume_year_length,22,0,2012,2,3,0,3,0,0,0,0,0,0,0
volume_year_length,22,0,2012,4,1,0,0,0,0,0,1,0,0,0
volume_year_length,22,0,2013,1,30,20,24,0,2,0,4,0,0,0
volume_year_length,22,0,2014,1,26,10,21,0,2,0,3,0,0,0
volume_year_length,22,0,2014,2,1,0,1,0,0,0,0,0,0,0
volume_year_length,22,1,2015,1,29,13,24,0,0,0,5,0,0,0
volume_year_length,22,1,2015,2,5,3,3,0,0,0,2,0,0,0
volume_year_length,22,1,2015,3,1,0,0,0,0,0,1,0,0,0
volume_year_length,22,1,2016,1,22,8,22,0,0,0,0,0,0,0
volume_year_length,22,1,2016,2,2,0,2,0,0,0,0,0,0,0
volume_year_length,22,1,2016,4,1,0,1,0,0,0,0,0,0,0
volume_year_length,22,1,2017,1,23,17,18,0,0,0,5,0,0,0
volume_year_length,22,1,2017,2,4,4,2,0,0,0,2,0,0,0
volume_year_length,22,1,2018,0,1,0,1,0,0,0,0,0,0,0
volume_year_length,22,1,2018,1,36,18,26,0,2,0,7,0,1,0
volume_year_length,22,1,2019,1,8,6,6,0,0,0,1,0,1,0
volume_year_length,22,1,2019,2,2,2,2,0,0,0,0,0,0,0
volume_year_length,22,1,2020,1,5,4,3,0,1,0,1,0,0,0
volume_year_length,22,1,2020,2,1,1,1,0,0,0,0,0,0,0
volume_year_length,22,1,2021,1,3,2,2,0,0,0,1,0,0,0
volume_year_length,22,1,2022,1,7,5,6,0,0,0,1,0,0,0
volume_year_length,22,1,2024,1,2,2,1,0,0,0,1,0,0,0
volume_year_length,22,1,2025,1,5,5,4,0,0,0,1,0,0,0
volume_year_length,22,1,2026,1,1,1,1,0,0,0,0,0,0,0
volume_year_length,23,0,2009,1,2,2,2,0,0,0,0,0,0,0
volume_year_length,23,0,2010,1,1,0,1,0,0,0,0,0,0,0
volume_year_length,23,0,2011,1,6,5,5,0,0,0,1,0,0,0
volume_year_length,23,0,2012,1,16,10,14,0,0,0,2,0,0,0
volume_year_length,23,0,2013,1,10,9,10,0,0,0,0,0,0,0
volume_year_length,23,0,2014,1,7,5,7,0,0,0,0,0,0,0
volume_year_length,23,1,2015,0,1,0,0,0,1,0,0,0,0,0
volume_year_length,23,1,2015,1,15,12,15,0,0,0,0,0,0,0
volume_year_length,23,1,2016,1,4,3,4,0,0,0,0,0,0,0
volume_year_length,23,1,2017,1,8,6,8,0,0,0,0,0,0,0
volume_year_length,23,1,2018,1,11,11,10,0,0,0,1,0,0,0
volume_year_length,23,1,2019,1,6,4,5,1,0,0,0,0,0,0
volume_year_length,23,1,2020,1,5,4,5,0,0,0,0,0,0,0
volume_year_length,23,1,2021,1,3,2,3,0,0,0,0,0,0,0
volume_year_length,23,1,2022,1,4,4,1,0,0,0,3,0,0,0
volume_year_length,23,1,2023,1,5,4,5,0,0,0,0,0,0,0
volume_year_length,23,1,2024,1,5,5,1,0,0,0,4,0,0,0
volume_year_length,23,1,2025,1,6,6,4,0,0,0,2,0,0,0
volume_year_length,23,1,2026,1,1,1,1,0,0,0,0,0,0,0
volume_year_length,24,0,2013,1,18,8,17,0,0,0,1,0,0,0
volume_year_length,24,0,2013,2,1,0,1,0,0,0,0,0,0,0
volume_year_length,24,0,2014,1,15,7,15,0,0,0,0,0,0,0
volume_year_length,24,0,2015,1,13,7,11,0,0,0,2,0,0,0
volume_year_length,24,0,2015,2,1,1,0,0,0,0,1,0,0,0
volume_year_length,24,0,2015,3,1,1,1,0,0,0,0,0,0,0
volume_year_length,24,0,2015,4,1,1,0,0,0,0,1,0,0,0
volume_year_length,24,1,2016,0,1,0,1,0,0,0,0,0,0,0
volume_year_length,24,1,2016,1,7,4,7,0,0,0,0,0,0,0
volume_year_length,24,1,2017,1,17,8,10,0,2,0,5,0,0,0
volume_year_length,24,1,2017,2,1,0,1,0,0,0,0,0,0,0
volume_year_length,24,1,2017,4,1,1,0,0,0,0,1,0,0,0
volume_year_length,24,1,2018,1,20,9,16,0,0,0,4,0,0,0
volume_year_length,24,1,2018,2,4,3,3,0,0,0,1,0,0,0
volume_year_length,24,1,2018,3,2,1,2,0,0,0,0,0,0,0
volume_year_length,24,1,2019,0,1,1,1,0,0,0,0,0,0,0
volume_year_length,24,1,2019,1,15,9,12,1,0,0,2,0,0,0
volume_year_length,24,1,2019,2,1,1,1,0,0,0,0,0,0,0
volume_year_length,24,1,2019,3,1,1,1,0,0,0,0,0,0,0
volume_year_length,24,1,2019,4,1,1,1,0,0,0,0,0,0,0
volume_year_length,24,1,2020,1,1,0,1,0,0,0,0,0,0,0
volume_year_length,24,1,2021,1,2,1,2,0,0,0,0,0,0,0
volume_year_length,24,1,2022,1,11,4,9,0,2,0,0,0,0,0
volume_year_length,24,1,2022,3,1,0,1,0,0,0,0,0,0,0
volume_year_length,24,1,2023,1,9,4,8,0,1,0,0,0,0,0
volume_year_length,24,1,2024,0,1,0,1,0,0,0,0,0,0,0
volume_year_length,24,1,2024,1,2,0,0,0,2,0,0,0,0,0
volume_year_length,24,1,2026,1,1,1,0,1,0,0,0,0,0,0
volume_year_length,25,0,2009,1,7,5,5,1,0,0,1,0,0,0
volume_year_length,25,0,2010,1,34,21,34,0,0,0,0,0,0,0
volume_year_length,25,0,2010,2,1,0,1,0,0,0,0,0,0,0
volume_year_length,25,0,2010,3,2,0,2,0,0,0,0,0,0,0
volume_year_length,25,0,2011,1,43,27,38,0,0,0,3,2,0,0
volume_year_length,25,0,2011,2,2,1,2,0,0,0,0,0,0,0
volume_year_length,25,0,2012,1,25,17,21,0,0,0,4,0,0,0
volume_year_length,25,0,2012,2,1,1,0,0,0,0,1,0,0,0
volume_year_length,25,0,2013,1,16,9,14,0,0,0,2,0,0,0
volume_year_length,25,0,2014,1,31,16,29,0,0,0,2,0,0,0
volume_year_length,25,0,2014,2,1,0,1,0,0,0,0,0,0,0
volume_year_length,25,0,2014,3,1,1,0,0,0,0,1,0,0,0
volume_year_length,25,1,2016,1,15,8,11,0,2,0,2,0,0,0
volume_year_length,25,1,2017,1,10,6,10,0,0,0,0,0,0,0
volume_year_length,25,1,2017,2,1,0,1,0,0,0,0,0,0,0
volume_year_length,25,1,2018,1,6,3,5,0,0,0,1,0,0,0
volume_year_length,25,1,2018,2,1,1,1,0,0,0,0,0,0,0
volume_year_length,25,1,2019,0,1,0,1,0,0,0,0,0,0,0
volume_year_length,25,1,2019,1,6,6,5,0,0,0,1,0,0,0
volume_year_length,25,1,2020,0,1,0,1,0,0,0,0,0,0,0
volume_year_length,25,1,2020,1,15,4,12,0,3,0,0,0,0,0
volume_year_length,25,1,2020,2,2,0,2,0,0,0,0,0,0,0
volume_year_length,25,1,2020,4,1,0,0,0,0,0,0,0,1,0
volume_year_length,25,1,2021,1,18,4,16,0,0,0,2,0,0,0
volume_year_length,25,1,2021,2,1,0,1,0,0,0,0,0,0,0
volume_year_length,25,1,2022,1,1,1,1,0,0,0,0,0,0,0
volume_year_length,25,1,2023,1,3,2,3,0,0,0,0,0,0,0
volume_year_length,25,1,2024,1,2,1,1,0,1,0,0,0,0,0
volume_year_length,25,1,2025,1,3,2,3,0,0,0,0,0,0,0
volume_year_length,26,0,2008,1,11,7,6,0,1,0,4,0,0,0
volume_year_length,26,0,2008,2,1,1,1,0,0,0,0,0,0,0
volume_year_length,26,0,2009,1,5,2,3,0,0,0,2,0,0,0
volume_year_length,26,0,2010,1,13,10,12,0,0,0,1,0,0,0
volume_year_length,26,0,2010,2,2,2,2,0,0,0,0,0,0,0
volume_year_length,26,0,2011,1,13,6,10,0,0,0,3,0,0,0
volume_year_length,26,0,2011,2,2,2,2,0,0,0,0,0,0,0
volume_year_length,26,0,2012,1,4,4,3,0,0,0,1,0,0,0
volume_year_length,26,0,2013,1,3,3,3,0,0,0,0,0,0,0
volume_year_length,26,0,2014,1,7,7,7,0,0,0,0,0,0,0
volume_year_length,26,1,2015,1,25,14,21,0,0,0,4,0,0,0
volume_year_length,26,1,2015,2,3,2,2,0,0,0,1,0,0,0
volume_year_length,26,1,2015,4,1,0,0,0,0,0,0,1,0,0
volume_year_length,26,1,2016,1,1,1,1,0,0,0,0,0,0,0
volume_year_length,26,1,2017,1,19,11,13,1,1,0,4,0,0,0
volume_year_length,26,1,2017,2,1,1,1,0,0,0,0,0,0,0
volume_year_length,26,1,2018,1,7,4,5,0,0,0,2,0,0,0
volume_year_length,26,1,2019,1,2,1,2,0,0,0,0,0,0,0
volume_year_length,26,1,2020,1,4,2,2,0,1,0,1,0,0,0
volume_year_length,26,1,2022,1,1,1,0,0,0,0,1,0,0,0
volume_year_length,26,1,2023,1,5,3,4,0,0,0,1,0,0,0
volume_year_length,27,0,2002,1,1,1,1,0,0,0,0,0,0,0
volume_year_length,27,0,2003,1,1,0,1,0,0,0,0,0,0,0
volume_year_length,27,0,2004,1,18,10,16,0,0,0,2,0,0,0
volume_year_length,27,0,2004,2,3,2,3,0,0,0,0,0,0,0
volume_year_length,27,0,2004,3,1,0,0,0,0,0,0,1,0,0
volume_year_length,27,0,2005,1,1,1,0,0,0,0,1,0,0,0
volume_year_length,27,0,2006,1,19,13,16,0,0,0,3,0,0,0
volume_year_length,27,0,2007,1,15,5,13,0,0,0,2,0,0,0
volume_year_length,27,0,2008,1,18,14,17,0,0,0,1,0,0,0
volume_year_length,27,0,2008,2,1,1,1,0,0,0,0,0,0,0
volume_year_length,27,0,2009,1,14,9,9,0,0,0,5,0,0,0
volume_year_length,27,0,2009,2,1,0,1,0,0,0,0,0,0,0
volume_year_length,27,0,2010,1,18,12,16,0,0,0,2,0,0,0
volume_year_length,27,0,2011,0,1,0,1,0,0,0,0,0,0,0
volume_year_length,27,0,2011,1,21,11,21,0,0,0,0,0,0,0
volume_year_length,27,0,2011,2,1,1,0,0,0,0,1,0,0,0
volume_year_length,27,0,2011,4,1,0,1,0,0,0,0,0,0,0
volume_year_length,27,0,2012,1,14,8,10,0,0,0,4,0,0,0
volume_year_length,27,0,2013,1,5,5,4,0,0,0,1,0,0,0
volume_year_length,27,0,2013,2,1,1,0,0,0,0,1,0,0,0
volume_year_length,27,0,2014,1,13,12,10,0,0,0,3,0,0,0
volume_year_length,27,0,2015,1,17,12,15,0,0,0,2,0,0,0
volume_year_length,27,1,2016,0,1,0,1,0,0,0,0,0,0,0
volume_year_length,27,1,2016,1,24,14,17,0,0,0,7,0,0,0
volume_year_length,27,1,2016,2,1,0,1,0,0,0,0,0,0,0
volume_year_length,27,1,2017,1,23,13,20,1,0,0,2,0,0,0
volume_year_length,27,1,2018,1,30,19,27,0,0,0,3,0,0,0
volume_year_length,27,1,2019,1,3,3,3,0,0,0,0,0,0,0
volume_year_length,27,1,2020,1,23,17,23,0,0,0,0,0,0,0
volume_year_length,27,1,2020,2,1,1,1,0,0,0,0,0,0,0
volume_year_length,27,1,2021,1,20,14,17,0,0,0,3,0,0,0
volume_year_length,27,1,2022,1,7,5,5,1,0,0,1,0,0,0
volume_year_length,27,1,2023,1,7,3,7,0,0,0,0,0,0,0
volume_year_length,27,1,2024,1,5,2,3,0,0,0,2,0,0,0
volume_year_length,27,1,2025,1,11,7,9,0,0,0,2,0,0,0
volume_year_length,27,1,2026,1,3,3,3,0,0,0,0,0,0,0
volume_year_length,28,0,2012,1,3,2,3,0,0,0,0,0,0,0
volume_year_length,28,0,2013,1,7,3,6,0,0,0,1,0,0,0
volume_year_length,28,0,2013,2,2,1,0,0,0,0,2,0,0,0
volume_year_length,28,0,2014,1,7,5,6,0,0,0,1,0,0,0
volume_year_length,28,0,2014,2,1,1,1,0,0,0,0,0,0,0
volume_year_length,28,0,2015,1,8,5,5,0,0,0,3,0,0,0
volume_year_length,28,1,2016,1,13,4,12,0,0,0,1,0,0,0
volume_year_length,28,1,2016,2,3,2,2,0,0,0,1,0,0,0
volume_year_length,28,1,2017,1,27,15,23,0,0,0,4,0,0,0
volume_year_length,28,1,2018,0,1,0,1,0,0,0,0,0,0,0
volume_year_length,28,1,2018,1,19,12,19,0,0,0,0,0,0,0
volume_year_length,28,1,2019,0,1,1,1,0,0,0,0,0,0,0
volume_year_length,28,1,2019,1,34,23,27,0,1,0,6,0,0,0
volume_year_length,28,1,2019,2,1,1,1,0,0,0,0,0,0,0
volume_year_length,28,1,2020,1,38,26,30,1,0,0,7,0,0,0
volume_year_length,28,1,2020,2,2,1,2,0,0,0,0,0,0,0
volume_year_length,28,1,2021,0,1,0,1,0,0,0,0,0,0,0
volume_year_length,28,1,2021,1,21,13,14,0,0,0,7,0,0,0
volume_year_length,28,1,2021,2,3,2,3,0,0,0,0,0,0,0
volume_year_length,28,1,2022,1,20,17,16,0,0,0,4,0,0,0
volume_year_length,28,1,2022,2,2,2,1,0,0,0,1,0,0,0
volume_year_length,28,1,2023,1,11,9,9,0,0,0,2,0,0,0
volume_year_length,28,1,2024,1,17,12,10,0,2,0,5,0,0,0
volume_year_length,28,1,2025,1,20,14,16,0,0,0,4,0,0,0
volume_year_length,28,1,2026,1,2,2,2,0,0,0,0,0,0,0
volume_year_length,29,0,2008,1,2,1,2,0,0,0,0,0,0,0
volume_year_length,29,0,2009,1,9,4,8,0,1,0,0,0,0,0
volume_year_length,29,0,2010,1,10,4,10,0,0,0,0,0,0,0
volume_year_length,29,0,2010,2,1,1,1,0,0,0,0,0,0,0
volume_year_length,29,0,2011,1,2,2,1,0,0,0,1,0,0,0
volume_year_length,29,0,2012,1,6,6,6,0,0,0,0,0,0,0
volume_year_length,29,0,2013,1,5,4,4,0,0,0,1,0,0,0
volume_year_length,29,0,2014,1,3,3,3,0,0,0,0,0,0,0
volume_year_length,29,1,2015,1,6,3,6,0,0,0,0,0,0,0
volume_year_length,29,1,2016,1,9,7,8,0,0,0,1,0,0,0
volume_year_length,29,1,2016,2,1,0,1,0,0,0,0,0,0,0
volume_year_length,29,1,2017,1,5,3,5,0,0,0,0,0,0,0
volume_year_length,29,1,2018,1,6,4,5,0,1,0,0,0,0,0
volume_year_length,29,1,2018,2,1,1,1,0,0,0,0,0,0,0
volume_year_length,29,1,2019,1,9,5,9,0,0,0,0,0,0,0
volume_year_length,29,1,2020,1,7,1,7,0,0,0,0,0,0,0
volume_year_length,29,1,2021,1,2,2,2,0,0,0,0,0,0,0
volume_year_length,29,1,2022,1,5,3,5,0,0,0,0,0,0,0
volume_year_length,29,1,2022,2,1,1,1,0,0,0,0,0,0,0
volume_year_length,29,1,2023,1,2,2,2,0,0,0,0,0,0,0
volume_year_length,29,1,2024,1,4,4,4,0,0,0,0,0,0,0
volume_year_length,29,1,2026,1,3,1,3,0,0,0,0,0,0,0
volume_year_length,30,0,2009,1,1,1,0,0,0,0,1,0,0,0
volume_year_length,30,0,2010,1,4,1,4,0,0,0,0,0,0,0
volume_year_length,30,0,2011,0,1,0,1,0,0,0,0,0,0,0
volume_year_length,30,0,2011,1,13,5,11,0,0,0,2,0,0,0
volume_year_length,30,0,2012,1,7,4,6,0,0,0,1,0,0,0
volume_year_length,30,0,2013,0,1,0,1,0,0,0,0,0,0,0
volume_year_length,30,0,2013,1,26,12,19,0,6,0,1,0,0,0
volume_year_length,30,0,2013,3,1,1,0,0,1,0,0,0,0,0
volume_year_length,30,0,2014,1,16,8,15,0,0,0,1,0,0,0
volume_year_length,30,1,2015,1,14,9,13,1,0,0,0,0,0,0
volume_year_length,30,1,2016,0,1,0,1,0,0,0,0,0,0,0
volume_year_length,30,1,2016,1,5,1,5,0,0,0,0,0,0,0
volume_year_length,30,1,2017,0,1,0,1,0,0,0,0,0,0,0
volume_year_length,30,1,2017,1,22,11,22,0,0,0,0,0,0,0
volume_year_length,30,1,2017,2,2,1,1,0,0,0,1,0,0,0
volume_year_length,30,1,2018,1,10,2,9,1,0,0,0,0,0,0
volume_year_length,30,1,2019,1,9,6,6,0,0,0,3,0,0,0
volume_year_length,30,1,2020,1,9,5,7,0,0,0,2,0,0,0
volume_year_length,30,1,2021,1,9,5,8,0,0,0,1,0,0,0
volume_year_length,30,1,2021,2,1,1,1,0,0,0,0,0,0,0
volume_year_length,30,1,2022,1,15,7,14,0,0,0,1,0,0,0
volume_year_length,30,1,2022,2,1,0,1,0,0,0,0,0,0,0
volume_year_length,30,1,2022,3,1,0,1,0,0,0,0,0,0,0
volume_year_length,30,1,2023,0,2,0,2,0,0,0,0,0,0,0
volume_year_length,30,1,2023,1,9,4,8,0,0,0,1,0,0,0
volume_year_length,30,1,2024,1,10,8,9,0,0,0,1,0,0,0
volume_year_length,30,1,2025,1,12,3,10,0,0,0,2,0,0,0
volume_year_length,30,1,2026,1,1,0,1,0,0,0,0,0,0,0
volume_year_length,31,0,2009,1,8,4,7,0,0,0,1,0,0,0
volume_year_length,31,0,2009,2,4,0,3,0,0,0,1,0,0,0
volume_year_length,31,0,2010,1,9,5,9,0,0,0,0,0,0,0
volume_year_length,31,0,2011,1,5,4,5,0,0,0,0,0,0,0
volume_year_length,31,0,2012,1,7,1,7,0,0,0,0,0,0,0
volume_year_length,31,0,2013,1,8,3,7,0,0,0,1,0,0,0
volume_year_length,31,0,2014,1,9,5,7,0,0,0,2,0,0,0
volume_year_length,31,1,2015,1,15,0,10,0,4,0,1,0,0,0
volume_year_length,31,1,2015,2,1,1,0,0,1,0,0,0,0,0
volume_year_length,31,1,2016,1,14,6,12,0,1,0,1,0,0,0
volume_year_length,31,1,2016,2,2,0,1,0,0,0,1,0,0,0
volume_year_length,31,1,2016,4,1,1,0,0,0,0,0,0,1,0
volume_year_length,31,1,2017,1,2,1,1,0,0,0,1,0,0,0
volume_year_length,31,1,2018,1,5,2,3,0,0,0,2,0,0,0
volume_year_length,31,1,2019,1,3,1,3,0,0,0,0,0,0,0
volume_year_length,31,1,2020,0,1,1,1,0,0,0,0,0,0,0
volume_year_length,31,1,2020,1,5,1,5,0,0,0,0,0,0,0
volume_year_length,31,1,2021,1,1,0,0,0,0,0,1,0,0,0
volume_year_length,31,1,2022,1,2,1,2,0,0,0,0,0,0,0
volume_year_length,31,1,2023,1,7,3,5,0,0,0,2,0,0,0
volume_year_length,31,1,2023,2,1,0,1,0,0,0,0,0,0,0
volume_year_length,31,1,2024,1,2,0,2,0,0,0,0,0,0,0
volume_year_length,31,1,2025,1,7,2,7,0,0,0,0,0,0,0
volume_year_length,31,1,2026,1,2,1,2,0,0,0,0,0,0,0
volume_year_length,32,0,2008,1,1,1,1,0,0,0,0,0,0,0
volume_year_length,32,0,2009,1,22,8,19,0,2,0,1,0,0,0
volume_year_length,32,0,2009,2,1,1,1,0,0,0,0,0,0,0
volume_year_length,32,0,2010,1,6,3,6,0,0,0,0,0,0,0
volume_year_length,32,0,2011,1,38,24,34,0,0,0,4,0,0,0
volume_year_length,32,0,2011,2,2,2,2,0,0,0,0,0,0,0
volume_year_length,32,0,2012,1,1,0,1,0,0,0,0,0,0,0
volume_year_length,32,0,2012,2,1,0,1,0,0,0,0,0,0,0
volume_year_length,32,0,2013,0,5,0,5,0,0,0,0,0,0,0
volume_year_length,32,0,2013,1,6,0,6,0,0,0,0,0,0,0
volume_year_length,32,0,2013,2,1,0,1,0,0,0,0,0,0,0
volume_year_length,32,0,2014,1,53,19,52,0,0,0,1,0,0,0
volume_year_length,32,0,2014,2,6,4,6,0,0,0,0,0,0,0
volume_year_length,32,0,2014,4,1,0,1,0,0,0,0,0,0,0
volume_year_length,32,1,2015,1,2,2,2,0,0,0,0,0,0,0
volume_year_length,32,1,2017,1,1,1,1,0,0,0,0,0,0,0
volume_year_length,32,1,2018,1,20,7,17,0,1,0,2,0,0,0
volume_year_length,32,1,2018,2,2,2,1,0,0,0,1,0,0,0
volume_year_length,32,1,2019,1,2,1,2,0,0,0,0,0,0,0
volume_year_length,32,1,2020,1,47,22,47,0,0,0,0,0,0,0
volume_year_length,32,1,2020,2,1,1,1,0,0,0,0,0,0,0
volume_year_length,32,1,2021,1,15,12,14,0,1,0,0,0,0,0
volume_year_length,32,1,2023,1,2,1,1,0,0,0,1,0,0,0
volume_year_length,32,1,2023,2,1,0,1,0,0,0,0,0,0,0
volume_year_length,32,1,2025,1,2,1,1,0,0,0,1,0,0,0
volume_year_length,33,0,2008,1,10,6,10,0,0,0,0,0,0,0
volume_year_length,33,0,2009,1,14,9,10,0,1,0,3,0,0,0
volume_year_length,33,0,2009,2,1,0,1,0,0,0,0,0,0,0
volume_year_length,33,0,2009,4,1,0,1,0,0,0,0,0,0,0
volume_year_length,33,0,2010,0,1,0,1,0,0,0,0,0,0,0
volume_year_length,33,0,2010,1,8,5,7,0,0,0,1,0,0,0
volume_year_length,33,0,2011,1,16,15,12,0,2,0,2,0,0,0
volume_year_length,33,0,2011,4,1,1,0,0,0,0,0,1,0,0
volume_year_length,33,0,2013,1,9,7,9,0,0,0,0,0,0,0
volume_year_length,33,0,2014,1,11,8,8,0,0,0,3,0,0,0
volume_year_length,33,0,2014,2,3,2,1,0,0,0,2,0,0,0
volume_year_length,33,1,2015,1,8,4,5,0,0,0,3,0,0,0
volume_year_length,33,1,2016,1,4,3,2,0,0,0,2,0,0,0
volume_year_length,33,1,2016,2,1,0,1,0,0,0,0,0,0,0
volume_year_length,33,1,2017,0,2,0,2,0,0,0,0,0,0,0
volume_year_length,33,1,2017,1,28,20,24,0,1,0,3,0,0,0
volume_year_length,33,1,2017,2,1,0,1,0,0,0,0,0,0,0
volume_year_length,33,1,2018,1,11,6,9,0,0,0,2,0,0,0
volume_year_length,33,1,2018,2,3,1,3,0,0,0,0,0,0,0
volume_year_length,33,1,2019,0,1,0,1,0,0,0,0,0,0,0
volume_year_length,33,1,2019,1,6,3,5,0,0,0,1,0,0,0
volume_year_length,33,1,2019,2,2,2,1,0,0,0,1,0,0,0
volume_year_length,33,1,2020,1,3,2,3,0,0,0,0,0,0,0
volume_year_length,33,1,2022,1,1,1,1,0,0,0,0,0,0,0
volume_year_length,33,1,2023,1,1,1,1,0,0,0,0,0,0,0
volume_year_length,33,1,2024,1,1,1,1,0,0,0,0,0,0,0
volume_year_length,33,1,2025,1,1,1,1,0,0,0,0,0,0,0
volume_year_length,33,1,2026,1,1,1,1,0,0,0,0,0,0,0
volume_year_length,34,0,2008,1,1,0,1,0,0,0,0,0,0,0
volume_year_length,34,0,2009,1,3,0,2,0,0,0,0,0,1,0
volume_year_length,34,0,2010,1,1,0,1,0,0,0,0,0,0,0
volume_year_length,34,0,2011,1,16,7,15,0,1,0,0,0,0,0
volume_year_length,34,0,2011,2,3,1,3,0,0,0,0,0,0,0
volume_year_length,34,0,2013,1,10,0,10,0,0,0,0,0,0,0
volume_year_length,34,0,2014,1,2,2,2,0,0,0,0,0,0,0
volume_year_length,34,1,2015,1,12,3,12,0,0,0,0,0,0,0
volume_year_length,34,1,2016,1,17,8,16,0,0,0,1,0,0,0
volume_year_length,34,1,2017,1,17,8,14,1,0,0,2,0,0,0
volume_year_length,34,1,2017,2,2,0,2,0,0,0,0,0,0,0
volume_year_length,34,1,2018,1,1,1,1,0,0,0,0,0,0,0
volume_year_length,34,1,2019,1,2,0,2,0,0,0,0,0,0,0
volume_year_length,34,1,2020,1,1,0,1,0,0,0,0,0,0,0
volume_year_length,34,1,2021,1,4,1,4,0,0,0,0,0,0,0
volume_year_length,34,1,2022,1,1,0,1,0,0,0,0,0,0,0
volume_year_length,34,1,2024,1,6,6,4,0,1,0,1,0,0,0
volume_year_length,34,1,2025,1,1,0,1,0,0,0,0,0,0,0
volume_year_length,35,0,2008,1,2,1,2,0,0,0,0,0,0,0
volume_year_length,35,0,2010,1,2,1,2,0,0,0,0,0,0,0
volume_year_length,35,0,2011,1,1,1,1,0,0,0,0,0,0,0
volume_year_length,35,0,2012,1,7,4,6,0,0,0,1,0,0,0
volume_year_length,35,0,2014,1,5,3,5,0,0,0,0,0,0,0
volume_year_length,35,1,2015,1,2,1,2,0,0,0,0,0,0,0
volume_year_length,35,1,2016,1,1,1,1,0,0,0,0,0,0,0
volume_year_length,35,1,2016,2,1,1,0,0,0,0,1,0,0,0
volume_year_length,35,1,2017,1,3,2,3,0,0,0,0,0,0,0
volume_year_length,35,1,2018,1,1,0,0,0,0,0,1,0,0,0
volume_year_length,35,1,2020,1,5,2,5,0,0,0,0,0,0,0
volume_year_length,35,1,2021,1,6,5,5,0,0,0,1,0,0,0
volume_year_length,35,1,2022,1,3,1,3,0,0,0,0,0,0,0
volume_year_length,35,1,2024,1,2,2,2,0,0,0,0,0,0,0
volume_year_length,35,1,2025,1,2,2,2,0,0,0,0,0,0,0
volume_year_length,36,0,2007,1,5,3,5,0,0,0,0,0,0,0
volume_year_length,36,0,2008,1,2,2,2,0,0,0,0,0,0,0
volume_year_length,36,0,2009,1,3,3,3,0,0,0,0,0,0,0
volume_year_length,36,0,2009,2,1,1,1,0,0,0,0,0,0,0
volume_year_length,36,0,2010,1,19,14,18,0,1,0,0,0,0,0
volume_year_length,36,0,2010,2,1,1,0,0,1,0,0,0,0,0
volume_year_length,36,0,2011,1,32,16,28,0,0,0,4,0,0,0
volume_year_length,36,0,2011,2,2,1,2,0,0,0,0,0,0,0
volume_year_length,36,0,2012,1,39,21,38,0,0,0,1,0,0,0
volume_year_length,36,0,2012,2,8,4,8,0,0,0,0,0,0,0
volume_year_length,36,0,2012,3,1,0,1,0,0,0,0,0,0,0
volume_year_length,36,0,2013,1,17,15,16,0,0,0,1,0,0,0
volume_year_length,36,0,2013,2,2,2,2,0,0,0,0,0,0,0
volume_year_length,36,0,2014,0,1,0,1,0,0,0,0,0,0,0
volume_year_length,36,0,2014,1,20,14,20,0,0,0,0,0,0,0
volume_year_length,36,0,2014,2,1,1,1,0,0,0,0,0,0,0
volume_year_length,36,1,2015,1,29,18,28,0,0,0,1,0,0,0
volume_year_length,36,1,2015,2,3,1,3,0,0,0,0,0,0,0
volume_year_length,36,1,2016,0,1,0,1,0,0,0,0,0,0,0
volume_year_length,36,1,2016,1,18,7,17,0,0,0,1,0,0,0
volume_year_length,36,1,2017,1,18,9,15,0,0,0,3,0,0,0
volume_year_length,36,1,2018,1,6,4,5,0,0,0,1,0,0,0
volume_year_length,36,1,2018,2,2,1,1,0,0,0,0,1,0,0
volume_year_length,36,1,2019,1,5,5,3,1,0,0,1,0,0,0
volume_year_length,36,1,2019,2,1,1,1,0,0,0,0,0,0,0
volume_year_length,36,1,2020,1,6,4,5,0,0,0,1,0,0,0
volume_year_length,36,1,2022,1,7,5,7,0,0,0,0,0,0,0
volume_year_length,36,1,2023,1,1,1,1,0,0,0,0,0,0,0
volume_year_length,36,1,2024,1,3,1,3,0,0,0,0,0,0,0
volume_year_length,36,1,2025,1,3,3,3,0,0,0,0,0,0,0
volume_year_length,36,1,2026,1,2,0,2,0,0,0,0,0,0,0
volume_year_length,37,0,2009,1,2,1,2,0,0,0,0,0,0,0
volume_year_length,37,0,2010,0,1,0,1,0,0,0,0,0,0,0
volume_year_length,37,0,2010,1,4,3,4,0,0,0,0,0,0,0
volume_year_length,37,0,2011,1,1,1,1,0,0,0,0,0,0,0
volume_year_length,37,0,2012,1,2,1,2,0,0,0,0,0,0,0
volume_year_length,37,0,2013,1,4,2,4,0,0,0,0,0,0,0
volume_year_length,37,0,2014,1,12,11,6,0,0,0,6,0,0,0
volume_year_length,37,0,2014,2,2,0,2,0,0,0,0,0,0,0
volume_year_length,37,1,2015,1,4,3,4,0,0,0,0,0,0,0
volume_year_length,37,1,2016,1,16,14,11,0,0,0,4,1,0,0
volume_year_length,37,1,2017,1,7,3,7,0,0,0,0,0,0,0
volume_year_length,37,1,2018,1,3,1,2,0,0,0,1,0,0,0
volume_year_length,37,1,2019,1,1,0,1,0,0,0,0,0,0,0
volume_year_length,37,1,2019,2,3,1,3,0,0,0,0,0,0,0
volume_year_length,37,1,2019,4,1,0,0,0,1,0,0,0,0,0
volume_year_length,37,1,2020,1,8,5,1,0,0,0,7,0,0,0
volume_year_length,37,1,2021,1,1,1,1,0,0,0,0,0,0,0
volume_year_length,37,1,2022,1,6,6,6,0,0,0,0,0,0,0
volume_year_length,37,1,2023,1,1,1,0,0,0,0,1,0,0,0
volume_year_length,37,1,2025,1,5,4,3,0,1,0,1,0,0,0
volume_year_length,37,1,2026,1,1,1,0,0,0,0,1,0,0,0
volume_year_length,38,0,2008,1,1,1,0,0,0,0,1,0,0,0
volume_year_length,38,0,2009,1,16,9,16,0,0,0,0,0,0,0
volume_year_length,38,0,2010,1,6,4,5,0,0,0,1,0,0,0
volume_year_length,38,0,2010,2,1,1,0,0,0,0,1,0,0,0
volume_year_length,38,0,2011,1,5,3,5,0,0,0,0,0,0,0
volume_year_length,38,0,2011,2,2,2,1,0,0,0,1,0,0,0
volume_year_length,38,0,2012,1,3,1,3,0,0,0,0,0,0,0
volume_year_length,38,0,2013,0,2,0,2,0,0,0,0,0,0,0
volume_year_length,38,0,2013,1,12,6,12,0,0,0,0,0,0,0
volume_year_length,38,0,2013,4,2,2,2,0,0,0,0,0,0,0
volume_year_length,38,0,2014,1,4,2,4,0,0,0,0,0,0,0
volume_year_length,38,1,2015,1,11,5,9,0,0,0,2,0,0,0
volume_year_length,38,1,2015,2,4,3,2,0,0,0,2,0,0,0
volume_year_length,38,1,2016,1,4,4,2,0,0,0,2,0,0,0
volume_year_length,38,1,2016,3,1,1,1,0,0,0,0,0,0,0
volume_year_length,38,1,2017,1,7,4,7,0,0,0,0,0,0,0
volume_year_length,38,1,2017,2,1,1,0,0,0,0,1,0,0,0
volume_year_length,38,1,2018,1,2,2,2,0,0,0,0,0,0,0
volume_year_length,38,1,2019,1,4,2,4,0,0,0,0,0,0,0
volume_year_length,38,1,2020,0,1,0,1,0,0,0,0,0,0,0
volume_year_length,38,1,2020,1,10,4,10,0,0,0,0,0,0,0
volume_year_length,38,1,2021,1,11,4,11,0,0,0,0,0,0,0
volume_year_length,38,1,2022,1,17,10,13,1,0,0,3,0,0,0
volume_year_length,38,1,2023,1,12,8,8,0,0,0,4,0,0,0
volume_year_length,38,1,2024,1,6,3,5,0,0,0,1,0,0,0
volume_year_length,38,1,2025,1,3,1,3,0,0,0,0,0,0,0
volume_year_length,38,1,2026,1,2,2,1,0,0,0,1,0,0,0
volume_year_length,39,0,2009,1,3,3,3,0,0,0,0,0,0,0
volume_year_length,39,0,2010,1,3,2,3,0,0,0,0,0,0,0
volume_year_length,39,0,2011,1,10,4,10,0,0,0,0,0,0,0
volume_year_length,39,0,2011,2,1,1,1,0,0,0,0,0,0,0
volume_year_length,39,0,2012,1,2,2,2,0,0,0,0,0,0,0
volume_year_length,39,0,2013,1,10,9,9,0,1,0,0,0,0,0
volume_year_length,39,0,2014,1,7,3,6,0,0,0,1,0,0,0
volume_year_length,39,1,2015,1,12,9,12,0,0,0,0,0,0,0
volume_year_length,39,1,2015,2,1,1,1,0,0,0,0,0,0,0
volume_year_length,39,1,2016,1,7,6,6,0,0,0,1,0,0,0
volume_year_length,39,1,2017,1,15,11,13,0,0,0,2,0,0,0
volume_year_length,39,1,2018,1,8,6,8,0,0,0,0,0,0,0
volume_year_length,39,1,2019,1,7,4,7,0,0,0,0,0,0,0
volume_year_length,39,1,2019,2,1,0,1,0,0,0,0,0,0,0
volume_year_length,39,1,2020,1,3,2,3,0,0,0,0,0,0,0
volume_year_length,39,1,2021,1,6,3,5,1,0,0,0,0,0,0
volume_year_length,39,1,2022,1,12,8,10,0,2,0,0,0,0,0
volume_year_length,39,1,2023,1,5,2,5,0,0,0,0,0,0,0
volume_year_length,39,1,2024,1,2,2,1,0,0,0,1,0,0,0
volume_year_length,39,1,2026,1,5,4,5,0,0,0,0,0,0,0
volume_year_length,39,1,2026,2,1,1,1,0,0,0,0,0,0,0
volume_year_length,40,0,2009,1,1,1,1,0,0,0,0,0,0,0
volume_year_length,40,0,2010,1,2,1,2,0,0,0,0,0,0,0
volume_year_length,40,0,2011,1,12,9,10,0,0,0,2,0,0,0
volume_year_length,40,0,2011,2,2,0,2,0,0,0,0,0,0,0
volume_year_length,40,0,2012,1,1,1,1,0,0,0,0,0,0,0
volume_year_length,40,0,2013,1,3,2,3,0,0,0,0,0,0,0
volume_year_length,40,1,2015,1,7,7,6,0,0,0,1,0,0,0
volume_year_length,40,1,2016,1,16,6,14,0,1,0,1,0,0,0
volume_year_length,40,1,2017,1,1,0,1,0,0,0,0,0,0,0
volume_year_length,40,1,2018,1,3,2,3,0,0,0,0,0,0,0
volume_year_length,40,1,2020,1,3,3,2,0,0,0,1,0,0,0
volume_year_length,40,1,2021,0,1,0,1,0,0,0,0,0,0,0
volume_year_length,40,1,2021,1,4,2,4,0,0,0,0,0,0,0
volume_year_length,40,1,2023,1,3,3,3,0,0,0,0,0,0,0
volume_year_length,40,1,2025,1,7,4,7,0,0,0,0,0,0,0
volume_year_length,41,0,1987,1,1,1,1,0,0,0,0,0,0,0
volume_year_length,41,0,1988,1,5,3,4,0,0,0,1,0,0,0
volume_year_length,41,0,1992,1,1,0,1,0,0,0,0,0,0,0
volume_year_length,41,0,1993,1,1,1,1,0,0,0,0,0,0,0
volume_year_length,41,0,1998,1,3,2,2,0,0,0,1,0,0,0
volume_year_length,41,0,1999,1,2,2,2,0,0,0,0,0,0,0
volume_year_length,41,0,2000,1,2,1,2,0,0,0,0,0,0,0
volume_year_length,41,0,2002,1,1,1,0,0,0,0,1,0,0,0
volume_year_length,41,0,2003,1,8,4,8,0,0,0,0,0,0,0
volume_year_length,41,0,2004,1,2,2,0,0,0,0,2,0,0,0
volume_year_length,41,0,2004,2,1,0,0,0,0,0,1,0,0,0
volume_year_length,41,0,2005,1,3,1,3,0,0,0,0,0,0,0
volume_year_length,41,0,2006,1,9,5,9,0,0,0,0,0,0,0
volume_year_length,41,0,2007,1,7,2,6,0,0,0,1,0,0,0
volume_year_length,41,0,2008,1,6,5,6,0,0,0,0,0,0,0
volume_year_length,41,0,2008,2,1,0,1,0,0,0,0,0,0,0
volume_year_length,41,0,2009,1,19,8,15,0,2,0,2,0,0,0
volume_year_length,41,0,2010,1,3,0,3,0,0,0,0,0,0,0
volume_year_length,41,0,2011,0,1,0,1,0,0,0,0,0,0,0
volume_year_length,41,0,2011,1,13,11,11,0,1,0,1,0,0,0
volume_year_length,41,0,2012,1,2,1,1,0,0,0,1,0,0,0
volume_year_length,41,0,2013,1,4,2,3,0,0,0,1,0,0,0
volume_year_length,41,0,2013,2,1,0,1,0,0,0,0,0,0,0
volume_year_length,41,1,2014,1,20,7,15,0,3,0,2,0,0,0
volume_year_length,41,1,2015,1,4,4,4,0,0,0,0,0,0,0
volume_year_length,41,1,2016,1,6,4,5,0,0,0,1,0,0,0
volume_year_length,41,1,2016,2,1,1,0,0,0,0,1,0,0,0
volume_year_length,41,1,2017,1,10,3,9,0,0,0,1,0,0,0
volume_year_length,41,1,2018,1,5,3,5,0,0,0,0,0,0,0
volume_year_length,41,1,2019,1,8,3,6,0,0,0,2,0,0,0
volume_year_length,41,1,2020,1,3,2,3,0,0,0,0,0,0,0
volume_year_length,41,1,2021,1,8,4,8,0,0,0,0,0,0,0
volume_year_length,41,1,2022,1,6,1,5,0,0,0,1,0,0,0
volume_year_length,41,1,2023,1,8,3,7,0,0,0,1,0,0,0
volume_year_length,41,1,2024,1,3,3,3,0,0,0,0,0,0,0
volume_year_length,42,0,2008,1,8,7,7,0,0,0,1,0,0,0
volume_year_length,42,0,2009,1,2,2,2,0,0,0,0,0,0,0
volume_year_length,42,0,2010,1,3,0,3,0,0,0,0,0,0,0
volume_year_length,42,0,2012,1,2,1,1,0,0,0,1,0,0,0
volume_year_length,42,0,2012,2,1,1,1,0,0,0,0,0,0,0
volume_year_length,42,0,2013,1,3,3,3,0,0,0,0,0,0,0
volume_year_length,42,0,2013,2,1,1,1,0,0,0,0,0,0,0
volume_year_length,42,0,2014,1,2,2,2,0,0,0,0,0,0,0
volume_year_length,42,0,2015,1,5,5,5,0,0,0,0,0,0,0
volume_year_length,42,1,2016,1,4,2,4,0,0,0,0,0,0,0
volume_year_length,42,1,2017,1,1,1,1,0,0,0,0,0,0,0
volume_year_length,42,1,2018,1,6,4,4,0,0,0,2,0,0,0
volume_year_length,42,1,2019,1,7,4,7,0,0,0,0,0,0,0
volume_year_length,42,1,2020,1,5,5,4,0,0,0,1,0,0,0
volume_year_length,42,1,2023,1,1,1,1,0,0,0,0,0,0,0
volume_year_length,42,1,2024,1,4,1,4,0,0,0,0,0,0,0
volume_year_length,42,1,2025,1,3,3,2,0,0,0,1,0,0,0
volume_year_length,42,1,2026,1,5,4,3,0,0,0,2,0,0,0
volume_year_length,43,0,2010,1,4,4,4,0,0,0,0,0,0,0
volume_year_length,43,0,2011,1,6,1,6,0,0,0,0,0,0,0
volume_year_length,43,0,2012,1,2,1,2,0,0,0,0,0,0,0
volume_year_length,43,0,2012,2,1,0,1,0,0,0,0,0,0,0
volume_year_length,43,0,2013,1,2,0,2,0,0,0,0,0,0,0
volume_year_length,43,0,2014,0,1,0,1,0,0,0,0,0,0,0
volume_year_length,43,0,2014,1,7,2,6,0,0,0,1,0,0,0
volume_year_length,43,0,2015,0,1,0,1,0,0,0,0,0,0,0
volume_year_length,43,0,2015,1,13,11,11,0,0,0,2,0,0,0
volume_year_length,43,0,2015,2,2,2,2,0,0,0,0,0,0,0
volume_year_length,43,1,2016,1,12,3,11,0,0,0,1,0,0,0
volume_year_length,43,1,2017,1,4,2,3,0,0,0,1,0,0,0
volume_year_length,43,1,2017,3,1,0,1,0,0,0,0,0,0,0
volume_year_length,43,1,2018,1,23,5,20,0,0,0,3,0,0,0
volume_year_length,43,1,2019,1,8,4,8,0,0,0,0,0,0,0
volume_year_length,43,1,2019,2,1,0,1,0,0,0,0,0,0,0
volume_year_length,43,1,2020,1,5,4,5,0,0,0,0,0,0,0
volume_year_length,43,1,2021,1,4,2,2,0,0,0,2,0,0,0
volume_year_length,43,1,2022,1,1,1,0,0,0,0,1,0,0,0
volume_year_length,43,1,2024,1,1,1,1,0,0,0,0,0,0,0
volume_year_length,43,1,2025,1,1,0,1,0,0,0,0,0,0,0
volume_year_length,44,0,2008,1,1,1,1,0,0,0,0,0,0,0
volume_year_length,44,0,2009,1,2,1,2,0,0,0,0,0,0,0
volume_year_length,44,0,2010,1,2,1,2,0,0,0,0,0,0,0
volume_year_length,44,0,2011,1,1,0,1,0,0,0,0,0,0,0
volume_year_length,44,0,2012,1,4,4,3,0,0,0,1,0,0,0
volume_year_length,44,0,2013,1,4,1,4,0,0,0,0,0,0,0
volume_year_length,44,0,2014,1,6,2,6,0,0,0,0,0,0,0
volume_year_length,44,1,2015,1,4,3,4,0,0,0,0,0,0,0
volume_year_length,44,1,2016,1,4,3,4,0,0,0,0,0,0,0
volume_year_length,44,1,2017,1,5,5,5,0,0,0,0,0,0,0
volume_year_length,44,1,2018,1,24,13,22,0,1,0,1,0,0,0
volume_year_length,44,1,2019,1,2,1,2,0,0,0,0,0,0,0
volume_year_length,44,1,2020,1,7,5,3,0,0,0,4,0,0,0
volume_year_length,44,1,2020,2,1,0,1,0,0,0,0,0,0,0
volume_year_length,44,1,2021,1,7,7,6,0,0,0,1,0,0,0
volume_year_length,44,1,2022,1,1,1,1,0,0,0,0,0,0,0
volume_year_length,44,1,2023,1,8,5,8,0,0,0,0,0,0,0
volume_year_length,44,1,2024,1,1,0,1,0,0,0,0,0,0,0
volume_year_length,44,1,2025,1,3,3,3,0,0,0,0,0,0,0
volume_year_length,45,0,2008,1,2,2,2,0,0,0,0,0,0,0
volume_year_length,45,0,2009,1,1,1,0,0,0,0,1,0,0,0
volume_year_length,45,0,2010,1,6,6,5,0,0,0,1,0,0,0
volume_year_length,45,0,2010,2,2,1,1,0,0,0,1,0,0,0
volume_year_length,45,0,2011,0,1,0,1,0,0,0,0,0,0,0
volume_year_length,45,0,2011,1,10,6,5,0,0,0,5,0,0,0
volume_year_length,45,0,2011,2,1,0,0,0,0,0,1,0,0,0
volume_year_length,45,0,2012,1,18,8,15,0,0,0,3,0,0,0
volume_year_length,45,0,2013,1,8,7,7,0,0,0,1,0,0,0
volume_year_length,45,0,2014,1,5,5,5,0,0,0,0,0,0,0
volume_year_length,45,1,2015,1,8,5,7,0,0,0,1,0,0,0
volume_year_length,45,1,2015,2,1,1,0,0,0,0,1,0,0,0
volume_year_length,45,1,2017,1,7,6,7,0,0,0,0,0,0,0
volume_year_length,45,1,2018,0,1,0,1,0,0,0,0,0,0,0
volume_year_length,45,1,2018,1,3,2,3,0,0,0,0,0,0,0
volume_year_length,45,1,2019,0,1,1,1,0,0,0,0,0,0,0
volume_year_length,45,1,2020,1,6,6,6,0,0,0,0,0,0,0
volume_year_length,45,1,2021,1,9,5,7,0,0,0,2,0,0,0
volume_year_length,45,1,2022,1,13,11,9,0,0,0,4,0,0,0
volume_year_length,45,1,2023,1,9,8,6,0,0,0,3,0,0,0
volume_year_length,45,1,2024,1,2,0,2,0,0,0,0,0,0,0
volume_year_length,45,1,2025,1,2,2,2,0,0,0,0,0,0,0
volume_year_length,46,0,2009,1,2,1,2,0,0,0,0,0,0,0
volume_year_length,46,0,2009,2,1,1,1,0,0,0,0,0,0,0
volume_year_length,46,0,2010,1,4,0,4,0,0,0,0,0,0,0
volume_year_length,46,0,2011,1,8,4,8,0,0,0,0,0,0,0
volume_year_length,46,0,2011,2,1,0,1,0,0,0,0,0,0,0
volume_year_length,46,0,2012,0,1,0,1,0,0,0,0,0,0,0
volume_year_length,46,0,2012,1,10,4,8,0,0,0,2,0,0,0
volume_year_length,46,0,2012,2,1,1,1,0,0,0,0,0,0,0
volume_year_length,46,0,2013,1,6,2,6,0,0,0,0,0,0,0
volume_year_length,46,0,2014,1,6,4,5,0,0,0,1,0,0,0
volume_year_length,46,0,2014,3,1,0,0,0,0,0,1,0,0,0
volume_year_length,46,1,2015,1,9,3,9,0,0,0,0,0,0,0
volume_year_length,46,1,2015,2,1,1,0,0,1,0,0,0,0,0
volume_year_length,46,1,2016,1,5,5,4,0,0,0,1,0,0,0
volume_year_length,46,1,2017,1,5,4,5,0,0,0,0,0,0,0
volume_year_length,46,1,2018,1,8,3,8,0,0,0,0,0,0,0
volume_year_length,46,1,2019,1,6,1,6,0,0,0,0,0,0,0
volume_year_length,46,1,2020,1,2,2,2,0,0,0,0,0,0,0
volume_year_length,46,1,2021,1,1,1,1,0,0,0,0,0,0,0
volume_year_length,46,1,2022,0,1,1,1,0,0,0,0,0,0,0
volume_year_length,46,1,2022,1,6,4,6,0,0,0,0,0,0,0
volume_year_length,46,1,2023,1,3,2,3,0,0,0,0,0,0,0
volume_year_length,46,1,2024,1,2,1,2,0,0,0,0,0,0,0
volume_year_length,46,1,2026,1,2,2,1,0,0,0,1,0,0,0
volume_year_length,47,0,2007,1,1,0,1,0,0,0,0,0,0,0
volume_year_length,47,0,2009,1,6,3,6,0,0,0,0,0,0,0
volume_year_length,47,0,2009,2,1,1,1,0,0,0,0,0,0,0
volume_year_length,47,0,2010,1,3,2,3,0,0,0,0,0,0,0
volume_year_length,47,0,2010,2,1,0,1,0,0,0,0,0,0,0
volume_year_length,47,0,2011,0,3,0,3,0,0,0,0,0,0,0
volume_year_length,47,0,2011,1,63,27,55,1,6,0,1,0,0,0
volume_year_length,47,0,2011,2,2,0,2,0,0,0,0,0,0,0
volume_year_length,47,0,2011,4,1,1,0,0,1,0,0,0,0,0
volume_year_length,47,0,2012,1,2,0,2,0,0,0,0,0,0,0
volume_year_length,47,0,2013,1,12,7,8,0,2,0,2,0,0,0
volume_year_length,47,0,2014,1,6,4,6,0,0,0,0,0,0,0
volume_year_length,47,0,2014,2,2,0,2,0,0,0,0,0,0,0
volume_year_length,47,1,2015,1,4,3,3,0,0,0,1,0,0,0
volume_year_length,47,1,2015,2,1,1,1,0,0,0,0,0,0,0
volume_year_length,47,1,2016,1,2,0,2,0,0,0,0,0,0,0
volume_year_length,47,1,2017,1,4,3,4,0,0,0,0,0,0,0
volume_year_length,47,1,2018,1,4,2,4,0,0,0,0,0,0,0
volume_year_length,47,1,2019,1,4,1,4,0,0,0,0,0,0,0
volume_year_length,47,1,2020,1,6,2,6,0,0,0,0,0,0,0
volume_year_length,47,1,2020,3,1,0,1,0,0,0,0,0,0,0
volume_year_length,47,1,2021,1,2,2,1,0,0,0,1,0,0,0
volume_year_length,47,1,2021,2,1,1,1,0,0,0,0,0,0,0
volume_year_length,47,1,2022,1,1,0,1,0,0,0,0,0,0,0
volume_year_length,47,1,2022,2,1,1,1,0,0,0,0,0,0,0
volume_year_length,47,1,2023,1,2,1,2,0,0,0,0,0,0,0
volume_year_length,47,1,2024,1,1,0,1,0,0,0,0,0,0,0
volume_year_length,47,1,2025,1,1,1,1,0,0,0,0,0,0,0
volume_year_length,48,0,2003,1,1,0,1,0,0,0,0,0,0,0
volume_year_length,48,0,2010,1,2,1,2,0,0,0,0,0,0,0
volume_year_length,48,0,2010,2,1,0,1,0,0,0,0,0,0,0
volume_year_length,48,0,2011,1,1,0,1,0,0,0,0,0,0,0
volume_year_length,48,0,2012,1,14,3,14,0,0,0,0,0,0,0
volume_year_length,48,0,2012,2,3,2,2,0,0,0,1,0,0,0
volume_year_length,48,0,2013,1,6,1,6,0,0,0,0,0,0,0
volume_year_length,48,0,2013,2,1,1,1,0,0,0,0,0,0,0
volume_year_length,48,0,2014,1,20,11,19,0,0,0,1,0,0,0
volume_year_length,48,0,2014,2,2,0,2,0,0,0,0,0,0,0
volume_year_length,48,0,2015,1,42,11,41,0,0,0,1,0,0,0
volume_year_length,48,0,2015,3,1,0,1,0,0,0,0,0,0,0
volume_year_length,48,1,2016,1,32,12,31,0,0,0,1,0,0,0
volume_year_length,48,1,2017,0,1,0,1,0,0,0,0,0,0,0
volume_year_length,48,1,2017,1,36,13,34,0,1,0,1,0,0,0
volume_year_length,48,1,2018,1,12,2,11,0,0,0,1,0,0,0
volume_year_length,48,1,2019,0,1,0,1,0,0,0,0,0,0,0
volume_year_length,48,1,2019,1,18,3,18,0,0,0,0,0,0,0
volume_year_length,48,1,2020,1,15,3,14,0,1,0,0,0,0,0
volume_year_length,48,1,2021,1,19,9,19,0,0,0,0,0,0,0
volume_year_length,48,1,2022,1,16,6,15,0,0,0,1,0,0,0
volume_year_length,48,1,2023,0,1,0,1,0,0,0,0,0,0,0
volume_year_length,48,1,2023,1,12,3,12,0,0,0,0,0,0,0
volume_year_length,48,1,2024,1,14,5,14,0,0,0,0,0,0,0
volume_year_length,48,1,2025,1,6,4,6,0,0,0,0,0,0,0
volume_year_length,48,1,2026,1,2,1,2,0,0,0,0,0,0,0
volume_year_length,49,0,2006,1,1,0,1,0,0,0,0,0,0,0
volume_year_length,49,0,2009,1,5,5,5,0,0,0,0,0,0,0
volume_year_length,49,0,2010,1,5,5,5,0,0,0,0,0,0,0
volume_year_length,49,0,2010,2,1,1,1,0,0,0,0,0,0,0
volume_year_length,49,0,2011,1,4,2,3,0,0,0,1,0,0,0
volume_year_length,49,0,2012,1,16,14,14,0,0,0,2,0,0,0
volume_year_length,49,0,2012,2,1,1,1,0,0,0,0,0,0,0
volume_year_length,49,0,2013,1,10,7,9,0,0,0,1,0,0,0
volume_year_length,49,0,2014,1,10,8,8,1,0,0,1,0,0,0
volume_year_length,49,1,2015,1,9,7,9,0,0,0,0,0,0,0
volume_year_length,49,1,2016,1,17,12,13,0,0,0,4,0,0,0
volume_year_length,49,1,2017,1,9,9,8,0,0,0,1,0,0,0
volume_year_length,49,1,2017,2,1,1,1,0,0,0,0,0,0,0
volume_year_length,49,1,2018,1,7,5,6,0,0,0,1,0,0,0
volume_year_length,49,1,2018,2,4,4,4,0,0,0,0,0,0,0
volume_year_length,49,1,2019,1,2,2,2,0,0,0,0,0,0,0
volume_year_length,49,1,2020,0,1,0,1,0,0,0,0,0,0,0
volume_year_length,49,1,2020,1,12,9,11,0,0,0,1,0,0,0
volume_year_length,49,1,2021,1,10,9,9,0,0,0,1,0,0,0
volume_year_length,49,1,2022,1,4,4,4,0,0,0,0,0,0,0
volume_year_length,49,1,2023,1,2,2,2,0,0,0,0,0,0,0
volume_year_length,49,1,2024,1,2,1,1,0,0,0,1,0,0,0
volume_year_length,49,1,2025,1,5,4,5,0,0,0,0,0,0,0
volume_year_length,50,0,2011,1,4,1,4,0,0,0,0,0,0,0
volume_year_length,50,0,2012,0,1,0,1,0,0,0,0,0,0,0
volume_year_length,50,0,2012,1,7,7,7,0,0,0,0,0,0,0
volume_year_length,50,0,2013,0,1,0,1,0,0,0,0,0,0,0
volume_year_length,50,0,2013,1,16,7,13,0,0,0,3,0,0,0
volume_year_length,50,0,2013,2,1,1,1,0,0,0,0,0,0,0
volume_year_length,50,0,2013,3,1,1,1,0,0,0,0,0,0,0
volume_year_length,50,0,2014,0,1,0,1,0,0,0,0,0,0,0
volume_year_length,50,0,2014,1,55,30,50,0,1,0,4,0,0,0
volume_year_length,50,0,2014,2,2,0,2,0,0,0,0,0,0,0
volume_year_length,50,0,2015,0,1,0,1,0,0,0,0,0,0,0
volume_year_length,50,0,2015,1,38,15,34,0,1,0,3,0,0,0
volume_year_length,50,1,2016,1,12,6,12,0,0,0,0,0,0,0
volume_year_length,50,1,2016,2,2,0,2,0,0,0,0,0,0,0
volume_year_length,50,1,2017,0,1,0,1,0,0,0,0,0,0,0
volume_year_length,50,1,2017,1,38,21,32,0,0,0,6,0,0,0
volume_year_length,50,1,2017,4,1,1,1,0,0,0,0,0,0,0
volume_year_length,50,1,2018,1,26,10,24,0,0,0,2,0,0,0
volume_year_length,50,1,2018,2,2,0,2,0,0,0,0,0,0,0
volume_year_length,50,1,2019,1,20,8,17,0,1,0,2,0,0,0
volume_year_length,50,1,2020,1,12,6,11,0,0,0,1,0,0,0
volume_year_length,50,1,2021,1,8,3,7,0,0,0,1,0,0,0
volume_year_length,50,1,2022,1,15,9,15,0,0,0,0,0,0,0
volume_year_length,50,1,2023,1,3,2,2,0,0,0,1,0,0,0
volume_year_length,50,1,2024,1,4,1,4,0,0,0,0,0,0,0
volume_year_length,50,1,2025,1,1,1,1,0,0,0,0,0,0,0
volume_year_length,50,1,2026,1,1,1,1,0,0,0,0,0,0,0
volume_year_length,51,0,2011,0,1,0,1,0,0,0,0,0,0,0
volume_year_length,51,0,2011,1,3,2,3,0,0,0,0,0,0,0
volume_year_length,51,0,2012,0,1,0,1,0,0,0,0,0,0,0
volume_year_length,51,0,2012,1,10,5,9,0,0,0,1,0,0,0
volume_year_length,51,0,2013,1,21,9,19,0,0,0,2,0,0,0
volume_year_length,51,0,2013,2,1,1,1,0,0,0,0,0,0,0
volume_year_length,51,0,2014,1,6,2,6,0,0,0,0,0,0,0
volume_year_length,51,0,2015,1,16,7,16,0,0,0,0,0,0,0
volume_year_length,51,0,2015,2,1,1,0,0,0,0,1,0,0,0
volume_year_length,51,1,2016,0,3,0,3,0,0,0,0,0,0,0
volume_year_length,51,1,2016,1,58,23,54,0,0,0,4,0,0,0
volume_year_length,51,1,2016,2,1,0,1,0,0,0,0,0,0,0
volume_year_length,51,1,2017,1,31,8,28,2,0,0,1,0,0,0
volume_year_length,51,1,2017,2,2,2,2,0,0,0,0,0,0,0
volume_year_length,51,1,2018,0,1,0,1,0,0,0,0,0,0,0
volume_year_length,51,1,2018,1,18,8,17,0,0,0,1,0,0,0
volume_year_length,51,1,2019,1,28,14,24,0,0,0,4,0,0,0
volume_year_length,51,1,2019,2,1,1,1,0,0,0,0,0,0,0
volume_year_length,51,1,2020,0,1,0,1,0,0,0,0,0,0,0
volume_year_length,51,1,2020,1,37,12,32,0,0,0,5,0,0,0
volume_year_length,51,1,2020,4,1,0,0,0,0,0,1,0,0,0
volume_year_length,51,1,2021,1,20,7,17,0,0,0,3,0,0,0
volume_year_length,51,1,2022,0,1,0,1,0,0,0,0,0,0,0
volume_year_length,51,1,2022,1,6,3,5,0,0,0,1,0,0,0
volume_year_length,51,1,2023,1,8,1,7,0,0,0,1,0,0,0
volume_year_length,51,1,2024,1,5,3,5,0,0,0,0,0,0,0
volume_year_length,51,1,2025,1,9,2,8,0,0,0,1,0,0,0
volume_year_length,51,1,2026,1,13,6,13,0,0,0,0,0,0,0
volume_year_length,52,0,2008,1,2,2,2,0,0,0,0,0,0,0
volume_year_length,52,0,2009,1,5,2,5,0,0,0,0,0,0,0
volume_year_length,52,0,2010,0,1,0,1,0,0,0,0,0,0,0
volume_year_length,52,0,2010,1,25,12,20,0,0,0,5,0,0,0
volume_year_length,52,0,2011,1,4,4,3,0,0,0,1,0,0,0
volume_year_length,52,0,2012,0,1,0,1,0,0,0,0,0,0,0
volume_year_length,52,0,2012,1,17,14,16,0,0,0,1,0,0,0
volume_year_length,52,0,2012,2,1,1,0,0,0,0,1,0,0,0
volume_year_length,52,0,2013,1,26,14,25,0,0,0,1,0,0,0
volume_year_length,52,0,2014,1,25,17,20,0,0,0,5,0,0,0
volume_year_length,52,0,2014,2,1,1,0,0,0,0,1,0,0,0
volume_year_length,52,1,2015,1,8,6,7,0,0,0,1,0,0,0
volume_year_length,52,1,2016,1,7,5,7,0,0,0,0,0,0,0
volume_year_length,52,1,2017,1,5,4,5,0,0,0,0,0,0,0
volume_year_length,52,1,2017,2,1,0,1,0,0,0,0,0,0,0
volume_year_length,52,1,2017,3,1,1,1,0,0,0,0,0,0,0
volume_year_length,52,1,2018,1,2,1,2,0,0,0,0,0,0,0
volume_year_length,52,1,2019,1,14,8,14,0,0,0,0,0,0,0
volume_year_length,52,1,2019,2,1,1,1,0,0,0,0,0,0,0
volume_year_length,52,1,2020,1,7,1,6,0,1,0,0,0,0,0
volume_year_length,52,1,2021,1,1,0,1,0,0,0,0,0,0,0
volume_year_length,52,1,2021,2,1,0,0,0,1,0,0,0,0,0
volume_year_length,52,1,2022,1,4,1,4,0,0,0,0,0,0,0
volume_year_length,52,1,2023,1,2,2,1,0,0,0,1,0,0,0
volume_year_length,52,1,2024,1,1,1,1,0,0,0,0,0,0,0
volume_year_length,52,1,2026,1,1,1,1,0,0,0,0,0,0,0
volume_year_length,53,0,2009,1,7,6,5,0,0,0,1,1,0,0
volume_year_length,53,0,2010,1,5,2,4,0,0,0,1,0,0,0
volume_year_length,53,0,2011,1,9,6,6,0,0,0,3,0,0,0
volume_year_length,53,0,2012,0,1,0,1,0,0,0,0,0,0,0
volume_year_length,53,0,2012,1,27,19,25,0,1,0,1,0,0,0
volume_year_length,53,0,2012,2,1,1,0,0,0,0,1,0,0,0
volume_year_length,53,0,2013,1,22,9,20,0,0,0,2,0,0,0
volume_year_length,53,0,2013,2,1,0,1,0,0,0,0,0,0,0
volume_year_length,53,0,2014,1,8,5,8,0,0,0,0,0,0,0
volume_year_length,53,1,2015,1,11,5,10,0,0,0,1,0,0,0
volume_year_length,53,1,2016,1,2,0,2,0,0,0,0,0,0,0
volume_year_length,53,1,2017,1,11,8,11,0,0,0,0,0,0,0
volume_year_length,53,1,2018,1,6,4,4,0,0,0,2,0,0,0
volume_year_length,53,1,2019,1,6,4,6,0,0,0,0,0,0,0
volume_year_length,53,1,2020,1,8,2,8,0,0,0,0,0,0,0
volume_year_length,53,1,2020,2,1,0,1,0,0,0,0,0,0,0
volume_year_length,53,1,2021,1,20,12,19,0,0,0,1,0,0,0
volume_year_length,53,1,2021,2,1,1,0,0,0,0,1,0,0,0
volume_year_length,53,1,2022,1,5,1,5,0,0,0,0,0,0,0
volume_year_length,53,1,2023,1,12,6,12,0,0,0,0,0,0,0
volume_year_length,53,1,2024,1,2,1,2,0,0,0,0,0,0,0
volume_year_length,53,1,2025,1,4,1,4,0,0,0,0,0,0,0
volume_year_length,53,1,2026,1,4,2,4,0,0,0,0,0,0,0
volume_year_length,54,0,2010,0,1,1,1,0,0,0,0,0,0,0
volume_year_length,54,0,2010,1,62,35,57,0,1,0,4,0,0,0
volume_year_length,54,0,2010,2,1,0,1,0,0,0,0,0,0,0
volume_year_length,54,1,2018,0,1,0,1,0,0,0,0,0,0,0
volume_year_length,54,1,2018,1,57,35,49,1,1,0,6,0,0,0
volume_year_length,54,1,2026,1,26,17,25,0,0,0,1,0,0,0
volume_year_length,55,0,2012,1,5,3,4,0,0,0,0,1,0,0
volume_year_length,55,0,2013,1,4,2,3,0,0,0,1,0,0,0
volume_year_length,55,0,2014,0,1,0,1,0,0,0,0,0,0,0
volume_year_length,55,0,2014,1,4,0,4,0,0,0,0,0,0,0
volume_year_length,55,0,2015,1,13,8,13,0,0,0,0,0,0,0
volume_year_length,55,0,2015,2,2,0,2,0,0,0,0,0,0,0
volume_year_length,55,1,2016,1,16,9,14,0,0,0,2,0,0,0
volume_year_length,55,1,2016,2,3,1,3,0,0,0,0,0,0,0
volume_year_length,55,1,2017,1,33,17,26,0,1,0,6,0,0,0
volume_year_length,55,1,2017,3,3,1,2,1,0,0,0,0,0,0
volume_year_length,55,1,2018,1,26,13,24,0,0,0,2,0,0,0
volume_year_length,55,1,2018,2,1,1,1,0,0,0,0,0,0,0
volume_year_length,55,1,2019,1,18,9,15,0,0,0,3,0,0,0
volume_year_length,55,1,2020,1,21,12,13,0,1,0,6,1,0,0
volume_year_length,55,1,2021,0,1,0,1,0,0,0,0,0,0,0
volume_year_length,55,1,2021,1,10,8,8,0,0,0,2,0,0,0
volume_year_length,55,1,2021,2,1,0,1,0,0,0,0,0,0,0
volume_year_length,55,1,2022,1,4,3,4,0,0,0,0,0,0,0
volume_year_length,55,1,2023,1,10,6,9,0,0,0,1,0,0,0
volume_year_length,55,1,2024,1,5,4,3,0,0,0,2,0,0,0
volume_year_length,55,1,2025,0,1,0,1,0,0,0,0,0,0,0
volume_year_length,55,1,2025,1,5,3,5,0,0,0,0,0,0,0
volume_year_length,55,1,2026,1,3,2,3,0,0,0,0,0,0,0
volume_year_length,56,0,1993,1,1,1,1,0,0,0,0,0,0,0
volume_year_length,56,0,2007,1,17,12,14,1,0,0,2,0,0,0
volume_year_length,56,0,2008,1,7,5,6,0,0,0,1,0,0,0
volume_year_length,56,0,2009,1,5,3,4,0,0,0,1,0,0,0
volume_year_length,56,0,2009,2,2,2,1,0,0,0,1,0,0,0
volume_year_length,56,0,2010,1,10,7,9,0,0,0,0,1,0,0
volume_year_length,56,0,2010,2,1,0,1,0,0,0,0,0,0,0
volume_year_length,56,0,2011,1,18,13,16,0,0,0,2,0,0,0
volume_year_length,56,0,2012,1,29,20,25,0,1,0,3,0,0,0
volume_year_length,56,0,2012,2,3,3,2,0,0,0,1,0,0,0
volume_year_length,56,0,2013,1,17,9,16,0,1,0,0,0,0,0
volume_year_length,56,0,2014,1,7,3,7,0,0,0,0,0,0,0
volume_year_length,56,1,2015,1,9,6,9,0,0,0,0,0,0,0
volume_year_length,56,1,2015,2,4,4,3,1,0,0,0,0,0,0
volume_year_length,56,1,2016,0,1,1,1,0,0,0,0,0,0,0
volume_year_length,56,1,2016,1,15,10,15,0,0,0,0,0,0,0
volume_year_length,56,1,2016,2,1,1,1,0,0,0,0,0,0,0
volume_year_length,56,1,2017,1,16,12,16,0,0,0,0,0,0,0
volume_year_length,56,1,2017,2,1,0,1,0,0,0,0,0,0,0
volume_year_length,56,1,2018,1,24,15,23,0,0,0,1,0,0,0
volume_year_length,56,1,2019,0,1,0,1,0,0,0,0,0,0,0
volume_year_length,56,1,2019,1,6,3,5,0,0,0,1,0,0,0
volume_year_length,56,1,2020,1,12,10,12,0,0,0,0,0,0,0
volume_year_length,56,1,2020,2,1,1,1,0,0,0,0,0,0,0
volume_year_length,56,1,2021,1,4,3,3,0,0,0,1,0,0,0
volume_year_length,56,1,2022,1,6,3,6,0,0,0,0,0,0,0
volume_year_length,56,1,2023,1,9,7,9,0,0,0,0,0,0,0
volume_year_length,56,1,2024,1,1,0,1,0,0,0,0,0,0,0
volume_year_length,56,1,2025,1,1,0,1,0,0,0,0,0,0,0
volume_year_length,56,1,2026,1,1,1,1,0,0,0,0,0,0,0
volume_year_length,57,0,2011,1,2,2,1,0,0,0,1,0,0,0
volume_year_length,57,0,2012,1,9,6,8,0,0,0,1,0,0,0
volume_year_length,57,0,2013,1,13,5,12,0,0,0,1,0,0,0
volume_year_length,57,0,2013,3,1,1,1,0,0,0,0,0,0,0
volume_year_length,57,0,2014,0,1,0,1,0,0,0,0,0,0,0
volume_year_length,57,0,2014,1,29,11,26,1,0,0,2,0,0,0
volume_year_length,57,0,2014,2,2,2,2,0,0,0,0,0,0,0
volume_year_length,57,0,2015,1,32,8,32,0,0,0,0,0,0,0
volume_year_length,57,0,2015,2,3,0,3,0,0,0,0,0,0,0
volume_year_length,57,1,2016,1,32,13,29,0,1,0,2,0,0,0
volume_year_length,57,1,2016,2,1,0,1,0,0,0,0,0,0,0
volume_year_length,57,1,2017,1,27,14,25,0,0,0,2,0,0,0
volume_year_length,57,1,2017,2,2,2,2,0,0,0,0,0,0,0
volume_year_length,57,1,2018,0,1,0,1,0,0,0,0,0,0,0
volume_year_length,57,1,2018,1,18,5,17,0,0,0,1,0,0,0
volume_year_length,57,1,2018,2,1,0,1,0,0,0,0,0,0,0
volume_year_length,57,1,2018,3,1,1,0,0,0,0,1,0,0,0
volume_year_length,57,1,2019,1,19,7,17,0,1,0,1,0,0,0
volume_year_length,57,1,2019,2,2,2,2,0,0,0,0,0,0,0
volume_year_length,57,1,2020,0,2,0,2,0,0,0,0,0,0,0
volume_year_length,57,1,2020,1,62,22,52,0,7,0,3,0,0,0
volume_year_length,57,1,2020,2,2,1,2,0,0,0,0,0,0,0
volume_year_length,57,1,2021,1,23,10,19,0,1,0,3,0,0,0
volume_year_length,57,1,2021,2,1,1,1,0,0,0,0,0,0,0
volume_year_length,57,1,2022,0,1,0,1,0,0,0,0,0,0,0
volume_year_length,57,1,2022,1,12,5,11,0,0,0,1,0,0,0
volume_year_length,57,1,2023,1,12,9,12,0,0,0,0,0,0,0
volume_year_length,57,1,2024,1,11,4,9,0,0,0,2,0,0,0
volume_year_length,57,1,2025,1,8,4,8,0,0,0,0,0,0,0
volume_year_length,58,0,2010,1,22,11,21,0,1,0,0,0,0,0
volume_year_length,58,0,2010,2,1,1,1,0,0,0,0,0,0,0
volume_year_length,58,0,2011,0,1,0,1,0,0,0,0,0,0,0
volume_year_length,58,0,2011,1,15,4,14,0,0,0,1,0,0,0
volume_year_length,58,0,2012,1,3,0,3,0,0,0,0,0,0,0
volume_year_length,58,0,2013,0,2,0,2,0,0,0,0,0,0,0
volume_year_length,58,0,2013,1,23,9,20,0,0,0,3,0,0,0
volume_year_length,58,0,2014,1,16,9,13,0,0,0,3,0,0,0
volume_year_length,58,0,2014,2,1,0,1,0,0,0,0,0,0,0
volume_year_length,58,1,2015,1,35,17,33,0,0,0,2,0,0,0
volume_year_length,58,1,2015,2,1,1,1,0,0,0,0,0,0,0
volume_year_length,58,1,2016,1,20,8,19,0,0,0,1,0,0,0
volume_year_length,58,1,2016,2,1,1,1,0,0,0,0,0,0,0
volume_year_length,58,1,2017,1,19,10,18,1,0,0,0,0,0,0
volume_year_length,58,1,2018,1,31,16,26,2,0,0,3,0,0,0
volume_year_length,58,1,2019,1,10,6,9,0,0,0,1,0,0,0
volume_year_length,58,1,2020,1,20,11,19,0,0,0,1,0,0,0
volume_year_length,58,1,2021,1,15,6,13,0,0,0,2,0,0,0
volume_year_length,58,1,2022,1,19,14,17,0,0,0,2,0,0,0
volume_year_length,58,1,2023,1,10,4,9,0,0,0,1,0,0,0
volume_year_length,58,1,2024,1,15,9,14,0,0,0,1,0,0,0
volume_year_length,58,1,2025,1,11,5,11,0,0,0,0,0,0,0
volume_year_length,58,1,2026,1,4,2,4,0,0,0,0,0,0,0
volume_year_length,59,0,2008,1,3,3,2,0,0,0,1,0,0,0
volume_year_length,59,0,2009,1,8,7,6,0,0,0,2,0,0,0
volume_year_length,59,0,2010,1,7,3,5,1,0,0,1,0,0,0
volume_year_length,59,0,2010,2,4,2,3,0,0,0,1,0,0,0
volume_year_length,59,0,2011,1,10,8,9,1,0,0,0,0,0,0
volume_year_length,59,0,2011,2,1,0,1,0,0,0,0,0,0,0
volume_year_length,59,0,2012,1,13,8,12,0,0,0,1,0,0,0
volume_year_length,59,0,2013,0,1,0,1,0,0,0,0,0,0,0
volume_year_length,59,0,2013,1,8,4,7,0,0,0,1,0,0,0
volume_year_length,59,0,2014,1,4,3,3,0,0,0,1,0,0,0
volume_year_length,59,1,2015,1,5,3,5,0,0,0,0,0,0,0
volume_year_length,59,1,2016,1,5,3,4,0,0,0,1,0,0,0
volume_year_length,59,1,2017,1,16,7,16,0,0,0,0,0,0,0
volume_year_length,59,1,2017,2,1,1,1,0,0,0,0,0,0,0
volume_year_length,59,1,2018,1,18,15,14,0,0,0,4,0,0,0
volume_year_length,59,1,2019,1,8,5,5,0,0,0,3,0,0,0
volume_year_length,59,1,2019,2,1,0,0,0,0,0,1,0,0,0
volume_year_length,59,1,2020,1,23,16,21,0,0,0,2,0,0,0
volume_year_length,59,1,2020,2,2,1,2,0,0,0,0,0,0,0
volume_year_length,59,1,2020,3,1,1,0,0,0,0,1,0,0,0
volume_year_length,59,1,2021,1,12,9,10,0,0,0,2,0,0,0
volume_year_length,59,1,2021,2,1,1,0,0,0,0,1,0,0,0
volume_year_length,59,1,2022,1,16,7,15,0,0,0,1,0,0,0
volume_year_length,59,1,2023,1,17,11,15,0,0,0,2,0,0,0
volume_year_length,59,1,2024,1,8,6,5,0,0,0,3,0,0,0
volume_year_length,59,1,2025,1,12,8,12,0,0,0,0,0,0,0
volume_year_length,59,1,2026,1,2,0,1,0,0,0,1,0,0,0
volume_year_length,60,0,2008,1,2,2,2,0,0,0,0,0,0,0
volume_year_length,60,0,2009,1,8,4,8,0,0,0,0,0,0,0
volume_year_length,60,0,2010,1,29,19,28,0,0,0,1,0,0,0
volume_year_length,60,0,2011,1,7,3,6,0,0,0,1,0,0,0
volume_year_length,60,0,2012,1,13,7,11,0,0,0,2,0,0,0
volume_year_length,60,0,2012,2,3,1,3,0,0,0,0,0,0,0
volume_year_length,60,0,2013,1,36,21,31,0,0,0,5,0,0,0
volume_year_length,60,0,2014,1,59,33,52,0,0,0,7,0,0,0
volume_year_length,60,1,2015,0,1,1,1,0,0,0,0,0,0,0
volume_year_length,60,1,2015,1,50,31,48,0,0,0,2,0,0,0
volume_year_length,60,1,2015,2,1,1,1,0,0,0,0,0,0,0
volume_year_length,60,1,2016,0,1,0,1,0,0,0,0,0,0,0
volume_year_length,60,1,2016,1,59,32,49,0,1,0,8,1,0,0
volume_year_length,60,1,2016,2,2,2,2,0,0,0,0,0,0,0
volume_year_length,60,1,2017,1,21,15,17,0,0,0,4,0,0,0
volume_year_length,60,1,2017,2,3,2,2,0,0,0,1,0,0,0
volume_year_length,60,1,2018,0,1,0,1,0,0,0,0,0,0,0
volume_year_length,60,1,2018,1,21,11,16,0,0,0,5,0,0,0
volume_year_length,60,1,2019,1,30,21,20,0,0,0,9,1,0,0
volume_year_length,60,1,2019,2,2,1,1,0,0,0,1,0,0,0
volume_year_length,60,1,2020,1,13,9,8,0,2,0,3,0,0,0
volume_year_length,60,1,2021,1,16,11,12,0,0,0,4,0,0,0
volume_year_length,60,1,2022,1,17,7,16,0,0,0,1,0,0,0
volume_year_length,60,1,2023,1,13,9,12,0,1,0,0,0,0,0
volume_year_length,60,1,2024,1,37,19,26,1,1,0,9,0,0,0
volume_year_length,60,1,2025,1,7,4,6,0,0,0,1,0,0,0
volume_year_length,60,1,2026,1,3,1,3,0,0,0,0,0,0,0
volume_year_length,61,0,2008,1,4,2,4,0,0,0,0,0,0,0
volume_year_length,61,0,2008,2,1,1,1,0,0,0,0,0,0,0
volume_year_length,61,0,2009,1,9,5,8,0,0,0,1,0,0,0
volume_year_length,61,0,2009,2,2,2,1,0,0,0,1,0,0,0
volume_year_length,61,0,2010,1,4,2,4,0,0,0,0,0,0,0
volume_year_length,61,0,2011,1,2,2,2,0,0,0,0,0,0,0
volume_year_length,61,0,2011,2,2,2,2,0,0,0,0,0,0,0
volume_year_length,61,0,2012,1,18,14,16,0,0,0,2,0,0,0
volume_year_length,61,0,2013,1,1,1,1,0,0,0,0,0,0,0
volume_year_length,61,0,2014,1,19,6,16,0,0,0,3,0,0,0
volume_year_length,61,1,2015,1,4,4,4,0,0,0,0,0,0,0
volume_year_length,61,1,2016,1,10,8,10,0,0,0,0,0,0,0
volume_year_length,61,1,2017,1,14,6,11,1,0,0,2,0,0,0
volume_year_length,61,1,2018,1,4,3,2,0,0,0,2,0,0,0
volume_year_length,61,1,2019,1,6,6,3,0,0,0,3,0,0,0
volume_year_length,61,1,2020,1,2,0,2,0,0,0,0,0,0,0
volume_year_length,61,1,2021,1,2,2,2,0,0,0,0,0,0,0
volume_year_length,61,1,2022,1,9,7,6,0,0,0,3,0,0,0
volume_year_length,61,1,2023,1,3,3,2,0,0,0,1,0,0,0
volume_year_length,61,1,2024,1,6,3,4,0,0,0,2,0,0,0
volume_year_length,61,1,2025,1,4,3,4,0,0,0,0,0,0,0
volume_year_length,62,0,2009,0,1,0,0,0,0,0,1,0,0,0
volume_year_length,62,0,2009,1,9,6,8,0,0,0,1,0,0,0
volume_year_length,62,0,2010,1,1,0,0,0,0,0,1,0,0,0
volume_year_length,62,0,2011,1,1,0,1,0,0,0,0,0,0,0
volume_year_length,62,0,2012,1,2,1,2,0,0,0,0,0,0,0
volume_year_length,62,0,2013,1,3,2,3,0,0,0,0,0,0,0
volume_year_length,62,0,2014,1,2,1,2,0,0,0,0,0,0,0
volume_year_length,62,1,2015,1,5,2,5,0,0,0,0,0,0,0
volume_year_length,62,1,2015,2,1,1,1,0,0,0,0,0,0,0
volume_year_length,62,1,2016,1,4,4,3,0,0,0,1,0,0,0
volume_year_length,62,1,2016,2,1,0,1,0,0,0,0,0,0,0
volume_year_length,62,1,2017,1,7,3,7,0,0,0,0,0,0,0
volume_year_length,62,1,2017,4,1,0,0,0,0,0,0,1,0,0
volume_year_length,62,1,2018,1,4,2,3,0,0,0,1,0,0,0
volume_year_length,62,1,2019,0,1,1,1,0,0,0,0,0,0,0
volume_year_length,62,1,2019,1,3,2,3,0,0,0,0,0,0,0
volume_year_length,62,1,2019,2,2,2,2,0,0,0,0,0,0,0
volume_year_length,62,1,2020,1,2,2,1,0,0,0,1,0,0,0
volume_year_length,62,1,2023,1,2,1,2,0,0,0,0,0,0,0
volume_year_length,62,1,2024,0,1,1,1,0,0,0,0,0,0,0
volume_year_length,62,1,2024,1,1,0,1,0,0,0,0,0,0,0
volume_year_length,63,0,2009,1,3,3,3,0,0,0,0,0,0,0
volume_year_length,63,0,2010,1,20,14,20,0,0,0,0,0,0,0
volume_year_length,63,0,2011,1,12,9,12,0,0,0,0,0,0,0
volume_year_length,63,0,2012,1,12,9,9,0,1,0,2,0,0,0
volume_year_length,63,0,2013,1,23,12,19,0,1,0,3,0,0,0
volume_year_length,63,0,2013,3,1,0,1,0,0,0,0,0,0,0
volume_year_length,63,0,2014,1,33,16,28,0,2,0,3,0,0,0
volume_year_length,63,0,2014,2,3,2,3,0,0,0,0,0,0,0
volume_year_length,63,1,2015,1,19,12,18,0,0,0,1,0,0,0
volume_year_length,63,1,2016,1,22,14,21,0,1,0,0,0,0,0
volume_year_length,63,1,2016,2,1,0,1,0,0,0,0,0,0,0
volume_year_length,63,1,2017,1,13,9,13,0,0,0,0,0,0,0
volume_year_length,63,1,2017,2,3,0,3,0,0,0,0,0,0,0
volume_year_length,63,1,2017,3,1,1,0,0,0,0,1,0,0,0
volume_year_length,63,1,2018,0,1,0,1,0,0,0,0,0,0,0
volume_year_length,63,1,2018,1,16,9,13,0,0,0,3,0,0,0
volume_year_length,63,1,2018,2,6,4,6,0,0,0,0,0,0,0
volume_year_length,63,1,2018,3,4,1,4,0,0,0,0,0,0,0
volume_year_length,63,1,2018,4,6,1,6,0,0,0,0,0,0,0
volume_year_length,63,1,2019,1,5,3,5,0,0,0,0,0,0,0
volume_year_length,63,1,2019,2,2,2,2,0,0,0,0,0,0,0
volume_year_length,63,1,2020,1,5,4,5,0,0,0,0,0,0,0
volume_year_length,63,1,2021,1,3,2,3,0,0,0,0,0,0,0
volume_year_length,63,1,2022,1,5,3,4,0,1,0,0,0,0,0
volume_year_length,63,1,2023,1,2,2,2,0,0,0,0,0,0,0
volume_year_length,63,1,2024,1,3,3,3,0,0,0,0,0,0,0
volume_year_length,63,1,2025,1,3,3,3,0,0,0,0,0,0,0
volume_year_length,64,0,2007,1,1,0,1,0,0,0,0,0,0,0
volume_year_length,64,0,2009,0,1,0,1,0,0,0,0,0,0,0
volume_year_length,64,0,2009,1,3,1,3,0,0,0,0,0,0,0
volume_year_length,64,0,2009,2,1,0,1,0,0,0,0,0,0,0
volume_year_length,64,0,2010,1,28,19,25,0,1,0,2,0,0,0
volume_year_length,64,0,2010,2,1,1,0,0,1,0,0,0,0,0
volume_year_length,64,0,2011,1,21,16,19,0,0,0,2,0,0,0
volume_year_length,64,0,2011,2,3,3,3,0,0,0,0,0,0,0
volume_year_length,64,0,2012,1,18,11,15,1,1,0,1,0,0,0
volume_year_length,64,0,2012,2,1,0,1,0,0,0,0,0,0,0
volume_year_length,64,0,2013,1,21,16,19,0,0,0,2,0,0,0
volume_year_length,64,0,2013,2,5,3,5,0,0,0,0,0,0,0
volume_year_length,64,0,2014,1,16,3,14,0,1,0,1,0,0,0
volume_year_length,64,0,2014,4,1,0,1,0,0,0,0,0,0,0
volume_year_length,64,1,2015,1,7,3,6,0,1,0,0,0,0,0
volume_year_length,64,1,2016,0,1,0,0,0,0,0,1,0,0,0
volume_year_length,64,1,2016,1,12,7,10,0,1,0,1,0,0,0
volume_year_length,64,1,2017,1,8,5,7,0,1,0,0,0,0,0
volume_year_length,64,1,2017,2,2,1,2,0,0,0,0,0,0,0
volume_year_length,64,1,2018,1,6,2,6,0,0,0,0,0,0,0
volume_year_length,64,1,2018,2,1,1,1,0,0,0,0,0,0,0
volume_year_length,64,1,2019,1,15,9,14,0,1,0,0,0,0,0
volume_year_length,64,1,2019,2,1,1,1,0,0,0,0,0,0,0
volume_year_length,64,1,2020,1,3,1,3,0,0,0,0,0,0,0
volume_year_length,64,1,2022,1,6,3,6,0,0,0,0,0,0,0
volume_year_length,64,1,2023,1,6,3,5,0,1,0,0,0,0,0
volume_year_length,64,1,2024,1,6,5,5,0,0,0,1,0,0,0
volume_year_length,64,1,2025,1,1,0,1,0,0,0,0,0,0,0
volume_year_length,64,1,2026,1,2,1,2,0,0,0,0,0,0,0
volume_year_length,65,0,2009,1,2,2,2,0,0,0,0,0,0,0
volume_year_length,65,0,2010,1,2,2,2,0,0,0,0,0,0,0
volume_year_length,65,0,2011,1,1,1,0,0,0,0,1,0,0,0
volume_year_length,65,0,2012,1,6,4,5,0,0,0,0,1,0,0
volume_year_length,65,0,2013,1,1,1,0,0,0,0,1,0,0,0
volume_year_length,65,0,2014,1,2,1,2,0,0,0,0,0,0,0
volume_year_length,65,1,2015,1,9,7,9,0,0,0,0,0,0,0
volume_year_length,65,1,2018,1,2,2,0,0,0,0,2,0,0,0
volume_year_length,65,1,2020,0,1,0,1,0,0,0,0,0,0,0
volume_year_length,65,1,2020,1,6,2,5,0,0,0,1,0,0,0
volume_year_length,65,1,2021,1,1,1,0,0,0,0,1,0,0,0
volume_year_length,65,1,2022,1,1,0,1,0,0,0,0,0,0,0
volume_year_length,65,1,2023,1,2,1,1,0,0,0,1,0,0,0
volume_year_length,65,1,2024,1,1,0,1,0,0,0,0,0,0,0
volume_year_length,65,1,2026,1,2,2,2,0,0,0,0,0,0,0
volume_year_length,66,0,2010,1,5,2,3,0,0,0,2,0,0,0
volume_year_length,66,0,2011,1,3,3,3,0,0,0,0,0,0,0
volume_year_length,66,0,2012,1,5,3,5,0,0,0,0,0,0,0
volume_year_length,66,0,2013,1,16,12,16,0,0,0,0,0,0,0
volume_year_length,66,0,2013,2,1,1,1,0,0,0,0,0,0,0
volume_year_length,66,0,2014,1,13,9,11,0,1,0,1,0,0,0
volume_year_length,66,0,2014,2,1,0,1,0,0,0,0,0,0,0
volume_year_length,66,0,2015,0,2,0,2,0,0,0,0,0,0,0
volume_year_length,66,0,2015,1,41,26,38,0,0,0,3,0,0,0
volume_year_length,66,0,2015,2,2,2,2,0,0,0,0,0,0,0
volume_year_length,66,1,2016,1,21,13,21,0,0,0,0,0,0,0
volume_year_length,66,1,2016,2,1,1,1,0,0,0,0,0,0,0
volume_year_length,66,1,2017,1,45,24,35,1,1,0,8,0,0,0
volume_year_length,66,1,2017,2,1,1,1,0,0,0,0,0,0,0
volume_year_length,66,1,2018,1,8,6,8,0,0,0,0,0,0,0
volume_year_length,66,1,2019,1,10,6,9,0,0,1,0,0,0,0
volume_year_length,66,1,2019,2,1,1,1,0,0,0,0,0,0,0
volume_year_length,66,1,2020,1,13,8,11,0,1,0,1,0,0,0
volume_year_length,66,1,2021,1,4,2,3,0,0,0,1,0,0,0
volume_year_length,66,1,2021,2,1,0,1,0,0,0,0,0,0,0
volume_year_length,66,1,2022,1,8,6,6,0,0,0,2,0,0,0
volume_year_length,66,1,2023,1,5,3,4,0,0,0,1,0,0,0
volume_year_length,66,1,2024,1,8,6,7,0,0,0,1,0,0,0
volume_year_length,66,1,2025,1,6,3,6,0,0,0,0,0,0,0
volume_year_length,66,1,2026,1,1,1,1,0,0,0,0,0,0,0
volume_year_length,67,0,2007,2,1,1,1,0,0,0,0,0,0,0
volume_year_length,67,0,2011,1,4,3,4,0,0,0,0,0,0,0
volume_year_length,67,0,2012,1,8,6,7,0,0,0,1,0,0,0
volume_year_length,67,0,2014,1,16,14,15,0,0,0,1,0,0,0
volume_year_length,67,1,2015,1,33,28,31,0,0,0,1,1,0,0
volume_year_length,67,1,2017,1,25,15,20,1,0,0,3,1,0,0
volume_year_length,67,1,2023,1,3,3,3,0,0,0,0,0,0,0
volume_year_length,67,1,2024,1,8,4,6,0,0,0,2,0,0,0
volume_year_length,68,0,2008,1,1,1,0,0,0,0,1,0,0,0
volume_year_length,68,0,2009,2,1,1,1,0,0,0,0,0,0,0
volume_year_length,68,0,2011,1,3,1,3,0,0,0,0,0,0,0
volume_year_length,68,0,2012,1,3,3,3,0,0,0,0,0,0,0
volume_year_length,68,0,2013,1,8,6,8,0,0,0,0,0,0,0
volume_year_length,68,0,2014,1,4,4,3,1,0,0,0,0,0,0
volume_year_length,68,0,2014,2,1,1,0,1,0,0,0,0,0,0
volume_year_length,68,1,2015,1,2,2,0,0,0,0,2,0,0,0
volume_year_length,68,1,2016,1,1,1,0,0,0,0,1,0,0,0
volume_year_length,68,1,2017,1,1,1,1,0,0,0,0,0,0,0
volume_year_length,68,1,2018,1,2,2,0,0,0,0,2,0,0,0
volume_year_length,68,1,2020,1,1,1,0,0,0,0,1,0,0,0
volume_year_length,68,1,2021,1,5,4,3,0,0,0,2,0,0,0
volume_year_length,68,1,2022,1,5,3,5,0,0,0,0,0,0,0
volume_year_length,68,1,2025,1,1,1,1,0,0,0,0,0,0,0
volume_year_length,69,0,2008,1,3,0,2,0,0,0,1,0,0,0
volume_year_length,69,0,2009,2,1,0,1,0,0,0,0,0,0,0
volume_year_length,69,0,2010,1,4,3,4,0,0,0,0,0,0,0
volume_year_length,69,0,2011,1,3,1,3,0,0,0,0,0,0,0
volume_year_length,69,0,2012,0,1,0,1,0,0,0,0,0,0,0
volume_year_length,69,0,2012,1,14,9,12,0,0,0,2,0,0,0
volume_year_length,69,0,2012,2,1,1,1,0,0,0,0,0,0,0
volume_year_length,69,0,2013,0,1,0,1,0,0,0,0,0,0,0
volume_year_length,69,0,2013,1,19,9,19,0,0,0,0,0,0,0
volume_year_length,69,0,2014,1,13,4,12,0,0,0,1,0,0,0
volume_year_length,69,1,2015,1,4,2,4,0,0,0,0,0,0,0
volume_year_length,69,1,2016,1,7,2,7,0,0,0,0,0,0,0
volume_year_length,69,1,2017,1,18,10,14,0,1,0,3,0,0,0
volume_year_length,69,1,2017,2,1,1,1,0,0,0,0,0,0,0
volume_year_length,69,1,2018,1,14,7,13,0,0,0,1,0,0,0
volume_year_length,69,1,2018,2,1,1,1,0,0,0,0,0,0,0
volume_year_length,69,1,2019,1,16,4,14,0,1,0,1,0,0,0
volume_year_length,69,1,2019,2,1,0,1,0,0,0,0,0,0,0
volume_year_length,69,1,2020,0,1,0,1,0,0,0,0,0,0,0
volume_year_length,69,1,2020,1,24,8,19,0,3,0,2,0,0,0
volume_year_length,69,1,2020,2,1,1,0,0,0,0,1,0,0,0
volume_year_length,69,1,2021,1,4,0,4,0,0,0,0,0,0,0
volume_year_length,69,1,2022,1,9,4,6,0,0,0,3,0,0,0
volume_year_length,69,1,2023,1,10,7,7,0,0,0,3,0,0,0
volume_year_length,69,1,2024,1,4,1,3,0,0,0,1,0,0,0
volume_year_length,69,1,2025,1,5,1,4,0,0,0,1,0,0,0
volume_year_length,69,1,2026,1,6,3,6,0,0,0,0,0,0,0
volume_year_length,70,0,2009,1,1,1,0,0,0,0,1,0,0,0
volume_year_length,70,0,2010,1,5,4,4,0,0,0,1,0,0,0
volume_year_length,70,0,2011,1,7,2,7,0,0,0,0,0,0,0
volume_year_length,70,0,2012,1,7,5,6,0,0,0,1,0,0,0
volume_year_length,70,0,2012,2,1,1,1,0,0,0,0,0,0,0
volume_year_length,70,0,2013,1,3,3,2,0,0,0,1,0,0,0
volume_year_length,70,0,2014,0,1,0,1,0,0,0,0,0,0,0
volume_year_length,70,0,2014,1,23,13,14,0,5,0,3,0,1,0
volume_year_length,70,1,2015,1,3,2,3,0,0,0,0,0,0,0
volume_year_length,70,1,2016,1,8,2,8,0,0,0,0,0,0,0
volume_year_length,70,1,2017,1,9,3,8,0,0,0,1,0,0,0
volume_year_length,70,1,2018,0,1,0,1,0,0,0,0,0,0,0
volume_year_length,70,1,2018,1,30,12,23,0,6,0,1,0,0,0
volume_year_length,70,1,2018,2,1,0,0,0,1,0,0,0,0,0
volume_year_length,70,1,2018,4,3,0,2,0,1,0,0,0,0,0
volume_year_length,70,1,2020,1,7,1,3,0,4,0,0,0,0,0
volume_year_length,70,1,2022,1,10,9,10,0,0,0,0,0,0,0
volume_year_length,70,1,2023,1,1,1,1,0,0,0,0,0,0,0
volume_year_length,70,1,2024,1,2,2,2,0,0,0,0,0,0,0
volume_year_length,70,1,2025,1,8,6,8,0,0,0,0,0,0,0
volume_year_length,71,0,2008,1,1,1,1,0,0,0,0,0,0,0
volume_year_length,71,0,2009,1,3,1,3,0,0,0,0,0,0,0
volume_year_length,71,0,2010,0,1,0,1,0,0,0,0,0,0,0
volume_year_length,71,0,2010,1,14,11,12,0,0,0,2,0,0,0
volume_year_length,71,0,2011,1,12,8,12,0,0,0,0,0,0,0
volume_year_length,71,0,2012,0,1,0,1,0,0,0,0,0,0,0
volume_year_length,71,0,2012,1,4,2,4,0,0,0,0,0,0,0
volume_year_length,71,0,2013,1,1,1,1,0,0,0,0,0,0,0
volume_year_length,71,1,2015,1,3,3,1,0,0,0,2,0,0,0
volume_year_length,71,1,2016,1,6,4,6,0,0,0,0,0,0,0
volume_year_length,71,1,2017,1,2,2,2,0,0,0,0,0,0,0
volume_year_length,71,1,2018,1,9,7,7,0,0,0,2,0,0,0
volume_year_length,71,1,2019,1,6,4,6,0,0,0,0,0,0,0
volume_year_length,71,1,2020,1,13,8,13,0,0,0,0,0,0,0
volume_year_length,71,1,2021,1,2,0,2,0,0,0,0,0,0,0
volume_year_length,71,1,2022,1,4,2,4,0,0,0,0,0,0,0
volume_year_length,71,1,2023,1,1,1,1,0,0,0,0,0,0,0
volume_year_length,71,1,2024,1,8,6,6,0,0,0,2,0,0,0
volume_year_length,71,1,2025,1,6,4,4,0,0,0,2,0,0,0
volume_year_length,71,1,2026,1,1,1,0,0,0,0,1,0,0,0
