analysis_claim_id,source_id,project,criterion,feature,pre_n_positive,pre_n_negative,pre_hit_positive,pre_hit_negative,pre_positive_incidence,pre_negative_incidence,pre_all_incidence,pre_excluded_share,pre_filter_gap,pre_weighted_retained_incidence,pre_excluded_incidence_all_denominator,post_n_positive,post_n_negative,post_hit_positive,post_hit_negative,post_positive_incidence,post_negative_incidence,post_all_incidence,post_excluded_share,post_filter_gap,post_weighted_retained_incidence,post_excluded_incidence_all_denominator,all_event_change,positive_event_change,filter_shift,account_retained_weight,account_excluded_incidence,decomposition_eligible,negative10_eligible,retention_component,stratum_distribution_component,timing
v3_1_f_noise_and_effort_on_implicit_measure,rpp.63,RPP,failed,epistemic_adverb_tokens,28,23,0,0,0,0,0,0.45098039215686275,0,0,0,15,23,1,0,0.066666666666666666,0,0.026315789473684209,0.60526315789473684,0.040350877192982457,0.040350877192982457,0,0.026315789473684209,0.066666666666666666,0.040350877192982457,0.040350877192982457,-0,True,True,0.0051427588579291365,0.035208118335053322,journal
v3_1_f_noise_and_effort_on_implicit_measure,rpp.63,RPP,failed,replication_word_tokens,28,23,2,2,0.071428571428571425,0.086956521739130432,0.078431372549019607,0.45098039215686275,-0.0070028011204481821,0.032212885154061621,0.039215686274509803,15,23,0,5,0,0.21739130434782608,0.13157894736842105,0.60526315789473684,-0.13157894736842105,0,0.13157894736842105,0.053147574819401439,-0.071428571428571425,-0.12457614624797286,-0.032212885154061621,-0.092363261093911242,True,True,-0.017967713401149932,-0.10660843284682295,journal
v3_1_f_noise_and_effort_on_implicit_measure,rpp.63,RPP,failed,lowercase_modal_tokens,28,23,6,3,0.21428571428571427,0.13043478260869565,0.17647058823529413,0.45098039215686275,0.037815126050420145,0.096638655462184864,0.058823529411764705,15,23,0,0,0,0,0,0.60526315789473684,0,0,0,-0.17647058823529413,-0.21428571428571427,-0.037815126050420145,-0.096638655462184864,0.058823529411764705,True,True,0.0064683768244139751,-0.044283502874834145,journal
v3_a_motion_aftereffect_from_still_photogra,rpp.127,RPP,successful,epistemic_adverb_tokens,20,14,0,0,0,0,0,0.41176470588235292,0,0,0,14,11,0,0,0,0,0,0.44,0,0,0,0,0,0,0,-0,True,True,0,0,journal
v3_a_motion_aftereffect_from_still_photogra,rpp.127,RPP,successful,replication_word_tokens,20,14,1,1,0.050000000000000003,0.071428571428571425,0.058823529411764705,0.41176470588235292,-0.0088235294117647023,0.020588235294117647,0.029411764705882353,14,11,0,0,0,0,0,0.44,0,0,0,-0.058823529411764705,-0.050000000000000003,0.0088235294117647023,-0.020588235294117647,0.029411764705882353,True,True,-0.00030252100840336149,0.0091260504201680654,journal
v3_a_motion_aftereffect_from_still_photogra,rpp.127,RPP,successful,lowercase_modal_tokens,20,14,4,1,0.20000000000000001,0.071428571428571425,0.14705882352941177,0.41176470588235292,0.052941176470588241,0.082352941176470587,0.029411764705882353,14,11,0,3,0,0.27272727272727271,0.12,0.44,-0.12,0,0.12,-0.027058823529411774,-0.20000000000000001,-0.17294117647058824,-0.082352941176470587,-0.090588235294117636,True,True,-0.0020351413292589776,-0.17090603514132927,journal
v3_a_single_exposure_to_the_american_flag_s,ml1.12,ML1,failed,epistemic_adverb_tokens,23,8,0,0,0,0,0,0.25806451612903225,0,0,0,53,43,0,1,0,0.023255813953488372,0.010416666666666666,0.44791666666666669,-0.010416666666666666,0,0.010416666666666666,0.010416666666666666,0,-0.010416666666666666,0,-0.010416666666666666,True,False,-0.0022075831457864471,-0.0082090835208802199,journal
v3_a_single_exposure_to_the_american_flag_s,ml1.12,ML1,failed,replication_word_tokens,23,8,0,0,0,0,0,0.25806451612903225,0,0,0,53,43,4,4,0.075471698113207544,0.093023255813953487,0.083333333333333329,0.44791666666666669,-0.0078616352201257844,0.03380503144654088,0.041666666666666664,0.083333333333333329,0.075471698113207544,-0.0078616352201257844,0.03380503144654088,-0.041666666666666664,True,False,-0.0016661004873859979,-0.0061955347327397898,journal
v3_a_single_exposure_to_the_american_flag_s,ml1.12,ML1,failed,lowercase_modal_tokens,23,8,3,0,0.13043478260869565,0,0.096774193548387094,0.25806451612903225,0.033660589060308554,0.033660589060308554,0,53,43,11,2,0.20754716981132076,0.046511627906976744,0.13541666666666666,0.44791666666666669,0.072130503144654107,0.092963836477987435,0.020833333333333332,0.038642473118279563,0.077112387202625116,0.038469914084345552,0.059303247417678881,-0.020833333333333332,True,False,0.027668133963351382,0.01080178012099416,journal
v3_a_social_functional_approach_to_emotions,rpp.56,RPP,failed,epistemic_adverb_tokens,35,26,0,0,0,0,0,0.42622950819672129,0,0,0,48,25,0,0,0,0,0,0.34246575342465752,0,0,0,0,0,0,0,-0,True,True,-0,0,journal
v3_a_social_functional_approach_to_emotions,rpp.56,RPP,failed,replication_word_tokens,35,26,0,0,0,0,0,0.42622950819672129,0,0,0,48,25,1,0,0.020833333333333332,0,0.013698630136986301,0.34246575342465752,0.0071347031963470316,0.0071347031963470316,0,0.013698630136986301,0.020833333333333332,0.0071347031963470316,0.0071347031963470316,-0,True,True,-0.0008725391122089976,0.0080072423085560292,journal
v3_a_social_functional_approach_to_emotions,rpp.56,RPP,failed,lowercase_modal_tokens,35,26,6,1,0.17142857142857143,0.038461538461538464,0.11475409836065574,0.42622950819672129,0.05667447306791569,0.0730679156908665,0.016393442622950821,48,25,6,1,0.125,0.040000000000000001,0.095890410958904104,0.34246575342465752,0.029109589041095896,0.042808219178082189,0.013698630136986301,-0.018863687401751636,-0.04642857142857143,-0.027564884026819794,-0.030259696512784311,0.0026948124859645199,True,True,-0.009128868548922444,-0.018436015477897357,journal
v3_accelerated_relearning_after_retrieval_i,rpp.4,RPP,failed,epistemic_adverb_tokens,17,17,0,0,0,0,0,0.5,0,0,0,32,12,0,0,0,0,0,0.27272727272727271,0,0,0,0,0,0,0,-0,True,True,-0,0,journal
v3_accelerated_relearning_after_retrieval_i,rpp.4,RPP,failed,replication_word_tokens,17,17,2,1,0.11764705882352941,0.058823529411764705,0.088235294117647065,0.5,0.029411764705882346,0.058823529411764705,0.029411764705882353,32,12,2,0,0.0625,0,0.045454545454545456,0.27272727272727271,0.017045454545454544,0.017045454545454544,0,-0.042780748663101609,-0.05514705882352941,-0.012366310160427801,-0.041778074866310161,0.029411764705882353,True,True,-0.013786764705882354,0.0014204545454545457,journal
v3_accelerated_relearning_after_retrieval_i,rpp.4,RPP,failed,lowercase_modal_tokens,17,17,2,1,0.11764705882352941,0.058823529411764705,0.088235294117647065,0.5,0.029411764705882346,0.058823529411764705,0.029411764705882353,32,12,8,1,0.25,0.083333333333333329,0.20454545454545456,0.27272727272727271,0.045454545454545442,0.068181818181818177,0.022727272727272728,0.11631016042780749,0.13235294117647059,0.016042780748663096,0.0093582887700534717,0.0066844919786096246,True,True,-0.025623885918003571,0.041666666666666671,journal
v3_action_dynamics_reveal_parallel_competit,rpp.112,RPP,successful,epistemic_adverb_tokens,25,33,0,0,0,0,0,0.56896551724137934,0,0,0,38,74,0,0,0,0,0,0.6607142857142857,0,0,0,0,0,0,0,-0,True,True,0,0,journal
v3_action_dynamics_reveal_parallel_competit,rpp.112,RPP,successful,replication_word_tokens,25,33,1,1,0.040000000000000001,0.030303030303030304,0.034482758620689655,0.56896551724137934,0.0055172413793103461,0.022758620689655173,0.017241379310344827,38,74,1,0,0.026315789473684209,0,0.0089285714285714281,0.6607142857142857,0.017387218045112781,0.017387218045112781,0,-0.025554187192118227,-0.013684210526315792,0.011869976665802435,-0.0053714026445423925,0.017241379310344827,True,True,0.0016520631516094304,0.010217913514193004,journal
v3_action_dynamics_reveal_parallel_competit,rpp.112,RPP,successful,lowercase_modal_tokens,25,33,5,4,0.20000000000000001,0.12121212121212122,0.15517241379310345,0.56896551724137934,0.044827586206896558,0.11379310344827587,0.068965517241379309,38,74,3,1,0.078947368421052627,0.013513513513513514,0.035714285714285712,0.6607142857142857,0.043233082706766915,0.052161654135338339,0.0089285714285714281,-0.11945812807881774,-0.12105263157894738,-0.0015945035001296431,-0.061631449312937528,0.060036945812807885,True,True,0.0066160832267910278,-0.0082105867269206736,journal
v3_affective_incoherence_when_affective_con,rpp.52,RPP,failed,epistemic_adverb_tokens,20,16,0,0,0,0,0,0.44444444444444442,0,0,0,17,5,0,0,0,0,0,0.22727272727272727,0,0,0,0,0,0,0,-0,True,False,-0,0,journal
v3_affective_incoherence_when_affective_con,rpp.52,RPP,failed,replication_word_tokens,20,16,3,0,0.14999999999999999,0,0.083333333333333329,0.44444444444444442,0.066666666666666666,0.066666666666666666,0,17,5,0,0,0,0,0,0.22727272727272727,0,0,0,-0.083333333333333329,-0.14999999999999999,-0.066666666666666666,-0.066666666666666666,-0,True,False,-0.016287878787878785,-0.050378787878787877,journal
v3_affective_incoherence_when_affective_con,rpp.52,RPP,failed,lowercase_modal_tokens,20,16,1,0,0.050000000000000003,0,0.027777777777777776,0.44444444444444442,0.022222222222222227,0.022222222222222223,0,17,5,1,0,0.058823529411764705,0,0.045454545454545456,0.22727272727272727,0.013368983957219249,0.013368983957219251,0,0.01767676767676768,0.0088235294117647023,-0.0088532382650029773,-0.0088532382650029721,-0,True,False,-0.011816696375519905,0.0029634581105169328,journal
v3_attractor_dynamics_and_semantic_neighbor,rpp.11,RPP,successful,epistemic_adverb_tokens,22,24,0,0,0,0,0,0.52173913043478259,0,0,0,32,20,0,0,0,0,0,0.38461538461538464,0,0,0,0,0,0,0,-0,True,True,-0,0,journal
v3_attractor_dynamics_and_semantic_neighbor,rpp.11,RPP,successful,replication_word_tokens,22,24,0,0,0,0,0,0.52173913043478259,0,0,0,32,20,0,0,0,0,0,0.38461538461538464,0,0,0,0,0,0,0,-0,True,True,-0,0,journal
v3_attractor_dynamics_and_semantic_neighbor,rpp.11,RPP,successful,lowercase_modal_tokens,22,24,2,3,0.090909090909090912,0.125,0.10869565217391304,0.52173913043478259,-0.017786561264822129,0.047430830039525688,0.065217391304347824,32,20,2,1,0.0625,0.050000000000000003,0.057692307692307696,0.38461538461538464,0.0048076923076923045,0.02403846153846154,0.019230769230769232,-0.051003344481605345,-0.028409090909090912,0.022594253572514433,-0.023392368501064149,0.045986622073578592,True,True,0.0014803131650957735,0.021113940407418666,journal
v3_auditory_change_detection_simple_sounds_,rpp.139,RPP,successful,epistemic_adverb_tokens,15,15,0,0,0,0,0,0.5,0,0,0,16,16,0,0,0,0,0,0.5,0,0,0,0,0,0,0,-0,True,True,0,0,journal
v3_auditory_change_detection_simple_sounds_,rpp.139,RPP,successful,replication_word_tokens,15,15,0,0,0,0,0,0.5,0,0,0,16,16,0,1,0,0.0625,0.03125,0.5,-0.03125,0,0.03125,0.03125,0,-0.03125,0,-0.03125,True,True,-0,-0.03125,journal
v3_auditory_change_detection_simple_sounds_,rpp.139,RPP,successful,lowercase_modal_tokens,15,15,3,4,0.20000000000000001,0.26666666666666666,0.23333333333333334,0.5,-0.033333333333333326,0.10000000000000001,0.13333333333333333,16,16,4,3,0.25,0.1875,0.21875,0.5,0.03125,0.125,0.09375,-0.014583333333333337,0.049999999999999989,0.064583333333333326,0.024999999999999994,0.039583333333333331,True,True,-0,0.064583333333333326,journal
v3_availability_a_heuristic_for_judging_fre,ml3.4,ML3,successful,epistemic_adverb_tokens,57,54,2,1,0.035087719298245612,0.018518518518518517,0.027027027027027029,0.48648648648648651,0.0080606922712185836,0.017069701280227598,0.0090090090090090089,33,8,0,0,0,0,0,0.1951219512195122,0,0,0,-0.027027027027027029,-0.035087719298245612,-0.0080606922712185836,-0.017069701280227598,0.0090090090090090089,True,False,-0.0024138387424651867,-0.0056468535287534007,journal
v3_availability_a_heuristic_for_judging_fre,ml3.4,ML3,successful,replication_word_tokens,57,54,0,0,0,0,0,0.48648648648648651,0,0,0,33,8,0,0,0,0,0,0.1951219512195122,0,0,0,0,0,0,0,-0,True,False,-0,0,journal
v3_availability_a_heuristic_for_judging_fre,ml3.4,ML3,successful,lowercase_modal_tokens,57,54,8,8,0.14035087719298245,0.14814814814814814,0.14414414414414414,0.48648648648648651,-0.0037932669511616945,0.068278805120910391,0.072072072072072071,33,8,2,1,0.060606060606060608,0.125,0.073170731707317069,0.1951219512195122,-0.012564671101256461,0.011825572801182557,0.024390243902439025,-0.070973412436827074,-0.079744816586921841,-0.0087714041500947665,-0.056453232319727834,0.047681828169633046,True,False,0.010516979226863694,-0.019288383376958474,journal
v3_balancing_connectedness_and_self_protect,rpp.93,RPP,failed,epistemic_adverb_tokens,93,35,1,0,0.010752688172043012,0,0.0078125,0.2734375,0.0029401881720430116,0.0029401881720430112,0,98,51,1,0,0.01020408163265306,0,0.0067114093959731542,0.34228187919463088,0.0034926722366799062,0.0034926722366799066,0,-0.0011010906040268458,-0.0005486065393899512,0.00055248406463689458,0.00055248406463689545,-0,True,True,0.00072137790356454354,-0.00016889383892764779,journal
v3_balancing_connectedness_and_self_protect,rpp.93,RPP,failed,replication_word_tokens,93,35,1,0,0.010752688172043012,0,0.0078125,0.2734375,0.0029401881720430116,0.0029401881720430112,0,98,51,0,0,0,0,0,0.34228187919463088,0,0,0,-0.0078125,-0.010752688172043012,-0.0029401881720430116,-0.0029401881720430112,-0,True,True,0.0003701310709388757,-0.0033103192429818872,journal
v3_balancing_connectedness_and_self_protect,rpp.93,RPP,failed,lowercase_modal_tokens,93,35,13,2,0.13978494623655913,0.057142857142857141,0.1171875,0.2734375,0.022597446236559127,0.038222446236559134,0.015625,98,51,19,5,0.19387755102040816,0.098039215686274508,0.16107382550335569,0.34228187919463088,0.032803725517052462,0.066360772496918227,0.033557046979865772,0.043886325503355694,0.05409260478384903,0.010206279280493336,0.028138326260359094,-0.017932046979865772,True,True,0.0061436870090642876,0.0040625922714290306,journal
v3_cloningertextquotesingles_psychobiologic,ml3.8,ML3,failed,epistemic_adverb_tokens,49,22,1,0,0.020408163265306121,0,0.014084507042253521,0.30985915492957744,0.0063236562230525994,0.0063236562230526002,0,75,57,1,0,0.013333333333333334,0,0.007575757575757576,0.43181818181818182,0.0057575757575757582,0.0057575757575757582,0,-0.0065087494664959455,-0.0070748299319727866,-0.00056608046547684115,-0.00056608046547684202,-0,True,True,0.0020575400454676111,-0.0026236205109444535,journal
v3_cloningertextquotesingles_psychobiologic,ml3.8,ML3,failed,replication_word_tokens,49,22,0,0,0,0,0,0.30985915492957744,0,0,0,75,57,1,0,0.013333333333333334,0,0.007575757575757576,0.43181818181818182,0.0057575757575757582,0.0057575757575757582,0,0.007575757575757576,0.013333333333333334,0.0057575757575757582,0.0057575757575757582,-0,True,True,0.00081306017925736264,0.0049445155783183958,journal
v3_cloningertextquotesingles_psychobiologic,ml3.8,ML3,failed,lowercase_modal_tokens,49,22,1,0,0.020408163265306121,0,0.014084507042253521,0.30985915492957744,0.0063236562230525994,0.0063236562230526002,0,75,57,4,3,0.053333333333333337,0.052631578947368418,0.053030303030303032,0.43181818181818182,0.00030303030303030498,0.023030303030303033,0.022727272727272728,0.038945795988049509,0.032925170068027212,-0.0060206259200222944,0.016706646807250432,-0.022727272727272728,True,True,0.0012872725072237945,-0.0073078984272460894,journal
v3_conflict_triggered_goal_shielding_respon,rpp.158,RPP,successful,epistemic_adverb_tokens,10,6,0,1,0,0.16666666666666666,0.0625,0.375,-0.0625,0,0.0625,20,15,0,0,0,0,0,0.42857142857142855,0,0,0,-0.0625,0,0.0625,0,0.0625,True,False,-0.0044642857142857123,0.066964285714285712,journal
v3_conflict_triggered_goal_shielding_respon,rpp.158,RPP,successful,replication_word_tokens,10,6,0,0,0,0,0,0.375,0,0,0,20,15,3,0,0.14999999999999999,0,0.085714285714285715,0.42857142857142855,0.064285714285714279,0.064285714285714279,0,0.085714285714285715,0.14999999999999999,0.064285714285714279,0.064285714285714279,-0,True,False,0.0040178571428571407,0.060267857142857144,journal
v3_conflict_triggered_goal_shielding_respon,rpp.158,RPP,successful,lowercase_modal_tokens,10,6,2,0,0.20000000000000001,0,0.125,0.375,0.075000000000000011,0.075000000000000011,0,20,15,5,2,0.25,0.13333333333333333,0.20000000000000001,0.42857142857142855,0.049999999999999989,0.10714285714285714,0.057142857142857141,0.075000000000000011,0.049999999999999989,-0.025000000000000022,0.032142857142857126,-0.057142857142857141,True,False,0.008482142857142853,-0.033482142857142863,journal
v3_decision_making_and_learning_while_takin,rpp.39,RPP,failed,epistemic_adverb_tokens,24,46,0,0,0,0,0,0.65714285714285714,0,0,0,30,98,0,0,0,0,0,0.765625,0,0,0,0,0,0,0,-0,True,True,0,0,journal
v3_decision_making_and_learning_while_takin,rpp.39,RPP,failed,replication_word_tokens,24,46,0,0,0,0,0,0.65714285714285714,0,0,0,30,98,0,0,0,0,0,0.765625,0,0,0,0,0,0,0,-0,True,True,0,0,journal
v3_decision_making_and_learning_while_takin,rpp.39,RPP,failed,lowercase_modal_tokens,24,46,1,3,0.041666666666666664,0.065217391304347824,0.057142857142857141,0.65714285714285714,-0.015476190476190477,0.027380952380952381,0.042857142857142858,30,98,8,7,0.26666666666666666,0.071428571428571425,0.1171875,0.765625,0.14947916666666666,0.20416666666666666,0.0546875,0.060044642857142859,0.22500000000000001,0.16495535714285714,0.17678571428571427,-0.011830357142857142,True,True,0.0093125069321206757,0.15564285021073646,journal
v3_effects_of_fluency_on_psychological_dist,rpp.104,RPP,failed,epistemic_adverb_tokens,41,34,0,1,0,0.029411764705882353,0.013333333333333334,0.45333333333333331,-0.013333333333333334,0,0.013333333333333334,107,66,0,0,0,0,0,0.38150289017341038,0,0,0,-0.013333333333333334,0,0.013333333333333334,0,0.013333333333333334,True,True,0.0010563300464694549,0.012277003286863878,journal
v3_effects_of_fluency_on_psychological_dist,rpp.104,RPP,failed,replication_word_tokens,41,34,0,0,0,0,0,0.45333333333333331,0,0,0,107,66,5,0,0.046728971962616821,0,0.028901734104046242,0.38150289017341038,0.017827237858570578,0.017827237858570578,0,0.028901734104046242,0.046728971962616821,0.017827237858570578,0.017827237858570578,-0,True,True,-0.0016782813822411899,0.019505519240811769,journal
v3_effects_of_fluency_on_psychological_dist,rpp.104,RPP,failed,lowercase_modal_tokens,41,34,4,4,0.097560975609756101,0.11764705882352941,0.10666666666666667,0.45333333333333331,-0.0091056910569105726,0.044227642276422764,0.053333333333333337,107,66,14,4,0.13084112149532709,0.060606060606060608,0.10404624277456648,0.38150289017341038,0.026794878720760612,0.049916266003997616,0.023121387283236993,-0.002620423892100196,0.033280145885570989,0.035900569777671185,0.0056886237275748514,0.030211946050096344,True,True,-0.0018011116452238782,0.037701681422895067,journal
v3_effects_of_need_for_cognition_on_message,ml3.7,ML3,failed,epistemic_adverb_tokens,13,7,0,0,0,0,0,0.34999999999999998,0,0,0,94,60,0,0,0,0,0,0.38961038961038963,0,0,0,0,0,0,0,-0,True,False,0,0,journal
v3_effects_of_need_for_cognition_on_message,ml3.7,ML3,failed,replication_word_tokens,13,7,0,0,0,0,0,0.34999999999999998,0,0,0,94,60,2,5,0.021276595744680851,0.083333333333333329,0.045454545454545456,0.38961038961038963,-0.024177949709864605,0.0082895827576678644,0.032467532467532464,0.045454545454545456,0.021276595744680851,-0.024177949709864605,0.0082895827576678644,-0.032467532467532464,True,False,-0.0012290457769181184,-0.022948903932946484,journal
v3_effects_of_need_for_cognition_on_message,ml3.7,ML3,failed,lowercase_modal_tokens,13,7,0,0,0,0,0,0.34999999999999998,0,0,0,94,60,6,5,0.063829787234042548,0.083333333333333329,0.071428571428571425,0.38961038961038963,-0.0075987841945288764,0.024868748273003592,0.032467532467532464,0.071428571428571425,0.063829787234042548,-0.0075987841945288764,0.024868748273003592,-0.032467532467532464,True,False,-0.00038627152988855159,-0.0072125126646403245,journal
v3_elaboration_enhances_the_imagined_contac,ml1.14,ML1,successful,epistemic_adverb_tokens,63,67,1,0,0.015873015873015872,0,0.0076923076923076927,0.51538461538461533,0.0081807081807081794,0.0081807081807081794,0,116,138,2,0,0.017241379310344827,0,0.007874015748031496,0.54330708661417326,0.0093673635623133314,0.0093673635623133314,0,0.00018170805572380322,0.0013683634373289552,0.001186655381605152,0.001186655381605152,-0,True,True,0.00046231787339580046,0.00072433750820935202,journal
v3_elaboration_enhances_the_imagined_contac,ml1.14,ML1,successful,replication_word_tokens,63,67,1,1,0.015873015873015872,0.014925373134328358,0.015384615384615385,0.51538461538461533,0.00048840048840048667,0.0081807081807081794,0.0076923076923076927,116,138,1,6,0.0086206896551724137,0.043478260869565216,0.027559055118110236,0.54330708661417326,-0.018938365462937822,0.0046836817811566657,0.023622047244094488,0.01217443973349485,-0.0072523262178434585,-0.019426765951338309,-0.0034970263995515137,-0.015929739551786795,True,True,-0.00047342450112962408,-0.018953341450208681,journal
v3_elaboration_enhances_the_imagined_contac,ml1.14,ML1,successful,lowercase_modal_tokens,63,67,4,3,0.063492063492063489,0.044776119402985072,0.053846153846153849,0.51538461538461533,0.0096459096459096394,0.032722832722832718,0.023076923076923078,116,138,17,8,0.14655172413793102,0.057971014492753624,0.098425196850393706,0.54330708661417326,0.048126527287537316,0.079622590279663313,0.031496062992125984,0.044579043004239857,0.083059660645867534,0.038480617641627676,0.046899757556830596,-0.0084191399152029056,True,True,0.0014979938634612988,0.036982623778166378,journal
v3_expectations_as_endowments_evidence_on_r,ee.9,EERP,failed,epistemic_adverb_tokens,25,22,0,0,0,0,0,0.46808510638297873,0,0,0,56,82,0,0,0,0,0,0.59420289855072461,0,0,0,0,0,0,0,-0,True,True,0,0,journal
v3_expectations_as_endowments_evidence_on_r,ee.9,EERP,failed,replication_word_tokens,25,22,1,0,0.040000000000000001,0,0.021276595744680851,0.46808510638297873,0.01872340425531915,0.01872340425531915,0,56,82,1,0,0.017857142857142856,0,0.007246376811594203,0.59420289855072461,0.010610766045548652,0.010610766045548654,0,-0.014030218933086647,-0.022142857142857145,-0.008112638209770498,-0.0081126382097704963,-0,True,True,0.003648407559138363,-0.01176104576890886,journal
v3_expectations_as_endowments_evidence_on_r,ee.9,EERP,failed,lowercase_modal_tokens,25,22,6,2,0.23999999999999999,0.090909090909090912,0.1702127659574468,0.46808510638297873,0.069787234042553187,0.11234042553191489,0.042553191489361701,56,82,7,2,0.125,0.024390243902439025,0.065217391304347824,0.59420289855072461,0.059782608695652176,0.074275362318840576,0.014492753623188406,-0.10499537465309898,-0.11499999999999999,-0.010004625346901011,-0.038065063213074318,0.028060437866173293,True,True,0.015745848298193681,-0.025750473645094696,journal
v3_experiments_in_wording_questions_ii,ml1.10,ML1,successful,epistemic_adverb_tokens,21,27,0,1,0,0.037037037037037035,0.020833333333333332,0.5625,-0.020833333333333332,0,0.020833333333333332,24,17,0,0,0,0,0,0.41463414634146339,0,0,0,-0.020833333333333332,0,0.020833333333333332,0,0.020833333333333332,True,True,0.0027382565492321594,0.018095076784101171,journal
v3_experiments_in_wording_questions_ii,ml1.10,ML1,successful,replication_word_tokens,21,27,0,0,0,0,0,0.5625,0,0,0,24,17,0,0,0,0,0,0.41463414634146339,0,0,0,0,0,0,0,-0,True,True,-0,0,journal
v3_experiments_in_wording_questions_ii,ml1.10,ML1,successful,lowercase_modal_tokens,21,27,1,2,0.047619047619047616,0.07407407407407407,0.0625,0.5625,-0.014880952380952384,0.026785714285714284,0.041666666666666664,24,17,2,0,0.083333333333333329,0,0.04878048780487805,0.41463414634146339,0.034552845528455278,0.034552845528455278,0,-0.01371951219512195,0.035714285714285712,0.049433797909407662,0.007767131242740994,0.041666666666666664,True,True,-0.0042051797006065301,0.053638977610014189,journal
v3_happiness_and_time_preference_the_effect,ee.14,EERP,failed,epistemic_adverb_tokens,30,34,0,0,0,0,0,0.53125,0,0,0,88,60,0,0,0,0,0,0.40540540540540543,0,0,0,0,0,0,0,-0,True,True,-0,0,journal
v3_happiness_and_time_preference_the_effect,ee.14,EERP,failed,replication_word_tokens,30,34,3,0,0.10000000000000001,0,0.046875,0.53125,0.053125000000000006,0.053125000000000006,0,88,60,0,1,0,0.016666666666666666,0.0067567567567567571,0.40540540540540543,-0.0067567567567567571,0,0.0067567567567567571,-0.040118243243243243,-0.10000000000000001,-0.059881756756756763,-0.053125000000000006,-0.0067567567567567571,True,True,-0.0052435247747747741,-0.054638231981981984,journal
v3_happiness_and_time_preference_the_effect,ee.14,EERP,failed,lowercase_modal_tokens,30,34,1,1,0.033333333333333333,0.029411764705882353,0.03125,0.53125,0.0020833333333333329,0.017708333333333333,0.015625,88,60,8,5,0.090909090909090912,0.083333333333333329,0.087837837837837843,0.40540540540540543,0.0030712530712530689,0.036855036855036861,0.033783783783783786,0.056587837837837843,0.057575757575757579,0.00098791973791973603,0.019146703521703529,-0.018158783783783786,True,True,-0.00072343817748229543,0.0017113579154020367,journal
v3_head_up_foot_down_object_words_orient_at,rpp.167,RPP,failed,epistemic_adverb_tokens,25,27,0,0,0,0,0,0.51923076923076927,0,0,0,43,49,0,0,0,0,0,0.53260869565217395,0,0,0,0,0,0,0,-0,True,True,0,0,journal
v3_head_up_foot_down_object_words_orient_at,rpp.167,RPP,failed,replication_word_tokens,25,27,1,1,0.040000000000000001,0.037037037037037035,0.038461538461538464,0.51923076923076927,0.0015384615384615372,0.020769230769230772,0.019230769230769232,43,49,2,2,0.046511627906976744,0.040816326530612242,0.043478260869565216,0.53260869565217395,0.0030333670374115274,0.024772497472194135,0.021739130434782608,0.0050167224080267525,0.0065116279069767427,0.0014949054989499902,0.004003266702963363,-0.0025083612040133763,True,True,5.7914811634297404e-05,0.0014369906873156909,journal
v3_head_up_foot_down_object_words_orient_at,rpp.167,RPP,failed,lowercase_modal_tokens,25,27,6,3,0.23999999999999999,0.1111111111111111,0.17307692307692307,0.51923076923076927,0.066923076923076918,0.12461538461538463,0.057692307692307696,43,49,1,4,0.023255813953488372,0.081632653061224483,0.05434782608695652,0.53260869565217395,-0.031092012133468148,0.012386248736097068,0.043478260869565216,-0.11872909698996656,-0.21674418604651163,-0.098015089056545074,-0.11222913587928757,0.014214046822742479,True,True,0.00047165250689734265,-0.09848674156344242,journal
v3_hedonic_and_instrumental_motives_in_ange,rpp.142,RPP,successful,epistemic_adverb_tokens,39,17,0,0,0,0,0,0.30357142857142855,0,0,0,94,50,0,0,0,0,0,0.34722222222222221,0,0,0,0,0,0,0,-0,True,True,0,0,journal
v3_hedonic_and_instrumental_motives_in_ange,rpp.142,RPP,successful,replication_word_tokens,39,17,0,0,0,0,0,0.30357142857142855,0,0,0,94,50,2,0,0.021276595744680851,0,0.013888888888888888,0.34722222222222221,0.0073877068557919624,0.0073877068557919616,0,0.013888888888888888,0.021276595744680851,0.0073877068557919624,0.0073877068557919616,-0,True,True,0.00046437014522120916,0.006923336710570752,journal
v3_hedonic_and_instrumental_motives_in_ange,rpp.142,RPP,successful,lowercase_modal_tokens,39,17,3,2,0.076923076923076927,0.11764705882352941,0.089285714285714288,0.30357142857142855,-0.01236263736263736,0.023351648351648352,0.035714285714285712,94,50,19,4,0.20212765957446807,0.080000000000000002,0.15972222222222221,0.34722222222222221,0.042405437352245862,0.070183215130023638,0.027777777777777776,0.070436507936507922,0.12520458265139114,0.054768074714883222,0.046831566778375286,0.0079365079365079361,True,True,0.0017766675682820868,0.052991407146601117,journal
v3_how_does_bilingualism_improve_executive_,rpp.22,RPP,failed,epistemic_adverb_tokens,95,82,1,0,0.010526315789473684,0,0.0056497175141242938,0.4632768361581921,0.0048765982753493902,0.0048765982753493902,0,91,67,0,0,0,0,0,0.42405063291139239,0,0,0,-0.0056497175141242938,-0.010526315789473684,-0.0048765982753493902,-0.0048765982753493902,-0,True,True,-0.00020645370129894583,-0.0046701445740504445,journal
v3_how_does_bilingualism_improve_executive_,rpp.22,RPP,failed,replication_word_tokens,95,82,9,3,0.094736842105263161,0.036585365853658534,0.067796610169491525,0.4632768361581921,0.026940231935771636,0.043889384478144514,0.016949152542372881,91,67,1,4,0.01098901098901099,0.059701492537313432,0.031645569620253167,0.42405063291139239,-0.020656558631242175,0.0046598970649603562,0.025316455696202531,-0.036151040549238359,-0.083747831116252169,-0.047596790567013811,-0.039229487413184161,-0.00836730315382965,True,True,-0.00018512796233859872,-0.047411662604675213,journal
v3_how_does_bilingualism_improve_executive_,rpp.22,RPP,failed,lowercase_modal_tokens,95,82,14,7,0.14736842105263157,0.085365853658536592,0.11864406779661017,0.4632768361581921,0.028724353256021393,0.068272375854891459,0.03954802259887006,91,67,22,8,0.24175824175824176,0.11940298507462686,0.189873417721519,0.42405063291139239,0.05188482403672276,0.10251773542912783,0.050632911392405063,0.071229349924908827,0.094389820705610195,0.023160470780701367,0.03424535957423637,-0.011084888793535003,True,True,-0.0036158287387049962,0.026776299519406365,journal
v3_how_the_head_liberates_the_heart_project,rpp.59,RPP,successful,epistemic_adverb_tokens,31,11,0,0,0,0,0,0.26190476190476192,0,0,0,62,12,1,0,0.016129032258064516,0,0.013513513513513514,0.16216216216216217,0.0026155187445510014,0.0026155187445510027,0,0.013513513513513514,0.016129032258064516,0.0026155187445510014,0.0026155187445510027,-0,True,True,-0.00080437580437580443,0.0034198945489268069,journal
v3_how_the_head_liberates_the_heart_project,rpp.59,RPP,successful,replication_word_tokens,31,11,0,0,0,0,0,0.26190476190476192,0,0,0,62,12,0,1,0,0.083333333333333329,0.013513513513513514,0.16216216216216217,-0.013513513513513514,0,0.013513513513513514,0.013513513513513514,0,-0.013513513513513514,0,-0.013513513513513514,True,True,0.0041559416559416558,-0.017669455169455169,journal
v3_how_the_head_liberates_the_heart_project,rpp.59,RPP,successful,lowercase_modal_tokens,31,11,2,1,0.064516129032258063,0.090909090909090912,0.071428571428571425,0.26190476190476192,-0.0069124423963133619,0.016897081413210446,0.023809523809523808,62,12,10,0,0.16129032258064516,0,0.13513513513513514,0.16216216216216217,0.026155187445510014,0.026155187445510028,0,0.063706563706563718,0.096774193548387094,0.033067629841823376,0.0092581060322995817,0.023809523809523808,True,True,-0.006727506727506727,0.03979513656933012,journal
v3_imperfect_public_monitoring_with_costly_,ee.2,EERP,successful,epistemic_adverb_tokens,25,25,0,0,0,0,0,0.5,0,0,0,49,51,2,0,0.040816326530612242,0,0.02,0.51000000000000001,0.020816326530612241,0.020816326530612245,0,0.02,0.040816326530612242,0.020816326530612241,0.020816326530612245,-0,True,True,0.00020408163265306139,0.020612244897959181,journal
v3_imperfect_public_monitoring_with_costly_,ee.2,EERP,successful,replication_word_tokens,25,25,0,0,0,0,0,0.5,0,0,0,49,51,1,6,0.020408163265306121,0.11764705882352941,0.070000000000000007,0.51000000000000001,-0.049591836734693889,0.010408163265306122,0.059999999999999998,0.070000000000000007,0.020408163265306121,-0.049591836734693889,0.010408163265306122,-0.059999999999999998,True,True,-0.00048619447779111691,-0.049105642256902761,journal
v3_imperfect_public_monitoring_with_costly_,ee.2,EERP,successful,lowercase_modal_tokens,25,25,3,2,0.12,0.080000000000000002,0.10000000000000001,0.5,0.01999999999999999,0.059999999999999998,0.040000000000000001,49,51,9,4,0.18367346938775511,0.078431372549019607,0.13,0.51000000000000001,0.053673469387755107,0.093673469387755115,0.040000000000000001,0.029999999999999999,0.063673469387755116,0.033673469387755117,0.033673469387755117,-0,True,True,0.00072621048419367824,0.032947258903561434,journal
v3_increasing_and_decreasing_motor_and_cogn,rpp.49,RPP,failed,epistemic_adverb_tokens,98,66,3,0,0.030612244897959183,0,0.018292682926829267,0.40243902439024393,0.012319561971129916,0.012319561971129916,0,38,49,0,0,0,0,0,0.56321839080459768,0,0,0,-0.018292682926829267,-0.030612244897959183,-0.012319561971129916,-0.012319561971129916,-0,True,True,0.0024609086696074554,-0.014780470640737372,journal
v3_increasing_and_decreasing_motor_and_cogn,rpp.49,RPP,failed,replication_word_tokens,98,66,0,0,0,0,0,0.40243902439024393,0,0,0,38,49,2,5,0.052631578947368418,0.10204081632653061,0.080459770114942528,0.56321839080459768,-0.027828191167574109,0.029643073200241982,0.057471264367816091,0.080459770114942528,0.052631578947368418,-0.027828191167574109,0.029643073200241982,-0.057471264367816091,True,True,-0.0039719929404190514,-0.023856198227155057,journal
v3_increasing_and_decreasing_motor_and_cogn,rpp.49,RPP,failed,lowercase_modal_tokens,98,66,12,4,0.12244897959183673,0.060606060606060608,0.097560975609756101,0.40243902439024393,0.024888003982080631,0.049278247884519663,0.024390243902439025,38,49,2,5,0.052631578947368418,0.10204081632653061,0.080459770114942528,0.56321839080459768,-0.027828191167574109,0.029643073200241982,0.057471264367816091,-0.017101205494813573,-0.069817400644468314,-0.05271619514965474,-0.019635174684277681,-0.033081020465377066,True,True,0.00099953972545459573,-0.05371573487510934,journal
v3_individual_differences_in_the_regulation,rpp.53,RPP,failed,epistemic_adverb_tokens,44,17,0,0,0,0,0,0.27868852459016391,0,0,0,40,29,1,1,0.025000000000000001,0.034482758620689655,0.028985507246376812,0.42028985507246375,-0.0039855072463768106,0.010507246376811594,0.014492753623188406,0.028985507246376812,0.025000000000000001,-0.0039855072463768106,0.010507246376811594,-0.014492753623188406,True,True,-0.00067138561866607663,-0.0033141216277107338,journal
v3_individual_differences_in_the_regulation,rpp.53,RPP,failed,replication_word_tokens,44,17,1,0,0.022727272727272728,0,0.016393442622950821,0.27868852459016391,0.0063338301043219074,0.0063338301043219074,0,40,29,1,1,0.025000000000000001,0.034482758620689655,0.028985507246376812,0.42028985507246375,-0.0039855072463768106,0.010507246376811594,0.014492753623188406,0.012592064623425991,0.0022727272727272735,-0.010319337350698718,0.0041734162724896863,-0.014492753623188406,True,True,0.00093772040954187607,-0.011257057760240594,journal
v3_individual_differences_in_the_regulation,rpp.53,RPP,failed,lowercase_modal_tokens,44,17,9,2,0.20454545454545456,0.11764705882352941,0.18032786885245902,0.27868852459016391,0.024217585692995536,0.05700447093889717,0.032786885245901641,40,29,12,3,0.29999999999999999,0.10344827586206896,0.21739130434782608,0.42028985507246375,0.082608695652173908,0.12608695652173912,0.043478260869565216,0.037063435495367059,0.095454545454545431,0.058391109959178372,0.069082485582841954,-0.010691375623663575,True,True,0.0200684570487615,0.038322652910416879,journal
v3_it_feels_like_yesterday_self_esteem_vale,ml3.3,ML3,failed,epistemic_adverb_tokens,118,67,0,1,0,0.014925373134328358,0.0054054054054054057,0.36216216216216218,-0.0054054054054054057,0,0.0054054054054054057,101,58,2,0,0.019801980198019802,0,0.012578616352201259,0.36477987421383645,0.0072233638458185437,0.0072233638458185437,0,0.0071732109467958528,0.019801980198019802,0.012628769251223949,0.0072233638458185437,0.0054054054054054057,True,True,6.3827765409524845e-06,0.012622386474682995,journal
v3_it_feels_like_yesterday_self_esteem_vale,ml3.3,ML3,failed,replication_word_tokens,118,67,0,0,0,0,0,0.36216216216216218,0,0,0,101,58,0,0,0,0,0,0.36477987421383645,0,0,0,0,0,0,0,-0,True,True,0,0,journal
v3_it_feels_like_yesterday_self_esteem_vale,ml3.3,ML3,failed,lowercase_modal_tokens,118,67,18,11,0.15254237288135594,0.16417910447761194,0.15675675675675677,0.36216216216216218,-0.0042143838754008234,0.055245075584058639,0.059459459459459463,101,58,14,6,0.13861386138613863,0.10344827586206896,0.12578616352201258,0.36477987421383645,0.012827697864126048,0.050563546920729813,0.037735849056603772,-0.030970593234744187,-0.013928511495217316,0.017042081739526871,-0.0046815286633288267,0.021723610402855691,True,True,3.0795882244460653e-05,0.017011285857282402,journal
v3_last_place_aversion_evidence_and_redistr,ee.18,EERP,failed,epistemic_adverb_tokens,17,11,0,0,0,0,0,0.39285714285714285,0,0,0,156,80,1,0,0.00641025641025641,0,0.0042372881355932203,0.33898305084745761,0.0021729682746631897,0.0021729682746631897,0,0.0042372881355932203,0.00641025641025641,0.0021729682746631897,0.0021729682746631897,-0,True,True,-0.00017267337182591422,0.0023456416464891039,journal
v3_last_place_aversion_evidence_and_redistr,ee.18,EERP,failed,replication_word_tokens,17,11,0,0,0,0,0,0.39285714285714285,0,0,0,156,80,0,3,0,0.037499999999999999,0.012711864406779662,0.33898305084745761,-0.012711864406779662,0,0.012711864406779662,0.012711864406779662,0,-0.012711864406779662,0,-0.012711864406779662,True,True,0.0010101392251815982,-0.013722003631961258,journal
v3_last_place_aversion_evidence_and_redistr,ee.18,EERP,failed,lowercase_modal_tokens,17,11,3,4,0.17647058823529413,0.36363636363636365,0.25,0.39285714285714285,-0.073529411764705871,0.069327731092436978,0.14285714285714285,156,80,36,6,0.23076923076923078,0.074999999999999997,0.17796610169491525,0.33898305084745761,0.05280312907431553,0.07822685788787484,0.025423728813559324,-0.072033898305084748,0.054298642533936653,0.1263325408390214,0.0088991267954378617,0.11743341404358353,True,True,0.00084573016714093482,0.12548681067188044,journal
v3_left_frontal_cortical_activation_and_spr,rpp.55,RPP,failed,epistemic_adverb_tokens,25,13,0,0,0,0,0,0.34210526315789475,0,0,0,37,24,0,0,0,0,0,0.39344262295081966,0,0,0,0,0,0,0,-0,True,True,0,0,journal
v3_left_frontal_cortical_activation_and_spr,rpp.55,RPP,failed,replication_word_tokens,25,13,0,1,0,0.076923076923076927,0.026315789473684209,0.34210526315789475,-0.026315789473684209,0,0.026315789473684209,37,24,1,0,0.027027027027027029,0,0.016393442622950821,0.39344262295081966,0.010633584404076208,0.010633584404076208,0,-0.0099223468507333885,0.027027027027027029,0.036949373877760414,0.010633584404076208,0.026315789473684209,True,True,-0.0012807657328796239,0.038230139610640042,journal
v3_left_frontal_cortical_activation_and_spr,rpp.55,RPP,failed,lowercase_modal_tokens,25,13,2,0,0.080000000000000002,0,0.052631578947368418,0.34210526315789475,0.027368421052631584,0.02736842105263158,0,37,24,1,0,0.027027027027027029,0,0.016393442622950821,0.39344262295081966,0.010633584404076208,0.010633584404076208,0,-0.036238136324417594,-0.052972972972972973,-0.016734836648555376,-0.016734836648555372,-0,True,True,0.002747242497026793,-0.019482079145582164,journal
v3_measuring_the_crowd_within_probabilistic,rpp.116,RPP,successful,epistemic_adverb_tokens,32,38,0,0,0,0,0,0.54285714285714282,0,0,0,63,71,1,1,0.015873015873015872,0.014084507042253521,0.014925373134328358,0.52985074626865669,0.00094764273868751421,0.0084103293058516923,0.007462686567164179,0.014925373134328358,0.015873015873015872,0.00094764273868751421,0.0084103293058516923,-0.007462686567164179,True,True,-1.1631027577452372e-05,0.00095927376626496648,journal
v3_measuring_the_crowd_within_probabilistic,rpp.116,RPP,successful,replication_word_tokens,32,38,3,4,0.09375,0.10526315789473684,0.10000000000000001,0.54285714285714282,-0.0062500000000000056,0.050892857142857142,0.057142857142857141,63,71,0,0,0,0,0,0.52985074626865669,0,0,0,-0.10000000000000001,-0.09375,0.0062500000000000056,-0.050892857142857142,0.057142857142857141,True,True,7.4872348782403645e-05,0.0061751276512175927,journal
v3_measuring_the_crowd_within_probabilistic,rpp.116,RPP,successful,lowercase_modal_tokens,32,38,4,2,0.125,0.052631578947368418,0.085714285714285715,0.54285714285714282,0.039285714285714285,0.067857142857142852,0.028571428571428571,63,71,7,5,0.1111111111111111,0.070422535211267609,0.089552238805970144,0.52985074626865669,0.021558872305140961,0.058872305140961853,0.037313432835820892,0.003837953091684429,-0.013888888888888895,-0.017726841980573324,-0.0089848377161809989,-0.0087420042643923217,True,True,-0.00073523206973357899,-0.016991609910839749,journal
v3_multidimensional_visual_statistical_lear,rpp.29,RPP,successful,epistemic_adverb_tokens,22,28,0,0,0,0,0,0.56000000000000005,0,0,0,21,50,0,0,0,0,0,0.70422535211267601,0,0,0,0,0,0,0,-0,True,True,0,0,journal
v3_multidimensional_visual_statistical_lear,rpp.29,RPP,successful,replication_word_tokens,22,28,0,0,0,0,0,0.56000000000000005,0,0,0,21,50,3,4,0.14285714285714285,0.080000000000000002,0.098591549295774641,0.70422535211267601,0.044265593561368208,0.10060362173038229,0.056338028169014086,0.098591549295774641,0.14285714285714285,0.044265593561368208,0.10060362173038229,-0.056338028169014086,True,True,0.0045327967806841011,0.039732796780684101,journal
v3_multidimensional_visual_statistical_lear,rpp.29,RPP,successful,lowercase_modal_tokens,22,28,2,3,0.090909090909090912,0.10714285714285714,0.10000000000000001,0.56000000000000005,-0.0090909090909090939,0.050909090909090918,0.059999999999999998,21,50,4,6,0.19047619047619047,0.12,0.14084507042253522,0.70422535211267601,0.049631120053655248,0.13413816230717637,0.084507042253521125,0.040845070422535212,0.099567099567099554,0.058722029144564342,0.083229071398085455,-0.024507042253521127,True,True,0.0039115663679043936,0.054810462776659949,journal
v3_multiple_roles_for_time_in_short_term_me,rpp.33,RPP,successful,epistemic_adverb_tokens,62,82,0,0,0,0,0,0.56944444444444442,0,0,0,50,45,0,0,0,0,0,0.47368421052631576,0,0,0,0,0,0,0,-0,True,True,-0,0,journal
v3_multiple_roles_for_time_in_short_term_me,rpp.33,RPP,successful,replication_word_tokens,62,82,1,1,0.016129032258064516,0.012195121951219513,0.013888888888888888,0.56944444444444442,0.0022401433691756276,0.0091845878136200716,0.0069444444444444441,50,45,2,0,0.040000000000000001,0,0.021052631578947368,0.47368421052631576,0.018947368421052633,0.018947368421052629,0,0.0071637426900584798,0.023870967741935485,0.016707225051877005,0.0097627806074325578,0.0069444444444444441,True,True,-0.0021035607639607805,0.018810785815837786,journal
v3_multiple_roles_for_time_in_short_term_me,rpp.33,RPP,successful,lowercase_modal_tokens,62,82,4,2,0.064516129032258063,0.024390243902439025,0.041666666666666664,0.56944444444444442,0.022849462365591398,0.036738351254480286,0.013888888888888888,50,45,3,2,0.059999999999999998,0.044444444444444446,0.052631578947368418,0.47368421052631576,0.0073684210526315796,0.028421052631578944,0.021052631578947368,0.010964912280701754,-0.0045161290322580649,-0.015481041312959819,-0.0083172986229013424,-0.0071637426900584798,True,True,-0.0026660338924649383,-0.01281500742049488,journal
v3_not_so_innocent_does_seeing_one_s_own_ca,rpp.65,RPP,failed,epistemic_adverb_tokens,53,22,1,0,0.018867924528301886,0,0.013333333333333334,0.29333333333333333,0.0055345911949685519,0.0055345911949685536,0,46,29,0,0,0,0,0,0.38666666666666666,0,0,0,-0.013333333333333334,-0.018867924528301886,-0.0055345911949685519,-0.0055345911949685536,-0,True,True,0.0008805031446540879,-0.0064150943396226404,journal
v3_not_so_innocent_does_seeing_one_s_own_ca,rpp.65,RPP,failed,replication_word_tokens,53,22,3,0,0.056603773584905662,0,0.040000000000000001,0.29333333333333333,0.016603773584905661,0.016603773584905661,0,46,29,0,1,0,0.034482758620689655,0.013333333333333334,0.38666666666666666,-0.013333333333333334,0,0.013333333333333334,-0.026666666666666665,-0.056603773584905662,-0.029937106918238997,-0.016603773584905661,-0.013333333333333334,True,True,0.0010323140316634135,-0.030969420949902404,journal
v3_not_so_innocent_does_seeing_one_s_own_ca,rpp.65,RPP,failed,lowercase_modal_tokens,53,22,11,1,0.20754716981132076,0.045454545454545456,0.16,0.29333333333333333,0.047547169811320761,0.06088050314465409,0.013333333333333334,46,29,8,4,0.17391304347826086,0.13793103448275862,0.16,0.38666666666666666,0.013913043478260861,0.067246376811594205,0.053333333333333337,0,-0.033634126333059899,-0.033634126333059899,0.0063658736669401153,-0.040000000000000001,True,True,0.0092434828897729505,-0.042877609222832833,journal
v3_on_the_additive_effects_of_stimulus_qual,rpp.27,RPP,successful,epistemic_adverb_tokens,10,26,0,0,0,0,0,0.72222222222222221,0,0,0,27,37,1,0,0.037037037037037035,0,0.015625,0.578125,0.021412037037037035,0.021412037037037035,0,0.015625,0.037037037037037035,0.021412037037037035,0.021412037037037035,-0,True,True,-0.0026684670781893,0.024080504115226338,journal
v3_on_the_additive_effects_of_stimulus_qual,rpp.27,RPP,successful,replication_word_tokens,10,26,0,2,0,0.076923076923076927,0.055555555555555552,0.72222222222222221,-0.055555555555555552,0,0.055555555555555552,27,37,1,0,0.037037037037037035,0,0.015625,0.578125,0.021412037037037035,0.021412037037037035,0,-0.039930555555555552,0.037037037037037035,0.076967592592592587,0.021412037037037035,0.055555555555555552,True,True,0.0028737337765115546,0.074093858816081049,journal
v3_on_the_additive_effects_of_stimulus_qual,rpp.27,RPP,successful,lowercase_modal_tokens,10,26,0,1,0,0.038461538461538464,0.027777777777777776,0.72222222222222221,-0.027777777777777776,0,0.027777777777777776,27,37,3,1,0.1111111111111111,0.027027027027027029,0.0625,0.578125,0.048611111111111105,0.064236111111111105,0.015625,0.034722222222222224,0.1111111111111111,0.076388888888888881,0.064236111111111105,0.012152777777777776,True,True,-0.0032870410474577132,0.079675929936346604,journal
v3_opening_the_mind_to_close_it_considering,rpp.72,RPP,failed,epistemic_adverb_tokens,10,7,0,0,0,0,0,0.41176470588235292,0,0,0,17,9,0,0,0,0,0,0.34615384615384615,0,0,0,0,0,0,0,-0,True,False,-0,0,journal
v3_opening_the_mind_to_close_it_considering,rpp.72,RPP,failed,replication_word_tokens,10,7,0,0,0,0,0,0.41176470588235292,0,0,0,17,9,0,0,0,0,0,0.34615384615384615,0,0,0,0,0,0,0,-0,True,False,-0,0,journal
v3_opening_the_mind_to_close_it_considering,rpp.72,RPP,failed,lowercase_modal_tokens,10,7,1,0,0.10000000000000001,0,0.058823529411764705,0.41176470588235292,0.0411764705882353,0.041176470588235294,0,17,9,2,1,0.11764705882352941,0.1111111111111111,0.11538461538461539,0.34615384615384615,0.0022624434389140191,0.04072398190045249,0.038461538461538464,0.056561085972850686,0.017647058823529405,-0.038914027149321281,-0.00045248868778280382,-0.038461538461538464,True,False,-0.0034949575607015051,-0.035419069588619762,journal
v3_orienting_attention_in_visual_working_me,rpp.37,RPP,failed,epistemic_adverb_tokens,98,56,0,0,0,0,0,0.36363636363636365,0,0,0,60,45,2,0,0.033333333333333333,0,0.019047619047619049,0.42857142857142855,0.014285714285714284,0.014285714285714285,0,0.019047619047619049,0.033333333333333333,0.014285714285714284,0.014285714285714285,-0,True,True,0.0010822510822510816,0.013203463203463202,journal
v3_orienting_attention_in_visual_working_me,rpp.37,RPP,failed,replication_word_tokens,98,56,2,0,0.020408163265306121,0,0.012987012987012988,0.36363636363636365,0.007421150278293133,0.0074211502782931347,0,60,45,0,0,0,0,0,0.42857142857142855,0,0,0,-0.012987012987012988,-0.020408163265306121,-0.007421150278293133,-0.0074211502782931347,-0,True,True,0.0006626027034190296,-0.0080837529817121643,journal
v3_orienting_attention_in_visual_working_me,rpp.37,RPP,failed,lowercase_modal_tokens,98,56,6,0,0.061224489795918366,0,0.03896103896103896,0.36363636363636365,0.022263450834879406,0.022263450834879406,0,60,45,8,1,0.13333333333333333,0.022222222222222223,0.085714285714285715,0.42857142857142855,0.047619047619047616,0.057142857142857141,0.0095238095238095247,0.046753246753246755,0.072108843537414966,0.025355596784168211,0.034879406307977735,-0.0095238095238095247,True,True,0.005595311717760695,0.01976028506640751,journal
v3_perceptual_mechanisms_that_characterize_,rpp.110,RPP,failed,epistemic_adverb_tokens,19,9,0,0,0,0,0,0.32142857142857145,0,0,0,40,17,1,0,0.025000000000000001,0,0.017543859649122806,0.2982456140350877,0.0074561403508771953,0.0074561403508771927,0,0.017543859649122806,0.025000000000000001,0.0074561403508771953,0.0074561403508771927,-0,True,False,-0.0002897869674185469,0.0077459273182957401,journal
v3_perceptual_mechanisms_that_characterize_,rpp.110,RPP,failed,replication_word_tokens,19,9,0,0,0,0,0,0.32142857142857145,0,0,0,40,17,1,1,0.025000000000000001,0.058823529411764705,0.035087719298245612,0.2982456140350877,-0.010087719298245611,0.0074561403508771927,0.017543859649122806,0.035087719298245612,0.025000000000000001,-0.010087719298245611,0.0074561403508771927,-0.017543859649122806,True,False,0.00039206472062509282,-0.010479784018870706,journal
v3_perceptual_mechanisms_that_characterize_,rpp.110,RPP,failed,lowercase_modal_tokens,19,9,6,0,0.31578947368421051,0,0.21428571428571427,0.32142857142857145,0.10150375939849623,0.10150375939849625,0,40,17,13,3,0.32500000000000001,0.17647058823529413,0.2807017543859649,0.2982456140350877,0.044298245614035114,0.096929824561403505,0.052631578947368418,0.066416040100250623,0.0092105263157895023,-0.057205513784461121,-0.0045739348370927441,-0.052631578947368418,True,False,-0.0053821424691760456,-0.051823371315285111,journal
v3_poignancy_mixed_emotional_experience_in_,rpp.61,RPP,failed,epistemic_adverb_tokens,31,23,0,0,0,0,0,0.42592592592592593,0,0,0,54,42,1,0,0.018518518518518517,0,0.010416666666666666,0.4375,0.0081018518518518514,0.0081018518518518514,0,0.010416666666666666,0.018518518518518517,0.0081018518518518514,0.0081018518518518514,-0,True,True,0.00010716735253772286,0.0079946844993141284,journal
v3_poignancy_mixed_emotional_experience_in_,rpp.61,RPP,failed,replication_word_tokens,31,23,0,0,0,0,0,0.42592592592592593,0,0,0,54,42,0,0,0,0,0,0.4375,0,0,0,0,0,0,0,-0,True,True,0,0,journal
v3_poignancy_mixed_emotional_experience_in_,rpp.61,RPP,failed,lowercase_modal_tokens,31,23,3,1,0.096774193548387094,0.043478260869565216,0.07407407407407407,0.42592592592592593,0.022700119474313024,0.041218637992831542,0.018518518518518517,54,42,12,4,0.22222222222222221,0.095238095238095233,0.16666666666666666,0.4375,0.055555555555555552,0.09722222222222221,0.041666666666666664,0.092592592592592587,0.12544802867383512,0.032855436081242528,0.056003584229390668,-0.023148148148148147,True,True,0.0010432873823087315,0.031812148698933798,journal
v3_precision_of_the_anchor_influences_the_a,rpp.111,RPP,successful,epistemic_adverb_tokens,24,12,0,0,0,0,0,0.33333333333333331,0,0,0,59,26,1,0,0.016949152542372881,0,0.011764705882352941,0.30588235294117649,0.0051844466600199403,0.0051844466600199403,0,0.011764705882352941,0.016949152542372881,0.0051844466600199403,0.0051844466600199403,-0,True,True,-0.00023263542705217644,0.0054170820870721162,journal
v3_precision_of_the_anchor_influences_the_a,rpp.111,RPP,successful,replication_word_tokens,24,12,1,0,0.041666666666666664,0,0.027777777777777776,0.33333333333333331,0.013888888888888888,0.013888888888888888,0,59,26,1,1,0.016949152542372881,0.038461538461538464,0.023529411764705882,0.30588235294117649,-0.0065802592223330007,0.0051844466600199403,0.011764705882352941,-0.0042483660130718942,-0.024717514124293783,-0.020469148111221889,-0.0087044422288689478,-0.011764705882352941,True,True,-0.00027662738280883795,-0.020192520728413047,journal
v3_precision_of_the_anchor_influences_the_a,rpp.111,RPP,successful,lowercase_modal_tokens,24,12,1,0,0.041666666666666664,0,0.027777777777777776,0.33333333333333331,0.013888888888888888,0.013888888888888888,0,59,26,3,1,0.050847457627118647,0.038461538461538464,0.047058823529411764,0.30588235294117649,0.0037886340977068833,0.015553339980059823,0.011764705882352941,0.019281045751633988,0.009180790960451983,-0.010100254791182005,0.0016644510911709345,-0.011764705882352941,True,True,-0.00074189823691319095,-0.0093583565542688148,journal
v3_priming_addition_facts_with_semantic_rel,rpp.24,RPP,successful,epistemic_adverb_tokens,14,7,0,0,0,0,0,0.33333333333333331,0,0,0,27,18,0,0,0,0,0,0.40000000000000002,0,0,0,0,0,0,0,-0,True,False,0,0,journal
v3_priming_addition_facts_with_semantic_rel,rpp.24,RPP,successful,replication_word_tokens,14,7,0,0,0,0,0,0.33333333333333331,0,0,0,27,18,0,1,0,0.055555555555555552,0.022222222222222223,0.40000000000000002,-0.022222222222222223,0,0.022222222222222223,0.022222222222222223,0,-0.022222222222222223,0,-0.022222222222222223,True,False,-0.0018518518518518528,-0.020370370370370372,journal
v3_priming_addition_facts_with_semantic_rel,rpp.24,RPP,successful,lowercase_modal_tokens,14,7,1,1,0.071428571428571425,0.14285714285714285,0.095238095238095233,0.33333333333333331,-0.023809523809523808,0.023809523809523808,0.047619047619047616,27,18,2,1,0.07407407407407407,0.055555555555555552,0.066666666666666666,0.40000000000000002,0.0074074074074074042,0.029629629629629631,0.022222222222222223,-0.028571428571428567,0.0026455026455026454,0.031216931216931212,0.0058201058201058226,0.025396825396825393,True,False,-0.001763668430335098,0.032980599647266316,journal
v3_response_scales_effects_of_category_rang,ml1.8,ML1,successful,epistemic_adverb_tokens,52,44,0,0,0,0,0,0.45833333333333331,0,0,0,38,44,0,0,0,0,0,0.53658536585365857,0,0,0,0,0,0,0,-0,True,True,0,0,journal
v3_response_scales_effects_of_category_rang,ml1.8,ML1,successful,replication_word_tokens,52,44,2,1,0.038461538461538464,0.022727272727272728,0.03125,0.45833333333333331,0.0072115384615384637,0.017628205128205128,0.010416666666666666,38,44,0,3,0,0.068181818181818177,0.036585365853658534,0.53658536585365857,-0.036585365853658534,0,0.036585365853658534,0.0053353658536585344,-0.038461538461538464,-0.043796904315196998,-0.017628205128205128,-0.02616869918699187,True,True,-0.002052063789868669,-0.041744840525328321,journal
v3_response_scales_effects_of_category_rang,ml1.8,ML1,successful,lowercase_modal_tokens,52,44,8,4,0.15384615384615385,0.090909090909090912,0.125,0.45833333333333331,0.028846153846153855,0.070512820512820512,0.041666666666666664,38,44,7,2,0.18421052631578946,0.045454545454545456,0.10975609756097561,0.53658536585365857,0.074454428754813853,0.098844672657252886,0.024390243902439025,-0.01524390243902439,0.030364372469635609,0.045608274908659999,0.028331852144432373,0.017276422764227639,True,True,0.007891445311214251,0.037716829597445767,journal
v3_running_on_empty_neural_signals_for_self,ml3.5,ML3,successful,epistemic_adverb_tokens,22,5,0,0,0,0,0,0.18518518518518517,0,0,0,25,11,0,0,0,0,0,0.30555555555555558,0,0,0,0,0,0,0,-0,True,False,0,0,journal
v3_running_on_empty_neural_signals_for_self,ml3.5,ML3,successful,replication_word_tokens,22,5,0,0,0,0,0,0.18518518518518517,0,0,0,25,11,0,0,0,0,0,0.30555555555555558,0,0,0,0,0,0,0,-0,True,False,0,0,journal
v3_running_on_empty_neural_signals_for_self,ml3.5,ML3,successful,lowercase_modal_tokens,22,5,1,1,0.045454545454545456,0.20000000000000001,0.07407407407407407,0.18518518518518517,-0.028619528619528614,0.0084175084175084174,0.037037037037037035,25,11,6,0,0.23999999999999999,0,0.16666666666666666,0.30555555555555558,0.073333333333333334,0.073333333333333334,0,0.092592592592592587,0.19454545454545452,0.10195286195286195,0.064915824915824913,0.037037037037037035,True,False,0.0051430976430976447,0.096809764309764304,journal
v3_screening_competition_and_job_design_eco,ee.3,EERP,successful,epistemic_adverb_tokens,21,18,0,0,0,0,0,0.46153846153846156,0,0,0,22,39,0,0,0,0,0,0.63934426229508201,0,0,0,0,0,0,0,-0,True,True,0,0,journal
v3_screening_competition_and_job_design_eco,ee.3,EERP,successful,replication_word_tokens,21,18,0,0,0,0,0,0.46153846153846156,0,0,0,22,39,0,0,0,0,0,0.63934426229508201,0,0,0,0,0,0,0,-0,True,True,0,0,journal
v3_screening_competition_and_job_design_eco,ee.3,EERP,successful,lowercase_modal_tokens,21,18,2,1,0.095238095238095233,0.055555555555555552,0.076923076923076927,0.46153846153846156,0.018315018315018305,0.043956043956043959,0.02564102564102564,22,39,4,4,0.18181818181818182,0.10256410256410256,0.13114754098360656,0.63934426229508201,0.050670640834575259,0.11624441132637856,0.065573770491803282,0.054224464060529637,0.08658008658008659,0.032355622519556954,0.072288367370334589,-0.039932744850777642,True,True,0.010573810384655279,0.021781812134901678,journal
v3_selective_exposure_and_information_quant,rpp.84,RPP,successful,epistemic_adverb_tokens,10,10,0,0,0,0,0,0.5,0,0,0,46,21,0,0,0,0,0,0.31343283582089554,0,0,0,0,0,0,0,-0,True,True,-0,0,journal
v3_selective_exposure_and_information_quant,rpp.84,RPP,successful,replication_word_tokens,10,10,0,0,0,0,0,0.5,0,0,0,46,21,0,1,0,0.047619047619047616,0.014925373134328358,0.31343283582089554,-0.014925373134328358,0,0.014925373134328358,0.014925373134328358,0,-0.014925373134328358,0,-0.014925373134328358,True,True,0.0044420753375977251,-0.019367448471926084,journal
v3_selective_exposure_and_information_quant,rpp.84,RPP,successful,lowercase_modal_tokens,10,10,1,0,0.10000000000000001,0,0.050000000000000003,0.5,0.050000000000000003,0.050000000000000003,0,46,21,5,1,0.10869565217391304,0.047619047619047616,0.089552238805970144,0.31343283582089554,0.019143413367942896,0.034068786502271256,0.014925373134328358,0.039552238805970141,0.0086956521739130349,-0.030856586632057106,-0.015931213497728747,-0.014925373134328358,True,True,-0.015025802663700133,-0.015830783968356976,journal
v3_self_handicapping_excuse_making_and_coun,rpp.94,RPP,successful,epistemic_adverb_tokens,36,18,0,0,0,0,0,0.33333333333333331,0,0,0,47,15,0,0,0,0,0,0.24193548387096775,0,0,0,0,0,0,0,-0,True,True,-0,0,journal
v3_self_handicapping_excuse_making_and_coun,rpp.94,RPP,successful,replication_word_tokens,36,18,0,0,0,0,0,0.33333333333333331,0,0,0,47,15,0,0,0,0,0,0.24193548387096775,0,0,0,0,0,0,0,-0,True,True,-0,0,journal
v3_self_handicapping_excuse_making_and_coun,rpp.94,RPP,successful,lowercase_modal_tokens,36,18,9,4,0.25,0.22222222222222221,0.24074074074074073,0.33333333333333331,0.0092592592592592726,0.083333333333333329,0.07407407407407407,47,15,11,0,0.23404255319148937,0,0.17741935483870969,0.24193548387096775,0.05662319835277968,0.056623198352779687,0,-0.063321385902031041,-0.015957446808510634,0.047363939093520407,-0.026710134980553642,0.07407407407407407,True,True,-0.011964907598057904,0.05932884669157832,journal
v3_self_regulation_and_selective_exposure_t,rpp.86,RPP,failed,epistemic_adverb_tokens,17,24,0,0,0,0,0,0.58536585365853655,0,0,0,30,21,0,0,0,0,0,0.41176470588235292,0,0,0,0,0,0,0,-0,True,True,-0,0,journal
v3_self_regulation_and_selective_exposure_t,rpp.86,RPP,failed,replication_word_tokens,17,24,0,0,0,0,0,0.58536585365853655,0,0,0,30,21,1,0,0.033333333333333333,0,0.019607843137254902,0.41176470588235292,0.013725490196078431,0.013725490196078431,0,0.019607843137254902,0.033333333333333333,0.013725490196078431,0.013725490196078431,-0,True,True,-0.0028933524629363937,0.016618842659014824,journal
v3_self_regulation_and_selective_exposure_t,rpp.86,RPP,failed,lowercase_modal_tokens,17,24,2,2,0.11764705882352941,0.083333333333333329,0.097560975609756101,0.58536585365853655,0.020086083213773309,0.06886657101865136,0.04878048780487805,30,21,2,0,0.066666666666666666,0,0.039215686274509803,0.41176470588235292,0.027450980392156862,0.027450980392156862,0,-0.058345289335246298,-0.050980392156862744,0.0073648971783835532,-0.041415590626494497,0.04878048780487805,True,True,-0.0087651559906602519,0.016130053169043798,journal
v3_semantic_interference_in_a_delayed_namin,rpp.28,RPP,failed,epistemic_adverb_tokens,45,58,1,0,0.022222222222222223,0,0.0097087378640776691,0.56310679611650483,0.012513484358144554,0.012513484358144552,0,18,17,0,0,0,0,0,0.48571428571428571,0,0,0,-0.0097087378640776691,-0.022222222222222223,-0.012513484358144554,-0.012513484358144552,-0,True,True,-0.0008599167822468791,-0.011653567575897673,journal
v3_semantic_interference_in_a_delayed_namin,rpp.28,RPP,failed,replication_word_tokens,45,58,5,4,0.1111111111111111,0.068965517241379309,0.087378640776699032,0.56310679611650483,0.023732470334412073,0.062567421790722749,0.038834951456310676,18,17,0,0,0,0,0,0.48571428571428571,0,0,0,-0.087378640776699032,-0.1111111111111111,-0.023732470334412073,-0.062567421790722749,0.038834951456310676,True,True,-0.00163087665598546,-0.02210159367842662,journal
v3_semantic_interference_in_a_delayed_namin,rpp.28,RPP,failed,lowercase_modal_tokens,45,58,2,1,0.044444444444444446,0.017241379310344827,0.029126213592233011,0.56310679611650483,0.015318230852211435,0.025026968716289105,0.0097087378640776691,18,17,2,0,0.1111111111111111,0,0.057142857142857141,0.48571428571428571,0.053968253968253964,0.053968253968253964,0,0.02801664355062413,0.066666666666666652,0.038650023116042528,0.028941285251964859,0.0097087378640776691,True,True,-0.0053522406619159199,0.044002263777958454,journal
v3_slow_to_anger_and_fast_to_forgive_cooper,ee.12,EERP,successful,epistemic_adverb_tokens,30,64,0,0,0,0,0,0.68085106382978722,0,0,0,61,124,0,0,0,0,0,0.67027027027027031,0,0,0,0,0,0,0,-0,True,True,-0,0,journal
v3_slow_to_anger_and_fast_to_forgive_cooper,ee.12,EERP,successful,replication_word_tokens,30,64,0,0,0,0,0,0.68085106382978722,0,0,0,61,124,0,2,0,0.016129032258064516,0.010810810810810811,0.67027027027027031,-0.010810810810810811,0,0.010810810810810811,0.010810810810810811,0,-0.010810810810810811,0,-0.010810810810810811,True,True,8.5328980318684757e-05,-0.010896139791129494,journal
v3_slow_to_anger_and_fast_to_forgive_cooper,ee.12,EERP,successful,lowercase_modal_tokens,30,64,1,2,0.033333333333333333,0.03125,0.031914893617021274,0.68085106382978722,0.0014184397163120588,0.022695035460992906,0.021276595744680851,61,124,3,1,0.049180327868852458,0.0080645161290322578,0.021621621621621623,0.67027027027027031,0.027558706247230835,0.032964111652636241,0.0054054054054054057,-0.010293271995399651,0.015846994535519125,0.026140266530918776,0.010269076191643335,0.015871190339275445,True,True,-0.00022854061798332977,0.02636880714890211,journal
v3_terror_management_and_adults_attachment_,rpp.48,RPP,failed,epistemic_adverb_tokens,43,10,1,0,0.023255813953488372,0,0.018867924528301886,0.18867924528301888,0.0043878894251864857,0.0043878894251864857,0,69,16,0,0,0,0,0,0.18823529411764706,0,0,0,-0.018867924528301886,-0.023255813953488372,-0.0043878894251864857,-0.0043878894251864857,-0,True,True,-5.1622228531607593e-06,-0.0043827272023333249,journal
v3_terror_management_and_adults_attachment_,rpp.48,RPP,failed,replication_word_tokens,43,10,0,0,0,0,0,0.18867924528301888,0,0,0,69,16,0,0,0,0,0,0.18823529411764706,0,0,0,0,0,0,0,-0,True,True,-0,0,journal
v3_terror_management_and_adults_attachment_,rpp.48,RPP,failed,lowercase_modal_tokens,43,10,4,1,0.093023255813953487,0.10000000000000001,0.094339622641509441,0.18867924528301888,-0.0013163668275559537,0.017551557700745943,0.018867924528301886,69,16,7,2,0.10144927536231885,0.125,0.10588235294117647,0.18823529411764706,-0.0044330775788576221,0.019096334185848253,0.023529411764705882,0.011542730299667028,0.0084260195483653599,-0.0031167107513016684,0.0015447764851023102,-0.004661487236403996,True,True,6.7763526800729824e-06,-0.0031234871039817549,journal
v3_thar_she_bursts_reducing_confusion_reduc,ee.16,EERP,successful,epistemic_adverb_tokens,62,66,0,0,0,0,0,0.515625,0,0,0,69,77,0,0,0,0,0,0.5273972602739726,0,0,0,0,0,0,0,-0,True,True,0,0,journal
v3_thar_she_bursts_reducing_confusion_reduc,ee.16,EERP,successful,replication_word_tokens,62,66,0,2,0,0.030303030303030304,0.015625,0.515625,-0.015625,0,0.015625,69,77,0,1,0,0.012987012987012988,0.0068493150684931503,0.5273972602739726,-0.0068493150684931503,0,0.0068493150684931503,-0.0087756849315068497,0,0.0087756849315068497,0,0.0087756849315068497,True,True,-0.00025481082844096541,0.009030495759947816,journal
v3_thar_she_bursts_reducing_confusion_reduc,ee.16,EERP,successful,lowercase_modal_tokens,62,66,7,3,0.11290322580645161,0.045454545454545456,0.078125,0.515625,0.03477822580645161,0.05821572580645161,0.0234375,69,77,10,3,0.14492753623188406,0.03896103896103896,0.089041095890410954,0.5273972602739726,0.055886440341473109,0.07643438554695256,0.020547945205479451,0.010916095890410954,0.032024310425432453,0.021108214535021499,0.01821865974050095,0.0028895547945205491,True,True,0.0010207443032161085,0.020087470231805384,journal
v3_the_economics_of_credence_goods_an_exper,ee.8,EERP,successful,epistemic_adverb_tokens,27,33,0,0,0,0,0,0.55000000000000004,0,0,0,90,154,0,2,0,0.012987012987012988,0.0081967213114754103,0.63114754098360659,-0.0081967213114754103,0,0.0081967213114754103,0.0081967213114754103,0,-0.0081967213114754103,0,-0.0081967213114754103,True,True,-0.00052693208430913349,-0.0076697892271662769,journal
v3_the_economics_of_credence_goods_an_exper,ee.8,EERP,successful,replication_word_tokens,27,33,0,0,0,0,0,0.55000000000000004,0,0,0,90,154,0,0,0,0,0,0.63114754098360659,0,0,0,0,0,0,0,-0,True,True,0,0,journal
v3_the_economics_of_credence_goods_an_exper,ee.8,EERP,successful,lowercase_modal_tokens,27,33,2,2,0.07407407407407407,0.060606060606060608,0.066666666666666666,0.55000000000000004,0.0074074074074074042,0.040740740740740744,0.033333333333333333,90,154,14,8,0.15555555555555556,0.051948051948051951,0.090163934426229511,0.63114754098360659,0.065391621129326047,0.098178506375227695,0.032786885245901641,0.023497267759562845,0.081481481481481488,0.057984213721918643,0.057437765634486951,0.00054644808743169182,True,True,0.0047501951600312248,0.053234018561887413,journal
v3_the_effect_of_global_versus_local_proces,rpp.64,RPP,failed,epistemic_adverb_tokens,67,41,0,0,0,0,0,0.37962962962962965,0,0,0,32,24,0,0,0,0,0,0.42857142857142855,0,0,0,0,0,0,0,-0,True,True,0,0,journal
v3_the_effect_of_global_versus_local_proces,rpp.64,RPP,failed,replication_word_tokens,67,41,0,0,0,0,0,0.37962962962962965,0,0,0,32,24,0,2,0,0.083333333333333329,0.035714285714285712,0.42857142857142855,-0.035714285714285712,0,0.035714285714285712,0.035714285714285712,0,-0.035714285714285712,0,-0.035714285714285712,True,True,-0.0020392416225749541,-0.033675044091710751,journal
v3_the_effect_of_global_versus_local_proces,rpp.64,RPP,failed,lowercase_modal_tokens,67,41,15,0,0.22388059701492538,0,0.1388888888888889,0.37962962962962965,0.084991708126036486,0.084991708126036486,0,32,24,2,0,0.0625,0,0.035714285714285712,0.42857142857142855,0.026785714285714288,0.026785714285714284,0,-0.10317460317460318,-0.16138059701492538,-0.058205993840322198,-0.058205993840322198,-0,True,True,0.0070079907999684053,-0.065213984640290615,journal
v3_the_face_of_success_inferences_from_chie,rpp.82,RPP,failed,epistemic_adverb_tokens,48,33,0,1,0,0.030303030303030304,0.012345679012345678,0.40740740740740738,-0.012345679012345678,0,0.012345679012345678,47,46,0,0,0,0,0,0.4946236559139785,0,0,0,-0.012345679012345678,0,0.012345679012345678,0,0.012345679012345678,True,True,-0.0013214583107056231,0.013667137323051302,journal
v3_the_face_of_success_inferences_from_chie,rpp.82,RPP,failed,replication_word_tokens,48,33,0,1,0,0.030303030303030304,0.012345679012345678,0.40740740740740738,-0.012345679012345678,0,0.012345679012345678,47,46,0,0,0,0,0,0.4946236559139785,0,0,0,-0.012345679012345678,0,0.012345679012345678,0,0.012345679012345678,True,True,-0.0013214583107056231,0.013667137323051302,journal
v3_the_face_of_success_inferences_from_chie,rpp.82,RPP,failed,lowercase_modal_tokens,48,33,7,3,0.14583333333333334,0.090909090909090912,0.12345679012345678,0.40740740740740738,0.022376543209876559,0.05941358024691358,0.037037037037037035,47,46,3,2,0.063829787234042548,0.043478260869565216,0.053763440860215055,0.4946236559139785,0.010066346373827494,0.031571722717913517,0.021505376344086023,-0.069693349263241722,-0.082003546099290794,-0.012310196836049066,-0.027841857529000064,0.015531660692951012,True,True,0.0032826350786000864,-0.015592831914649134,journal
v3_the_framing_of_decisions_and_the_psychol,ml1.2,ML1,successful,epistemic_adverb_tokens,36,28,0,0,0,0,0,0.4375,0,0,0,52,32,0,1,0,0.03125,0.011904761904761904,0.38095238095238093,-0.011904761904761904,0,0.011904761904761904,0.011904761904761904,0,-0.011904761904761904,0,-0.011904761904761904,True,True,0.00088355654761904795,-0.012788318452380952,journal
v3_the_framing_of_decisions_and_the_psychol,ml1.2,ML1,successful,replication_word_tokens,36,28,0,1,0,0.035714285714285712,0.015625,0.4375,-0.015625,0,0.015625,52,32,1,0,0.019230769230769232,0,0.011904761904761904,0.38095238095238093,0.0073260073260073277,0.007326007326007326,0,-0.0037202380952380959,0.019230769230769232,0.022951007326007328,0.007326007326007326,0.015625,True,True,0.00046605180533751969,0.022484955520669807,journal
v3_the_framing_of_decisions_and_the_psychol,ml1.2,ML1,successful,lowercase_modal_tokens,36,28,4,0,0.1111111111111111,0,0.0625,0.4375,0.048611111111111105,0.048611111111111105,0,52,32,4,3,0.076923076923076927,0.09375,0.083333333333333329,0.38095238095238093,-0.0064102564102564014,0.029304029304029304,0.035714285714285712,0.020833333333333329,-0.034188034188034178,-0.055021367521367506,-0.019307081807081801,-0.035714285714285712,True,True,-0.0026657731735856747,-0.052355594347781843,journal
v3_the_lure_of_authority_motivation_and_inc,ee.10,EERP,successful,epistemic_adverb_tokens,13,16,1,0,0.076923076923076927,0,0.034482758620689655,0.55172413793103448,0.042440318302387273,0.042440318302387273,0,89,72,2,0,0.02247191011235955,0,0.012422360248447204,0.44720496894409939,0.010049549863912346,0.010049549863912346,0,-0.022060398372242451,-0.054451166810717377,-0.032390768438474923,-0.032390768438474923,-0,True,True,-0.0051943407232055037,-0.027196427715269419,journal
v3_the_lure_of_authority_motivation_and_inc,ee.10,EERP,successful,replication_word_tokens,13,16,0,0,0,0,0,0.55172413793103448,0,0,0,89,72,1,1,0.011235955056179775,0.013888888888888888,0.012422360248447204,0.44720496894409939,-0.0011864051922674292,0.0050247749319561729,0.0062111801242236021,0.012422360248447204,0.011235955056179775,-0.0011864051922674292,0.0050247749319561729,-0.0062111801242236021,True,True,0.00013864121978604058,-0.00132504641205347,journal
v3_the_lure_of_authority_motivation_and_inc,ee.10,EERP,successful,lowercase_modal_tokens,13,16,2,0,0.15384615384615385,0,0.068965517241379309,0.55172413793103448,0.084880636604774545,0.084880636604774545,0,89,72,18,7,0.20224719101123595,0.097222222222222224,0.15527950310559005,0.44720496894409939,0.0469676879056459,0.090445948775211116,0.043478260869565216,0.08631398586421074,0.048401037165082095,-0.037912948699128646,0.0055653121704365704,-0.043478260869565216,True,True,-0.013528497306271339,-0.024384451392857307,journal
v3_the_nonverbal_expression_of_pride_eviden,rpp.69,RPP,successful,epistemic_adverb_tokens,78,39,2,0,0.02564102564102564,0,0.017094017094017096,0.33333333333333331,0.0085470085470085444,0.0085470085470085461,0,77,36,1,0,0.012987012987012988,0,0.0088495575221238937,0.31858407079646017,0.0041374554648890942,0.0041374554648890933,0,-0.0082444595718932021,-0.012654012654012652,-0.0044095530821194502,-0.0044095530821194528,-0,True,True,-0.00028486754150470935,-0.0041246855406147434,journal
v3_the_nonverbal_expression_of_pride_eviden,rpp.69,RPP,successful,replication_word_tokens,78,39,1,1,0.01282051282051282,0.02564102564102564,0.017094017094017096,0.33333333333333331,-0.0042735042735042757,0.0042735042735042731,0.0085470085470085479,77,36,0,0,0,0,0,0.31858407079646017,0,0,0,-0.017094017094017096,-0.01282051282051282,0.0042735042735042757,-0.0042735042735042731,0.0085470085470085479,True,True,9.4546554723545784e-05,0.0041789577187807273,journal
v3_the_nonverbal_expression_of_pride_eviden,rpp.69,RPP,successful,lowercase_modal_tokens,78,39,12,0,0.15384615384615385,0,0.10256410256410256,0.33333333333333331,0.051282051282051294,0.05128205128205128,0,77,36,2,1,0.025974025974025976,0.027777777777777776,0.026548672566371681,0.31858407079646017,-0.00057464659234570531,0.0082749109297781866,0.0088495575221238937,-0.076015429997730879,-0.12787212787212787,-0.051856697874396999,-0.043007140352273092,-0.0088495575221238937,True,True,-0.0011212566522301026,-0.050735441222166888,journal
v3_the_potential_of_social_identity_for_equ,ee.5,EERP,failed,epistemic_adverb_tokens,35,57,0,1,0,0.017543859649122806,0.010869565217391304,0.61956521739130432,-0.010869565217391304,0,0.010869565217391304,100,138,0,0,0,0,0,0.57983193277310929,0,0,0,-0.010869565217391304,0,0.010869565217391304,0,0.010869565217391304,True,True,0.00034853758437013182,0.010521027633021171,journal
v3_the_potential_of_social_identity_for_equ,ee.5,EERP,failed,replication_word_tokens,35,57,0,0,0,0,0,0.61956521739130432,0,0,0,100,138,2,8,0.02,0.057971014492753624,0.042016806722689079,0.57983193277310929,-0.022016806722689079,0.011596638655462186,0.033613445378151259,0.042016806722689079,0.02,-0.022016806722689079,0.011596638655462186,-0.033613445378151259,True,True,0.00075435656304109408,-0.022771163285730173,journal
v3_the_potential_of_social_identity_for_equ,ee.5,EERP,failed,lowercase_modal_tokens,35,57,4,1,0.11428571428571428,0.017543859649122806,0.05434782608695652,0.61956521739130432,0.059937888198757762,0.070807453416149066,0.010869565217391304,100,138,9,7,0.089999999999999997,0.050724637681159424,0.067226890756302518,0.57983193277310929,0.022773109243697479,0.052184873949579831,0.029411764705882353,0.012879064669345998,-0.024285714285714285,-0.037164778955060283,-0.018622579466569235,-0.018542199488491048,True,True,-0.0027022053971324823,-0.034462573557927798,journal
v3_the_representation_of_simple_ensemble_vi,rpp.122,RPP,successful,epistemic_adverb_tokens,34,50,0,0,0,0,0,0.59523809523809523,0,0,0,110,101,2,1,0.018181818181818181,0.0099009900990099011,0.014218009478672985,0.47867298578199052,0.0039638087031451958,0.0087031451960361914,0.0047393364928909956,0.014218009478672985,0.018181818181818181,0.0039638087031451958,0.0087031451960361914,-0.0047393364928909956,True,True,-0.00048262781592986644,0.0044464365190750622,journal
v3_the_representation_of_simple_ensemble_vi,rpp.122,RPP,successful,replication_word_tokens,34,50,1,0,0.029411764705882353,0,0.011904761904761904,0.59523809523809523,0.017507002801120448,0.017507002801120448,0,110,101,0,0,0,0,0,0.47867298578199052,0,0,0,-0.011904761904761904,-0.029411764705882353,-0.017507002801120448,-0.017507002801120448,-0,True,True,-0.0017141927861191869,-0.015792810015001262,journal
v3_the_representation_of_simple_ensemble_vi,rpp.122,RPP,successful,lowercase_modal_tokens,34,50,4,3,0.11764705882352941,0.059999999999999998,0.083333333333333329,0.59523809523809523,0.034313725490196081,0.070028011204481794,0.035714285714285712,110,101,11,3,0.10000000000000001,0.029702970297029702,0.066350710900473939,0.47867298578199052,0.033649289099526067,0.047867298578199054,0.014218009478672985,-0.01698262243285939,-0.017647058823529405,-0.00066443639067001459,-0.02216071262628274,0.021496276235612725,True,True,-0.0074569083416764952,0.0067924719510064867,journal
v3_the_space_between_us_stereotype_threat_a,rpp.87,RPP,failed,epistemic_adverb_tokens,38,21,2,0,0.052631578947368418,0,0.033898305084745763,0.3559322033898305,0.018733273862622656,0.018733273862622656,0,94,54,0,0,0,0,0,0.36486486486486486,0,0,0,-0.033898305084745763,-0.052631578947368418,-0.018733273862622656,-0.018733273862622656,-0,True,True,0.0002350700388166935,-0.018968343901439349,journal
v3_the_space_between_us_stereotype_threat_a,rpp.87,RPP,failed,replication_word_tokens,38,21,0,0,0,0,0,0.3559322033898305,0,0,0,94,54,0,0,0,0,0,0.36486486486486486,0,0,0,0,0,0,0,-0,True,True,0,0,journal
v3_the_space_between_us_stereotype_threat_a,rpp.87,RPP,failed,lowercase_modal_tokens,38,21,5,3,0.13157894736842105,0.14285714285714285,0.13559322033898305,0.3559322033898305,-0.004014272970562005,0.046833184656556642,0.050847457627118647,94,54,15,7,0.15957446808510639,0.12962962962962962,0.14864864864864866,0.36486486486486486,0.010925819436457734,0.058223116733755034,0.0472972972972973,0.013055428309665607,0.027995520716685346,0.014940092407019739,0.011389932077198392,0.0035501603298213474,True,True,8.3371401248676522e-05,0.014856721005771061,journal
v3_the_stroop_effect_why_proportion_congrue,rpp.15,RPP,successful,epistemic_adverb_tokens,90,67,0,0,0,0,0,0.42675159235668791,0,0,0,177,121,3,0,0.016949152542372881,0,0.010067114093959731,0.40604026845637586,0.0068820384484131504,0.0068820384484131504,0,0.010067114093959731,0.016949152542372881,0.0068820384484131504,0.0068820384484131504,-0,True,True,-0.00017551969407044111,0.0070575581424835911,journal
v3_the_stroop_effect_why_proportion_congrue,rpp.15,RPP,successful,replication_word_tokens,90,67,0,0,0,0,0,0.42675159235668791,0,0,0,177,121,3,2,0.016949152542372881,0.016528925619834711,0.016778523489932886,0.40604026845637586,0.00017062905243999532,0.0068820384484131504,0.0067114093959731542,0.016778523489932886,0.016949152542372881,0.00017062905243999532,0.0068820384484131504,-0.0067114093959731542,True,True,-4.3517279521596919e-06,0.00017498078039215493,journal
v3_the_stroop_effect_why_proportion_congrue,rpp.15,RPP,successful,lowercase_modal_tokens,90,67,11,5,0.12222222222222222,0.074626865671641784,0.10191082802547771,0.42675159235668791,0.020311394196744506,0.052158527954706296,0.031847133757961783,177,121,39,11,0.22033898305084745,0.090909090909090912,0.16778523489932887,0.40604026845637586,0.052553748151518587,0.089466499829370952,0.036912751677852351,0.065874406873851155,0.098116760828625235,0.032242353954774081,0.037307971874664655,-0.0050656179198905679,True,True,-0.001833213632100142,0.034075567586874224,journal
v3_the_threat_of_appearing_prejudiced_and_r,rpp.129,RPP,failed,epistemic_adverb_tokens,37,25,0,0,0,0,0,0.40322580645161288,0,0,0,45,19,1,0,0.022222222222222223,0,0.015625,0.296875,0.0065972222222222231,0.0065972222222222222,0,0.015625,0.022222222222222223,0.0065972222222222231,0.0065972222222222222,-0,True,True,-0.0011816756272401432,0.0077788978494623658,journal
v3_the_threat_of_appearing_prejudiced_and_r,rpp.129,RPP,failed,replication_word_tokens,37,25,0,0,0,0,0,0.40322580645161288,0,0,0,45,19,0,0,0,0,0,0.296875,0,0,0,0,0,0,0,-0,True,True,-0,0,journal
v3_the_threat_of_appearing_prejudiced_and_r,rpp.129,RPP,failed,lowercase_modal_tokens,37,25,5,2,0.13513513513513514,0.080000000000000002,0.11290322580645161,0.40322580645161288,0.022231909328683533,0.054489973844812557,0.032258064516129031,45,19,13,0,0.28888888888888886,0,0.203125,0.296875,0.085763888888888862,0.085763888888888876,0,0.09022177419354839,0.15375375375375372,0.063531979560205329,0.031273915044076318,0.032258064516129031,True,True,-0.018293616196841996,0.081825595757047356,journal
v3_the_ultimate_sampling_dilemma_in_experie,rpp.17,RPP,successful,epistemic_adverb_tokens,10,9,0,0,0,0,0,0.47368421052631576,0,0,0,21,14,0,1,0,0.071428571428571425,0.028571428571428571,0.40000000000000002,-0.028571428571428571,0,0.028571428571428571,0.028571428571428571,0,-0.028571428571428571,0,-0.028571428571428571,True,False,0.0026315789473684193,-0.031203007518796993,journal
v3_the_ultimate_sampling_dilemma_in_experie,rpp.17,RPP,successful,replication_word_tokens,10,9,0,0,0,0,0,0.47368421052631576,0,0,0,21,14,0,0,0,0,0,0.40000000000000002,0,0,0,0,0,0,0,-0,True,False,-0,0,journal
v3_the_ultimate_sampling_dilemma_in_experie,rpp.17,RPP,successful,lowercase_modal_tokens,10,9,1,2,0.10000000000000001,0.22222222222222221,0.15789473684210525,0.47368421052631576,-0.057894736842105249,0.04736842105263158,0.10526315789473684,21,14,3,1,0.14285714285714285,0.071428571428571425,0.11428571428571428,0.40000000000000002,0.028571428571428567,0.057142857142857141,0.028571428571428571,-0.043609022556390972,0.042857142857142844,0.086466165413533816,0.0097744360902255606,0.076691729323308269,True,False,0.0018713450292397644,0.08459482038429407,journal
v3_toward_a_physiology_of_dual_process_reas,rpp.118,RPP,failed,epistemic_adverb_tokens,65,42,0,0,0,0,0,0.3925233644859813,0,0,0,73,47,0,0,0,0,0,0.39166666666666666,0,0,0,0,0,0,0,-0,True,True,-0,0,journal
v3_toward_a_physiology_of_dual_process_reas,rpp.118,RPP,failed,replication_word_tokens,65,42,2,2,0.030769230769230771,0.047619047619047616,0.037383177570093455,0.3925233644859813,-0.0066139468008626842,0.01207764198418404,0.018691588785046728,73,47,1,1,0.013698630136986301,0.021276595744680851,0.016666666666666666,0.39166666666666666,-0.0029680365296803658,0.0053652968036529674,0.0083333333333333332,-0.020716510903426789,-0.01707060063224447,0.0036459102711823184,-0.0067123451805310725,0.010358255451713394,True,True,1.0463613981021135e-05,0.0036354466572013004,journal
v3_toward_a_physiology_of_dual_process_reas,rpp.118,RPP,failed,lowercase_modal_tokens,65,42,8,0,0.12307692307692308,0,0.07476635514018691,0.3925233644859813,0.048310567936736173,0.04831056793673616,0,73,47,4,1,0.054794520547945202,0.021276595744680851,0.041666666666666664,0.39166666666666666,0.013127853881278538,0.02146118721461187,0.0083333333333333332,-0.033099688473520246,-0.068282402528977881,-0.035182714055457635,-0.02684938072212429,-0.0083333333333333332,True,True,-6.7077232347431668e-05,-0.035115636823110197,journal
v3_tracing_attention_and_the_activation_flo,rpp.1,RPP,failed,epistemic_adverb_tokens,73,48,0,1,0,0.020833333333333332,0.0082644628099173556,0.39669421487603307,-0.0082644628099173556,0,0.0082644628099173556,42,35,0,0,0,0,0,0.45454545454545453,0,0,0,-0.0082644628099173556,0,0.0082644628099173556,0,0.0082644628099173556,True,True,-0.00060261707988980685,0.0088670798898071619,journal
v3_tracing_attention_and_the_activation_flo,rpp.1,RPP,failed,replication_word_tokens,73,48,4,0,0.054794520547945202,0,0.033057851239669422,0.39669421487603307,0.02173666930827578,0.021736669308275784,0,42,35,3,2,0.071428571428571425,0.057142857142857141,0.064935064935064929,0.45454545454545453,0.0064935064935064957,0.032467532467532464,0.025974025974025976,0.031877213695395507,0.016634050880626222,-0.015243162814769284,0.010730863159256681,-0.025974025974025976,True,True,0.001998188610890976,-0.017241351425660269,journal
v3_tracing_attention_and_the_activation_flo,rpp.1,RPP,failed,lowercase_modal_tokens,73,48,6,2,0.082191780821917804,0.041666666666666664,0.066115702479338845,0.39669421487603307,0.016076078342578959,0.032605003962413677,0.016528925619834711,42,35,2,1,0.047619047619047616,0.028571428571428571,0.03896103896103896,0.45454545454545453,0.0086580086580086563,0.021645021645021644,0.012987012987012988,-0.027154663518299885,-0.034572733202870187,-0.0074180696845703026,-0.010959982317392033,0.0035419126328217233,True,True,0.0017231782331408722,-0.0091412479177111813,journal
v3_walking_on_eggshells_how_expressing_rela,rpp.58,RPP,failed,epistemic_adverb_tokens,11,3,1,0,0.090909090909090912,0,0.071428571428571425,0.21428571428571427,0.019480519480519487,0.01948051948051948,0,15,10,0,0,0,0,0,0.40000000000000002,0,0,0,-0.071428571428571425,-0.090909090909090912,-0.019480519480519487,-0.01948051948051948,-0,True,False,0.0084415584415584426,-0.027922077922077924,journal
v3_walking_on_eggshells_how_expressing_rela,rpp.58,RPP,failed,replication_word_tokens,11,3,0,0,0,0,0,0.21428571428571427,0,0,0,15,10,0,0,0,0,0,0.40000000000000002,0,0,0,0,0,0,0,-0,True,False,0,0,journal
v3_walking_on_eggshells_how_expressing_rela,rpp.58,RPP,failed,lowercase_modal_tokens,11,3,3,0,0.27272727272727271,0,0.21428571428571427,0.21428571428571427,0.058441558441558433,0.058441558441558433,0,15,10,4,1,0.26666666666666666,0.10000000000000001,0.20000000000000001,0.40000000000000002,0.066666666666666652,0.10666666666666667,0.040000000000000001,-0.014285714285714263,-0.0060606060606060441,0.0082251082251082186,0.04822510822510824,-0.040000000000000001,True,False,0.040800865800865803,-0.032575757575757577,journal
v3_weight_as_an_embodiment_of_importance,ml3.10,ML3,failed,epistemic_adverb_tokens,58,31,0,0,0,0,0,0.34831460674157305,0,0,0,81,52,1,1,0.012345679012345678,0.019230769230769232,0.015037593984962405,0.39097744360902253,-0.0026919149726167269,0.0048268820198644757,0.0075187969924812026,0.015037593984962405,0.012345679012345678,-0.0026919149726167269,0.0048268820198644757,-0.0075187969924812026,True,True,-0.00014686874040313811,-0.0025450462322135891,journal
v3_weight_as_an_embodiment_of_importance,ml3.10,ML3,failed,replication_word_tokens,58,31,1,0,0.017241379310344827,0,0.011235955056179775,0.34831460674157305,0.0060054242541650524,0.0060054242541650524,0,81,52,2,1,0.024691358024691357,0.019230769230769232,0.022556390977443608,0.39097744360902253,0.0021349670472477489,0.0096537640397289515,0.0075187969924812026,0.011320435921263833,0.0074499787143465293,-0.0038704572069173035,0.0036483397855638991,-0.0075187969924812026,True,True,0.00048426518090119116,-0.0043547223878184953,journal
v3_weight_as_an_embodiment_of_importance,ml3.10,ML3,failed,lowercase_modal_tokens,58,31,5,1,0.086206896551724144,0.032258064516129031,0.06741573033707865,0.34831460674157305,0.018791166214645494,0.030027121270825265,0.011235955056179775,81,52,11,3,0.13580246913580246,0.057692307692307696,0.10526315789473684,0.39097744360902253,0.030539311241065625,0.053095702218509233,0.022556390977443608,0.037847427557658186,0.049595572584078318,0.011748145026420131,0.023068580947683968,-0.011320435921263833,True,True,0.0028170056478389934,0.0089311393785811381,journal
v3_when_does_between_sequence_phonological_,rpp.12,RPP,failed,epistemic_adverb_tokens,24,5,0,0,0,0,0,0.17241379310344829,0,0,0,50,19,3,0,0.059999999999999998,0,0.043478260869565216,0.27536231884057971,0.016521739130434782,0.016521739130434782,0,0.043478260869565216,0.059999999999999998,0.016521739130434782,0.016521739130434782,-0,True,False,0.0030884557721139426,0.013433283358320839,journal
v3_when_does_between_sequence_phonological_,rpp.12,RPP,failed,replication_word_tokens,24,5,0,0,0,0,0,0.17241379310344829,0,0,0,50,19,0,0,0,0,0,0.27536231884057971,0,0,0,0,0,0,0,-0,True,False,0,0,journal
v3_when_does_between_sequence_phonological_,rpp.12,RPP,failed,lowercase_modal_tokens,24,5,2,0,0.083333333333333329,0,0.068965517241379309,0.17241379310344829,0.014367816091954019,0.014367816091954023,0,50,19,4,4,0.080000000000000002,0.21052631578947367,0.11594202898550725,0.27536231884057971,-0.035942028985507246,0.022028985507246378,0.057971014492753624,0.046976511744127938,-0.003333333333333327,-0.050309845077461265,0.007661169415292355,-0.057971014492753624,True,False,-0.002429223984498977,-0.047880621092962282,journal
v3_where_do_we_look_during_potentially_offe,rpp.132,RPP,failed,epistemic_adverb_tokens,17,4,2,0,0.11764705882352941,0,0.095238095238095233,0.19047619047619047,0.022408963585434177,0.02240896358543417,0,15,3,0,0,0,0,0,0.16666666666666666,0,0,0,-0.095238095238095233,-0.11764705882352941,-0.022408963585434177,-0.02240896358543417,-0,True,False,-0.0014005602240896356,-0.021008403361344536,journal
v3_where_do_we_look_during_potentially_offe,rpp.132,RPP,failed,replication_word_tokens,17,4,0,0,0,0,0,0.19047619047619047,0,0,0,15,3,0,0,0,0,0,0.16666666666666666,0,0,0,0,0,0,0,-0,True,False,-0,0,journal
v3_where_do_we_look_during_potentially_offe,rpp.132,RPP,failed,lowercase_modal_tokens,17,4,1,0,0.058823529411764705,0,0.047619047619047616,0.19047619047619047,0.011204481792717089,0.011204481792717085,0,15,3,8,0,0.53333333333333333,0,0.44444444444444442,0.16666666666666666,0.088888888888888906,0.088888888888888878,0,0.3968253968253968,0.47450980392156861,0.077684407096171817,0.07768440709617179,-0,True,False,-0.0070494864612511672,0.08473389355742296,journal
v3_why_do_implicit_and_explicit_attitude_te,rpp.44,RPP,successful,epistemic_adverb_tokens,27,33,0,0,0,0,0,0.55000000000000004,0,0,0,52,74,0,0,0,0,0,0.58730158730158732,0,0,0,0,0,0,0,-0,True,True,0,0,journal
v3_why_do_implicit_and_explicit_attitude_te,rpp.44,RPP,successful,replication_word_tokens,27,33,0,0,0,0,0,0.55000000000000004,0,0,0,52,74,1,4,0.019230769230769232,0.054054054054054057,0.03968253968253968,0.58730158730158732,-0.020451770451770449,0.011294261294261296,0.031746031746031744,0.03968253968253968,0.019230769230769232,-0.020451770451770449,0.011294261294261296,-0.031746031746031744,True,True,-0.00064948189948189916,-0.019802288552288553,journal
v3_why_do_implicit_and_explicit_attitude_te,rpp.44,RPP,successful,lowercase_modal_tokens,27,33,3,1,0.1111111111111111,0.030303030303030304,0.066666666666666666,0.55000000000000004,0.044444444444444439,0.061111111111111116,0.016666666666666666,52,74,9,7,0.17307692307692307,0.0945945945945946,0.12698412698412698,0.58730158730158732,0.046092796092796096,0.10164835164835165,0.055555555555555552,0.060317460317460311,0.061965811965811968,0.0016483516483516564,0.040537240537240532,-0.03888888888888889,True,True,0.0029708925542258854,-0.0013225409058742405,journal
v3_why_people_are_reluctant_to_tempt_fate,rpp.68,RPP,failed,epistemic_adverb_tokens,29,19,0,0,0,0,0,0.39583333333333331,0,0,0,38,45,0,0,0,0,0,0.54216867469879515,0,0,0,0,0,0,0,-0,True,True,0,0,journal
v3_why_people_are_reluctant_to_tempt_fate,rpp.68,RPP,failed,replication_word_tokens,29,19,4,2,0.13793103448275862,0.10526315789473684,0.125,0.39583333333333331,0.012931034482758619,0.054597701149425283,0.041666666666666664,38,45,0,12,0,0.26666666666666666,0.14457831325301204,0.54216867469879515,-0.14457831325301204,0,0.14457831325301204,0.019578313253012042,-0.13793103448275862,-0.15750934773577066,-0.054597701149425283,-0.10291164658634538,True,True,-0.017121146412631773,-0.14038820132313889,journal
v3_why_people_are_reluctant_to_tempt_fate,rpp.68,RPP,failed,lowercase_modal_tokens,29,19,6,2,0.20689655172413793,0.10526315789473684,0.16666666666666666,0.39583333333333331,0.040229885057471271,0.081896551724137928,0.041666666666666664,38,45,1,1,0.026315789473684209,0.022222222222222223,0.024096385542168676,0.54216867469879515,0.0022194039315155331,0.014267596702599871,0.012048192771084338,-0.14257028112449799,-0.18058076225045372,-0.038010481125955738,-0.067628955021538054,0.029618473895582326,True,True,0.0077357954706504979,-0.045746276596606232,journal
v3_working_memory_costs_of_task_switching,rpp.3,RPP,failed,epistemic_adverb_tokens,24,13,0,0,0,0,0,0.35135135135135137,0,0,0,42,19,0,0,0,0,0,0.31147540983606559,0,0,0,0,0,0,0,-0,True,True,-0,0,journal
v3_working_memory_costs_of_task_switching,rpp.3,RPP,failed,replication_word_tokens,24,13,0,0,0,0,0,0.35135135135135137,0,0,0,42,19,0,0,0,0,0,0.31147540983606559,0,0,0,0,0,0,0,-0,True,True,-0,0,journal
v3_working_memory_costs_of_task_switching,rpp.3,RPP,failed,lowercase_modal_tokens,24,13,2,0,0.083333333333333329,0,0.054054054054054057,0.35135135135135137,0.029279279279279272,0.029279279279279279,0,42,19,9,0,0.21428571428571427,0,0.14754098360655737,0.31147540983606559,0.066744730679156899,0.066744730679156913,0,0.093486929552503317,0.13095238095238093,0.037465451399877628,0.037465451399877635,-0,True,True,-0.0059339198683460992,0.043399371268223727,journal
v3_1_f_noise_and_effort_on_implicit_measure,rpp.63,RPP,failed,epistemic_adverb_tokens,28,23,0,0,0,0,0,0.45098039215686275,0,0,0,15,23,1,0,0.066666666666666666,0,0.026315789473684209,0.60526315789473684,0.040350877192982457,0.040350877192982457,0,0.026315789473684209,0.066666666666666666,0.040350877192982457,0.040350877192982457,-0,True,True,0.0051427588579291365,0.035208118335053322,recorded_manuscript_upload_years
v3_1_f_noise_and_effort_on_implicit_measure,rpp.63,RPP,failed,replication_word_tokens,28,23,2,2,0.071428571428571425,0.086956521739130432,0.078431372549019607,0.45098039215686275,-0.0070028011204481821,0.032212885154061621,0.039215686274509803,15,23,0,5,0,0.21739130434782608,0.13157894736842105,0.60526315789473684,-0.13157894736842105,0,0.13157894736842105,0.053147574819401439,-0.071428571428571425,-0.12457614624797286,-0.032212885154061621,-0.092363261093911242,True,True,-0.017967713401149932,-0.10660843284682295,recorded_manuscript_upload_years
v3_1_f_noise_and_effort_on_implicit_measure,rpp.63,RPP,failed,lowercase_modal_tokens,28,23,6,3,0.21428571428571427,0.13043478260869565,0.17647058823529413,0.45098039215686275,0.037815126050420145,0.096638655462184864,0.058823529411764705,15,23,0,0,0,0,0,0.60526315789473684,0,0,0,-0.17647058823529413,-0.21428571428571427,-0.037815126050420145,-0.096638655462184864,0.058823529411764705,True,True,0.0064683768244139751,-0.044283502874834145,recorded_manuscript_upload_years
v3_a_motion_aftereffect_from_still_photogra,rpp.127,RPP,successful,epistemic_adverb_tokens,20,14,0,0,0,0,0,0.41176470588235292,0,0,0,14,11,0,0,0,0,0,0.44,0,0,0,0,0,0,0,-0,True,True,0,0,recorded_manuscript_upload_years
v3_a_motion_aftereffect_from_still_photogra,rpp.127,RPP,successful,replication_word_tokens,20,14,1,1,0.050000000000000003,0.071428571428571425,0.058823529411764705,0.41176470588235292,-0.0088235294117647023,0.020588235294117647,0.029411764705882353,14,11,0,0,0,0,0,0.44,0,0,0,-0.058823529411764705,-0.050000000000000003,0.0088235294117647023,-0.020588235294117647,0.029411764705882353,True,True,-0.00030252100840336149,0.0091260504201680654,recorded_manuscript_upload_years
v3_a_motion_aftereffect_from_still_photogra,rpp.127,RPP,successful,lowercase_modal_tokens,20,14,4,1,0.20000000000000001,0.071428571428571425,0.14705882352941177,0.41176470588235292,0.052941176470588241,0.082352941176470587,0.029411764705882353,14,11,0,3,0,0.27272727272727271,0.12,0.44,-0.12,0,0.12,-0.027058823529411774,-0.20000000000000001,-0.17294117647058824,-0.082352941176470587,-0.090588235294117636,True,True,-0.0020351413292589776,-0.17090603514132927,recorded_manuscript_upload_years
v3_a_single_exposure_to_the_american_flag_s,ml1.12,ML1,failed,epistemic_adverb_tokens,18,4,0,0,0,0,0,0.18181818181818182,0,0,0,58,47,0,1,0,0.021276595744680851,0.0095238095238095247,0.44761904761904764,-0.0095238095238095247,0,0.0095238095238095247,0.0095238095238095247,0,-0.0095238095238095247,0,-0.0095238095238095247,True,False,-0.0028276687851155938,-0.0066961407386939304,recorded_manuscript_upload_years
v3_a_single_exposure_to_the_american_flag_s,ml1.12,ML1,failed,replication_word_tokens,18,4,0,0,0,0,0,0.18181818181818182,0,0,0,58,47,4,4,0.068965517241379309,0.085106382978723402,0.076190476190476197,0.44761904761904764,-0.007224958949096888,0.030870279146141218,0.038095238095238099,0.076190476190476197,0.068965517241379309,-0.007224958949096888,0.030870279146141218,-0.038095238095238099,True,False,-0.0021451280438807953,-0.0050798309052160848,recorded_manuscript_upload_years
v3_a_single_exposure_to_the_american_flag_s,ml1.12,ML1,failed,lowercase_modal_tokens,18,4,3,0,0.16666666666666666,0,0.13636363636363635,0.18181818181818182,0.030303030303030304,0.030303030303030304,0,58,47,11,2,0.18965517241379309,0.042553191489361701,0.12380952380952381,0.44761904761904764,0.06584564860426928,0.084893267651888343,0.019047619047619049,-0.01255411255411254,0.022988505747126436,0.035542618301238976,0.054590237348858039,-0.019047619047619049,True,False,0.041699989095440301,-0.0061573707942013172,recorded_manuscript_upload_years
v3_a_social_functional_approach_to_emotions,rpp.56,RPP,failed,epistemic_adverb_tokens,35,26,0,0,0,0,0,0.42622950819672129,0,0,0,48,25,0,0,0,0,0,0.34246575342465752,0,0,0,0,0,0,0,-0,True,True,-0,0,recorded_manuscript_upload_years
v3_a_social_functional_approach_to_emotions,rpp.56,RPP,failed,replication_word_tokens,35,26,0,0,0,0,0,0.42622950819672129,0,0,0,48,25,1,0,0.020833333333333332,0,0.013698630136986301,0.34246575342465752,0.0071347031963470316,0.0071347031963470316,0,0.013698630136986301,0.020833333333333332,0.0071347031963470316,0.0071347031963470316,-0,True,True,-0.0008725391122089976,0.0080072423085560292,recorded_manuscript_upload_years
v3_a_social_functional_approach_to_emotions,rpp.56,RPP,failed,lowercase_modal_tokens,35,26,6,1,0.17142857142857143,0.038461538461538464,0.11475409836065574,0.42622950819672129,0.05667447306791569,0.0730679156908665,0.016393442622950821,48,25,6,1,0.125,0.040000000000000001,0.095890410958904104,0.34246575342465752,0.029109589041095896,0.042808219178082189,0.013698630136986301,-0.018863687401751636,-0.04642857142857143,-0.027564884026819794,-0.030259696512784311,0.0026948124859645199,True,True,-0.009128868548922444,-0.018436015477897357,recorded_manuscript_upload_years
v3_accelerated_relearning_after_retrieval_i,rpp.4,RPP,failed,epistemic_adverb_tokens,17,17,0,0,0,0,0,0.5,0,0,0,32,12,0,0,0,0,0,0.27272727272727271,0,0,0,0,0,0,0,-0,True,True,-0,0,recorded_manuscript_upload_years
v3_accelerated_relearning_after_retrieval_i,rpp.4,RPP,failed,replication_word_tokens,17,17,2,1,0.11764705882352941,0.058823529411764705,0.088235294117647065,0.5,0.029411764705882346,0.058823529411764705,0.029411764705882353,32,12,2,0,0.0625,0,0.045454545454545456,0.27272727272727271,0.017045454545454544,0.017045454545454544,0,-0.042780748663101609,-0.05514705882352941,-0.012366310160427801,-0.041778074866310161,0.029411764705882353,True,True,-0.013786764705882354,0.0014204545454545457,recorded_manuscript_upload_years
v3_accelerated_relearning_after_retrieval_i,rpp.4,RPP,failed,lowercase_modal_tokens,17,17,2,1,0.11764705882352941,0.058823529411764705,0.088235294117647065,0.5,0.029411764705882346,0.058823529411764705,0.029411764705882353,32,12,8,1,0.25,0.083333333333333329,0.20454545454545456,0.27272727272727271,0.045454545454545442,0.068181818181818177,0.022727272727272728,0.11631016042780749,0.13235294117647059,0.016042780748663096,0.0093582887700534717,0.0066844919786096246,True,True,-0.025623885918003571,0.041666666666666671,recorded_manuscript_upload_years
v3_action_dynamics_reveal_parallel_competit,rpp.112,RPP,successful,epistemic_adverb_tokens,25,33,0,0,0,0,0,0.56896551724137934,0,0,0,38,74,0,0,0,0,0,0.6607142857142857,0,0,0,0,0,0,0,-0,True,True,0,0,recorded_manuscript_upload_years
v3_action_dynamics_reveal_parallel_competit,rpp.112,RPP,successful,replication_word_tokens,25,33,1,1,0.040000000000000001,0.030303030303030304,0.034482758620689655,0.56896551724137934,0.0055172413793103461,0.022758620689655173,0.017241379310344827,38,74,1,0,0.026315789473684209,0,0.0089285714285714281,0.6607142857142857,0.017387218045112781,0.017387218045112781,0,-0.025554187192118227,-0.013684210526315792,0.011869976665802435,-0.0053714026445423925,0.017241379310344827,True,True,0.0016520631516094304,0.010217913514193004,recorded_manuscript_upload_years
v3_action_dynamics_reveal_parallel_competit,rpp.112,RPP,successful,lowercase_modal_tokens,25,33,5,4,0.20000000000000001,0.12121212121212122,0.15517241379310345,0.56896551724137934,0.044827586206896558,0.11379310344827587,0.068965517241379309,38,74,3,1,0.078947368421052627,0.013513513513513514,0.035714285714285712,0.6607142857142857,0.043233082706766915,0.052161654135338339,0.0089285714285714281,-0.11945812807881774,-0.12105263157894738,-0.0015945035001296431,-0.061631449312937528,0.060036945812807885,True,True,0.0066160832267910278,-0.0082105867269206736,recorded_manuscript_upload_years
v3_affective_incoherence_when_affective_con,rpp.52,RPP,failed,epistemic_adverb_tokens,20,16,0,0,0,0,0,0.44444444444444442,0,0,0,17,5,0,0,0,0,0,0.22727272727272727,0,0,0,0,0,0,0,-0,True,False,-0,0,recorded_manuscript_upload_years
v3_affective_incoherence_when_affective_con,rpp.52,RPP,failed,replication_word_tokens,20,16,3,0,0.14999999999999999,0,0.083333333333333329,0.44444444444444442,0.066666666666666666,0.066666666666666666,0,17,5,0,0,0,0,0,0.22727272727272727,0,0,0,-0.083333333333333329,-0.14999999999999999,-0.066666666666666666,-0.066666666666666666,-0,True,False,-0.016287878787878785,-0.050378787878787877,recorded_manuscript_upload_years
v3_affective_incoherence_when_affective_con,rpp.52,RPP,failed,lowercase_modal_tokens,20,16,1,0,0.050000000000000003,0,0.027777777777777776,0.44444444444444442,0.022222222222222227,0.022222222222222223,0,17,5,1,0,0.058823529411764705,0,0.045454545454545456,0.22727272727272727,0.013368983957219249,0.013368983957219251,0,0.01767676767676768,0.0088235294117647023,-0.0088532382650029773,-0.0088532382650029721,-0,True,False,-0.011816696375519905,0.0029634581105169328,recorded_manuscript_upload_years
v3_attractor_dynamics_and_semantic_neighbor,rpp.11,RPP,successful,epistemic_adverb_tokens,22,24,0,0,0,0,0,0.52173913043478259,0,0,0,32,20,0,0,0,0,0,0.38461538461538464,0,0,0,0,0,0,0,-0,True,True,-0,0,recorded_manuscript_upload_years
v3_attractor_dynamics_and_semantic_neighbor,rpp.11,RPP,successful,replication_word_tokens,22,24,0,0,0,0,0,0.52173913043478259,0,0,0,32,20,0,0,0,0,0,0.38461538461538464,0,0,0,0,0,0,0,-0,True,True,-0,0,recorded_manuscript_upload_years
v3_attractor_dynamics_and_semantic_neighbor,rpp.11,RPP,successful,lowercase_modal_tokens,22,24,2,3,0.090909090909090912,0.125,0.10869565217391304,0.52173913043478259,-0.017786561264822129,0.047430830039525688,0.065217391304347824,32,20,2,1,0.0625,0.050000000000000003,0.057692307692307696,0.38461538461538464,0.0048076923076923045,0.02403846153846154,0.019230769230769232,-0.051003344481605345,-0.028409090909090912,0.022594253572514433,-0.023392368501064149,0.045986622073578592,True,True,0.0014803131650957735,0.021113940407418666,recorded_manuscript_upload_years
v3_auditory_change_detection_simple_sounds_,rpp.139,RPP,successful,epistemic_adverb_tokens,15,15,0,0,0,0,0,0.5,0,0,0,16,16,0,0,0,0,0,0.5,0,0,0,0,0,0,0,-0,True,True,0,0,recorded_manuscript_upload_years
v3_auditory_change_detection_simple_sounds_,rpp.139,RPP,successful,replication_word_tokens,15,15,0,0,0,0,0,0.5,0,0,0,16,16,0,1,0,0.0625,0.03125,0.5,-0.03125,0,0.03125,0.03125,0,-0.03125,0,-0.03125,True,True,-0,-0.03125,recorded_manuscript_upload_years
v3_auditory_change_detection_simple_sounds_,rpp.139,RPP,successful,lowercase_modal_tokens,15,15,3,4,0.20000000000000001,0.26666666666666666,0.23333333333333334,0.5,-0.033333333333333326,0.10000000000000001,0.13333333333333333,16,16,4,3,0.25,0.1875,0.21875,0.5,0.03125,0.125,0.09375,-0.014583333333333337,0.049999999999999989,0.064583333333333326,0.024999999999999994,0.039583333333333331,True,True,-0,0.064583333333333326,recorded_manuscript_upload_years
v3_availability_a_heuristic_for_judging_fre,ml3.4,ML3,successful,epistemic_adverb_tokens,57,54,2,1,0.035087719298245612,0.018518518518518517,0.027027027027027029,0.48648648648648651,0.0080606922712185836,0.017069701280227598,0.0090090090090090089,33,8,0,0,0,0,0,0.1951219512195122,0,0,0,-0.027027027027027029,-0.035087719298245612,-0.0080606922712185836,-0.017069701280227598,0.0090090090090090089,True,False,-0.0024138387424651867,-0.0056468535287534007,recorded_manuscript_upload_years
v3_availability_a_heuristic_for_judging_fre,ml3.4,ML3,successful,replication_word_tokens,57,54,0,0,0,0,0,0.48648648648648651,0,0,0,33,8,0,0,0,0,0,0.1951219512195122,0,0,0,0,0,0,0,-0,True,False,-0,0,recorded_manuscript_upload_years
v3_availability_a_heuristic_for_judging_fre,ml3.4,ML3,successful,lowercase_modal_tokens,57,54,8,8,0.14035087719298245,0.14814814814814814,0.14414414414414414,0.48648648648648651,-0.0037932669511616945,0.068278805120910391,0.072072072072072071,33,8,2,1,0.060606060606060608,0.125,0.073170731707317069,0.1951219512195122,-0.012564671101256461,0.011825572801182557,0.024390243902439025,-0.070973412436827074,-0.079744816586921841,-0.0087714041500947665,-0.056453232319727834,0.047681828169633046,True,False,0.010516979226863694,-0.019288383376958474,recorded_manuscript_upload_years
v3_balancing_connectedness_and_self_protect,rpp.93,RPP,failed,epistemic_adverb_tokens,93,35,1,0,0.010752688172043012,0,0.0078125,0.2734375,0.0029401881720430116,0.0029401881720430112,0,98,51,1,0,0.01020408163265306,0,0.0067114093959731542,0.34228187919463088,0.0034926722366799062,0.0034926722366799066,0,-0.0011010906040268458,-0.0005486065393899512,0.00055248406463689458,0.00055248406463689545,-0,True,True,0.00072137790356454354,-0.00016889383892764779,recorded_manuscript_upload_years
v3_balancing_connectedness_and_self_protect,rpp.93,RPP,failed,replication_word_tokens,93,35,1,0,0.010752688172043012,0,0.0078125,0.2734375,0.0029401881720430116,0.0029401881720430112,0,98,51,0,0,0,0,0,0.34228187919463088,0,0,0,-0.0078125,-0.010752688172043012,-0.0029401881720430116,-0.0029401881720430112,-0,True,True,0.0003701310709388757,-0.0033103192429818872,recorded_manuscript_upload_years
v3_balancing_connectedness_and_self_protect,rpp.93,RPP,failed,lowercase_modal_tokens,93,35,13,2,0.13978494623655913,0.057142857142857141,0.1171875,0.2734375,0.022597446236559127,0.038222446236559134,0.015625,98,51,19,5,0.19387755102040816,0.098039215686274508,0.16107382550335569,0.34228187919463088,0.032803725517052462,0.066360772496918227,0.033557046979865772,0.043886325503355694,0.05409260478384903,0.010206279280493336,0.028138326260359094,-0.017932046979865772,True,True,0.0061436870090642876,0.0040625922714290306,recorded_manuscript_upload_years
v3_cloningertextquotesingles_psychobiologic,ml3.8,ML3,failed,epistemic_adverb_tokens,37,16,1,0,0.027027027027027029,0,0.018867924528301886,0.30188679245283018,0.0081591024987251425,0.0081591024987251407,0,87,63,1,0,0.011494252873563218,0,0.0066666666666666671,0.41999999999999998,0.0048275862068965511,0.0048275862068965511,0,-0.012201257861635218,-0.01553277415346381,-0.0033315162918285913,-0.0033315162918285896,-0,True,True,0.0022749359639405182,-0.0056064522557691069,recorded_manuscript_upload_years
v3_cloningertextquotesingles_psychobiologic,ml3.8,ML3,failed,replication_word_tokens,37,16,0,0,0,0,0,0.30188679245283018,0,0,0,87,63,1,0,0.011494252873563218,0,0.0066666666666666671,0.41999999999999998,0.0048275862068965511,0.0048275862068965511,0,0.0066666666666666671,0.011494252873563218,0.0048275862068965511,0.0048275862068965511,-0,True,True,0.00067881153762741273,0.0041487746692691384,recorded_manuscript_upload_years
v3_cloningertextquotesingles_psychobiologic,ml3.8,ML3,failed,lowercase_modal_tokens,37,16,1,0,0.027027027027027029,0,0.018867924528301886,0.30188679245283018,0.0081591024987251425,0.0081591024987251407,0,87,63,4,3,0.045977011494252873,0.047619047619047616,0.046666666666666669,0.41999999999999998,-0.00068965517241379587,0.019310344827586205,0.02,0.027798742138364783,0.018949984467225844,-0.0088487576711389383,0.011151242328861064,-0.02,True,True,0.0014991513495091896,-0.010347909020648123,recorded_manuscript_upload_years
v3_conflict_triggered_goal_shielding_respon,rpp.158,RPP,successful,epistemic_adverb_tokens,10,6,0,1,0,0.16666666666666666,0.0625,0.375,-0.0625,0,0.0625,20,15,0,0,0,0,0,0.42857142857142855,0,0,0,-0.0625,0,0.0625,0,0.0625,True,False,-0.0044642857142857123,0.066964285714285712,recorded_manuscript_upload_years
v3_conflict_triggered_goal_shielding_respon,rpp.158,RPP,successful,replication_word_tokens,10,6,0,0,0,0,0,0.375,0,0,0,20,15,3,0,0.14999999999999999,0,0.085714285714285715,0.42857142857142855,0.064285714285714279,0.064285714285714279,0,0.085714285714285715,0.14999999999999999,0.064285714285714279,0.064285714285714279,-0,True,False,0.0040178571428571407,0.060267857142857144,recorded_manuscript_upload_years
v3_conflict_triggered_goal_shielding_respon,rpp.158,RPP,successful,lowercase_modal_tokens,10,6,2,0,0.20000000000000001,0,0.125,0.375,0.075000000000000011,0.075000000000000011,0,20,15,5,2,0.25,0.13333333333333333,0.20000000000000001,0.42857142857142855,0.049999999999999989,0.10714285714285714,0.057142857142857141,0.075000000000000011,0.049999999999999989,-0.025000000000000022,0.032142857142857126,-0.057142857142857141,True,False,0.008482142857142853,-0.033482142857142863,recorded_manuscript_upload_years
v3_decision_making_and_learning_while_takin,rpp.39,RPP,failed,epistemic_adverb_tokens,24,46,0,0,0,0,0,0.65714285714285714,0,0,0,30,98,0,0,0,0,0,0.765625,0,0,0,0,0,0,0,-0,True,True,0,0,recorded_manuscript_upload_years
v3_decision_making_and_learning_while_takin,rpp.39,RPP,failed,replication_word_tokens,24,46,0,0,0,0,0,0.65714285714285714,0,0,0,30,98,0,0,0,0,0,0.765625,0,0,0,0,0,0,0,-0,True,True,0,0,recorded_manuscript_upload_years
v3_decision_making_and_learning_while_takin,rpp.39,RPP,failed,lowercase_modal_tokens,24,46,1,3,0.041666666666666664,0.065217391304347824,0.057142857142857141,0.65714285714285714,-0.015476190476190477,0.027380952380952381,0.042857142857142858,30,98,8,7,0.26666666666666666,0.071428571428571425,0.1171875,0.765625,0.14947916666666666,0.20416666666666666,0.0546875,0.060044642857142859,0.22500000000000001,0.16495535714285714,0.17678571428571427,-0.011830357142857142,True,True,0.0093125069321206757,0.15564285021073646,recorded_manuscript_upload_years
v3_effects_of_fluency_on_psychological_dist,rpp.104,RPP,failed,epistemic_adverb_tokens,41,34,0,1,0,0.029411764705882353,0.013333333333333334,0.45333333333333331,-0.013333333333333334,0,0.013333333333333334,107,66,0,0,0,0,0,0.38150289017341038,0,0,0,-0.013333333333333334,0,0.013333333333333334,0,0.013333333333333334,True,True,0.0010563300464694549,0.012277003286863878,recorded_manuscript_upload_years
v3_effects_of_fluency_on_psychological_dist,rpp.104,RPP,failed,replication_word_tokens,41,34,0,0,0,0,0,0.45333333333333331,0,0,0,107,66,5,0,0.046728971962616821,0,0.028901734104046242,0.38150289017341038,0.017827237858570578,0.017827237858570578,0,0.028901734104046242,0.046728971962616821,0.017827237858570578,0.017827237858570578,-0,True,True,-0.0016782813822411899,0.019505519240811769,recorded_manuscript_upload_years
v3_effects_of_fluency_on_psychological_dist,rpp.104,RPP,failed,lowercase_modal_tokens,41,34,4,4,0.097560975609756101,0.11764705882352941,0.10666666666666667,0.45333333333333331,-0.0091056910569105726,0.044227642276422764,0.053333333333333337,107,66,14,4,0.13084112149532709,0.060606060606060608,0.10404624277456648,0.38150289017341038,0.026794878720760612,0.049916266003997616,0.023121387283236993,-0.002620423892100196,0.033280145885570989,0.035900569777671185,0.0056886237275748514,0.030211946050096344,True,True,-0.0018011116452238782,0.037701681422895067,recorded_manuscript_upload_years
v3_elaboration_enhances_the_imagined_contac,ml1.14,ML1,successful,epistemic_adverb_tokens,47,53,1,0,0.021276595744680851,0,0.01,0.53000000000000003,0.01127659574468085,0.011276595744680852,0,132,152,2,0,0.015151515151515152,0,0.0070422535211267607,0.53521126760563376,0.0081092616303883903,0.0081092616303883903,0,-0.0029577464788732395,-0.0061250805931656986,-0.00316733411429246,-0.0031673341142924617,-0,True,True,9.4918317123889663e-05,-0.0032622524314163503,recorded_manuscript_upload_years
v3_elaboration_enhances_the_imagined_contac,ml1.14,ML1,successful,replication_word_tokens,47,53,1,1,0.021276595744680851,0.018867924528301886,0.02,0.53000000000000003,0.0012765957446808501,0.011276595744680852,0.01,132,152,1,6,0.007575757575757576,0.039473684210526314,0.02464788732394366,0.53521126760563376,-0.017072129748186084,0.0040546308151941952,0.021126760563380281,0.0046478873239436599,-0.013700838168923275,-0.018348725492866935,-0.0072219649294866569,-0.011126760563380281,True,True,-7.6838200738056777e-05,-0.018271887292128877,recorded_manuscript_upload_years
v3_elaboration_enhances_the_imagined_contac,ml1.14,ML1,successful,lowercase_modal_tokens,47,53,1,2,0.021276595744680851,0.037735849056603772,0.029999999999999999,0.53000000000000003,-0.0087234042553191483,0.011276595744680852,0.02,132,152,20,9,0.15151515151515152,0.05921052631578947,0.10211267605633803,0.53521126760563376,0.049402475458813488,0.08109261630388391,0.031690140845070422,0.072112676056338032,0.13023855577047067,0.058125879714132633,0.069816020559203051,-0.011690140845070422,True,True,0.00019762526477712735,0.057928254449355517,recorded_manuscript_upload_years
v3_expectations_as_endowments_evidence_on_r,ee.9,EERP,failed,epistemic_adverb_tokens,25,22,0,0,0,0,0,0.46808510638297873,0,0,0,56,82,0,0,0,0,0,0.59420289855072461,0,0,0,0,0,0,0,-0,True,True,0,0,recorded_manuscript_upload_years
v3_expectations_as_endowments_evidence_on_r,ee.9,EERP,failed,replication_word_tokens,25,22,1,0,0.040000000000000001,0,0.021276595744680851,0.46808510638297873,0.01872340425531915,0.01872340425531915,0,56,82,1,0,0.017857142857142856,0,0.007246376811594203,0.59420289855072461,0.010610766045548652,0.010610766045548654,0,-0.014030218933086647,-0.022142857142857145,-0.008112638209770498,-0.0081126382097704963,-0,True,True,0.003648407559138363,-0.01176104576890886,recorded_manuscript_upload_years
v3_expectations_as_endowments_evidence_on_r,ee.9,EERP,failed,lowercase_modal_tokens,25,22,6,2,0.23999999999999999,0.090909090909090912,0.1702127659574468,0.46808510638297873,0.069787234042553187,0.11234042553191489,0.042553191489361701,56,82,7,2,0.125,0.024390243902439025,0.065217391304347824,0.59420289855072461,0.059782608695652176,0.074275362318840576,0.014492753623188406,-0.10499537465309898,-0.11499999999999999,-0.010004625346901011,-0.038065063213074318,0.028060437866173293,True,True,0.015745848298193681,-0.025750473645094696,recorded_manuscript_upload_years
v3_experiments_in_wording_questions_ii,ml1.10,ML1,successful,epistemic_adverb_tokens,20,26,0,1,0,0.038461538461538464,0.021739130434782608,0.56521739130434778,-0.021739130434782608,0,0.021739130434782608,25,18,0,0,0,0,0,0.41860465116279072,0,0,0,-0.021739130434782608,0,0.021739130434782608,0,0.021739130434782608,True,True,0.0028194757719530207,0.018919654662829587,recorded_manuscript_upload_years
v3_experiments_in_wording_questions_ii,ml1.10,ML1,successful,replication_word_tokens,20,26,0,0,0,0,0,0.56521739130434778,0,0,0,25,18,0,0,0,0,0,0.41860465116279072,0,0,0,0,0,0,0,-0,True,True,-0,0,recorded_manuscript_upload_years
v3_experiments_in_wording_questions_ii,ml1.10,ML1,successful,lowercase_modal_tokens,20,26,1,2,0.050000000000000003,0.076923076923076927,0.065217391304347824,0.56521739130434778,-0.015217391304347822,0.028260869565217391,0.043478260869565216,25,18,2,0,0.080000000000000002,0,0.046511627906976744,0.41860465116279072,0.033488372093023258,0.033488372093023258,0,-0.018705763397371081,0.029999999999999999,0.04870576339737108,0.0052275025278058669,0.043478260869565216,True,True,-0.003890876565295168,0.052596639962666246,recorded_manuscript_upload_years
v3_happiness_and_time_preference_the_effect,ee.14,EERP,failed,epistemic_adverb_tokens,30,34,0,0,0,0,0,0.53125,0,0,0,88,60,0,0,0,0,0,0.40540540540540543,0,0,0,0,0,0,0,-0,True,True,-0,0,recorded_manuscript_upload_years
v3_happiness_and_time_preference_the_effect,ee.14,EERP,failed,replication_word_tokens,30,34,3,0,0.10000000000000001,0,0.046875,0.53125,0.053125000000000006,0.053125000000000006,0,88,60,0,1,0,0.016666666666666666,0.0067567567567567571,0.40540540540540543,-0.0067567567567567571,0,0.0067567567567567571,-0.040118243243243243,-0.10000000000000001,-0.059881756756756763,-0.053125000000000006,-0.0067567567567567571,True,True,-0.0052435247747747741,-0.054638231981981984,recorded_manuscript_upload_years
v3_happiness_and_time_preference_the_effect,ee.14,EERP,failed,lowercase_modal_tokens,30,34,1,1,0.033333333333333333,0.029411764705882353,0.03125,0.53125,0.0020833333333333329,0.017708333333333333,0.015625,88,60,8,5,0.090909090909090912,0.083333333333333329,0.087837837837837843,0.40540540540540543,0.0030712530712530689,0.036855036855036861,0.033783783783783786,0.056587837837837843,0.057575757575757579,0.00098791973791973603,0.019146703521703529,-0.018158783783783786,True,True,-0.00072343817748229543,0.0017113579154020367,recorded_manuscript_upload_years
v3_head_up_foot_down_object_words_orient_at,rpp.167,RPP,failed,epistemic_adverb_tokens,25,27,0,0,0,0,0,0.51923076923076927,0,0,0,43,49,0,0,0,0,0,0.53260869565217395,0,0,0,0,0,0,0,-0,True,True,0,0,recorded_manuscript_upload_years
v3_head_up_foot_down_object_words_orient_at,rpp.167,RPP,failed,replication_word_tokens,25,27,1,1,0.040000000000000001,0.037037037037037035,0.038461538461538464,0.51923076923076927,0.0015384615384615372,0.020769230769230772,0.019230769230769232,43,49,2,2,0.046511627906976744,0.040816326530612242,0.043478260869565216,0.53260869565217395,0.0030333670374115274,0.024772497472194135,0.021739130434782608,0.0050167224080267525,0.0065116279069767427,0.0014949054989499902,0.004003266702963363,-0.0025083612040133763,True,True,5.7914811634297404e-05,0.0014369906873156909,recorded_manuscript_upload_years
v3_head_up_foot_down_object_words_orient_at,rpp.167,RPP,failed,lowercase_modal_tokens,25,27,6,3,0.23999999999999999,0.1111111111111111,0.17307692307692307,0.51923076923076927,0.066923076923076918,0.12461538461538463,0.057692307692307696,43,49,1,4,0.023255813953488372,0.081632653061224483,0.05434782608695652,0.53260869565217395,-0.031092012133468148,0.012386248736097068,0.043478260869565216,-0.11872909698996656,-0.21674418604651163,-0.098015089056545074,-0.11222913587928757,0.014214046822742479,True,True,0.00047165250689734265,-0.09848674156344242,recorded_manuscript_upload_years
v3_hedonic_and_instrumental_motives_in_ange,rpp.142,RPP,successful,epistemic_adverb_tokens,39,17,0,0,0,0,0,0.30357142857142855,0,0,0,94,50,0,0,0,0,0,0.34722222222222221,0,0,0,0,0,0,0,-0,True,True,0,0,recorded_manuscript_upload_years
v3_hedonic_and_instrumental_motives_in_ange,rpp.142,RPP,successful,replication_word_tokens,39,17,0,0,0,0,0,0.30357142857142855,0,0,0,94,50,2,0,0.021276595744680851,0,0.013888888888888888,0.34722222222222221,0.0073877068557919624,0.0073877068557919616,0,0.013888888888888888,0.021276595744680851,0.0073877068557919624,0.0073877068557919616,-0,True,True,0.00046437014522120916,0.006923336710570752,recorded_manuscript_upload_years
v3_hedonic_and_instrumental_motives_in_ange,rpp.142,RPP,successful,lowercase_modal_tokens,39,17,3,2,0.076923076923076927,0.11764705882352941,0.089285714285714288,0.30357142857142855,-0.01236263736263736,0.023351648351648352,0.035714285714285712,94,50,19,4,0.20212765957446807,0.080000000000000002,0.15972222222222221,0.34722222222222221,0.042405437352245862,0.070183215130023638,0.027777777777777776,0.070436507936507922,0.12520458265139114,0.054768074714883222,0.046831566778375286,0.0079365079365079361,True,True,0.0017766675682820868,0.052991407146601117,recorded_manuscript_upload_years
v3_how_does_bilingualism_improve_executive_,rpp.22,RPP,failed,epistemic_adverb_tokens,95,82,1,0,0.010526315789473684,0,0.0056497175141242938,0.4632768361581921,0.0048765982753493902,0.0048765982753493902,0,91,67,0,0,0,0,0,0.42405063291139239,0,0,0,-0.0056497175141242938,-0.010526315789473684,-0.0048765982753493902,-0.0048765982753493902,-0,True,True,-0.00020645370129894583,-0.0046701445740504445,recorded_manuscript_upload_years
v3_how_does_bilingualism_improve_executive_,rpp.22,RPP,failed,replication_word_tokens,95,82,9,3,0.094736842105263161,0.036585365853658534,0.067796610169491525,0.4632768361581921,0.026940231935771636,0.043889384478144514,0.016949152542372881,91,67,1,4,0.01098901098901099,0.059701492537313432,0.031645569620253167,0.42405063291139239,-0.020656558631242175,0.0046598970649603562,0.025316455696202531,-0.036151040549238359,-0.083747831116252169,-0.047596790567013811,-0.039229487413184161,-0.00836730315382965,True,True,-0.00018512796233859872,-0.047411662604675213,recorded_manuscript_upload_years
v3_how_does_bilingualism_improve_executive_,rpp.22,RPP,failed,lowercase_modal_tokens,95,82,14,7,0.14736842105263157,0.085365853658536592,0.11864406779661017,0.4632768361581921,0.028724353256021393,0.068272375854891459,0.03954802259887006,91,67,22,8,0.24175824175824176,0.11940298507462686,0.189873417721519,0.42405063291139239,0.05188482403672276,0.10251773542912783,0.050632911392405063,0.071229349924908827,0.094389820705610195,0.023160470780701367,0.03424535957423637,-0.011084888793535003,True,True,-0.0036158287387049962,0.026776299519406365,recorded_manuscript_upload_years
v3_how_the_head_liberates_the_heart_project,rpp.59,RPP,successful,epistemic_adverb_tokens,31,11,0,0,0,0,0,0.26190476190476192,0,0,0,62,12,1,0,0.016129032258064516,0,0.013513513513513514,0.16216216216216217,0.0026155187445510014,0.0026155187445510027,0,0.013513513513513514,0.016129032258064516,0.0026155187445510014,0.0026155187445510027,-0,True,True,-0.00080437580437580443,0.0034198945489268069,recorded_manuscript_upload_years
v3_how_the_head_liberates_the_heart_project,rpp.59,RPP,successful,replication_word_tokens,31,11,0,0,0,0,0,0.26190476190476192,0,0,0,62,12,0,1,0,0.083333333333333329,0.013513513513513514,0.16216216216216217,-0.013513513513513514,0,0.013513513513513514,0.013513513513513514,0,-0.013513513513513514,0,-0.013513513513513514,True,True,0.0041559416559416558,-0.017669455169455169,recorded_manuscript_upload_years
v3_how_the_head_liberates_the_heart_project,rpp.59,RPP,successful,lowercase_modal_tokens,31,11,2,1,0.064516129032258063,0.090909090909090912,0.071428571428571425,0.26190476190476192,-0.0069124423963133619,0.016897081413210446,0.023809523809523808,62,12,10,0,0.16129032258064516,0,0.13513513513513514,0.16216216216216217,0.026155187445510014,0.026155187445510028,0,0.063706563706563718,0.096774193548387094,0.033067629841823376,0.0092581060322995817,0.023809523809523808,True,True,-0.006727506727506727,0.03979513656933012,recorded_manuscript_upload_years
v3_imperfect_public_monitoring_with_costly_,ee.2,EERP,successful,epistemic_adverb_tokens,25,25,0,0,0,0,0,0.5,0,0,0,49,51,2,0,0.040816326530612242,0,0.02,0.51000000000000001,0.020816326530612241,0.020816326530612245,0,0.02,0.040816326530612242,0.020816326530612241,0.020816326530612245,-0,True,True,0.00020408163265306139,0.020612244897959181,recorded_manuscript_upload_years
v3_imperfect_public_monitoring_with_costly_,ee.2,EERP,successful,replication_word_tokens,25,25,0,0,0,0,0,0.5,0,0,0,49,51,1,6,0.020408163265306121,0.11764705882352941,0.070000000000000007,0.51000000000000001,-0.049591836734693889,0.010408163265306122,0.059999999999999998,0.070000000000000007,0.020408163265306121,-0.049591836734693889,0.010408163265306122,-0.059999999999999998,True,True,-0.00048619447779111691,-0.049105642256902761,recorded_manuscript_upload_years
v3_imperfect_public_monitoring_with_costly_,ee.2,EERP,successful,lowercase_modal_tokens,25,25,3,2,0.12,0.080000000000000002,0.10000000000000001,0.5,0.01999999999999999,0.059999999999999998,0.040000000000000001,49,51,9,4,0.18367346938775511,0.078431372549019607,0.13,0.51000000000000001,0.053673469387755107,0.093673469387755115,0.040000000000000001,0.029999999999999999,0.063673469387755116,0.033673469387755117,0.033673469387755117,-0,True,True,0.00072621048419367824,0.032947258903561434,recorded_manuscript_upload_years
v3_increasing_and_decreasing_motor_and_cogn,rpp.49,RPP,failed,epistemic_adverb_tokens,98,66,3,0,0.030612244897959183,0,0.018292682926829267,0.40243902439024393,0.012319561971129916,0.012319561971129916,0,38,49,0,0,0,0,0,0.56321839080459768,0,0,0,-0.018292682926829267,-0.030612244897959183,-0.012319561971129916,-0.012319561971129916,-0,True,True,0.0024609086696074554,-0.014780470640737372,recorded_manuscript_upload_years
v3_increasing_and_decreasing_motor_and_cogn,rpp.49,RPP,failed,replication_word_tokens,98,66,0,0,0,0,0,0.40243902439024393,0,0,0,38,49,2,5,0.052631578947368418,0.10204081632653061,0.080459770114942528,0.56321839080459768,-0.027828191167574109,0.029643073200241982,0.057471264367816091,0.080459770114942528,0.052631578947368418,-0.027828191167574109,0.029643073200241982,-0.057471264367816091,True,True,-0.0039719929404190514,-0.023856198227155057,recorded_manuscript_upload_years
v3_increasing_and_decreasing_motor_and_cogn,rpp.49,RPP,failed,lowercase_modal_tokens,98,66,12,4,0.12244897959183673,0.060606060606060608,0.097560975609756101,0.40243902439024393,0.024888003982080631,0.049278247884519663,0.024390243902439025,38,49,2,5,0.052631578947368418,0.10204081632653061,0.080459770114942528,0.56321839080459768,-0.027828191167574109,0.029643073200241982,0.057471264367816091,-0.017101205494813573,-0.069817400644468314,-0.05271619514965474,-0.019635174684277681,-0.033081020465377066,True,True,0.00099953972545459573,-0.05371573487510934,recorded_manuscript_upload_years
v3_individual_differences_in_the_regulation,rpp.53,RPP,failed,epistemic_adverb_tokens,44,17,0,0,0,0,0,0.27868852459016391,0,0,0,40,29,1,1,0.025000000000000001,0.034482758620689655,0.028985507246376812,0.42028985507246375,-0.0039855072463768106,0.010507246376811594,0.014492753623188406,0.028985507246376812,0.025000000000000001,-0.0039855072463768106,0.010507246376811594,-0.014492753623188406,True,True,-0.00067138561866607663,-0.0033141216277107338,recorded_manuscript_upload_years
v3_individual_differences_in_the_regulation,rpp.53,RPP,failed,replication_word_tokens,44,17,1,0,0.022727272727272728,0,0.016393442622950821,0.27868852459016391,0.0063338301043219074,0.0063338301043219074,0,40,29,1,1,0.025000000000000001,0.034482758620689655,0.028985507246376812,0.42028985507246375,-0.0039855072463768106,0.010507246376811594,0.014492753623188406,0.012592064623425991,0.0022727272727272735,-0.010319337350698718,0.0041734162724896863,-0.014492753623188406,True,True,0.00093772040954187607,-0.011257057760240594,recorded_manuscript_upload_years
v3_individual_differences_in_the_regulation,rpp.53,RPP,failed,lowercase_modal_tokens,44,17,9,2,0.20454545454545456,0.11764705882352941,0.18032786885245902,0.27868852459016391,0.024217585692995536,0.05700447093889717,0.032786885245901641,40,29,12,3,0.29999999999999999,0.10344827586206896,0.21739130434782608,0.42028985507246375,0.082608695652173908,0.12608695652173912,0.043478260869565216,0.037063435495367059,0.095454545454545431,0.058391109959178372,0.069082485582841954,-0.010691375623663575,True,True,0.0200684570487615,0.038322652910416879,recorded_manuscript_upload_years
v3_it_feels_like_yesterday_self_esteem_vale,ml3.3,ML3,failed,epistemic_adverb_tokens,106,62,0,1,0,0.016129032258064516,0.0059523809523809521,0.36904761904761907,-0.0059523809523809521,0,0.0059523809523809521,113,63,2,0,0.017699115044247787,0,0.011363636363636364,0.35795454545454547,0.0063354786806114234,0.0063354786806114243,0,0.0054112554112554119,0.017699115044247787,0.012287859632992375,0.0063354786806114243,0.0059523809523809521,True,True,-8.708521947174536e-06,0.01229656815493955,recorded_manuscript_upload_years
v3_it_feels_like_yesterday_self_esteem_vale,ml3.3,ML3,failed,replication_word_tokens,106,62,0,0,0,0,0,0.36904761904761907,0,0,0,113,63,0,0,0,0,0,0.35795454545454547,0,0,0,0,0,0,0,-0,True,True,-0,0,recorded_manuscript_upload_years
v3_it_feels_like_yesterday_self_esteem_vale,ml3.3,ML3,failed,lowercase_modal_tokens,106,62,17,10,0.16037735849056603,0.16129032258064516,0.16071428571428573,0.36904761904761907,-0.0003369272237196963,0.059186882300089845,0.059523809523809521,113,63,15,7,0.13274336283185842,0.1111111111111111,0.125,0.35795454545454547,0.0077433628318584191,0.047516090104585684,0.039772727272727272,-0.035714285714285726,-0.027633995658707611,0.0080802900555781154,-0.011670792195504161,0.019751082251082248,True,True,-0.00011492029124153087,0.0081952103468196213,recorded_manuscript_upload_years
v3_last_place_aversion_evidence_and_redistr,ee.18,EERP,failed,epistemic_adverb_tokens,17,11,0,0,0,0,0,0.39285714285714285,0,0,0,156,80,1,0,0.00641025641025641,0,0.0042372881355932203,0.33898305084745761,0.0021729682746631897,0.0021729682746631897,0,0.0042372881355932203,0.00641025641025641,0.0021729682746631897,0.0021729682746631897,-0,True,True,-0.00017267337182591422,0.0023456416464891039,recorded_manuscript_upload_years
v3_last_place_aversion_evidence_and_redistr,ee.18,EERP,failed,replication_word_tokens,17,11,0,0,0,0,0,0.39285714285714285,0,0,0,156,80,0,3,0,0.037499999999999999,0.012711864406779662,0.33898305084745761,-0.012711864406779662,0,0.012711864406779662,0.012711864406779662,0,-0.012711864406779662,0,-0.012711864406779662,True,True,0.0010101392251815982,-0.013722003631961258,recorded_manuscript_upload_years
v3_last_place_aversion_evidence_and_redistr,ee.18,EERP,failed,lowercase_modal_tokens,17,11,3,4,0.17647058823529413,0.36363636363636365,0.25,0.39285714285714285,-0.073529411764705871,0.069327731092436978,0.14285714285714285,156,80,36,6,0.23076923076923078,0.074999999999999997,0.17796610169491525,0.33898305084745761,0.05280312907431553,0.07822685788787484,0.025423728813559324,-0.072033898305084748,0.054298642533936653,0.1263325408390214,0.0088991267954378617,0.11743341404358353,True,True,0.00084573016714093482,0.12548681067188044,recorded_manuscript_upload_years
v3_left_frontal_cortical_activation_and_spr,rpp.55,RPP,failed,epistemic_adverb_tokens,25,13,0,0,0,0,0,0.34210526315789475,0,0,0,37,24,0,0,0,0,0,0.39344262295081966,0,0,0,0,0,0,0,-0,True,True,0,0,recorded_manuscript_upload_years
v3_left_frontal_cortical_activation_and_spr,rpp.55,RPP,failed,replication_word_tokens,25,13,0,1,0,0.076923076923076927,0.026315789473684209,0.34210526315789475,-0.026315789473684209,0,0.026315789473684209,37,24,1,0,0.027027027027027029,0,0.016393442622950821,0.39344262295081966,0.010633584404076208,0.010633584404076208,0,-0.0099223468507333885,0.027027027027027029,0.036949373877760414,0.010633584404076208,0.026315789473684209,True,True,-0.0012807657328796239,0.038230139610640042,recorded_manuscript_upload_years
v3_left_frontal_cortical_activation_and_spr,rpp.55,RPP,failed,lowercase_modal_tokens,25,13,2,0,0.080000000000000002,0,0.052631578947368418,0.34210526315789475,0.027368421052631584,0.02736842105263158,0,37,24,1,0,0.027027027027027029,0,0.016393442622950821,0.39344262295081966,0.010633584404076208,0.010633584404076208,0,-0.036238136324417594,-0.052972972972972973,-0.016734836648555376,-0.016734836648555372,-0,True,True,0.002747242497026793,-0.019482079145582164,recorded_manuscript_upload_years
v3_measuring_the_crowd_within_probabilistic,rpp.116,RPP,successful,epistemic_adverb_tokens,32,38,0,0,0,0,0,0.54285714285714282,0,0,0,63,71,1,1,0.015873015873015872,0.014084507042253521,0.014925373134328358,0.52985074626865669,0.00094764273868751421,0.0084103293058516923,0.007462686567164179,0.014925373134328358,0.015873015873015872,0.00094764273868751421,0.0084103293058516923,-0.007462686567164179,True,True,-1.1631027577452372e-05,0.00095927376626496648,recorded_manuscript_upload_years
v3_measuring_the_crowd_within_probabilistic,rpp.116,RPP,successful,replication_word_tokens,32,38,3,4,0.09375,0.10526315789473684,0.10000000000000001,0.54285714285714282,-0.0062500000000000056,0.050892857142857142,0.057142857142857141,63,71,0,0,0,0,0,0.52985074626865669,0,0,0,-0.10000000000000001,-0.09375,0.0062500000000000056,-0.050892857142857142,0.057142857142857141,True,True,7.4872348782403645e-05,0.0061751276512175927,recorded_manuscript_upload_years
v3_measuring_the_crowd_within_probabilistic,rpp.116,RPP,successful,lowercase_modal_tokens,32,38,4,2,0.125,0.052631578947368418,0.085714285714285715,0.54285714285714282,0.039285714285714285,0.067857142857142852,0.028571428571428571,63,71,7,5,0.1111111111111111,0.070422535211267609,0.089552238805970144,0.52985074626865669,0.021558872305140961,0.058872305140961853,0.037313432835820892,0.003837953091684429,-0.013888888888888895,-0.017726841980573324,-0.0089848377161809989,-0.0087420042643923217,True,True,-0.00073523206973357899,-0.016991609910839749,recorded_manuscript_upload_years
v3_multidimensional_visual_statistical_lear,rpp.29,RPP,successful,epistemic_adverb_tokens,22,28,0,0,0,0,0,0.56000000000000005,0,0,0,21,50,0,0,0,0,0,0.70422535211267601,0,0,0,0,0,0,0,-0,True,True,0,0,recorded_manuscript_upload_years
v3_multidimensional_visual_statistical_lear,rpp.29,RPP,successful,replication_word_tokens,22,28,0,0,0,0,0,0.56000000000000005,0,0,0,21,50,3,4,0.14285714285714285,0.080000000000000002,0.098591549295774641,0.70422535211267601,0.044265593561368208,0.10060362173038229,0.056338028169014086,0.098591549295774641,0.14285714285714285,0.044265593561368208,0.10060362173038229,-0.056338028169014086,True,True,0.0045327967806841011,0.039732796780684101,recorded_manuscript_upload_years
v3_multidimensional_visual_statistical_lear,rpp.29,RPP,successful,lowercase_modal_tokens,22,28,2,3,0.090909090909090912,0.10714285714285714,0.10000000000000001,0.56000000000000005,-0.0090909090909090939,0.050909090909090918,0.059999999999999998,21,50,4,6,0.19047619047619047,0.12,0.14084507042253522,0.70422535211267601,0.049631120053655248,0.13413816230717637,0.084507042253521125,0.040845070422535212,0.099567099567099554,0.058722029144564342,0.083229071398085455,-0.024507042253521127,True,True,0.0039115663679043936,0.054810462776659949,recorded_manuscript_upload_years
v3_multiple_roles_for_time_in_short_term_me,rpp.33,RPP,successful,epistemic_adverb_tokens,62,82,0,0,0,0,0,0.56944444444444442,0,0,0,50,45,0,0,0,0,0,0.47368421052631576,0,0,0,0,0,0,0,-0,True,True,-0,0,recorded_manuscript_upload_years
v3_multiple_roles_for_time_in_short_term_me,rpp.33,RPP,successful,replication_word_tokens,62,82,1,1,0.016129032258064516,0.012195121951219513,0.013888888888888888,0.56944444444444442,0.0022401433691756276,0.0091845878136200716,0.0069444444444444441,50,45,2,0,0.040000000000000001,0,0.021052631578947368,0.47368421052631576,0.018947368421052633,0.018947368421052629,0,0.0071637426900584798,0.023870967741935485,0.016707225051877005,0.0097627806074325578,0.0069444444444444441,True,True,-0.0021035607639607805,0.018810785815837786,recorded_manuscript_upload_years
v3_multiple_roles_for_time_in_short_term_me,rpp.33,RPP,successful,lowercase_modal_tokens,62,82,4,2,0.064516129032258063,0.024390243902439025,0.041666666666666664,0.56944444444444442,0.022849462365591398,0.036738351254480286,0.013888888888888888,50,45,3,2,0.059999999999999998,0.044444444444444446,0.052631578947368418,0.47368421052631576,0.0073684210526315796,0.028421052631578944,0.021052631578947368,0.010964912280701754,-0.0045161290322580649,-0.015481041312959819,-0.0083172986229013424,-0.0071637426900584798,True,True,-0.0026660338924649383,-0.01281500742049488,recorded_manuscript_upload_years
v3_not_so_innocent_does_seeing_one_s_own_ca,rpp.65,RPP,failed,epistemic_adverb_tokens,53,22,1,0,0.018867924528301886,0,0.013333333333333334,0.29333333333333333,0.0055345911949685519,0.0055345911949685536,0,46,29,0,0,0,0,0,0.38666666666666666,0,0,0,-0.013333333333333334,-0.018867924528301886,-0.0055345911949685519,-0.0055345911949685536,-0,True,True,0.0008805031446540879,-0.0064150943396226404,recorded_manuscript_upload_years
v3_not_so_innocent_does_seeing_one_s_own_ca,rpp.65,RPP,failed,replication_word_tokens,53,22,3,0,0.056603773584905662,0,0.040000000000000001,0.29333333333333333,0.016603773584905661,0.016603773584905661,0,46,29,0,1,0,0.034482758620689655,0.013333333333333334,0.38666666666666666,-0.013333333333333334,0,0.013333333333333334,-0.026666666666666665,-0.056603773584905662,-0.029937106918238997,-0.016603773584905661,-0.013333333333333334,True,True,0.0010323140316634135,-0.030969420949902404,recorded_manuscript_upload_years
v3_not_so_innocent_does_seeing_one_s_own_ca,rpp.65,RPP,failed,lowercase_modal_tokens,53,22,11,1,0.20754716981132076,0.045454545454545456,0.16,0.29333333333333333,0.047547169811320761,0.06088050314465409,0.013333333333333334,46,29,8,4,0.17391304347826086,0.13793103448275862,0.16,0.38666666666666666,0.013913043478260861,0.067246376811594205,0.053333333333333337,0,-0.033634126333059899,-0.033634126333059899,0.0063658736669401153,-0.040000000000000001,True,True,0.0092434828897729505,-0.042877609222832833,recorded_manuscript_upload_years
v3_on_the_additive_effects_of_stimulus_qual,rpp.27,RPP,successful,epistemic_adverb_tokens,10,26,0,0,0,0,0,0.72222222222222221,0,0,0,27,37,1,0,0.037037037037037035,0,0.015625,0.578125,0.021412037037037035,0.021412037037037035,0,0.015625,0.037037037037037035,0.021412037037037035,0.021412037037037035,-0,True,True,-0.0026684670781893,0.024080504115226338,recorded_manuscript_upload_years
v3_on_the_additive_effects_of_stimulus_qual,rpp.27,RPP,successful,replication_word_tokens,10,26,0,2,0,0.076923076923076927,0.055555555555555552,0.72222222222222221,-0.055555555555555552,0,0.055555555555555552,27,37,1,0,0.037037037037037035,0,0.015625,0.578125,0.021412037037037035,0.021412037037037035,0,-0.039930555555555552,0.037037037037037035,0.076967592592592587,0.021412037037037035,0.055555555555555552,True,True,0.0028737337765115546,0.074093858816081049,recorded_manuscript_upload_years
v3_on_the_additive_effects_of_stimulus_qual,rpp.27,RPP,successful,lowercase_modal_tokens,10,26,0,1,0,0.038461538461538464,0.027777777777777776,0.72222222222222221,-0.027777777777777776,0,0.027777777777777776,27,37,3,1,0.1111111111111111,0.027027027027027029,0.0625,0.578125,0.048611111111111105,0.064236111111111105,0.015625,0.034722222222222224,0.1111111111111111,0.076388888888888881,0.064236111111111105,0.012152777777777776,True,True,-0.0032870410474577132,0.079675929936346604,recorded_manuscript_upload_years
v3_opening_the_mind_to_close_it_considering,rpp.72,RPP,failed,epistemic_adverb_tokens,10,7,0,0,0,0,0,0.41176470588235292,0,0,0,17,9,0,0,0,0,0,0.34615384615384615,0,0,0,0,0,0,0,-0,True,False,-0,0,recorded_manuscript_upload_years
v3_opening_the_mind_to_close_it_considering,rpp.72,RPP,failed,replication_word_tokens,10,7,0,0,0,0,0,0.41176470588235292,0,0,0,17,9,0,0,0,0,0,0.34615384615384615,0,0,0,0,0,0,0,-0,True,False,-0,0,recorded_manuscript_upload_years
v3_opening_the_mind_to_close_it_considering,rpp.72,RPP,failed,lowercase_modal_tokens,10,7,1,0,0.10000000000000001,0,0.058823529411764705,0.41176470588235292,0.0411764705882353,0.041176470588235294,0,17,9,2,1,0.11764705882352941,0.1111111111111111,0.11538461538461539,0.34615384615384615,0.0022624434389140191,0.04072398190045249,0.038461538461538464,0.056561085972850686,0.017647058823529405,-0.038914027149321281,-0.00045248868778280382,-0.038461538461538464,True,False,-0.0034949575607015051,-0.035419069588619762,recorded_manuscript_upload_years
v3_orienting_attention_in_visual_working_me,rpp.37,RPP,failed,epistemic_adverb_tokens,98,56,0,0,0,0,0,0.36363636363636365,0,0,0,60,45,2,0,0.033333333333333333,0,0.019047619047619049,0.42857142857142855,0.014285714285714284,0.014285714285714285,0,0.019047619047619049,0.033333333333333333,0.014285714285714284,0.014285714285714285,-0,True,True,0.0010822510822510816,0.013203463203463202,recorded_manuscript_upload_years
v3_orienting_attention_in_visual_working_me,rpp.37,RPP,failed,replication_word_tokens,98,56,2,0,0.020408163265306121,0,0.012987012987012988,0.36363636363636365,0.007421150278293133,0.0074211502782931347,0,60,45,0,0,0,0,0,0.42857142857142855,0,0,0,-0.012987012987012988,-0.020408163265306121,-0.007421150278293133,-0.0074211502782931347,-0,True,True,0.0006626027034190296,-0.0080837529817121643,recorded_manuscript_upload_years
v3_orienting_attention_in_visual_working_me,rpp.37,RPP,failed,lowercase_modal_tokens,98,56,6,0,0.061224489795918366,0,0.03896103896103896,0.36363636363636365,0.022263450834879406,0.022263450834879406,0,60,45,8,1,0.13333333333333333,0.022222222222222223,0.085714285714285715,0.42857142857142855,0.047619047619047616,0.057142857142857141,0.0095238095238095247,0.046753246753246755,0.072108843537414966,0.025355596784168211,0.034879406307977735,-0.0095238095238095247,True,True,0.005595311717760695,0.01976028506640751,recorded_manuscript_upload_years
v3_perceptual_mechanisms_that_characterize_,rpp.110,RPP,failed,epistemic_adverb_tokens,19,9,0,0,0,0,0,0.32142857142857145,0,0,0,40,17,1,0,0.025000000000000001,0,0.017543859649122806,0.2982456140350877,0.0074561403508771953,0.0074561403508771927,0,0.017543859649122806,0.025000000000000001,0.0074561403508771953,0.0074561403508771927,-0,True,False,-0.0002897869674185469,0.0077459273182957401,recorded_manuscript_upload_years
v3_perceptual_mechanisms_that_characterize_,rpp.110,RPP,failed,replication_word_tokens,19,9,0,0,0,0,0,0.32142857142857145,0,0,0,40,17,1,1,0.025000000000000001,0.058823529411764705,0.035087719298245612,0.2982456140350877,-0.010087719298245611,0.0074561403508771927,0.017543859649122806,0.035087719298245612,0.025000000000000001,-0.010087719298245611,0.0074561403508771927,-0.017543859649122806,True,False,0.00039206472062509282,-0.010479784018870706,recorded_manuscript_upload_years
v3_perceptual_mechanisms_that_characterize_,rpp.110,RPP,failed,lowercase_modal_tokens,19,9,6,0,0.31578947368421051,0,0.21428571428571427,0.32142857142857145,0.10150375939849623,0.10150375939849625,0,40,17,13,3,0.32500000000000001,0.17647058823529413,0.2807017543859649,0.2982456140350877,0.044298245614035114,0.096929824561403505,0.052631578947368418,0.066416040100250623,0.0092105263157895023,-0.057205513784461121,-0.0045739348370927441,-0.052631578947368418,True,False,-0.0053821424691760456,-0.051823371315285111,recorded_manuscript_upload_years
v3_poignancy_mixed_emotional_experience_in_,rpp.61,RPP,failed,epistemic_adverb_tokens,31,23,0,0,0,0,0,0.42592592592592593,0,0,0,54,42,1,0,0.018518518518518517,0,0.010416666666666666,0.4375,0.0081018518518518514,0.0081018518518518514,0,0.010416666666666666,0.018518518518518517,0.0081018518518518514,0.0081018518518518514,-0,True,True,0.00010716735253772286,0.0079946844993141284,recorded_manuscript_upload_years
v3_poignancy_mixed_emotional_experience_in_,rpp.61,RPP,failed,replication_word_tokens,31,23,0,0,0,0,0,0.42592592592592593,0,0,0,54,42,0,0,0,0,0,0.4375,0,0,0,0,0,0,0,-0,True,True,0,0,recorded_manuscript_upload_years
v3_poignancy_mixed_emotional_experience_in_,rpp.61,RPP,failed,lowercase_modal_tokens,31,23,3,1,0.096774193548387094,0.043478260869565216,0.07407407407407407,0.42592592592592593,0.022700119474313024,0.041218637992831542,0.018518518518518517,54,42,12,4,0.22222222222222221,0.095238095238095233,0.16666666666666666,0.4375,0.055555555555555552,0.09722222222222221,0.041666666666666664,0.092592592592592587,0.12544802867383512,0.032855436081242528,0.056003584229390668,-0.023148148148148147,True,True,0.0010432873823087315,0.031812148698933798,recorded_manuscript_upload_years
v3_precision_of_the_anchor_influences_the_a,rpp.111,RPP,successful,epistemic_adverb_tokens,24,12,0,0,0,0,0,0.33333333333333331,0,0,0,59,26,1,0,0.016949152542372881,0,0.011764705882352941,0.30588235294117649,0.0051844466600199403,0.0051844466600199403,0,0.011764705882352941,0.016949152542372881,0.0051844466600199403,0.0051844466600199403,-0,True,True,-0.00023263542705217644,0.0054170820870721162,recorded_manuscript_upload_years
v3_precision_of_the_anchor_influences_the_a,rpp.111,RPP,successful,replication_word_tokens,24,12,1,0,0.041666666666666664,0,0.027777777777777776,0.33333333333333331,0.013888888888888888,0.013888888888888888,0,59,26,1,1,0.016949152542372881,0.038461538461538464,0.023529411764705882,0.30588235294117649,-0.0065802592223330007,0.0051844466600199403,0.011764705882352941,-0.0042483660130718942,-0.024717514124293783,-0.020469148111221889,-0.0087044422288689478,-0.011764705882352941,True,True,-0.00027662738280883795,-0.020192520728413047,recorded_manuscript_upload_years
v3_precision_of_the_anchor_influences_the_a,rpp.111,RPP,successful,lowercase_modal_tokens,24,12,1,0,0.041666666666666664,0,0.027777777777777776,0.33333333333333331,0.013888888888888888,0.013888888888888888,0,59,26,3,1,0.050847457627118647,0.038461538461538464,0.047058823529411764,0.30588235294117649,0.0037886340977068833,0.015553339980059823,0.011764705882352941,0.019281045751633988,0.009180790960451983,-0.010100254791182005,0.0016644510911709345,-0.011764705882352941,True,True,-0.00074189823691319095,-0.0093583565542688148,recorded_manuscript_upload_years
v3_priming_addition_facts_with_semantic_rel,rpp.24,RPP,successful,epistemic_adverb_tokens,14,7,0,0,0,0,0,0.33333333333333331,0,0,0,27,18,0,0,0,0,0,0.40000000000000002,0,0,0,0,0,0,0,-0,True,False,0,0,recorded_manuscript_upload_years
v3_priming_addition_facts_with_semantic_rel,rpp.24,RPP,successful,replication_word_tokens,14,7,0,0,0,0,0,0.33333333333333331,0,0,0,27,18,0,1,0,0.055555555555555552,0.022222222222222223,0.40000000000000002,-0.022222222222222223,0,0.022222222222222223,0.022222222222222223,0,-0.022222222222222223,0,-0.022222222222222223,True,False,-0.0018518518518518528,-0.020370370370370372,recorded_manuscript_upload_years
v3_priming_addition_facts_with_semantic_rel,rpp.24,RPP,successful,lowercase_modal_tokens,14,7,1,1,0.071428571428571425,0.14285714285714285,0.095238095238095233,0.33333333333333331,-0.023809523809523808,0.023809523809523808,0.047619047619047616,27,18,2,1,0.07407407407407407,0.055555555555555552,0.066666666666666666,0.40000000000000002,0.0074074074074074042,0.029629629629629631,0.022222222222222223,-0.028571428571428567,0.0026455026455026454,0.031216931216931212,0.0058201058201058226,0.025396825396825393,True,False,-0.001763668430335098,0.032980599647266316,recorded_manuscript_upload_years
v3_response_scales_effects_of_category_rang,ml1.8,ML1,successful,epistemic_adverb_tokens,50,41,0,0,0,0,0,0.45054945054945056,0,0,0,40,47,0,0,0,0,0,0.54022988505747127,0,0,0,0,0,0,0,-0,True,True,0,0,recorded_manuscript_upload_years
v3_response_scales_effects_of_category_rang,ml1.8,ML1,successful,replication_word_tokens,50,41,2,1,0.040000000000000001,0.024390243902439025,0.032967032967032968,0.45054945054945056,0.007032967032967033,0.018021978021978021,0.01098901098901099,40,47,0,3,0,0.063829787234042548,0.034482758620689655,0.54022988505747127,-0.034482758620689655,0,0.034482758620689655,0.0015157256536566868,-0.040000000000000001,-0.041515725653656688,-0.018021978021978021,-0.023493747631678663,True,True,-0.0021621966721549774,-0.039353528981501712,recorded_manuscript_upload_years
v3_response_scales_effects_of_category_rang,ml1.8,ML1,successful,lowercase_modal_tokens,50,41,7,4,0.14000000000000001,0.097560975609756101,0.12087912087912088,0.45054945054945056,0.019120879120879133,0.063076923076923086,0.043956043956043959,40,47,8,2,0.20000000000000001,0.042553191489361701,0.11494252873563218,0.54022988505747127,0.085057471264367829,0.10804597701149427,0.022988505747126436,-0.0059365921434886976,0.059999999999999998,0.065936592143488695,0.044969053934571179,0.020967538208917523,True,True,0.0089629241732743694,0.056973667970214331,recorded_manuscript_upload_years
v3_running_on_empty_neural_signals_for_self,ml3.5,ML3,successful,epistemic_adverb_tokens,17,5,0,0,0,0,0,0.22727272727272727,0,0,0,30,11,0,0,0,0,0,0.26829268292682928,0,0,0,0,0,0,0,-0,True,False,0,0,recorded_manuscript_upload_years
v3_running_on_empty_neural_signals_for_self,ml3.5,ML3,successful,replication_word_tokens,17,5,0,0,0,0,0,0.22727272727272727,0,0,0,30,11,0,0,0,0,0,0.26829268292682928,0,0,0,0,0,0,0,-0,True,False,0,0,recorded_manuscript_upload_years
v3_running_on_empty_neural_signals_for_self,ml3.5,ML3,successful,lowercase_modal_tokens,17,5,1,1,0.058823529411764705,0.20000000000000001,0.090909090909090912,0.22727272727272727,-0.032085561497326207,0.013368983957219251,0.045454545454545456,30,11,6,0,0.20000000000000001,0,0.14634146341463414,0.26829268292682928,0.053658536585365874,0.05365853658536586,0,0.055432372505543226,0.14117647058823529,0.08574409808269208,0.04028955262814661,0.045454545454545456,True,False,0.0012064692839441774,0.084537628798747891,recorded_manuscript_upload_years
v3_screening_competition_and_job_design_eco,ee.3,EERP,successful,epistemic_adverb_tokens,21,18,0,0,0,0,0,0.46153846153846156,0,0,0,22,39,0,0,0,0,0,0.63934426229508201,0,0,0,0,0,0,0,-0,True,True,0,0,recorded_manuscript_upload_years
v3_screening_competition_and_job_design_eco,ee.3,EERP,successful,replication_word_tokens,21,18,0,0,0,0,0,0.46153846153846156,0,0,0,22,39,0,0,0,0,0,0.63934426229508201,0,0,0,0,0,0,0,-0,True,True,0,0,recorded_manuscript_upload_years
v3_screening_competition_and_job_design_eco,ee.3,EERP,successful,lowercase_modal_tokens,21,18,2,1,0.095238095238095233,0.055555555555555552,0.076923076923076927,0.46153846153846156,0.018315018315018305,0.043956043956043959,0.02564102564102564,22,39,4,4,0.18181818181818182,0.10256410256410256,0.13114754098360656,0.63934426229508201,0.050670640834575259,0.11624441132637856,0.065573770491803282,0.054224464060529637,0.08658008658008659,0.032355622519556954,0.072288367370334589,-0.039932744850777642,True,True,0.010573810384655279,0.021781812134901678,recorded_manuscript_upload_years
v3_selective_exposure_and_information_quant,rpp.84,RPP,successful,epistemic_adverb_tokens,10,10,0,0,0,0,0,0.5,0,0,0,46,21,0,0,0,0,0,0.31343283582089554,0,0,0,0,0,0,0,-0,True,True,-0,0,recorded_manuscript_upload_years
v3_selective_exposure_and_information_quant,rpp.84,RPP,successful,replication_word_tokens,10,10,0,0,0,0,0,0.5,0,0,0,46,21,0,1,0,0.047619047619047616,0.014925373134328358,0.31343283582089554,-0.014925373134328358,0,0.014925373134328358,0.014925373134328358,0,-0.014925373134328358,0,-0.014925373134328358,True,True,0.0044420753375977251,-0.019367448471926084,recorded_manuscript_upload_years
v3_selective_exposure_and_information_quant,rpp.84,RPP,successful,lowercase_modal_tokens,10,10,1,0,0.10000000000000001,0,0.050000000000000003,0.5,0.050000000000000003,0.050000000000000003,0,46,21,5,1,0.10869565217391304,0.047619047619047616,0.089552238805970144,0.31343283582089554,0.019143413367942896,0.034068786502271256,0.014925373134328358,0.039552238805970141,0.0086956521739130349,-0.030856586632057106,-0.015931213497728747,-0.014925373134328358,True,True,-0.015025802663700133,-0.015830783968356976,recorded_manuscript_upload_years
v3_self_handicapping_excuse_making_and_coun,rpp.94,RPP,successful,epistemic_adverb_tokens,36,18,0,0,0,0,0,0.33333333333333331,0,0,0,47,15,0,0,0,0,0,0.24193548387096775,0,0,0,0,0,0,0,-0,True,True,-0,0,recorded_manuscript_upload_years
v3_self_handicapping_excuse_making_and_coun,rpp.94,RPP,successful,replication_word_tokens,36,18,0,0,0,0,0,0.33333333333333331,0,0,0,47,15,0,0,0,0,0,0.24193548387096775,0,0,0,0,0,0,0,-0,True,True,-0,0,recorded_manuscript_upload_years
v3_self_handicapping_excuse_making_and_coun,rpp.94,RPP,successful,lowercase_modal_tokens,36,18,9,4,0.25,0.22222222222222221,0.24074074074074073,0.33333333333333331,0.0092592592592592726,0.083333333333333329,0.07407407407407407,47,15,11,0,0.23404255319148937,0,0.17741935483870969,0.24193548387096775,0.05662319835277968,0.056623198352779687,0,-0.063321385902031041,-0.015957446808510634,0.047363939093520407,-0.026710134980553642,0.07407407407407407,True,True,-0.011964907598057904,0.05932884669157832,recorded_manuscript_upload_years
v3_self_regulation_and_selective_exposure_t,rpp.86,RPP,failed,epistemic_adverb_tokens,17,24,0,0,0,0,0,0.58536585365853655,0,0,0,30,21,0,0,0,0,0,0.41176470588235292,0,0,0,0,0,0,0,-0,True,True,-0,0,recorded_manuscript_upload_years
v3_self_regulation_and_selective_exposure_t,rpp.86,RPP,failed,replication_word_tokens,17,24,0,0,0,0,0,0.58536585365853655,0,0,0,30,21,1,0,0.033333333333333333,0,0.019607843137254902,0.41176470588235292,0.013725490196078431,0.013725490196078431,0,0.019607843137254902,0.033333333333333333,0.013725490196078431,0.013725490196078431,-0,True,True,-0.0028933524629363937,0.016618842659014824,recorded_manuscript_upload_years
v3_self_regulation_and_selective_exposure_t,rpp.86,RPP,failed,lowercase_modal_tokens,17,24,2,2,0.11764705882352941,0.083333333333333329,0.097560975609756101,0.58536585365853655,0.020086083213773309,0.06886657101865136,0.04878048780487805,30,21,2,0,0.066666666666666666,0,0.039215686274509803,0.41176470588235292,0.027450980392156862,0.027450980392156862,0,-0.058345289335246298,-0.050980392156862744,0.0073648971783835532,-0.041415590626494497,0.04878048780487805,True,True,-0.0087651559906602519,0.016130053169043798,recorded_manuscript_upload_years
v3_semantic_interference_in_a_delayed_namin,rpp.28,RPP,failed,epistemic_adverb_tokens,45,58,1,0,0.022222222222222223,0,0.0097087378640776691,0.56310679611650483,0.012513484358144554,0.012513484358144552,0,18,17,0,0,0,0,0,0.48571428571428571,0,0,0,-0.0097087378640776691,-0.022222222222222223,-0.012513484358144554,-0.012513484358144552,-0,True,True,-0.0008599167822468791,-0.011653567575897673,recorded_manuscript_upload_years
v3_semantic_interference_in_a_delayed_namin,rpp.28,RPP,failed,replication_word_tokens,45,58,5,4,0.1111111111111111,0.068965517241379309,0.087378640776699032,0.56310679611650483,0.023732470334412073,0.062567421790722749,0.038834951456310676,18,17,0,0,0,0,0,0.48571428571428571,0,0,0,-0.087378640776699032,-0.1111111111111111,-0.023732470334412073,-0.062567421790722749,0.038834951456310676,True,True,-0.00163087665598546,-0.02210159367842662,recorded_manuscript_upload_years
v3_semantic_interference_in_a_delayed_namin,rpp.28,RPP,failed,lowercase_modal_tokens,45,58,2,1,0.044444444444444446,0.017241379310344827,0.029126213592233011,0.56310679611650483,0.015318230852211435,0.025026968716289105,0.0097087378640776691,18,17,2,0,0.1111111111111111,0,0.057142857142857141,0.48571428571428571,0.053968253968253964,0.053968253968253964,0,0.02801664355062413,0.066666666666666652,0.038650023116042528,0.028941285251964859,0.0097087378640776691,True,True,-0.0053522406619159199,0.044002263777958454,recorded_manuscript_upload_years
v3_slow_to_anger_and_fast_to_forgive_cooper,ee.12,EERP,successful,epistemic_adverb_tokens,30,64,0,0,0,0,0,0.68085106382978722,0,0,0,61,124,0,0,0,0,0,0.67027027027027031,0,0,0,0,0,0,0,-0,True,True,-0,0,recorded_manuscript_upload_years
v3_slow_to_anger_and_fast_to_forgive_cooper,ee.12,EERP,successful,replication_word_tokens,30,64,0,0,0,0,0,0.68085106382978722,0,0,0,61,124,0,2,0,0.016129032258064516,0.010810810810810811,0.67027027027027031,-0.010810810810810811,0,0.010810810810810811,0.010810810810810811,0,-0.010810810810810811,0,-0.010810810810810811,True,True,8.5328980318684757e-05,-0.010896139791129494,recorded_manuscript_upload_years
v3_slow_to_anger_and_fast_to_forgive_cooper,ee.12,EERP,successful,lowercase_modal_tokens,30,64,1,2,0.033333333333333333,0.03125,0.031914893617021274,0.68085106382978722,0.0014184397163120588,0.022695035460992906,0.021276595744680851,61,124,3,1,0.049180327868852458,0.0080645161290322578,0.021621621621621623,0.67027027027027031,0.027558706247230835,0.032964111652636241,0.0054054054054054057,-0.010293271995399651,0.015846994535519125,0.026140266530918776,0.010269076191643335,0.015871190339275445,True,True,-0.00022854061798332977,0.02636880714890211,recorded_manuscript_upload_years
v3_terror_management_and_adults_attachment_,rpp.48,RPP,failed,epistemic_adverb_tokens,43,10,1,0,0.023255813953488372,0,0.018867924528301886,0.18867924528301888,0.0043878894251864857,0.0043878894251864857,0,69,16,0,0,0,0,0,0.18823529411764706,0,0,0,-0.018867924528301886,-0.023255813953488372,-0.0043878894251864857,-0.0043878894251864857,-0,True,True,-5.1622228531607593e-06,-0.0043827272023333249,recorded_manuscript_upload_years
v3_terror_management_and_adults_attachment_,rpp.48,RPP,failed,replication_word_tokens,43,10,0,0,0,0,0,0.18867924528301888,0,0,0,69,16,0,0,0,0,0,0.18823529411764706,0,0,0,0,0,0,0,-0,True,True,-0,0,recorded_manuscript_upload_years
v3_terror_management_and_adults_attachment_,rpp.48,RPP,failed,lowercase_modal_tokens,43,10,4,1,0.093023255813953487,0.10000000000000001,0.094339622641509441,0.18867924528301888,-0.0013163668275559537,0.017551557700745943,0.018867924528301886,69,16,7,2,0.10144927536231885,0.125,0.10588235294117647,0.18823529411764706,-0.0044330775788576221,0.019096334185848253,0.023529411764705882,0.011542730299667028,0.0084260195483653599,-0.0031167107513016684,0.0015447764851023102,-0.004661487236403996,True,True,6.7763526800729824e-06,-0.0031234871039817549,recorded_manuscript_upload_years
v3_thar_she_bursts_reducing_confusion_reduc,ee.16,EERP,successful,epistemic_adverb_tokens,62,66,0,0,0,0,0,0.515625,0,0,0,69,77,0,0,0,0,0,0.5273972602739726,0,0,0,0,0,0,0,-0,True,True,0,0,recorded_manuscript_upload_years
v3_thar_she_bursts_reducing_confusion_reduc,ee.16,EERP,successful,replication_word_tokens,62,66,0,2,0,0.030303030303030304,0.015625,0.515625,-0.015625,0,0.015625,69,77,0,1,0,0.012987012987012988,0.0068493150684931503,0.5273972602739726,-0.0068493150684931503,0,0.0068493150684931503,-0.0087756849315068497,0,0.0087756849315068497,0,0.0087756849315068497,True,True,-0.00025481082844096541,0.009030495759947816,recorded_manuscript_upload_years
v3_thar_she_bursts_reducing_confusion_reduc,ee.16,EERP,successful,lowercase_modal_tokens,62,66,7,3,0.11290322580645161,0.045454545454545456,0.078125,0.515625,0.03477822580645161,0.05821572580645161,0.0234375,69,77,10,3,0.14492753623188406,0.03896103896103896,0.089041095890410954,0.5273972602739726,0.055886440341473109,0.07643438554695256,0.020547945205479451,0.010916095890410954,0.032024310425432453,0.021108214535021499,0.01821865974050095,0.0028895547945205491,True,True,0.0010207443032161085,0.020087470231805384,recorded_manuscript_upload_years
v3_the_economics_of_credence_goods_an_exper,ee.8,EERP,successful,epistemic_adverb_tokens,27,33,0,0,0,0,0,0.55000000000000004,0,0,0,90,154,0,2,0,0.012987012987012988,0.0081967213114754103,0.63114754098360659,-0.0081967213114754103,0,0.0081967213114754103,0.0081967213114754103,0,-0.0081967213114754103,0,-0.0081967213114754103,True,True,-0.00052693208430913349,-0.0076697892271662769,recorded_manuscript_upload_years
v3_the_economics_of_credence_goods_an_exper,ee.8,EERP,successful,replication_word_tokens,27,33,0,0,0,0,0,0.55000000000000004,0,0,0,90,154,0,0,0,0,0,0.63114754098360659,0,0,0,0,0,0,0,-0,True,True,0,0,recorded_manuscript_upload_years
v3_the_economics_of_credence_goods_an_exper,ee.8,EERP,successful,lowercase_modal_tokens,27,33,2,2,0.07407407407407407,0.060606060606060608,0.066666666666666666,0.55000000000000004,0.0074074074074074042,0.040740740740740744,0.033333333333333333,90,154,14,8,0.15555555555555556,0.051948051948051951,0.090163934426229511,0.63114754098360659,0.065391621129326047,0.098178506375227695,0.032786885245901641,0.023497267759562845,0.081481481481481488,0.057984213721918643,0.057437765634486951,0.00054644808743169182,True,True,0.0047501951600312248,0.053234018561887413,recorded_manuscript_upload_years
v3_the_effect_of_global_versus_local_proces,rpp.64,RPP,failed,epistemic_adverb_tokens,67,41,0,0,0,0,0,0.37962962962962965,0,0,0,32,24,0,0,0,0,0,0.42857142857142855,0,0,0,0,0,0,0,-0,True,True,0,0,recorded_manuscript_upload_years
v3_the_effect_of_global_versus_local_proces,rpp.64,RPP,failed,replication_word_tokens,67,41,0,0,0,0,0,0.37962962962962965,0,0,0,32,24,0,2,0,0.083333333333333329,0.035714285714285712,0.42857142857142855,-0.035714285714285712,0,0.035714285714285712,0.035714285714285712,0,-0.035714285714285712,0,-0.035714285714285712,True,True,-0.0020392416225749541,-0.033675044091710751,recorded_manuscript_upload_years
v3_the_effect_of_global_versus_local_proces,rpp.64,RPP,failed,lowercase_modal_tokens,67,41,15,0,0.22388059701492538,0,0.1388888888888889,0.37962962962962965,0.084991708126036486,0.084991708126036486,0,32,24,2,0,0.0625,0,0.035714285714285712,0.42857142857142855,0.026785714285714288,0.026785714285714284,0,-0.10317460317460318,-0.16138059701492538,-0.058205993840322198,-0.058205993840322198,-0,True,True,0.0070079907999684053,-0.065213984640290615,recorded_manuscript_upload_years
v3_the_face_of_success_inferences_from_chie,rpp.82,RPP,failed,epistemic_adverb_tokens,48,33,0,1,0,0.030303030303030304,0.012345679012345678,0.40740740740740738,-0.012345679012345678,0,0.012345679012345678,47,46,0,0,0,0,0,0.4946236559139785,0,0,0,-0.012345679012345678,0,0.012345679012345678,0,0.012345679012345678,True,True,-0.0013214583107056231,0.013667137323051302,recorded_manuscript_upload_years
v3_the_face_of_success_inferences_from_chie,rpp.82,RPP,failed,replication_word_tokens,48,33,0,1,0,0.030303030303030304,0.012345679012345678,0.40740740740740738,-0.012345679012345678,0,0.012345679012345678,47,46,0,0,0,0,0,0.4946236559139785,0,0,0,-0.012345679012345678,0,0.012345679012345678,0,0.012345679012345678,True,True,-0.0013214583107056231,0.013667137323051302,recorded_manuscript_upload_years
v3_the_face_of_success_inferences_from_chie,rpp.82,RPP,failed,lowercase_modal_tokens,48,33,7,3,0.14583333333333334,0.090909090909090912,0.12345679012345678,0.40740740740740738,0.022376543209876559,0.05941358024691358,0.037037037037037035,47,46,3,2,0.063829787234042548,0.043478260869565216,0.053763440860215055,0.4946236559139785,0.010066346373827494,0.031571722717913517,0.021505376344086023,-0.069693349263241722,-0.082003546099290794,-0.012310196836049066,-0.027841857529000064,0.015531660692951012,True,True,0.0032826350786000864,-0.015592831914649134,recorded_manuscript_upload_years
v3_the_framing_of_decisions_and_the_psychol,ml1.2,ML1,successful,epistemic_adverb_tokens,36,28,0,0,0,0,0,0.4375,0,0,0,52,32,0,1,0,0.03125,0.011904761904761904,0.38095238095238093,-0.011904761904761904,0,0.011904761904761904,0.011904761904761904,0,-0.011904761904761904,0,-0.011904761904761904,True,True,0.00088355654761904795,-0.012788318452380952,recorded_manuscript_upload_years
v3_the_framing_of_decisions_and_the_psychol,ml1.2,ML1,successful,replication_word_tokens,36,28,0,1,0,0.035714285714285712,0.015625,0.4375,-0.015625,0,0.015625,52,32,1,0,0.019230769230769232,0,0.011904761904761904,0.38095238095238093,0.0073260073260073277,0.007326007326007326,0,-0.0037202380952380959,0.019230769230769232,0.022951007326007328,0.007326007326007326,0.015625,True,True,0.00046605180533751969,0.022484955520669807,recorded_manuscript_upload_years
v3_the_framing_of_decisions_and_the_psychol,ml1.2,ML1,successful,lowercase_modal_tokens,36,28,4,0,0.1111111111111111,0,0.0625,0.4375,0.048611111111111105,0.048611111111111105,0,52,32,4,3,0.076923076923076927,0.09375,0.083333333333333329,0.38095238095238093,-0.0064102564102564014,0.029304029304029304,0.035714285714285712,0.020833333333333329,-0.034188034188034178,-0.055021367521367506,-0.019307081807081801,-0.035714285714285712,True,True,-0.0026657731735856747,-0.052355594347781843,recorded_manuscript_upload_years
v3_the_lure_of_authority_motivation_and_inc,ee.10,EERP,successful,epistemic_adverb_tokens,13,16,1,0,0.076923076923076927,0,0.034482758620689655,0.55172413793103448,0.042440318302387273,0.042440318302387273,0,89,72,2,0,0.02247191011235955,0,0.012422360248447204,0.44720496894409939,0.010049549863912346,0.010049549863912346,0,-0.022060398372242451,-0.054451166810717377,-0.032390768438474923,-0.032390768438474923,-0,True,True,-0.0051943407232055037,-0.027196427715269419,recorded_manuscript_upload_years
v3_the_lure_of_authority_motivation_and_inc,ee.10,EERP,successful,replication_word_tokens,13,16,0,0,0,0,0,0.55172413793103448,0,0,0,89,72,1,1,0.011235955056179775,0.013888888888888888,0.012422360248447204,0.44720496894409939,-0.0011864051922674292,0.0050247749319561729,0.0062111801242236021,0.012422360248447204,0.011235955056179775,-0.0011864051922674292,0.0050247749319561729,-0.0062111801242236021,True,True,0.00013864121978604058,-0.00132504641205347,recorded_manuscript_upload_years
v3_the_lure_of_authority_motivation_and_inc,ee.10,EERP,successful,lowercase_modal_tokens,13,16,2,0,0.15384615384615385,0,0.068965517241379309,0.55172413793103448,0.084880636604774545,0.084880636604774545,0,89,72,18,7,0.20224719101123595,0.097222222222222224,0.15527950310559005,0.44720496894409939,0.0469676879056459,0.090445948775211116,0.043478260869565216,0.08631398586421074,0.048401037165082095,-0.037912948699128646,0.0055653121704365704,-0.043478260869565216,True,True,-0.013528497306271339,-0.024384451392857307,recorded_manuscript_upload_years
v3_the_nonverbal_expression_of_pride_eviden,rpp.69,RPP,successful,epistemic_adverb_tokens,78,39,2,0,0.02564102564102564,0,0.017094017094017096,0.33333333333333331,0.0085470085470085444,0.0085470085470085461,0,77,36,1,0,0.012987012987012988,0,0.0088495575221238937,0.31858407079646017,0.0041374554648890942,0.0041374554648890933,0,-0.0082444595718932021,-0.012654012654012652,-0.0044095530821194502,-0.0044095530821194528,-0,True,True,-0.00028486754150470935,-0.0041246855406147434,recorded_manuscript_upload_years
v3_the_nonverbal_expression_of_pride_eviden,rpp.69,RPP,successful,replication_word_tokens,78,39,1,1,0.01282051282051282,0.02564102564102564,0.017094017094017096,0.33333333333333331,-0.0042735042735042757,0.0042735042735042731,0.0085470085470085479,77,36,0,0,0,0,0,0.31858407079646017,0,0,0,-0.017094017094017096,-0.01282051282051282,0.0042735042735042757,-0.0042735042735042731,0.0085470085470085479,True,True,9.4546554723545784e-05,0.0041789577187807273,recorded_manuscript_upload_years
v3_the_nonverbal_expression_of_pride_eviden,rpp.69,RPP,successful,lowercase_modal_tokens,78,39,12,0,0.15384615384615385,0,0.10256410256410256,0.33333333333333331,0.051282051282051294,0.05128205128205128,0,77,36,2,1,0.025974025974025976,0.027777777777777776,0.026548672566371681,0.31858407079646017,-0.00057464659234570531,0.0082749109297781866,0.0088495575221238937,-0.076015429997730879,-0.12787212787212787,-0.051856697874396999,-0.043007140352273092,-0.0088495575221238937,True,True,-0.0011212566522301026,-0.050735441222166888,recorded_manuscript_upload_years
v3_the_potential_of_social_identity_for_equ,ee.5,EERP,failed,epistemic_adverb_tokens,35,57,0,1,0,0.017543859649122806,0.010869565217391304,0.61956521739130432,-0.010869565217391304,0,0.010869565217391304,100,138,0,0,0,0,0,0.57983193277310929,0,0,0,-0.010869565217391304,0,0.010869565217391304,0,0.010869565217391304,True,True,0.00034853758437013182,0.010521027633021171,recorded_manuscript_upload_years
v3_the_potential_of_social_identity_for_equ,ee.5,EERP,failed,replication_word_tokens,35,57,0,0,0,0,0,0.61956521739130432,0,0,0,100,138,2,8,0.02,0.057971014492753624,0.042016806722689079,0.57983193277310929,-0.022016806722689079,0.011596638655462186,0.033613445378151259,0.042016806722689079,0.02,-0.022016806722689079,0.011596638655462186,-0.033613445378151259,True,True,0.00075435656304109408,-0.022771163285730173,recorded_manuscript_upload_years
v3_the_potential_of_social_identity_for_equ,ee.5,EERP,failed,lowercase_modal_tokens,35,57,4,1,0.11428571428571428,0.017543859649122806,0.05434782608695652,0.61956521739130432,0.059937888198757762,0.070807453416149066,0.010869565217391304,100,138,9,7,0.089999999999999997,0.050724637681159424,0.067226890756302518,0.57983193277310929,0.022773109243697479,0.052184873949579831,0.029411764705882353,0.012879064669345998,-0.024285714285714285,-0.037164778955060283,-0.018622579466569235,-0.018542199488491048,True,True,-0.0027022053971324823,-0.034462573557927798,recorded_manuscript_upload_years
v3_the_representation_of_simple_ensemble_vi,rpp.122,RPP,successful,epistemic_adverb_tokens,34,50,0,0,0,0,0,0.59523809523809523,0,0,0,110,101,2,1,0.018181818181818181,0.0099009900990099011,0.014218009478672985,0.47867298578199052,0.0039638087031451958,0.0087031451960361914,0.0047393364928909956,0.014218009478672985,0.018181818181818181,0.0039638087031451958,0.0087031451960361914,-0.0047393364928909956,True,True,-0.00048262781592986644,0.0044464365190750622,recorded_manuscript_upload_years
v3_the_representation_of_simple_ensemble_vi,rpp.122,RPP,successful,replication_word_tokens,34,50,1,0,0.029411764705882353,0,0.011904761904761904,0.59523809523809523,0.017507002801120448,0.017507002801120448,0,110,101,0,0,0,0,0,0.47867298578199052,0,0,0,-0.011904761904761904,-0.029411764705882353,-0.017507002801120448,-0.017507002801120448,-0,True,True,-0.0017141927861191869,-0.015792810015001262,recorded_manuscript_upload_years
v3_the_representation_of_simple_ensemble_vi,rpp.122,RPP,successful,lowercase_modal_tokens,34,50,4,3,0.11764705882352941,0.059999999999999998,0.083333333333333329,0.59523809523809523,0.034313725490196081,0.070028011204481794,0.035714285714285712,110,101,11,3,0.10000000000000001,0.029702970297029702,0.066350710900473939,0.47867298578199052,0.033649289099526067,0.047867298578199054,0.014218009478672985,-0.01698262243285939,-0.017647058823529405,-0.00066443639067001459,-0.02216071262628274,0.021496276235612725,True,True,-0.0074569083416764952,0.0067924719510064867,recorded_manuscript_upload_years
v3_the_space_between_us_stereotype_threat_a,rpp.87,RPP,failed,epistemic_adverb_tokens,38,21,2,0,0.052631578947368418,0,0.033898305084745763,0.3559322033898305,0.018733273862622656,0.018733273862622656,0,94,54,0,0,0,0,0,0.36486486486486486,0,0,0,-0.033898305084745763,-0.052631578947368418,-0.018733273862622656,-0.018733273862622656,-0,True,True,0.0002350700388166935,-0.018968343901439349,recorded_manuscript_upload_years
v3_the_space_between_us_stereotype_threat_a,rpp.87,RPP,failed,replication_word_tokens,38,21,0,0,0,0,0,0.3559322033898305,0,0,0,94,54,0,0,0,0,0,0.36486486486486486,0,0,0,0,0,0,0,-0,True,True,0,0,recorded_manuscript_upload_years
v3_the_space_between_us_stereotype_threat_a,rpp.87,RPP,failed,lowercase_modal_tokens,38,21,5,3,0.13157894736842105,0.14285714285714285,0.13559322033898305,0.3559322033898305,-0.004014272970562005,0.046833184656556642,0.050847457627118647,94,54,15,7,0.15957446808510639,0.12962962962962962,0.14864864864864866,0.36486486486486486,0.010925819436457734,0.058223116733755034,0.0472972972972973,0.013055428309665607,0.027995520716685346,0.014940092407019739,0.011389932077198392,0.0035501603298213474,True,True,8.3371401248676522e-05,0.014856721005771061,recorded_manuscript_upload_years
v3_the_stroop_effect_why_proportion_congrue,rpp.15,RPP,successful,epistemic_adverb_tokens,90,67,0,0,0,0,0,0.42675159235668791,0,0,0,177,121,3,0,0.016949152542372881,0,0.010067114093959731,0.40604026845637586,0.0068820384484131504,0.0068820384484131504,0,0.010067114093959731,0.016949152542372881,0.0068820384484131504,0.0068820384484131504,-0,True,True,-0.00017551969407044111,0.0070575581424835911,recorded_manuscript_upload_years
v3_the_stroop_effect_why_proportion_congrue,rpp.15,RPP,successful,replication_word_tokens,90,67,0,0,0,0,0,0.42675159235668791,0,0,0,177,121,3,2,0.016949152542372881,0.016528925619834711,0.016778523489932886,0.40604026845637586,0.00017062905243999532,0.0068820384484131504,0.0067114093959731542,0.016778523489932886,0.016949152542372881,0.00017062905243999532,0.0068820384484131504,-0.0067114093959731542,True,True,-4.3517279521596919e-06,0.00017498078039215493,recorded_manuscript_upload_years
v3_the_stroop_effect_why_proportion_congrue,rpp.15,RPP,successful,lowercase_modal_tokens,90,67,11,5,0.12222222222222222,0.074626865671641784,0.10191082802547771,0.42675159235668791,0.020311394196744506,0.052158527954706296,0.031847133757961783,177,121,39,11,0.22033898305084745,0.090909090909090912,0.16778523489932887,0.40604026845637586,0.052553748151518587,0.089466499829370952,0.036912751677852351,0.065874406873851155,0.098116760828625235,0.032242353954774081,0.037307971874664655,-0.0050656179198905679,True,True,-0.001833213632100142,0.034075567586874224,recorded_manuscript_upload_years
v3_the_threat_of_appearing_prejudiced_and_r,rpp.129,RPP,failed,epistemic_adverb_tokens,37,25,0,0,0,0,0,0.40322580645161288,0,0,0,45,19,1,0,0.022222222222222223,0,0.015625,0.296875,0.0065972222222222231,0.0065972222222222222,0,0.015625,0.022222222222222223,0.0065972222222222231,0.0065972222222222222,-0,True,True,-0.0011816756272401432,0.0077788978494623658,recorded_manuscript_upload_years
v3_the_threat_of_appearing_prejudiced_and_r,rpp.129,RPP,failed,replication_word_tokens,37,25,0,0,0,0,0,0.40322580645161288,0,0,0,45,19,0,0,0,0,0,0.296875,0,0,0,0,0,0,0,-0,True,True,-0,0,recorded_manuscript_upload_years
v3_the_threat_of_appearing_prejudiced_and_r,rpp.129,RPP,failed,lowercase_modal_tokens,37,25,5,2,0.13513513513513514,0.080000000000000002,0.11290322580645161,0.40322580645161288,0.022231909328683533,0.054489973844812557,0.032258064516129031,45,19,13,0,0.28888888888888886,0,0.203125,0.296875,0.085763888888888862,0.085763888888888876,0,0.09022177419354839,0.15375375375375372,0.063531979560205329,0.031273915044076318,0.032258064516129031,True,True,-0.018293616196841996,0.081825595757047356,recorded_manuscript_upload_years
v3_the_ultimate_sampling_dilemma_in_experie,rpp.17,RPP,successful,epistemic_adverb_tokens,10,9,0,0,0,0,0,0.47368421052631576,0,0,0,21,14,0,1,0,0.071428571428571425,0.028571428571428571,0.40000000000000002,-0.028571428571428571,0,0.028571428571428571,0.028571428571428571,0,-0.028571428571428571,0,-0.028571428571428571,True,False,0.0026315789473684193,-0.031203007518796993,recorded_manuscript_upload_years
v3_the_ultimate_sampling_dilemma_in_experie,rpp.17,RPP,successful,replication_word_tokens,10,9,0,0,0,0,0,0.47368421052631576,0,0,0,21,14,0,0,0,0,0,0.40000000000000002,0,0,0,0,0,0,0,-0,True,False,-0,0,recorded_manuscript_upload_years
v3_the_ultimate_sampling_dilemma_in_experie,rpp.17,RPP,successful,lowercase_modal_tokens,10,9,1,2,0.10000000000000001,0.22222222222222221,0.15789473684210525,0.47368421052631576,-0.057894736842105249,0.04736842105263158,0.10526315789473684,21,14,3,1,0.14285714285714285,0.071428571428571425,0.11428571428571428,0.40000000000000002,0.028571428571428567,0.057142857142857141,0.028571428571428571,-0.043609022556390972,0.042857142857142844,0.086466165413533816,0.0097744360902255606,0.076691729323308269,True,False,0.0018713450292397644,0.08459482038429407,recorded_manuscript_upload_years
v3_toward_a_physiology_of_dual_process_reas,rpp.118,RPP,failed,epistemic_adverb_tokens,65,42,0,0,0,0,0,0.3925233644859813,0,0,0,73,47,0,0,0,0,0,0.39166666666666666,0,0,0,0,0,0,0,-0,True,True,-0,0,recorded_manuscript_upload_years
v3_toward_a_physiology_of_dual_process_reas,rpp.118,RPP,failed,replication_word_tokens,65,42,2,2,0.030769230769230771,0.047619047619047616,0.037383177570093455,0.3925233644859813,-0.0066139468008626842,0.01207764198418404,0.018691588785046728,73,47,1,1,0.013698630136986301,0.021276595744680851,0.016666666666666666,0.39166666666666666,-0.0029680365296803658,0.0053652968036529674,0.0083333333333333332,-0.020716510903426789,-0.01707060063224447,0.0036459102711823184,-0.0067123451805310725,0.010358255451713394,True,True,1.0463613981021135e-05,0.0036354466572013004,recorded_manuscript_upload_years
v3_toward_a_physiology_of_dual_process_reas,rpp.118,RPP,failed,lowercase_modal_tokens,65,42,8,0,0.12307692307692308,0,0.07476635514018691,0.3925233644859813,0.048310567936736173,0.04831056793673616,0,73,47,4,1,0.054794520547945202,0.021276595744680851,0.041666666666666664,0.39166666666666666,0.013127853881278538,0.02146118721461187,0.0083333333333333332,-0.033099688473520246,-0.068282402528977881,-0.035182714055457635,-0.02684938072212429,-0.0083333333333333332,True,True,-6.7077232347431668e-05,-0.035115636823110197,recorded_manuscript_upload_years
v3_tracing_attention_and_the_activation_flo,rpp.1,RPP,failed,epistemic_adverb_tokens,73,48,0,1,0,0.020833333333333332,0.0082644628099173556,0.39669421487603307,-0.0082644628099173556,0,0.0082644628099173556,42,35,0,0,0,0,0,0.45454545454545453,0,0,0,-0.0082644628099173556,0,0.0082644628099173556,0,0.0082644628099173556,True,True,-0.00060261707988980685,0.0088670798898071619,recorded_manuscript_upload_years
v3_tracing_attention_and_the_activation_flo,rpp.1,RPP,failed,replication_word_tokens,73,48,4,0,0.054794520547945202,0,0.033057851239669422,0.39669421487603307,0.02173666930827578,0.021736669308275784,0,42,35,3,2,0.071428571428571425,0.057142857142857141,0.064935064935064929,0.45454545454545453,0.0064935064935064957,0.032467532467532464,0.025974025974025976,0.031877213695395507,0.016634050880626222,-0.015243162814769284,0.010730863159256681,-0.025974025974025976,True,True,0.001998188610890976,-0.017241351425660269,recorded_manuscript_upload_years
v3_tracing_attention_and_the_activation_flo,rpp.1,RPP,failed,lowercase_modal_tokens,73,48,6,2,0.082191780821917804,0.041666666666666664,0.066115702479338845,0.39669421487603307,0.016076078342578959,0.032605003962413677,0.016528925619834711,42,35,2,1,0.047619047619047616,0.028571428571428571,0.03896103896103896,0.45454545454545453,0.0086580086580086563,0.021645021645021644,0.012987012987012988,-0.027154663518299885,-0.034572733202870187,-0.0074180696845703026,-0.010959982317392033,0.0035419126328217233,True,True,0.0017231782331408722,-0.0091412479177111813,recorded_manuscript_upload_years
v3_walking_on_eggshells_how_expressing_rela,rpp.58,RPP,failed,epistemic_adverb_tokens,11,3,1,0,0.090909090909090912,0,0.071428571428571425,0.21428571428571427,0.019480519480519487,0.01948051948051948,0,15,10,0,0,0,0,0,0.40000000000000002,0,0,0,-0.071428571428571425,-0.090909090909090912,-0.019480519480519487,-0.01948051948051948,-0,True,False,0.0084415584415584426,-0.027922077922077924,recorded_manuscript_upload_years
v3_walking_on_eggshells_how_expressing_rela,rpp.58,RPP,failed,replication_word_tokens,11,3,0,0,0,0,0,0.21428571428571427,0,0,0,15,10,0,0,0,0,0,0.40000000000000002,0,0,0,0,0,0,0,-0,True,False,0,0,recorded_manuscript_upload_years
v3_walking_on_eggshells_how_expressing_rela,rpp.58,RPP,failed,lowercase_modal_tokens,11,3,3,0,0.27272727272727271,0,0.21428571428571427,0.21428571428571427,0.058441558441558433,0.058441558441558433,0,15,10,4,1,0.26666666666666666,0.10000000000000001,0.20000000000000001,0.40000000000000002,0.066666666666666652,0.10666666666666667,0.040000000000000001,-0.014285714285714263,-0.0060606060606060441,0.0082251082251082186,0.04822510822510824,-0.040000000000000001,True,False,0.040800865800865803,-0.032575757575757577,recorded_manuscript_upload_years
v3_weight_as_an_embodiment_of_importance,ml3.10,ML3,failed,epistemic_adverb_tokens,30,14,0,0,0,0,0,0.31818181818181818,0,0,0,109,69,1,1,0.0091743119266055051,0.014492753623188406,0.011235955056179775,0.38764044943820225,-0.0020616431295742699,0.0035563343985156172,0.0056179775280898875,0.011235955056179775,0.0091743119266055051,-0.0020616431295742699,0.0035563343985156172,-0.0056179775280898875,True,True,-0.0001847058403307647,-0.0018769372892435058,recorded_manuscript_upload_years
v3_weight_as_an_embodiment_of_importance,ml3.10,ML3,failed,replication_word_tokens,30,14,1,0,0.033333333333333333,0,0.022727272727272728,0.31818181818181818,0.010606060606060605,0.010606060606060605,0,109,69,2,1,0.01834862385321101,0.014492753623188406,0.016853932584269662,0.38764044943820225,0.0014946912689413477,0.0071126687970312344,0.0056179775280898875,-0.0058733401430030654,-0.014984709480122323,-0.0091113693371192572,-0.0034933918090293706,-0.0056179775280898875,True,True,0.0012915555885128723,-0.010402924925632133,recorded_manuscript_upload_years
v3_weight_as_an_embodiment_of_importance,ml3.10,ML3,failed,lowercase_modal_tokens,30,14,3,0,0.10000000000000001,0,0.068181818181818177,0.31818181818181818,0.031818181818181829,0.031818181818181822,0,109,69,13,4,0.11926605504587157,0.057971014492753624,0.095505617977528087,0.38764044943820225,0.023760437068343479,0.046232347180703022,0.02247191011235955,0.02732379979570991,0.019266055045871561,-0.0080577447498383498,0.0144141653625212,-0.02247191011235955,True,True,0.0056016663726312669,-0.013659411122469614,recorded_manuscript_upload_years
v3_when_does_between_sequence_phonological_,rpp.12,RPP,failed,epistemic_adverb_tokens,24,5,0,0,0,0,0,0.17241379310344829,0,0,0,50,19,3,0,0.059999999999999998,0,0.043478260869565216,0.27536231884057971,0.016521739130434782,0.016521739130434782,0,0.043478260869565216,0.059999999999999998,0.016521739130434782,0.016521739130434782,-0,True,False,0.0030884557721139426,0.013433283358320839,recorded_manuscript_upload_years
v3_when_does_between_sequence_phonological_,rpp.12,RPP,failed,replication_word_tokens,24,5,0,0,0,0,0,0.17241379310344829,0,0,0,50,19,0,0,0,0,0,0.27536231884057971,0,0,0,0,0,0,0,-0,True,False,0,0,recorded_manuscript_upload_years
v3_when_does_between_sequence_phonological_,rpp.12,RPP,failed,lowercase_modal_tokens,24,5,2,0,0.083333333333333329,0,0.068965517241379309,0.17241379310344829,0.014367816091954019,0.014367816091954023,0,50,19,4,4,0.080000000000000002,0.21052631578947367,0.11594202898550725,0.27536231884057971,-0.035942028985507246,0.022028985507246378,0.057971014492753624,0.046976511744127938,-0.003333333333333327,-0.050309845077461265,0.007661169415292355,-0.057971014492753624,True,False,-0.002429223984498977,-0.047880621092962282,recorded_manuscript_upload_years
v3_where_do_we_look_during_potentially_offe,rpp.132,RPP,failed,epistemic_adverb_tokens,17,4,2,0,0.11764705882352941,0,0.095238095238095233,0.19047619047619047,0.022408963585434177,0.02240896358543417,0,15,3,0,0,0,0,0,0.16666666666666666,0,0,0,-0.095238095238095233,-0.11764705882352941,-0.022408963585434177,-0.02240896358543417,-0,True,False,-0.0014005602240896356,-0.021008403361344536,recorded_manuscript_upload_years
v3_where_do_we_look_during_potentially_offe,rpp.132,RPP,failed,replication_word_tokens,17,4,0,0,0,0,0,0.19047619047619047,0,0,0,15,3,0,0,0,0,0,0.16666666666666666,0,0,0,0,0,0,0,-0,True,False,-0,0,recorded_manuscript_upload_years
v3_where_do_we_look_during_potentially_offe,rpp.132,RPP,failed,lowercase_modal_tokens,17,4,1,0,0.058823529411764705,0,0.047619047619047616,0.19047619047619047,0.011204481792717089,0.011204481792717085,0,15,3,8,0,0.53333333333333333,0,0.44444444444444442,0.16666666666666666,0.088888888888888906,0.088888888888888878,0,0.3968253968253968,0.47450980392156861,0.077684407096171817,0.07768440709617179,-0,True,False,-0.0070494864612511672,0.08473389355742296,recorded_manuscript_upload_years
v3_why_do_implicit_and_explicit_attitude_te,rpp.44,RPP,successful,epistemic_adverb_tokens,27,33,0,0,0,0,0,0.55000000000000004,0,0,0,52,74,0,0,0,0,0,0.58730158730158732,0,0,0,0,0,0,0,-0,True,True,0,0,recorded_manuscript_upload_years
v3_why_do_implicit_and_explicit_attitude_te,rpp.44,RPP,successful,replication_word_tokens,27,33,0,0,0,0,0,0.55000000000000004,0,0,0,52,74,1,4,0.019230769230769232,0.054054054054054057,0.03968253968253968,0.58730158730158732,-0.020451770451770449,0.011294261294261296,0.031746031746031744,0.03968253968253968,0.019230769230769232,-0.020451770451770449,0.011294261294261296,-0.031746031746031744,True,True,-0.00064948189948189916,-0.019802288552288553,recorded_manuscript_upload_years
v3_why_do_implicit_and_explicit_attitude_te,rpp.44,RPP,successful,lowercase_modal_tokens,27,33,3,1,0.1111111111111111,0.030303030303030304,0.066666666666666666,0.55000000000000004,0.044444444444444439,0.061111111111111116,0.016666666666666666,52,74,9,7,0.17307692307692307,0.0945945945945946,0.12698412698412698,0.58730158730158732,0.046092796092796096,0.10164835164835165,0.055555555555555552,0.060317460317460311,0.061965811965811968,0.0016483516483516564,0.040537240537240532,-0.03888888888888889,True,True,0.0029708925542258854,-0.0013225409058742405,recorded_manuscript_upload_years
v3_why_people_are_reluctant_to_tempt_fate,rpp.68,RPP,failed,epistemic_adverb_tokens,29,19,0,0,0,0,0,0.39583333333333331,0,0,0,38,45,0,0,0,0,0,0.54216867469879515,0,0,0,0,0,0,0,-0,True,True,0,0,recorded_manuscript_upload_years
v3_why_people_are_reluctant_to_tempt_fate,rpp.68,RPP,failed,replication_word_tokens,29,19,4,2,0.13793103448275862,0.10526315789473684,0.125,0.39583333333333331,0.012931034482758619,0.054597701149425283,0.041666666666666664,38,45,0,12,0,0.26666666666666666,0.14457831325301204,0.54216867469879515,-0.14457831325301204,0,0.14457831325301204,0.019578313253012042,-0.13793103448275862,-0.15750934773577066,-0.054597701149425283,-0.10291164658634538,True,True,-0.017121146412631773,-0.14038820132313889,recorded_manuscript_upload_years
v3_why_people_are_reluctant_to_tempt_fate,rpp.68,RPP,failed,lowercase_modal_tokens,29,19,6,2,0.20689655172413793,0.10526315789473684,0.16666666666666666,0.39583333333333331,0.040229885057471271,0.081896551724137928,0.041666666666666664,38,45,1,1,0.026315789473684209,0.022222222222222223,0.024096385542168676,0.54216867469879515,0.0022194039315155331,0.014267596702599871,0.012048192771084338,-0.14257028112449799,-0.18058076225045372,-0.038010481125955738,-0.067628955021538054,0.029618473895582326,True,True,0.0077357954706504979,-0.045746276596606232,recorded_manuscript_upload_years
v3_working_memory_costs_of_task_switching,rpp.3,RPP,failed,epistemic_adverb_tokens,24,13,0,0,0,0,0,0.35135135135135137,0,0,0,42,19,0,0,0,0,0,0.31147540983606559,0,0,0,0,0,0,0,-0,True,True,-0,0,recorded_manuscript_upload_years
v3_working_memory_costs_of_task_switching,rpp.3,RPP,failed,replication_word_tokens,24,13,0,0,0,0,0,0.35135135135135137,0,0,0,42,19,0,0,0,0,0,0.31147540983606559,0,0,0,0,0,0,0,-0,True,True,-0,0,recorded_manuscript_upload_years
v3_working_memory_costs_of_task_switching,rpp.3,RPP,failed,lowercase_modal_tokens,24,13,2,0,0.083333333333333329,0,0.054054054054054057,0.35135135135135137,0.029279279279279272,0.029279279279279279,0,42,19,9,0,0.21428571428571427,0,0.14754098360655737,0.31147540983606559,0.066744730679156899,0.066744730679156913,0,0.093486929552503317,0.13095238095238093,0.037465451399877628,0.037465451399877635,-0,True,True,-0.0059339198683460992,0.043399371268223727,recorded_manuscript_upload_years
v3_1_f_noise_and_effort_on_implicit_measure,rpp.63,RPP,failed,epistemic_adverb_tokens,28,23,0,0,0,0,0,0.45098039215686275,0,0,0,14,20,1,0,0.071428571428571425,0,0.029411764705882353,0.58823529411764708,0.042016806722689072,0.042016806722689072,0,0.029411764705882353,0.071428571428571425,0.042016806722689072,0.042016806722689072,-0,True,True,0.0049019607843137254,0.03711484593837535,omit_event_year
v3_1_f_noise_and_effort_on_implicit_measure,rpp.63,RPP,failed,replication_word_tokens,28,23,2,2,0.071428571428571425,0.086956521739130432,0.078431372549019607,0.45098039215686275,-0.0070028011204481821,0.032212885154061621,0.039215686274509803,14,20,0,5,0,0.25,0.14705882352941177,0.58823529411764708,-0.14705882352941177,0,0.14705882352941177,0.068627450980392163,-0.071428571428571425,-0.14005602240896359,-0.032212885154061621,-0.10784313725490197,True,True,-0.018222506393861894,-0.1218335160151017,omit_event_year
v3_1_f_noise_and_effort_on_implicit_measure,rpp.63,RPP,failed,lowercase_modal_tokens,28,23,6,3,0.21428571428571427,0.13043478260869565,0.17647058823529413,0.45098039215686275,0.037815126050420145,0.096638655462184864,0.058823529411764705,14,20,0,0,0,0,0,0.58823529411764708,0,0,0,-0.17647058823529413,-0.21428571428571427,-0.037815126050420145,-0.096638655462184864,0.058823529411764705,True,True,0.0057544757033248083,-0.043569601753744976,omit_event_year
v3_a_single_exposure_to_the_american_flag_s,ml1.12,ML1,failed,epistemic_adverb_tokens,23,8,0,0,0,0,0,0.25806451612903225,0,0,0,32,26,0,1,0,0.038461538461538464,0.017241379310344827,0.44827586206896552,-0.017241379310344827,0,0.017241379310344827,0.017241379310344827,0,-0.017241379310344827,0,-0.017241379310344827,True,False,-0.0036579104988448707,-0.013583468811499959,omit_event_year
v3_a_single_exposure_to_the_american_flag_s,ml1.12,ML1,failed,replication_word_tokens,23,8,0,0,0,0,0,0.25806451612903225,0,0,0,32,26,2,4,0.0625,0.15384615384615385,0.10344827586206896,0.44827586206896552,-0.040948275862068964,0.028017241379310345,0.068965517241379309,0.10344827586206896,0.0625,-0.040948275862068964,0.028017241379310345,-0.068965517241379309,True,False,-0.0086875374347565679,-0.032260738427312405,omit_event_year
v3_a_single_exposure_to_the_american_flag_s,ml1.12,ML1,failed,lowercase_modal_tokens,23,8,3,0,0.13043478260869565,0,0.096774193548387094,0.25806451612903225,0.033660589060308554,0.033660589060308554,0,32,26,8,1,0.25,0.038461538461538464,0.15517241379310345,0.44827586206896552,0.094827586206896547,0.11206896551724138,0.017241379310344827,0.058398220244716359,0.11956521739130435,0.061166997146587992,0.078408376456932827,-0.017241379310344827,True,False,0.032523595522338092,0.028643401624249911,omit_event_year
v3_a_social_functional_approach_to_emotions,rpp.56,RPP,failed,epistemic_adverb_tokens,35,26,0,0,0,0,0,0.42622950819672129,0,0,0,48,24,0,0,0,0,0,0.33333333333333331,0,0,0,0,0,0,0,-0,True,True,-0,0,omit_event_year
v3_a_social_functional_approach_to_emotions,rpp.56,RPP,failed,replication_word_tokens,35,26,0,0,0,0,0,0.42622950819672129,0,0,0,48,24,1,0,0.020833333333333332,0,0.013888888888888888,0.33333333333333331,0.0069444444444444441,0.0069444444444444441,0,0.013888888888888888,0.020833333333333332,0.0069444444444444441,0.0069444444444444441,-0,True,True,-0.00096766848816029136,0.0079121129326047354,omit_event_year
v3_a_social_functional_approach_to_emotions,rpp.56,RPP,failed,lowercase_modal_tokens,35,26,6,1,0.17142857142857143,0.038461538461538464,0.11475409836065574,0.42622950819672129,0.05667447306791569,0.0730679156908665,0.016393442622950821,48,24,6,1,0.125,0.041666666666666664,0.097222222222222224,0.33333333333333331,0.027777777777777776,0.041666666666666664,0.013888888888888888,-0.017531876138433516,-0.04642857142857143,-0.028896695290137914,-0.031401249024199836,0.0025045537340619324,True,True,-0.01004673832542685,-0.018849956964711059,omit_event_year
v3_accelerated_relearning_after_retrieval_i,rpp.4,RPP,failed,epistemic_adverb_tokens,17,17,0,0,0,0,0,0.5,0,0,0,29,10,0,0,0,0,0,0.25641025641025639,0,0,0,0,0,0,0,-0,True,True,-0,0,omit_event_year
v3_accelerated_relearning_after_retrieval_i,rpp.4,RPP,failed,replication_word_tokens,17,17,2,1,0.11764705882352941,0.058823529411764705,0.088235294117647065,0.5,0.029411764705882346,0.058823529411764705,0.029411764705882353,29,10,2,0,0.068965517241379309,0,0.05128205128205128,0.25641025641025639,0.017683465959328029,0.017683465959328026,0,-0.036953242835595784,-0.048681541582150101,-0.011728298746554316,-0.041140063452436676,0.029411764705882353,True,True,-0.015564050553908566,0.0038357518073542413,omit_event_year
v3_accelerated_relearning_after_retrieval_i,rpp.4,RPP,failed,lowercase_modal_tokens,17,17,2,1,0.11764705882352941,0.058823529411764705,0.088235294117647065,0.5,0.029411764705882346,0.058823529411764705,0.029411764705882353,29,10,6,1,0.20689655172413793,0.10000000000000001,0.17948717948717949,0.25641025641025639,0.02740937223695844,0.05305039787798408,0.02564102564102564,0.091251885369532423,0.089249492900608518,-0.0020023924689239053,-0.0057731315337806247,0.0037707390648567124,True,True,-0.020183856035783015,0.0181814635668591,omit_event_year
v3_action_dynamics_reveal_parallel_competit,rpp.112,RPP,successful,epistemic_adverb_tokens,25,33,0,0,0,0,0,0.56896551724137934,0,0,0,29,67,0,0,0,0,0,0.69791666666666663,0,0,0,0,0,0,0,-0,True,True,0,0,omit_event_year
v3_action_dynamics_reveal_parallel_competit,rpp.112,RPP,successful,replication_word_tokens,25,33,1,1,0.040000000000000001,0.030303030303030304,0.034482758620689655,0.56896551724137934,0.0055172413793103461,0.022758620689655173,0.017241379310344827,29,67,1,0,0.034482758620689655,0,0.010416666666666666,0.69791666666666663,0.02406609195402299,0.024066091954022987,0,-0.02406609195402299,-0.0055172413793103461,0.018548850574712644,0.0013074712643678134,0.017241379310344827,True,True,0.0028485133739295436,0.015700337200783097,omit_event_year
v3_action_dynamics_reveal_parallel_competit,rpp.112,RPP,successful,lowercase_modal_tokens,25,33,5,4,0.20000000000000001,0.12121212121212122,0.15517241379310345,0.56896551724137934,0.044827586206896558,0.11379310344827587,0.068965517241379309,29,67,3,1,0.10344827586206896,0.014925373134328358,0.041666666666666664,0.69791666666666663,0.0617816091954023,0.072198275862068964,0.010416666666666666,-0.1135057471264368,-0.096551724137931047,0.016954022988505742,-0.041594827586206903,0.058548850574712645,True,True,0.010787458793841116,0.0061665641946646189,omit_event_year
v3_affective_incoherence_when_affective_con,rpp.52,RPP,failed,epistemic_adverb_tokens,20,16,0,0,0,0,0,0.44444444444444442,0,0,0,16,4,0,0,0,0,0,0.20000000000000001,0,0,0,0,0,0,0,-0,True,False,-0,0,omit_event_year
v3_affective_incoherence_when_affective_con,rpp.52,RPP,failed,replication_word_tokens,20,16,3,0,0.14999999999999999,0,0.083333333333333329,0.44444444444444442,0.066666666666666666,0.066666666666666666,0,16,4,0,0,0,0,0,0.20000000000000001,0,0,0,-0.083333333333333329,-0.14999999999999999,-0.066666666666666666,-0.066666666666666666,-0,True,False,-0.01833333333333333,-0.048333333333333325,omit_event_year
v3_affective_incoherence_when_affective_con,rpp.52,RPP,failed,lowercase_modal_tokens,20,16,1,0,0.050000000000000003,0,0.027777777777777776,0.44444444444444442,0.022222222222222227,0.022222222222222223,0,16,4,1,0,0.0625,0,0.050000000000000003,0.20000000000000001,0.012499999999999997,0.012500000000000001,0,0.022222222222222227,0.012499999999999997,-0.0097222222222222293,-0.0097222222222222224,-0,True,False,-0.013749999999999998,0.0040277777777777768,omit_event_year
v3_attractor_dynamics_and_semantic_neighbor,rpp.11,RPP,successful,epistemic_adverb_tokens,22,24,0,0,0,0,0,0.52173913043478259,0,0,0,31,19,0,0,0,0,0,0.38,0,0,0,0,0,0,0,-0,True,True,-0,0,omit_event_year
v3_attractor_dynamics_and_semantic_neighbor,rpp.11,RPP,successful,replication_word_tokens,22,24,0,0,0,0,0,0.52173913043478259,0,0,0,31,19,0,0,0,0,0,0.38,0,0,0,0,0,0,0,-0,True,True,-0,0,omit_event_year
v3_attractor_dynamics_and_semantic_neighbor,rpp.11,RPP,successful,lowercase_modal_tokens,22,24,2,3,0.090909090909090912,0.125,0.10869565217391304,0.52173913043478259,-0.017786561264822129,0.047430830039525688,0.065217391304347824,31,19,2,1,0.064516129032258063,0.052631578947368418,0.059999999999999998,0.38,0.0045161290322580649,0.024516129032258065,0.02,-0.048695652173913043,-0.026392961876832849,0.022302690297080194,-0.022914701007267623,0.04521739130434782,True,True,0.0015737550078178996,0.020728935289262299,omit_event_year
v3_auditory_change_detection_simple_sounds_,rpp.139,RPP,successful,epistemic_adverb_tokens,15,15,0,0,0,0,0,0.5,0,0,0,16,16,0,0,0,0,0,0.5,0,0,0,0,0,0,0,-0,True,True,0,0,omit_event_year
v3_auditory_change_detection_simple_sounds_,rpp.139,RPP,successful,replication_word_tokens,15,15,0,0,0,0,0,0.5,0,0,0,16,16,0,1,0,0.0625,0.03125,0.5,-0.03125,0,0.03125,0.03125,0,-0.03125,0,-0.03125,True,True,-0,-0.03125,omit_event_year
v3_auditory_change_detection_simple_sounds_,rpp.139,RPP,successful,lowercase_modal_tokens,15,15,3,4,0.20000000000000001,0.26666666666666666,0.23333333333333334,0.5,-0.033333333333333326,0.10000000000000001,0.13333333333333333,16,16,4,3,0.25,0.1875,0.21875,0.5,0.03125,0.125,0.09375,-0.014583333333333337,0.049999999999999989,0.064583333333333326,0.024999999999999994,0.039583333333333331,True,True,-0,0.064583333333333326,omit_event_year
v3_availability_a_heuristic_for_judging_fre,ml3.4,ML3,successful,epistemic_adverb_tokens,57,54,2,1,0.035087719298245612,0.018518518518518517,0.027027027027027029,0.48648648648648651,0.0080606922712185836,0.017069701280227598,0.0090090090090090089,33,8,0,0,0,0,0,0.1951219512195122,0,0,0,-0.027027027027027029,-0.035087719298245612,-0.0080606922712185836,-0.017069701280227598,0.0090090090090090089,True,False,-0.0024138387424651867,-0.0056468535287534007,omit_event_year
v3_availability_a_heuristic_for_judging_fre,ml3.4,ML3,successful,replication_word_tokens,57,54,0,0,0,0,0,0.48648648648648651,0,0,0,33,8,0,0,0,0,0,0.1951219512195122,0,0,0,0,0,0,0,-0,True,False,-0,0,omit_event_year
v3_availability_a_heuristic_for_judging_fre,ml3.4,ML3,successful,lowercase_modal_tokens,57,54,8,8,0.14035087719298245,0.14814814814814814,0.14414414414414414,0.48648648648648651,-0.0037932669511616945,0.068278805120910391,0.072072072072072071,33,8,2,1,0.060606060606060608,0.125,0.073170731707317069,0.1951219512195122,-0.012564671101256461,0.011825572801182557,0.024390243902439025,-0.070973412436827074,-0.079744816586921841,-0.0087714041500947665,-0.056453232319727834,0.047681828169633046,True,False,0.010516979226863694,-0.019288383376958474,omit_event_year
v3_balancing_connectedness_and_self_protect,rpp.93,RPP,failed,epistemic_adverb_tokens,93,35,1,0,0.010752688172043012,0,0.0078125,0.2734375,0.0029401881720430116,0.0029401881720430112,0,77,44,1,0,0.012987012987012988,0,0.0082644628099173556,0.36363636363636365,0.0047225501770956323,0.0047225501770956323,0,0.0004519628099173556,0.0022343248149699763,0.0017823620050526207,0.0017823620050526211,-0,True,True,0.001070647033806858,0.00071171497124576308,omit_event_year
v3_balancing_connectedness_and_self_protect,rpp.93,RPP,failed,replication_word_tokens,93,35,1,0,0.010752688172043012,0,0.0078125,0.2734375,0.0029401881720430116,0.0029401881720430112,0,77,44,0,0,0,0,0,0.36363636363636365,0,0,0,-0.0078125,-0.010752688172043012,-0.0029401881720430116,-0.0029401881720430112,-0,True,True,0.00048494012707722396,-0.003425128299120235,omit_event_year
v3_balancing_connectedness_and_self_protect,rpp.93,RPP,failed,lowercase_modal_tokens,93,35,13,2,0.13978494623655913,0.057142857142857141,0.1171875,0.2734375,0.022597446236559127,0.038222446236559134,0.015625,77,44,13,5,0.16883116883116883,0.11363636363636363,0.1487603305785124,0.36363636363636365,0.020070838252656431,0.061393152302243216,0.041322314049586778,0.031572830578512401,0.029046222594609705,-0.0025266079839026956,0.023170706065684082,-0.025697314049586778,True,True,0.0062163656159944661,-0.0087429735998971678,omit_event_year
v3_cloningertextquotesingles_psychobiologic,ml3.8,ML3,failed,epistemic_adverb_tokens,49,22,1,0,0.020408163265306121,0,0.014084507042253521,0.30985915492957744,0.0063236562230525994,0.0063236562230526002,0,69,55,1,0,0.014492753623188406,0,0.0080645161290322578,0.44354838709677419,0.0064282374941561481,0.0064282374941561481,0,-0.0060199909132212636,-0.0059154096421177148,0.00010458127110354876,0.00010458127110354789,-0,True,True,0.0023329383903769913,-0.0022283571192734438,omit_event_year
v3_cloningertextquotesingles_psychobiologic,ml3.8,ML3,failed,replication_word_tokens,49,22,0,0,0,0,0,0.30985915492957744,0,0,0,69,55,1,0,0.014492753623188406,0,0.0080645161290322578,0.44354838709677419,0.0064282374941561481,0.0064282374941561481,0,0.0080645161290322578,0.014492753623188406,0.0064282374941561481,0.0064282374941561481,-0,True,True,0.00096876255193620829,0.005459474942219939,omit_event_year
v3_cloningertextquotesingles_psychobiologic,ml3.8,ML3,failed,lowercase_modal_tokens,49,22,1,0,0.020408163265306121,0,0.014084507042253521,0.30985915492957744,0.0063236562230525994,0.0063236562230526002,0,69,55,4,3,0.057971014492753624,0.054545454545454543,0.056451612903225805,0.44354838709677419,0.001519401589527819,0.025712949976624593,0.024193548387096774,0.042367105860972282,0.0375628512274475,-0.0048042546335247804,0.019389293753571991,-0.024193548387096774,True,True,0.0015931560779893416,-0.0063974107115141237,omit_event_year
v3_conflict_triggered_goal_shielding_respon,rpp.158,RPP,successful,epistemic_adverb_tokens,10,6,0,1,0,0.16666666666666666,0.0625,0.375,-0.0625,0,0.0625,18,13,0,0,0,0,0,0.41935483870967744,0,0,0,-0.0625,0,0.0625,0,0.0625,True,False,-0.003696236559139786,0.066196236559139782,omit_event_year
v3_conflict_triggered_goal_shielding_respon,rpp.158,RPP,successful,replication_word_tokens,10,6,0,0,0,0,0,0.375,0,0,0,18,13,3,0,0.16666666666666666,0,0.096774193548387094,0.41935483870967744,0.069892473118279563,0.069892473118279563,0,0.096774193548387094,0.16666666666666666,0.069892473118279563,0.069892473118279563,-0,True,False,0.003696236559139786,0.066196236559139782,omit_event_year
v3_conflict_triggered_goal_shielding_respon,rpp.158,RPP,successful,lowercase_modal_tokens,10,6,2,0,0.20000000000000001,0,0.125,0.375,0.075000000000000011,0.075000000000000011,0,18,13,4,1,0.22222222222222221,0.076923076923076927,0.16129032258064516,0.41935483870967744,0.060931899641577053,0.093189964157706098,0.032258064516129031,0.036290322580645157,0.022222222222222199,-0.014068100358422958,0.018189964157706087,-0.032258064516129031,True,False,0.0076578439481665315,-0.02172594430658948,omit_event_year
v3_decision_making_and_learning_while_takin,rpp.39,RPP,failed,epistemic_adverb_tokens,24,46,0,0,0,0,0,0.65714285714285714,0,0,0,29,88,0,0,0,0,0,0.75213675213675213,0,0,0,0,0,0,0,-0,True,True,0,0,omit_event_year
v3_decision_making_and_learning_while_takin,rpp.39,RPP,failed,replication_word_tokens,24,46,0,0,0,0,0,0.65714285714285714,0,0,0,29,88,0,0,0,0,0,0.75213675213675213,0,0,0,0,0,0,0,-0,True,True,0,0,omit_event_year
v3_decision_making_and_learning_while_takin,rpp.39,RPP,failed,lowercase_modal_tokens,24,46,1,3,0.041666666666666664,0.065217391304347824,0.057142857142857141,0.65714285714285714,-0.015476190476190477,0.027380952380952381,0.042857142857142858,29,88,8,7,0.27586206896551724,0.079545454545454544,0.12820512820512819,0.75213675213675213,0.14765694076038904,0.20748600058944885,0.059829059829059832,0.07106227106227106,0.23419540229885058,0.16313313123657952,0.18010504820849649,-0.016971916971916974,True,True,0.008205852396257195,0.15492727884032231,omit_event_year
v3_effects_of_fluency_on_psychological_dist,rpp.104,RPP,failed,epistemic_adverb_tokens,41,34,0,1,0,0.029411764705882353,0.013333333333333334,0.45333333333333331,-0.013333333333333334,0,0.013333333333333334,86,50,0,0,0,0,0,0.36764705882352944,0,0,0,-0.013333333333333334,0,0.013333333333333334,0,0.013333333333333334,True,True,0.0012600922722029982,0.012073241061130335,omit_event_year
v3_effects_of_fluency_on_psychological_dist,rpp.104,RPP,failed,replication_word_tokens,41,34,0,0,0,0,0,0.45333333333333331,0,0,0,86,50,5,0,0.058139534883720929,0,0.036764705882352942,0.36764705882352944,0.021374829001367987,0.02137482900136799,0,0.036764705882352942,0.058139534883720929,0.021374829001367987,0.02137482900136799,-0,True,True,-0.002490880072959415,0.023865709074327408,omit_event_year
v3_effects_of_fluency_on_psychological_dist,rpp.104,RPP,failed,lowercase_modal_tokens,41,34,4,4,0.097560975609756101,0.11764705882352941,0.10666666666666667,0.45333333333333331,-0.0091056910569105726,0.044227642276422764,0.053333333333333337,86,50,9,3,0.10465116279069768,0.059999999999999998,0.088235294117647065,0.36764705882352944,0.016415868673050615,0.038474692202462385,0.022058823529411766,-0.018431372549019609,0.007090187180941579,0.025521559729961188,-0.0057529500739603792,0.031274509803921574,True,True,-0.0010524450759917593,0.026574004805952949,omit_event_year
v3_effects_of_need_for_cognition_on_message,ml3.7,ML3,failed,epistemic_adverb_tokens,13,7,0,0,0,0,0,0.34999999999999998,0,0,0,80,57,0,0,0,0,0,0.41605839416058393,0,0,0,0,0,0,0,-0,True,False,0,0,omit_event_year
v3_effects_of_need_for_cognition_on_message,ml3.7,ML3,failed,replication_word_tokens,13,7,0,0,0,0,0,0.34999999999999998,0,0,0,80,57,2,5,0.025000000000000001,0.08771929824561403,0.051094890510948905,0.41605839416058393,-0.026094890510948904,0.010401459854014599,0.036496350364963501,0.051094890510948905,0.025000000000000001,-0.026094890510948904,0.010401459854014599,-0.036496350364963501,True,False,-0.002071568062491997,-0.024023322448456907,omit_event_year
v3_effects_of_need_for_cognition_on_message,ml3.7,ML3,failed,lowercase_modal_tokens,13,7,0,0,0,0,0,0.34999999999999998,0,0,0,80,57,6,5,0.074999999999999997,0.08771929824561403,0.080291970802919707,0.41605839416058393,-0.0052919708029197099,0.031204379562043794,0.036496350364963501,0.080291970802919707,0.074999999999999997,-0.0052919708029197099,0.031204379562043794,-0.036496350364963501,True,False,-0.00042010820847739787,-0.004871862594442309,omit_event_year
v3_elaboration_enhances_the_imagined_contac,ml1.14,ML1,successful,epistemic_adverb_tokens,63,67,1,0,0.015873015873015872,0,0.0076923076923076927,0.51538461538461533,0.0081807081807081794,0.0081807081807081794,0,99,125,2,0,0.020202020202020204,0,0.0089285714285714281,0.5580357142857143,0.011273448773448776,0.011273448773448774,0,0.0012362637362637353,0.0043290043290043316,0.0030927405927405963,0.0030927405927405945,-0,True,True,0.00076931996574853851,0.0023234206269920573,omit_event_year
v3_elaboration_enhances_the_imagined_contac,ml1.14,ML1,successful,replication_word_tokens,63,67,1,1,0.015873015873015872,0.014925373134328358,0.015384615384615385,0.51538461538461533,0.00048840048840048667,0.0081807081807081794,0.0076923076923076927,99,125,1,4,0.010101010101010102,0.032000000000000001,0.022321428571428572,0.5580357142857143,-0.01222041847041847,0.005636724386724387,0.017857142857142856,0.0069368131868131865,-0.0057720057720057703,-0.012708818958818957,-0.0025439837939837924,-0.010164835164835163,True,True,-0.00044679898992265805,-0.012262019968896301,omit_event_year
v3_elaboration_enhances_the_imagined_contac,ml1.14,ML1,successful,lowercase_modal_tokens,63,67,4,3,0.063492063492063489,0.044776119402985072,0.053846153846153849,0.51538461538461533,0.0096459096459096394,0.032722832722832718,0.023076923076923078,99,125,15,8,0.15151515151515152,0.064000000000000001,0.10267857142857142,0.5580357142857143,0.048836580086580095,0.084550865800865807,0.035714285714285712,0.048832417582417575,0.088023088023088031,0.039190670440670455,0.051828033078033089,-0.012637362637362634,True,True,0.0022654364824940556,0.036925233958176387,omit_event_year
v3_expectations_as_endowments_evidence_on_r,ee.9,EERP,failed,epistemic_adverb_tokens,25,22,0,0,0,0,0,0.46808510638297873,0,0,0,44,72,0,0,0,0,0,0.62068965517241381,0,0,0,0,0,0,0,-0,True,True,0,0,omit_event_year
v3_expectations_as_endowments_evidence_on_r,ee.9,EERP,failed,replication_word_tokens,25,22,1,0,0.040000000000000001,0,0.021276595744680851,0.46808510638297873,0.01872340425531915,0.01872340425531915,0,44,72,1,0,0.022727272727272728,0,0.0086206896551724137,0.62068965517241381,0.014106583072100314,0.014106583072100314,0,-0.012655906089508437,-0.017272727272727273,-0.0046168211832188361,-0.0046168211832188361,-0,True,True,0.0047862335756686455,-0.0094030547588874799,omit_event_year
v3_expectations_as_endowments_evidence_on_r,ee.9,EERP,failed,lowercase_modal_tokens,25,22,6,2,0.23999999999999999,0.090909090909090912,0.1702127659574468,0.46808510638297873,0.069787234042553187,0.11234042553191489,0.042553191489361701,44,72,5,2,0.11363636363636363,0.027777777777777776,0.060344827586206899,0.62068965517241381,0.053291536050156733,0.070532915360501561,0.017241379310344827,-0.1098679383712399,-0.12636363636363634,-0.016495697992396453,-0.041807510171413334,0.025311812179016874,True,True,0.017927180832536666,-0.034422878824933112,omit_event_year
v3_experiments_in_wording_questions_ii,ml1.10,ML1,successful,epistemic_adverb_tokens,21,27,0,1,0,0.037037037037037035,0.020833333333333332,0.5625,-0.020833333333333332,0,0.020833333333333332,22,16,0,0,0,0,0,0.42105263157894735,0,0,0,-0.020833333333333332,0,0.020833333333333332,0,0.020833333333333332,True,True,0.0026193957115009749,0.018213937621832356,omit_event_year
v3_experiments_in_wording_questions_ii,ml1.10,ML1,successful,replication_word_tokens,21,27,0,0,0,0,0,0.5625,0,0,0,22,16,0,0,0,0,0,0.42105263157894735,0,0,0,0,0,0,0,-0,True,True,-0,0,omit_event_year
v3_experiments_in_wording_questions_ii,ml1.10,ML1,successful,lowercase_modal_tokens,21,27,1,2,0.047619047619047616,0.07407407407407407,0.0625,0.5625,-0.014880952380952384,0.026785714285714284,0.041666666666666664,22,16,2,0,0.090909090909090912,0,0.052631578947368418,0.42105263157894735,0.038277511961722493,0.038277511961722487,0,-0.0098684210526315819,0.043290043290043295,0.053158464342674877,0.011491797676008202,0.041666666666666664,True,True,-0.0045584289005341644,0.057716893243209035,omit_event_year
v3_happiness_and_time_preference_the_effect,ee.14,EERP,failed,epistemic_adverb_tokens,30,34,0,0,0,0,0,0.53125,0,0,0,82,56,0,0,0,0,0,0.40579710144927539,0,0,0,0,0,0,0,-0,True,True,-0,0,omit_event_year
v3_happiness_and_time_preference_the_effect,ee.14,EERP,failed,replication_word_tokens,30,34,3,0,0.10000000000000001,0,0.046875,0.53125,0.053125000000000006,0.053125000000000006,0,82,56,0,1,0,0.017857142857142856,0.007246376811594203,0.40579710144927539,-0.007246376811594203,0,0.007246376811594203,-0.0396286231884058,-0.10000000000000001,-0.060371376811594206,-0.053125000000000006,-0.007246376811594203,True,True,-0.0051525297619047618,-0.055218847049689442,omit_event_year
v3_happiness_and_time_preference_the_effect,ee.14,EERP,failed,lowercase_modal_tokens,30,34,1,1,0.033333333333333333,0.029411764705882353,0.03125,0.53125,0.0020833333333333329,0.017708333333333333,0.015625,82,56,7,5,0.085365853658536592,0.089285714285714288,0.086956521739130432,0.40579710144927539,-0.0015906680805938406,0.034641215977377168,0.036231884057971016,0.055706521739130432,0.052032520325203259,-0.0036740014139271734,0.016932882644043835,-0.020606884057971016,True,True,-1.0713679250448126e-07,-0.0036738942771346763,omit_event_year
v3_head_up_foot_down_object_words_orient_at,rpp.167,RPP,failed,epistemic_adverb_tokens,25,27,0,0,0,0,0,0.51923076923076927,0,0,0,29,35,0,0,0,0,0,0.546875,0,0,0,0,0,0,0,-0,True,True,0,0,omit_event_year
v3_head_up_foot_down_object_words_orient_at,rpp.167,RPP,failed,replication_word_tokens,25,27,1,1,0.040000000000000001,0.037037037037037035,0.038461538461538464,0.51923076923076927,0.0015384615384615372,0.020769230769230772,0.019230769230769232,29,35,2,1,0.068965517241379309,0.028571428571428571,0.046875,0.546875,0.022090517241379309,0.037715517241379309,0.015625,0.0084134615384615363,0.028965517241379309,0.020552055702917772,0.016946286472148537,0.0036057692307692318,True,True,0.00059928617040685918,0.019952769532510913,omit_event_year
v3_head_up_foot_down_object_words_orient_at,rpp.167,RPP,failed,lowercase_modal_tokens,25,27,6,3,0.23999999999999999,0.1111111111111111,0.17307692307692307,0.51923076923076927,0.066923076923076918,0.12461538461538463,0.057692307692307696,29,35,0,4,0,0.11428571428571428,0.0625,0.546875,-0.0625,0,0.0625,-0.11057692307692307,-0.23999999999999999,-0.12942307692307692,-0.12461538461538463,-0.0048076923076923045,True,True,0.00020184676434676404,-0.12962492368742368,omit_event_year
v3_hedonic_and_instrumental_motives_in_ange,rpp.142,RPP,successful,epistemic_adverb_tokens,39,17,0,0,0,0,0,0.30357142857142855,0,0,0,86,42,0,0,0,0,0,0.328125,0,0,0,0,0,0,0,-0,True,True,0,0,omit_event_year
v3_hedonic_and_instrumental_motives_in_ange,rpp.142,RPP,successful,replication_word_tokens,39,17,0,0,0,0,0,0.30357142857142855,0,0,0,86,42,2,0,0.023255813953488372,0,0.015625,0.328125,0.0076308139534883718,0.0076308139534883718,0,0.015625,0.023255813953488372,0.0076308139534883718,0.0076308139534883718,-0,True,True,0.00028550664451827272,0.0073453073089701001,omit_event_year
v3_hedonic_and_instrumental_motives_in_ange,rpp.142,RPP,successful,lowercase_modal_tokens,39,17,3,2,0.076923076923076927,0.11764705882352941,0.089285714285714288,0.30357142857142855,-0.01236263736263736,0.023351648351648352,0.035714285714285712,86,42,19,3,0.22093023255813954,0.071428571428571425,0.171875,0.328125,0.049055232558139539,0.072492732558139539,0.0234375,0.082589285714285712,0.14400715563506261,0.061417869920776899,0.049141084206491187,0.012276785714285712,True,True,0.0013354402583931619,0.060082429662383738,omit_event_year
v3_how_does_bilingualism_improve_executive_,rpp.22,RPP,failed,epistemic_adverb_tokens,95,82,1,0,0.010526315789473684,0,0.0056497175141242938,0.4632768361581921,0.0048765982753493902,0.0048765982753493902,0,75,48,0,0,0,0,0,0.3902439024390244,0,0,0,-0.0056497175141242938,-0.010526315789473684,-0.0048765982753493902,-0.0048765982753493902,-0,True,True,-0.00038438386167982994,-0.0044922144136695609,omit_event_year
v3_how_does_bilingualism_improve_executive_,rpp.22,RPP,failed,replication_word_tokens,95,82,9,3,0.094736842105263161,0.036585365853658534,0.067796610169491525,0.4632768361581921,0.026940231935771636,0.043889384478144514,0.016949152542372881,75,48,1,4,0.013333333333333334,0.083333333333333329,0.04065040650406504,0.3902439024390244,-0.027317073170731704,0.0052032520325203261,0.032520325203252036,-0.027146203665426485,-0.081403508771929825,-0.05425730510650334,-0.038686132445624188,-0.015571172660879155,True,True,0.00043266622479327157,-0.054689971331296612,omit_event_year
v3_how_does_bilingualism_improve_executive_,rpp.22,RPP,failed,lowercase_modal_tokens,95,82,14,7,0.14736842105263157,0.085365853658536592,0.11864406779661017,0.4632768361581921,0.028724353256021393,0.068272375854891459,0.03954802259887006,75,48,17,5,0.22666666666666666,0.10416666666666667,0.17886178861788618,0.3902439024390244,0.047804878048780475,0.088455284552845528,0.04065040650406504,0.060217720821276008,0.07929824561403509,0.019080524792759082,0.020182908697954069,-0.0011023839051949799,True,True,-0.006737381887754604,0.025817906680513689,omit_event_year
v3_how_the_head_liberates_the_heart_project,rpp.59,RPP,successful,epistemic_adverb_tokens,31,11,0,0,0,0,0,0.26190476190476192,0,0,0,50,8,1,0,0.02,0,0.017241379310344827,0.13793103448275862,0.0027586206896551731,0.0027586206896551726,0,0.017241379310344827,0.02,0.0027586206896551731,0.0027586206896551726,-0,True,False,-0.0012397372742200331,0.0039983579638752055,omit_event_year
v3_how_the_head_liberates_the_heart_project,rpp.59,RPP,successful,replication_word_tokens,31,11,0,0,0,0,0,0.26190476190476192,0,0,0,50,8,0,0,0,0,0,0.13793103448275862,0,0,0,0,0,0,0,-0,True,False,-0,0,omit_event_year
v3_how_the_head_liberates_the_heart_project,rpp.59,RPP,successful,lowercase_modal_tokens,31,11,2,1,0.064516129032258063,0.090909090909090912,0.071428571428571425,0.26190476190476192,-0.0069124423963133619,0.016897081413210446,0.023809523809523808,50,8,10,0,0.20000000000000001,0,0.17241379310344829,0.13793103448275862,0.027586206896551724,0.027586206896551724,0,0.10098522167487686,0.13548387096774195,0.034498649292865086,0.010689125483341277,0.023809523809523808,True,False,-0.010761355811411431,0.045260005104276524,omit_event_year
v3_imperfect_public_monitoring_with_costly_,ee.2,EERP,successful,epistemic_adverb_tokens,25,25,0,0,0,0,0,0.5,0,0,0,45,47,2,0,0.044444444444444446,0,0.021739130434782608,0.51086956521739135,0.022705314009661838,0.022705314009661838,0,0.021739130434782608,0.044444444444444446,0.022705314009661838,0.022705314009661838,-0,True,True,0.00024154589371980784,0.022463768115942032,omit_event_year
v3_imperfect_public_monitoring_with_costly_,ee.2,EERP,successful,replication_word_tokens,25,25,0,0,0,0,0,0.5,0,0,0,45,47,1,6,0.022222222222222223,0.1276595744680851,0.076086956521739135,0.51086956521739135,-0.053864734299516909,0.011352657004830919,0.065217391304347824,0.076086956521739135,0.022222222222222223,-0.053864734299516909,0.011352657004830919,-0.065217391304347824,True,True,-0.0005730290882927355,-0.053291705211224172,omit_event_year
v3_imperfect_public_monitoring_with_costly_,ee.2,EERP,successful,lowercase_modal_tokens,25,25,3,2,0.12,0.080000000000000002,0.10000000000000001,0.5,0.01999999999999999,0.059999999999999998,0.040000000000000001,45,47,9,4,0.20000000000000001,0.085106382978723402,0.14130434782608695,0.51086956521739135,0.058695652173913065,0.10217391304347828,0.043478260869565216,0.04130434782608694,0.080000000000000016,0.038695652173913075,0.042173913043478284,-0.0034782608695652154,True,True,0.00084181313598520266,0.037853839037927856,omit_event_year
v3_increasing_and_decreasing_motor_and_cogn,rpp.49,RPP,failed,epistemic_adverb_tokens,98,66,3,0,0.030612244897959183,0,0.018292682926829267,0.40243902439024393,0.012319561971129916,0.012319561971129916,0,38,49,0,0,0,0,0,0.56321839080459768,0,0,0,-0.018292682926829267,-0.030612244897959183,-0.012319561971129916,-0.012319561971129916,-0,True,True,0.0024609086696074554,-0.014780470640737372,omit_event_year
v3_increasing_and_decreasing_motor_and_cogn,rpp.49,RPP,failed,replication_word_tokens,98,66,0,0,0,0,0,0.40243902439024393,0,0,0,38,49,2,5,0.052631578947368418,0.10204081632653061,0.080459770114942528,0.56321839080459768,-0.027828191167574109,0.029643073200241982,0.057471264367816091,0.080459770114942528,0.052631578947368418,-0.027828191167574109,0.029643073200241982,-0.057471264367816091,True,True,-0.0039719929404190514,-0.023856198227155057,omit_event_year
v3_increasing_and_decreasing_motor_and_cogn,rpp.49,RPP,failed,lowercase_modal_tokens,98,66,12,4,0.12244897959183673,0.060606060606060608,0.097560975609756101,0.40243902439024393,0.024888003982080631,0.049278247884519663,0.024390243902439025,38,49,2,5,0.052631578947368418,0.10204081632653061,0.080459770114942528,0.56321839080459768,-0.027828191167574109,0.029643073200241982,0.057471264367816091,-0.017101205494813573,-0.069817400644468314,-0.05271619514965474,-0.019635174684277681,-0.033081020465377066,True,True,0.00099953972545459573,-0.05371573487510934,omit_event_year
v3_individual_differences_in_the_regulation,rpp.53,RPP,failed,epistemic_adverb_tokens,44,17,0,0,0,0,0,0.27868852459016391,0,0,0,24,16,1,0,0.041666666666666664,0,0.025000000000000001,0.40000000000000002,0.016666666666666663,0.016666666666666666,0,0.025000000000000001,0.041666666666666664,0.016666666666666663,0.016666666666666666,-0,True,True,0.0025273224043715855,0.014139344262295081,omit_event_year
v3_individual_differences_in_the_regulation,rpp.53,RPP,failed,replication_word_tokens,44,17,1,0,0.022727272727272728,0,0.016393442622950821,0.27868852459016391,0.0063338301043219074,0.0063338301043219074,0,24,16,1,1,0.041666666666666664,0.0625,0.050000000000000003,0.40000000000000002,-0.0083333333333333384,0.016666666666666666,0.025000000000000001,0.033606557377049179,0.018939393939393936,-0.014667163437655246,0.010332836562344759,-0.025000000000000001,True,True,0.00011487829110779925,-0.01478204172876304,omit_event_year
v3_individual_differences_in_the_regulation,rpp.53,RPP,failed,lowercase_modal_tokens,44,17,9,2,0.20454545454545456,0.11764705882352941,0.18032786885245902,0.27868852459016391,0.024217585692995536,0.05700447093889717,0.032786885245901641,24,16,9,0,0.375,0,0.22500000000000001,0.40000000000000002,0.14999999999999999,0.15000000000000002,0,0.044672131147540983,0.17045454545454544,0.12578241430700446,0.092995529061102852,0.032786885245901641,True,True,0.028016787937231537,0.097765626369772943,omit_event_year
v3_it_feels_like_yesterday_self_esteem_vale,ml3.3,ML3,failed,epistemic_adverb_tokens,118,67,0,1,0,0.014925373134328358,0.0054054054054054057,0.36216216216216218,-0.0054054054054054057,0,0.0054054054054054057,87,46,2,0,0.022988505747126436,0,0.015037593984962405,0.34586466165413532,0.0079509117621640313,0.0079509117621640295,0,0.0096321885795569995,0.022988505747126436,0.013356317167569437,0.0079509117621640295,0.0054054054054054057,True,True,-6.5704453926682327e-05,0.013422021621496118,omit_event_year
v3_it_feels_like_yesterday_self_esteem_vale,ml3.3,ML3,failed,replication_word_tokens,118,67,0,0,0,0,0,0.36216216216216218,0,0,0,87,46,0,0,0,0,0,0.34586466165413532,0,0,0,0,0,0,0,-0,True,True,-0,0,omit_event_year
v3_it_feels_like_yesterday_self_esteem_vale,ml3.3,ML3,failed,lowercase_modal_tokens,118,67,18,11,0.15254237288135594,0.16417910447761194,0.15675675675675677,0.36216216216216218,-0.0042143838754008234,0.055245075584058639,0.059459459459459463,87,46,10,3,0.11494252873563218,0.065217391304347824,0.097744360902255634,0.34586466165413532,0.017198167833376549,0.039754558810820149,0.022556390977443608,-0.059012395854501132,-0.03759984414572376,0.021412551708777372,-0.01549051677323849,0.036903068482015855,True,True,-0.00031037290672315397,0.02172292461550052,omit_event_year
v3_last_place_aversion_evidence_and_redistr,ee.18,EERP,failed,epistemic_adverb_tokens,17,11,0,0,0,0,0,0.39285714285714285,0,0,0,150,70,1,0,0.0066666666666666671,0,0.0045454545454545452,0.31818181818181818,0.0021212121212121219,0.0021212121212121214,0,0.0045454545454545452,0.0066666666666666671,0.0021212121212121219,0.0021212121212121214,-0,True,True,-0.00024891774891774892,0.0023701298701298704,omit_event_year
v3_last_place_aversion_evidence_and_redistr,ee.18,EERP,failed,replication_word_tokens,17,11,0,0,0,0,0,0.39285714285714285,0,0,0,150,70,0,3,0,0.042857142857142858,0.013636363636363636,0.31818181818181818,-0.013636363636363636,0,0.013636363636363636,0.013636363636363636,0,-0.013636363636363636,0,-0.013636363636363636,True,True,0.0016001855287569573,-0.015236549165120593,omit_event_year
v3_last_place_aversion_evidence_and_redistr,ee.18,EERP,failed,lowercase_modal_tokens,17,11,3,4,0.17647058823529413,0.36363636363636365,0.25,0.39285714285714285,-0.073529411764705871,0.069327731092436978,0.14285714285714285,150,70,35,5,0.23333333333333334,0.071428571428571425,0.18181818181818182,0.31818181818181818,0.051515151515151514,0.074242424242424249,0.022727272727272728,-0.068181818181818177,0.056862745098039208,0.12504456327985738,0.0049146931499872704,0.12012987012987011,True,True,0.00094318719223226446,0.12410137608762513,omit_event_year
v3_left_frontal_cortical_activation_and_spr,rpp.55,RPP,failed,epistemic_adverb_tokens,25,13,0,0,0,0,0,0.34210526315789475,0,0,0,34,21,0,0,0,0,0,0.38181818181818183,0,0,0,0,0,0,0,-0,True,True,0,0,omit_event_year
v3_left_frontal_cortical_activation_and_spr,rpp.55,RPP,failed,replication_word_tokens,25,13,0,1,0,0.076923076923076927,0.026315789473684209,0.34210526315789475,-0.026315789473684209,0,0.026315789473684209,34,21,1,0,0.029411764705882353,0,0.018181818181818181,0.38181818181818183,0.011229946524064172,0.011229946524064172,0,-0.0081339712918660281,0.029411764705882353,0.037545735997748381,0.011229946524064172,0.026315789473684209,True,True,-0.00094340643876247615,0.038489142436510859,omit_event_year
v3_left_frontal_cortical_activation_and_spr,rpp.55,RPP,failed,lowercase_modal_tokens,25,13,2,0,0.080000000000000002,0,0.052631578947368418,0.34210526315789475,0.027368421052631584,0.02736842105263158,0,34,21,1,0,0.029411764705882353,0,0.018181818181818181,0.38181818181818183,0.011229946524064172,0.011229946524064172,0,-0.034449760765550237,-0.050588235294117649,-0.016138474528567412,-0.016138474528567408,-0,True,True,0.0021725302561215877,-0.018311004784688997,omit_event_year
v3_measuring_the_crowd_within_probabilistic,rpp.116,RPP,successful,epistemic_adverb_tokens,32,38,0,0,0,0,0,0.54285714285714282,0,0,0,54,66,0,1,0,0.015151515151515152,0.0083333333333333332,0.55000000000000004,-0.0083333333333333332,0,0.0083333333333333332,0.0083333333333333332,0,-0.0083333333333333332,0,-0.0083333333333333332,True,True,-5.4112554112554763e-05,-0.0082792207792207802,omit_event_year
v3_measuring_the_crowd_within_probabilistic,rpp.116,RPP,successful,replication_word_tokens,32,38,3,4,0.09375,0.10526315789473684,0.10000000000000001,0.54285714285714282,-0.0062500000000000056,0.050892857142857142,0.057142857142857141,54,66,0,0,0,0,0,0.55000000000000004,0,0,0,-0.10000000000000001,-0.09375,0.0062500000000000056,-0.050892857142857142,0.057142857142857141,True,True,-4.1118421052632052e-05,0.0062911184210526295,omit_event_year
v3_measuring_the_crowd_within_probabilistic,rpp.116,RPP,successful,lowercase_modal_tokens,32,38,4,2,0.125,0.052631578947368418,0.085714285714285715,0.54285714285714282,0.039285714285714285,0.067857142857142852,0.028571428571428571,54,66,7,5,0.12962962962962962,0.07575757575757576,0.10000000000000001,0.55000000000000004,0.029629629629629617,0.071296296296296302,0.041666666666666664,0.01428571428571429,0.0046296296296296224,-0.009656084656084668,0.0034391534391534501,-0.013095238095238094,True,True,0.00045085883901673911,-0.010106943495101398,omit_event_year
v3_multidimensional_visual_statistical_lear,rpp.29,RPP,successful,epistemic_adverb_tokens,22,28,0,0,0,0,0,0.56000000000000005,0,0,0,20,35,0,0,0,0,0,0.63636363636363635,0,0,0,0,0,0,0,-0,True,True,0,0,omit_event_year
v3_multidimensional_visual_statistical_lear,rpp.29,RPP,successful,replication_word_tokens,22,28,0,0,0,0,0,0.56000000000000005,0,0,0,20,35,2,0,0.10000000000000001,0,0.036363636363636362,0.63636363636363635,0.063636363636363644,0.063636363636363644,0,0.036363636363636362,0.10000000000000001,0.063636363636363644,0.063636363636363644,-0,True,True,0.0038181818181818152,0.059818181818181819,omit_event_year
v3_multidimensional_visual_statistical_lear,rpp.29,RPP,successful,lowercase_modal_tokens,22,28,2,3,0.090909090909090912,0.10714285714285714,0.10000000000000001,0.56000000000000005,-0.0090909090909090939,0.050909090909090918,0.059999999999999998,20,35,4,5,0.20000000000000001,0.14285714285714285,0.16363636363636364,0.63636363636363635,0.036363636363636376,0.12727272727272729,0.090909090909090912,0.06363636363636363,0.1090909090909091,0.04545454545454547,0.07636363636363637,-0.030909090909090914,True,True,0.0015619834710743799,0.043892561983471079,omit_event_year
v3_multiple_roles_for_time_in_short_term_me,rpp.33,RPP,successful,epistemic_adverb_tokens,62,82,0,0,0,0,0,0.56944444444444442,0,0,0,48,45,0,0,0,0,0,0.4838709677419355,0,0,0,0,0,0,0,-0,True,True,-0,0,omit_event_year
v3_multiple_roles_for_time_in_short_term_me,rpp.33,RPP,successful,replication_word_tokens,62,82,1,1,0.016129032258064516,0.012195121951219513,0.013888888888888888,0.56944444444444442,0.0022401433691756276,0.0091845878136200716,0.0069444444444444441,48,45,2,0,0.041666666666666664,0,0.021505376344086023,0.4838709677419355,0.020161290322580641,0.020161290322580645,0,0.0076164874551971351,0.025537634408602149,0.017921146953405014,0.010976702508960573,0.0069444444444444441,True,True,-0.0019510999556318826,0.019872246909036901,omit_event_year
v3_multiple_roles_for_time_in_short_term_me,rpp.33,RPP,successful,lowercase_modal_tokens,62,82,4,2,0.064516129032258063,0.024390243902439025,0.041666666666666664,0.56944444444444442,0.022849462365591398,0.036738351254480286,0.013888888888888888,48,45,3,2,0.0625,0.044444444444444446,0.053763440860215055,0.4838709677419355,0.0087365591397849454,0.030241935483870969,0.021505376344086023,0.01209677419354839,-0.0020161290322580627,-0.014112903225806453,-0.0064964157706093179,-0.0076164874551971351,True,True,-0.0024893940795041535,-0.011623509146302296,omit_event_year
v3_not_so_innocent_does_seeing_one_s_own_ca,rpp.65,RPP,failed,epistemic_adverb_tokens,53,22,1,0,0.018867924528301886,0,0.013333333333333334,0.29333333333333333,0.0055345911949685519,0.0055345911949685536,0,42,25,0,0,0,0,0,0.37313432835820898,0,0,0,-0.013333333333333334,-0.018867924528301886,-0.0055345911949685519,-0.0055345911949685536,-0,True,True,0.000752839575706374,-0.0062874307706749276,omit_event_year
v3_not_so_innocent_does_seeing_one_s_own_ca,rpp.65,RPP,failed,replication_word_tokens,53,22,3,0,0.056603773584905662,0,0.040000000000000001,0.29333333333333333,0.016603773584905661,0.016603773584905661,0,42,25,0,1,0,0.040000000000000001,0.014925373134328358,0.37313432835820898,-0.014925373134328358,0,0.014925373134328358,-0.025074626865671641,-0.056603773584905662,-0.031529146719234021,-0.016603773584905661,-0.014925373134328358,True,True,0.00066249882662160913,-0.032191645545855629,omit_event_year
v3_not_so_innocent_does_seeing_one_s_own_ca,rpp.65,RPP,failed,lowercase_modal_tokens,53,22,11,1,0.20754716981132076,0.045454545454545456,0.16,0.29333333333333333,0.047547169811320761,0.06088050314465409,0.013333333333333334,42,25,7,2,0.16666666666666666,0.080000000000000002,0.13432835820895522,0.37313432835820898,0.032338308457711434,0.062189054726368161,0.029850746268656716,-0.02567164179104478,-0.040880503144654107,-0.015208861353609326,0.0013085515817140708,-0.016517412935323383,True,True,0.0099256194726766427,-0.025134480826285957,omit_event_year
v3_on_the_additive_effects_of_stimulus_qual,rpp.27,RPP,successful,epistemic_adverb_tokens,10,26,0,0,0,0,0,0.72222222222222221,0,0,0,24,28,1,0,0.041666666666666664,0,0.019230769230769232,0.53846153846153844,0.022435897435897433,0.022435897435897433,0,0.019230769230769232,0.041666666666666664,0.022435897435897433,0.022435897435897433,-0,True,True,-0.0038283475783475783,0.026264245014245013,omit_event_year
v3_on_the_additive_effects_of_stimulus_qual,rpp.27,RPP,successful,replication_word_tokens,10,26,0,2,0,0.076923076923076927,0.055555555555555552,0.72222222222222221,-0.055555555555555552,0,0.055555555555555552,24,28,1,0,0.041666666666666664,0,0.019230769230769232,0.53846153846153844,0.022435897435897433,0.022435897435897433,0,-0.036324786324786321,0.041666666666666664,0.077991452991452992,0.022435897435897433,0.055555555555555552,True,True,0.003239371027832567,0.074752081963620418,omit_event_year
v3_on_the_additive_effects_of_stimulus_qual,rpp.27,RPP,successful,lowercase_modal_tokens,10,26,0,1,0,0.038461538461538464,0.027777777777777776,0.72222222222222221,-0.027777777777777776,0,0.027777777777777776,24,28,3,1,0.125,0.035714285714285712,0.076923076923076927,0.53846153846153844,0.048076923076923073,0.067307692307692304,0.019230769230769232,0.049145299145299151,0.125,0.075854700854700849,0.067307692307692304,0.0085470085470085444,True,True,-0.0046697426505118815,0.080524443505212734,omit_event_year
v3_opening_the_mind_to_close_it_considering,rpp.72,RPP,failed,epistemic_adverb_tokens,10,7,0,0,0,0,0,0.41176470588235292,0,0,0,16,8,0,0,0,0,0,0.33333333333333331,0,0,0,0,0,0,0,-0,True,False,-0,0,omit_event_year
v3_opening_the_mind_to_close_it_considering,rpp.72,RPP,failed,replication_word_tokens,10,7,0,0,0,0,0,0.41176470588235292,0,0,0,16,8,0,0,0,0,0,0.33333333333333331,0,0,0,0,0,0,0,-0,True,False,-0,0,omit_event_year
v3_opening_the_mind_to_close_it_considering,rpp.72,RPP,failed,lowercase_modal_tokens,10,7,1,0,0.10000000000000001,0,0.058823529411764705,0.41176470588235292,0.0411764705882353,0.041176470588235294,0,16,8,2,1,0.125,0.125,0.125,0.33333333333333331,0,0.041666666666666664,0.041666666666666664,0.066176470588235295,0.024999999999999994,-0.0411764705882353,0.00049019607843137081,-0.041666666666666664,True,False,-0.0039215686274509803,-0.037254901960784313,omit_event_year
v3_orienting_attention_in_visual_working_me,rpp.37,RPP,failed,epistemic_adverb_tokens,98,56,0,0,0,0,0,0.36363636363636365,0,0,0,41,32,2,0,0.04878048780487805,0,0.027397260273972601,0.43835616438356162,0.021383227530905449,0.021383227530905446,0,0.027397260273972601,0.04878048780487805,0.021383227530905449,0.021383227530905446,-0,True,True,0.0018224341645658043,0.019560793366339643,omit_event_year
v3_orienting_attention_in_visual_working_me,rpp.37,RPP,failed,replication_word_tokens,98,56,2,0,0.020408163265306121,0,0.012987012987012988,0.36363636363636365,0.007421150278293133,0.0074211502782931347,0,41,32,0,0,0,0,0,0.43835616438356162,0,0,0,-0.012987012987012988,-0.020408163265306121,-0.007421150278293133,-0.0074211502782931347,-0,True,True,0.00076244694639997928,-0.0081835972246931139,omit_event_year
v3_orienting_attention_in_visual_working_me,rpp.37,RPP,failed,lowercase_modal_tokens,98,56,6,0,0.061224489795918366,0,0.03896103896103896,0.36363636363636365,0.022263450834879406,0.022263450834879406,0,41,32,7,1,0.17073170731707318,0.03125,0.1095890410958904,0.43835616438356162,0.061142666221182779,0.074841296358169065,0.013698630136986301,0.070628002134851445,0.10950721752115482,0.038879215386303373,0.05257784552328966,-0.013698630136986301,True,True,0.0074983635285052839,0.03138085185779807,omit_event_year
v3_perceptual_mechanisms_that_characterize_,rpp.110,RPP,failed,epistemic_adverb_tokens,19,9,0,0,0,0,0,0.32142857142857145,0,0,0,37,16,1,0,0.027027027027027029,0,0.018867924528301886,0.30188679245283018,0.0081591024987251425,0.0081591024987251407,0,0.018867924528301886,0.027027027027027029,0.0081591024987251425,0.0081591024987251407,-0,True,False,-0.00026407809426677402,0.0084231805929919149,omit_event_year
v3_perceptual_mechanisms_that_characterize_,rpp.110,RPP,failed,replication_word_tokens,19,9,0,0,0,0,0,0.32142857142857145,0,0,0,37,16,1,1,0.027027027027027029,0.0625,0.037735849056603772,0.30188679245283018,-0.010708822029576744,0.0081591024987251407,0.018867924528301886,0.037735849056603772,0.027027027027027029,-0.010708822029576744,0.0081591024987251407,-0.018867924528301886,True,False,0.00034660249872514083,-0.011055424528301886,omit_event_year
v3_perceptual_mechanisms_that_characterize_,rpp.110,RPP,failed,lowercase_modal_tokens,19,9,6,0,0.31578947368421051,0,0.21428571428571427,0.32142857142857145,0.10150375939849623,0.10150375939849625,0,37,16,13,3,0.35135135135135137,0.1875,0.30188679245283018,0.30188679245283018,0.049464558898521194,0.10606833248342683,0.056603773584905662,0.087601078167115903,0.035561877667140862,-0.052039200499975041,0.0045645730849305788,-0.056603773584905662,True,False,-0.0046865174952935712,-0.047352683004681505,omit_event_year
v3_poignancy_mixed_emotional_experience_in_,rpp.61,RPP,failed,epistemic_adverb_tokens,31,23,0,0,0,0,0,0.42592592592592593,0,0,0,46,35,1,0,0.021739130434782608,0,0.012345679012345678,0.43209876543209874,0.0093934514224369298,0.0093934514224369298,0,0.012345679012345678,0.021739130434782608,0.0093934514224369298,0.0093934514224369298,-0,True,True,6.70960815888349e-05,0.0093263553408480943,omit_event_year
v3_poignancy_mixed_emotional_experience_in_,rpp.61,RPP,failed,replication_word_tokens,31,23,0,0,0,0,0,0.42592592592592593,0,0,0,46,35,0,0,0,0,0,0.43209876543209874,0,0,0,0,0,0,0,-0,True,True,0,0,omit_event_year
v3_poignancy_mixed_emotional_experience_in_,rpp.61,RPP,failed,lowercase_modal_tokens,31,23,3,1,0.096774193548387094,0.043478260869565216,0.07407407407407407,0.42592592592592593,0.022700119474313024,0.041218637992831542,0.018518518518518517,46,35,9,3,0.19565217391304349,0.085714285714285715,0.14814814814814814,0.43209876543209874,0.047504025764895347,0.084541062801932368,0.037037037037037035,0.07407407407407407,0.098877980364656393,0.024803906290582323,0.043322424809100826,-0.018518518518518517,True,True,0.00050380808912832995,0.024300098201453981,omit_event_year
v3_precision_of_the_anchor_influences_the_a,rpp.111,RPP,successful,epistemic_adverb_tokens,24,12,0,0,0,0,0,0.33333333333333331,0,0,0,49,23,1,0,0.020408163265306121,0,0.013888888888888888,0.31944444444444442,0.0065192743764172327,0.0065192743764172327,0,0.013888888888888888,0.020408163265306121,0.0065192743764172327,0.0065192743764172327,-0,True,True,-0.00014172335600907035,0.006660997732426302,omit_event_year
v3_precision_of_the_anchor_influences_the_a,rpp.111,RPP,successful,replication_word_tokens,24,12,1,0,0.041666666666666664,0,0.027777777777777776,0.33333333333333331,0.013888888888888888,0.013888888888888888,0,49,23,1,1,0.020408163265306121,0.043478260869565216,0.027777777777777776,0.31944444444444442,-0.0073696145124716554,0.0065192743764172327,0.013888888888888888,0,-0.021258503401360544,-0.021258503401360544,-0.0073696145124716554,-0.013888888888888888,True,True,-0.00012914284071116372,-0.021129360560649374,omit_event_year
v3_precision_of_the_anchor_influences_the_a,rpp.111,RPP,successful,lowercase_modal_tokens,24,12,1,0,0.041666666666666664,0,0.027777777777777776,0.33333333333333331,0.013888888888888888,0.013888888888888888,0,49,23,3,1,0.061224489795918366,0.043478260869565216,0.055555555555555552,0.31944444444444442,0.0056689342403628135,0.019557823129251698,0.013888888888888888,0.027777777777777776,0.019557823129251702,-0.0082199546485260747,0.00566893424036281,-0.013888888888888888,True,True,-0.00041258955272930443,-0.0078073650957967708,omit_event_year
v3_priming_addition_facts_with_semantic_rel,rpp.24,RPP,successful,epistemic_adverb_tokens,14,7,0,0,0,0,0,0.33333333333333331,0,0,0,20,18,0,0,0,0,0,0.47368421052631576,0,0,0,0,0,0,0,-0,True,False,0,0,omit_event_year
v3_priming_addition_facts_with_semantic_rel,rpp.24,RPP,successful,replication_word_tokens,14,7,0,0,0,0,0,0.33333333333333331,0,0,0,20,18,0,1,0,0.055555555555555552,0.026315789473684209,0.47368421052631576,-0.026315789473684209,0,0.026315789473684209,0.026315789473684209,0,-0.026315789473684209,0,-0.026315789473684209,True,False,-0.0038986354775828458,-0.022417153996101363,omit_event_year
v3_priming_addition_facts_with_semantic_rel,rpp.24,RPP,successful,lowercase_modal_tokens,14,7,1,1,0.071428571428571425,0.14285714285714285,0.095238095238095233,0.33333333333333331,-0.023809523809523808,0.023809523809523808,0.047619047619047616,20,18,1,1,0.050000000000000003,0.055555555555555552,0.052631578947368418,0.47368421052631576,-0.0026315789473684154,0.02368421052631579,0.026315789473684209,-0.042606516290726815,-0.021428571428571422,0.021177944862155393,-0.00012531328320801796,0.021303258145363407,True,False,-0.0054023948760790856,0.026580339738234475,omit_event_year
v3_response_scales_effects_of_category_rang,ml1.8,ML1,successful,epistemic_adverb_tokens,52,44,0,0,0,0,0,0.45833333333333331,0,0,0,31,31,0,0,0,0,0,0.5,0,0,0,0,0,0,0,-0,True,True,0,0,omit_event_year
v3_response_scales_effects_of_category_rang,ml1.8,ML1,successful,replication_word_tokens,52,44,2,1,0.038461538461538464,0.022727272727272728,0.03125,0.45833333333333331,0.0072115384615384637,0.017628205128205128,0.010416666666666666,31,31,0,0,0,0,0,0.5,0,0,0,-0.03125,-0.038461538461538464,-0.0072115384615384637,-0.017628205128205128,0.010416666666666666,True,True,0.00032779720279720297,-0.007539335664335664,omit_event_year
v3_response_scales_effects_of_category_rang,ml1.8,ML1,successful,lowercase_modal_tokens,52,44,8,4,0.15384615384615385,0.090909090909090912,0.125,0.45833333333333331,0.028846153846153855,0.070512820512820512,0.041666666666666664,31,31,6,1,0.19354838709677419,0.032258064516129031,0.11290322580645161,0.5,0.080645161290322578,0.096774193548387094,0.016129032258064516,-0.01209677419354839,0.039702233250620333,0.051799007444168724,0.026261373035566582,0.025537634408602149,True,True,0.0046714038649522541,0.04712760357921647,omit_event_year
v3_running_on_empty_neural_signals_for_self,ml3.5,ML3,successful,epistemic_adverb_tokens,22,5,0,0,0,0,0,0.18518518518518517,0,0,0,23,9,0,0,0,0,0,0.28125,0,0,0,0,0,0,0,-0,True,False,0,0,omit_event_year
v3_running_on_empty_neural_signals_for_self,ml3.5,ML3,successful,replication_word_tokens,22,5,0,0,0,0,0,0.18518518518518517,0,0,0,23,9,0,0,0,0,0,0.28125,0,0,0,0,0,0,0,-0,True,False,0,0,omit_event_year
v3_running_on_empty_neural_signals_for_self,ml3.5,ML3,successful,lowercase_modal_tokens,22,5,1,1,0.045454545454545456,0.20000000000000001,0.07407407407407407,0.18518518518518517,-0.028619528619528614,0.0084175084175084174,0.037037037037037035,23,9,6,0,0.2608695652173913,0,0.1875,0.28125,0.073369565217391297,0.073369565217391297,0,0.11342592592592593,0.21541501976284583,0.10198909383691991,0.064952056799882876,0.037037037037037035,True,False,0.0051070030010247408,0.096882090835895177,omit_event_year
v3_screening_competition_and_job_design_eco,ee.3,EERP,successful,epistemic_adverb_tokens,21,18,0,0,0,0,0,0.46153846153846156,0,0,0,19,30,0,0,0,0,0,0.61224489795918369,0,0,0,0,0,0,0,-0,True,True,0,0,omit_event_year
v3_screening_competition_and_job_design_eco,ee.3,EERP,successful,replication_word_tokens,21,18,0,0,0,0,0,0.46153846153846156,0,0,0,19,30,0,0,0,0,0,0.61224489795918369,0,0,0,0,0,0,0,-0,True,True,0,0,omit_event_year
v3_screening_competition_and_job_design_eco,ee.3,EERP,successful,lowercase_modal_tokens,21,18,2,1,0.095238095238095233,0.055555555555555552,0.076923076923076927,0.46153846153846156,0.018315018315018305,0.043956043956043959,0.02564102564102564,19,30,4,3,0.21052631578947367,0.10000000000000001,0.14285714285714285,0.61224489795918369,0.067669172932330823,0.1288936627282492,0.061224489795918366,0.065934065934065922,0.11528822055137844,0.049354154617312518,0.084937618772205237,-0.035583464154892726,True,True,0.011318720663511209,0.038035433953801288,omit_event_year
v3_selective_exposure_and_information_quant,rpp.84,RPP,successful,epistemic_adverb_tokens,10,10,0,0,0,0,0,0.5,0,0,0,43,20,0,0,0,0,0,0.31746031746031744,0,0,0,0,0,0,0,-0,True,True,-0,0,omit_event_year
v3_selective_exposure_and_information_quant,rpp.84,RPP,successful,replication_word_tokens,10,10,0,0,0,0,0,0.5,0,0,0,43,20,0,1,0,0.050000000000000003,0.015873015873015872,0.31746031746031744,-0.015873015873015872,0,0.015873015873015872,0.015873015873015872,0,-0.015873015873015872,0,-0.015873015873015872,True,True,0.0045634920634920638,-0.020436507936507937,omit_event_year
v3_selective_exposure_and_information_quant,rpp.84,RPP,successful,lowercase_modal_tokens,10,10,1,0,0.10000000000000001,0,0.050000000000000003,0.5,0.050000000000000003,0.050000000000000003,0,43,20,5,1,0.11627906976744186,0.050000000000000003,0.095238095238095233,0.31746031746031744,0.021040974529346626,0.036913990402362491,0.015873015873015872,0.04523809523809523,0.016279069767441853,-0.028959025470653377,-0.013086009597637512,-0.015873015873015872,True,True,-0.015176264304171282,-0.0137827611664821,omit_event_year
v3_self_handicapping_excuse_making_and_coun,rpp.94,RPP,successful,epistemic_adverb_tokens,36,18,0,0,0,0,0,0.33333333333333331,0,0,0,41,12,0,0,0,0,0,0.22641509433962265,0,0,0,0,0,0,0,-0,True,True,-0,0,omit_event_year
v3_self_handicapping_excuse_making_and_coun,rpp.94,RPP,successful,replication_word_tokens,36,18,0,0,0,0,0,0.33333333333333331,0,0,0,41,12,0,0,0,0,0,0.22641509433962265,0,0,0,0,0,0,0,-0,True,True,-0,0,omit_event_year
v3_self_handicapping_excuse_making_and_coun,rpp.94,RPP,successful,lowercase_modal_tokens,36,18,9,4,0.25,0.22222222222222221,0.24074074074074073,0.33333333333333331,0.0092592592592592726,0.083333333333333329,0.07407407407407407,41,12,9,0,0.21951219512195122,0,0.16981132075471697,0.22641509433962265,0.049700874367234249,0.049700874367234242,0,-0.070929419986023756,-0.03048780487804878,0.040441615107974976,-0.033632458966099087,0.07407407407407407,True,True,-0.013219904211620731,0.053661519319595709,omit_event_year
v3_self_regulation_and_selective_exposure_t,rpp.86,RPP,failed,epistemic_adverb_tokens,17,24,0,0,0,0,0,0.58536585365853655,0,0,0,26,15,0,0,0,0,0,0.36585365853658536,0,0,0,0,0,0,0,-0,True,True,-0,0,omit_event_year
v3_self_regulation_and_selective_exposure_t,rpp.86,RPP,failed,replication_word_tokens,17,24,0,0,0,0,0,0.58536585365853655,0,0,0,26,15,0,0,0,0,0,0.36585365853658536,0,0,0,0,0,0,0,-0,True,True,-0,0,omit_event_year
v3_self_regulation_and_selective_exposure_t,rpp.86,RPP,failed,lowercase_modal_tokens,17,24,2,2,0.11764705882352941,0.083333333333333329,0.097560975609756101,0.58536585365853655,0.020086083213773309,0.06886657101865136,0.04878048780487805,26,15,2,0,0.076923076923076927,0,0.04878048780487805,0.36585365853658536,0.028142589118198877,0.028142589118198877,0,-0.04878048780487805,-0.040723981900452483,0.0080565059044255677,-0.040723981900452483,0.04878048780487805,True,True,-0.012208917338042158,0.020265423242467717,omit_event_year
v3_semantic_interference_in_a_delayed_namin,rpp.28,RPP,failed,epistemic_adverb_tokens,45,58,1,0,0.022222222222222223,0,0.0097087378640776691,0.56310679611650483,0.012513484358144554,0.012513484358144552,0,14,16,0,0,0,0,0,0.53333333333333333,0,0,0,-0.0097087378640776691,-0.022222222222222223,-0.012513484358144554,-0.012513484358144552,-0,True,True,-0.00033081625314635002,-0.012182668104998204,omit_event_year
v3_semantic_interference_in_a_delayed_namin,rpp.28,RPP,failed,replication_word_tokens,45,58,5,4,0.1111111111111111,0.068965517241379309,0.087378640776699032,0.56310679611650483,0.023732470334412073,0.062567421790722749,0.038834951456310676,14,16,0,0,0,0,0,0.53333333333333333,0,0,0,-0.087378640776699032,-0.1111111111111111,-0.023732470334412073,-0.062567421790722749,0.038834951456310676,True,True,-0.00062741013527756032,-0.023105060199134522,omit_event_year
v3_semantic_interference_in_a_delayed_namin,rpp.28,RPP,failed,lowercase_modal_tokens,45,58,2,1,0.044444444444444446,0.017241379310344827,0.029126213592233011,0.56310679611650483,0.015318230852211435,0.025026968716289105,0.0097087378640776691,14,16,1,0,0.071428571428571425,0,0.033333333333333333,0.53333333333333333,0.038095238095238092,0.038095238095238092,0,0.0042071197411003222,0.026984126984126978,0.022777007243026656,0.013068269378948987,0.0097087378640776691,True,True,-0.0014683026802209918,0.024245309923247652,omit_event_year
v3_slow_to_anger_and_fast_to_forgive_cooper,ee.12,EERP,successful,epistemic_adverb_tokens,30,64,0,0,0,0,0,0.68085106382978722,0,0,0,49,104,0,0,0,0,0,0.6797385620915033,0,0,0,0,0,0,0,-0,True,True,-0,0,omit_event_year
v3_slow_to_anger_and_fast_to_forgive_cooper,ee.12,EERP,successful,replication_word_tokens,30,64,0,0,0,0,0,0.68085106382978722,0,0,0,49,104,0,2,0,0.019230769230769232,0.013071895424836602,0.6797385620915033,-0.013071895424836602,0,0.013071895424836602,0.013071895424836602,0,-0.013071895424836602,0,-0.013071895424836602,True,True,1.0697132098883865e-05,-0.013082592556935486,omit_event_year
v3_slow_to_anger_and_fast_to_forgive_cooper,ee.12,EERP,successful,lowercase_modal_tokens,30,64,1,2,0.033333333333333333,0.03125,0.031914893617021274,0.68085106382978722,0.0014184397163120588,0.022695035460992906,0.021276595744680851,49,104,2,1,0.040816326530612242,0.0096153846153846159,0.019607843137254902,0.6797385620915033,0.02120848339335734,0.027744431105775642,0.0065359477124183009,-0.012307050479766372,0.0074829931972789088,0.019790043677045281,0.0050493956447827358,0.014740648032262549,True,True,-1.8514407035772291e-05,0.019808558084081055,omit_event_year
v3_terror_management_and_adults_attachment_,rpp.48,RPP,failed,epistemic_adverb_tokens,43,10,1,0,0.023255813953488372,0,0.018867924528301886,0.18867924528301888,0.0043878894251864857,0.0043878894251864857,0,62,14,0,0,0,0,0,0.18421052631578946,0,0,0,-0.018867924528301886,-0.023255813953488372,-0.0043878894251864857,-0.0043878894251864857,-0,True,True,-5.1961848456156027e-05,-0.0043359275767303291,omit_event_year
v3_terror_management_and_adults_attachment_,rpp.48,RPP,failed,replication_word_tokens,43,10,0,0,0,0,0,0.18867924528301888,0,0,0,62,14,0,0,0,0,0,0.18421052631578946,0,0,0,0,0,0,0,-0,True,True,-0,0,omit_event_year
v3_terror_management_and_adults_attachment_,rpp.48,RPP,failed,lowercase_modal_tokens,43,10,4,1,0.093023255813953487,0.10000000000000001,0.094339622641509441,0.18867924528301888,-0.0013163668275559537,0.017551557700745943,0.018867924528301886,62,14,7,2,0.11290322580645161,0.14285714285714285,0.11842105263157894,0.18421052631578946,-0.005517826825127331,0.020797962648556875,0.026315789473684209,0.0240814299900695,0.019879969992498123,-0.0042014599975713773,0.0032464049478109318,-0.007447864945382323,True,True,8.2516373170467123e-05,-0.0042839763707418531,omit_event_year
v3_thar_she_bursts_reducing_confusion_reduc,ee.16,EERP,successful,epistemic_adverb_tokens,62,66,0,0,0,0,0,0.515625,0,0,0,63,69,0,0,0,0,0,0.52272727272727271,0,0,0,0,0,0,0,-0,True,True,0,0,omit_event_year
v3_thar_she_bursts_reducing_confusion_reduc,ee.16,EERP,successful,replication_word_tokens,62,66,0,2,0,0.030303030303030304,0.015625,0.515625,-0.015625,0,0.015625,63,69,0,1,0,0.014492753623188406,0.007575757575757576,0.52272727272727271,-0.007575757575757576,0,0.007575757575757576,-0.008049242424242424,0,0.008049242424242424,0,0.008049242424242424,True,True,-0.00015907593723799214,0.008208318361480416,omit_event_year
v3_thar_she_bursts_reducing_confusion_reduc,ee.16,EERP,successful,lowercase_modal_tokens,62,66,7,3,0.11290322580645161,0.045454545454545456,0.078125,0.515625,0.03477822580645161,0.05821572580645161,0.0234375,63,69,10,3,0.15873015873015872,0.043478260869565216,0.098484848484848481,0.52272727272727271,0.060245310245310241,0.082972582972582962,0.022727272727272728,0.020359848484848481,0.045826932923707112,0.025467084438858631,0.024756857166131352,0.0007102272727272721,True,True,0.00064879466694779523,0.024818289771910834,omit_event_year
v3_the_economics_of_credence_goods_an_exper,ee.8,EERP,successful,epistemic_adverb_tokens,27,33,0,0,0,0,0,0.55000000000000004,0,0,0,67,115,0,2,0,0.017391304347826087,0.01098901098901099,0.63186813186813184,-0.01098901098901099,0,0.01098901098901099,0.01098901098901099,0,-0.01098901098901099,0,-0.01098901098901099,True,True,-0.00071189679885332003,-0.01027711419015767,omit_event_year
v3_the_economics_of_credence_goods_an_exper,ee.8,EERP,successful,replication_word_tokens,27,33,0,0,0,0,0,0.55000000000000004,0,0,0,67,115,0,0,0,0,0,0.63186813186813184,0,0,0,0,0,0,0,-0,True,True,0,0,omit_event_year
v3_the_economics_of_credence_goods_an_exper,ee.8,EERP,successful,lowercase_modal_tokens,27,33,2,2,0.07407407407407407,0.060606060606060608,0.066666666666666666,0.55000000000000004,0.0074074074074074042,0.040740740740740744,0.033333333333333333,67,115,12,6,0.17910447761194029,0.052173913043478258,0.098901098901098897,0.63186813186813184,0.080203378710841391,0.11317041167787435,0.032967032967032968,0.032234432234432231,0.10503040353786622,0.072795971303433987,0.072429670937133608,0.000366300366300365,True,True,0.0057470846503941842,0.067048886653039791,omit_event_year
v3_the_effect_of_global_versus_local_proces,rpp.64,RPP,failed,epistemic_adverb_tokens,67,41,0,0,0,0,0,0.37962962962962965,0,0,0,26,22,0,0,0,0,0,0.45833333333333331,0,0,0,0,0,0,0,-0,True,True,0,0,omit_event_year
v3_the_effect_of_global_versus_local_proces,rpp.64,RPP,failed,replication_word_tokens,67,41,0,0,0,0,0,0.37962962962962965,0,0,0,26,22,0,2,0,0.090909090909090912,0.041666666666666664,0.45833333333333331,-0.041666666666666664,0,0.041666666666666664,0.041666666666666664,0,-0.041666666666666664,0,-0.041666666666666664,True,True,-0.0035774410774410759,-0.038089225589225596,omit_event_year
v3_the_effect_of_global_versus_local_proces,rpp.64,RPP,failed,lowercase_modal_tokens,67,41,15,0,0.22388059701492538,0,0.1388888888888889,0.37962962962962965,0.084991708126036486,0.084991708126036486,0,26,22,1,0,0.038461538461538464,0,0.020833333333333332,0.45833333333333331,0.017628205128205131,0.017628205128205128,0,-0.11805555555555557,-0.18541905855338692,-0.067363502997831351,-0.067363502997831365,-0,True,True,0.010323648849768248,-0.077687151847599611,omit_event_year
v3_the_face_of_success_inferences_from_chie,rpp.82,RPP,failed,epistemic_adverb_tokens,48,33,0,1,0,0.030303030303030304,0.012345679012345678,0.40740740740740738,-0.012345679012345678,0,0.012345679012345678,42,40,0,0,0,0,0,0.48780487804878048,0,0,0,-0.012345679012345678,0,0.012345679012345678,0,0.012345679012345678,True,True,-0.0012181434945662589,0.013563822506911939,omit_event_year
v3_the_face_of_success_inferences_from_chie,rpp.82,RPP,failed,replication_word_tokens,48,33,0,1,0,0.030303030303030304,0.012345679012345678,0.40740740740740738,-0.012345679012345678,0,0.012345679012345678,42,40,0,0,0,0,0,0.48780487804878048,0,0,0,-0.012345679012345678,0,0.012345679012345678,0,0.012345679012345678,True,True,-0.0012181434945662589,0.013563822506911939,omit_event_year
v3_the_face_of_success_inferences_from_chie,rpp.82,RPP,failed,lowercase_modal_tokens,48,33,7,3,0.14583333333333334,0.090909090909090912,0.12345679012345678,0.40740740740740738,0.022376543209876559,0.05941358024691358,0.037037037037037035,42,40,3,1,0.071428571428571425,0.025000000000000001,0.04878048780487805,0.48780487804878048,0.022648083623693374,0.03484320557491289,0.012195121951219513,-0.074676302318578733,-0.074404761904761918,0.00027154041381681482,-0.02457037467200069,0.024841915085817522,True,True,0.0040742549380760771,-0.0038027145242592454,omit_event_year
v3_the_framing_of_decisions_and_the_psychol,ml1.2,ML1,successful,epistemic_adverb_tokens,36,28,0,0,0,0,0,0.4375,0,0,0,52,32,0,1,0,0.03125,0.011904761904761904,0.38095238095238093,-0.011904761904761904,0,0.011904761904761904,0.011904761904761904,0,-0.011904761904761904,0,-0.011904761904761904,True,True,0.00088355654761904795,-0.012788318452380952,omit_event_year
v3_the_framing_of_decisions_and_the_psychol,ml1.2,ML1,successful,replication_word_tokens,36,28,0,1,0,0.035714285714285712,0.015625,0.4375,-0.015625,0,0.015625,52,32,1,0,0.019230769230769232,0,0.011904761904761904,0.38095238095238093,0.0073260073260073277,0.007326007326007326,0,-0.0037202380952380959,0.019230769230769232,0.022951007326007328,0.007326007326007326,0.015625,True,True,0.00046605180533751969,0.022484955520669807,omit_event_year
v3_the_framing_of_decisions_and_the_psychol,ml1.2,ML1,successful,lowercase_modal_tokens,36,28,4,0,0.1111111111111111,0,0.0625,0.4375,0.048611111111111105,0.048611111111111105,0,52,32,4,3,0.076923076923076927,0.09375,0.083333333333333329,0.38095238095238093,-0.0064102564102564014,0.029304029304029304,0.035714285714285712,0.020833333333333329,-0.034188034188034178,-0.055021367521367506,-0.019307081807081801,-0.035714285714285712,True,True,-0.0026657731735856747,-0.052355594347781843,omit_event_year
v3_the_lure_of_authority_motivation_and_inc,ee.10,EERP,successful,epistemic_adverb_tokens,13,16,1,0,0.076923076923076927,0,0.034482758620689655,0.55172413793103448,0.042440318302387273,0.042440318302387273,0,79,63,2,0,0.025316455696202531,0,0.014084507042253521,0.44366197183098594,0.01123194865394901,0.011231948653949012,0,-0.020398251578436132,-0.0516066212268744,-0.031208369648438261,-0.031208369648438261,-0,True,True,-0.0055241126779479533,-0.025684256970490309,omit_event_year
v3_the_lure_of_authority_motivation_and_inc,ee.10,EERP,successful,replication_word_tokens,13,16,0,0,0,0,0,0.55172413793103448,0,0,0,79,63,1,1,0.012658227848101266,0.015873015873015872,0.014084507042253521,0.44366197183098594,-0.0014262791941522558,0.0056159743269745058,0.0070422535211267607,0.014084507042253521,0.012658227848101266,-0.0014262791941522558,0.0056159743269745058,-0.0070422535211267607,True,True,0.0001736984787623846,-0.0015999776729146398,omit_event_year
v3_the_lure_of_authority_motivation_and_inc,ee.10,EERP,successful,lowercase_modal_tokens,13,16,2,0,0.15384615384615385,0,0.068965517241379309,0.55172413793103448,0.084880636604774545,0.084880636604774545,0,79,63,18,5,0.22784810126582278,0.079365079365079361,0.1619718309859155,0.44366197183098594,0.065876270279907279,0.10108753788554109,0.035211267605633804,0.09300631374453619,0.074001947419668923,-0.019004366324867267,0.016206901280766545,-0.035211267605633804,True,True,-0.016335172803225991,-0.0026691935216412561,omit_event_year
v3_the_nonverbal_expression_of_pride_eviden,rpp.69,RPP,successful,epistemic_adverb_tokens,78,39,2,0,0.02564102564102564,0,0.017094017094017096,0.33333333333333331,0.0085470085470085444,0.0085470085470085461,0,67,33,0,0,0,0,0,0.33000000000000002,0,0,0,-0.017094017094017096,-0.02564102564102564,-0.0085470085470085444,-0.0085470085470085461,-0,True,True,-4.2735042735042295e-05,-0.0085042735042735046,omit_event_year
v3_the_nonverbal_expression_of_pride_eviden,rpp.69,RPP,successful,replication_word_tokens,78,39,1,1,0.01282051282051282,0.02564102564102564,0.017094017094017096,0.33333333333333331,-0.0042735042735042757,0.0042735042735042731,0.0085470085470085479,67,33,0,0,0,0,0,0.33000000000000002,0,0,0,-0.017094017094017096,-0.01282051282051282,0.0042735042735042757,-0.0042735042735042731,0.0085470085470085479,True,True,2.1367521367521147e-05,0.0042521367521367523,omit_event_year
v3_the_nonverbal_expression_of_pride_eviden,rpp.69,RPP,successful,lowercase_modal_tokens,78,39,12,0,0.15384615384615385,0,0.10256410256410256,0.33333333333333331,0.051282051282051294,0.05128205128205128,0,67,33,2,1,0.029850746268656716,0.030303030303030304,0.029999999999999999,0.33000000000000002,-0.00014925373134328304,0.0098507462686567172,0.01,-0.072564102564102562,-0.12399540757749714,-0.051431305013394574,-0.041431305013394565,-0.01,True,True,-0.00025565644968629785,-0.051175648563708265,omit_event_year
v3_the_potential_of_social_identity_for_equ,ee.5,EERP,failed,epistemic_adverb_tokens,35,57,0,1,0,0.017543859649122806,0.010869565217391304,0.61956521739130432,-0.010869565217391304,0,0.010869565217391304,87,118,0,0,0,0,0,0.57560975609756093,0,0,0,-0.010869565217391304,0,0.010869565217391304,0,0.010869565217391304,True,True,0.00038557422187494199,0.010483990995516361,omit_event_year
v3_the_potential_of_social_identity_for_equ,ee.5,EERP,failed,replication_word_tokens,35,57,0,0,0,0,0,0.61956521739130432,0,0,0,87,118,1,8,0.011494252873563218,0.067796610169491525,0.043902439024390241,0.57560975609756093,-0.032408186150827023,0.0066162040930754125,0.039024390243902439,0.043902439024390241,0.011494252873563218,-0.032408186150827023,0.0066162040930754125,-0.039024390243902439,True,True,0.0012373980434338438,-0.033645584194260864,omit_event_year
v3_the_potential_of_social_identity_for_equ,ee.5,EERP,failed,lowercase_modal_tokens,35,57,4,1,0.11428571428571428,0.017543859649122806,0.05434782608695652,0.61956521739130432,0.059937888198757762,0.070807453416149066,0.010869565217391304,87,118,8,6,0.091954022988505746,0.050847457627118647,0.068292682926829273,0.57560975609756093,0.023661340061676472,0.0529296327446033,0.029268292682926831,0.013944856839872753,-0.022331691297208536,-0.03627654813708129,-0.017877820671545766,-0.018398727465535527,True,True,-0.0030295954448124151,-0.03324695269226887,omit_event_year
v3_the_representation_of_simple_ensemble_vi,rpp.122,RPP,successful,epistemic_adverb_tokens,34,50,0,0,0,0,0,0.59523809523809523,0,0,0,92,83,2,1,0.021739130434782608,0.012048192771084338,0.017142857142857144,0.47428571428571431,0.0045962732919254644,0.01031055900621118,0.0057142857142857143,0.017142857142857144,0.021739130434782608,0.0045962732919254644,0.01031055900621118,-0.0057142857142857143,True,True,-0.00058607099204270477,0.0051823442839681703,omit_event_year
v3_the_representation_of_simple_ensemble_vi,rpp.122,RPP,successful,replication_word_tokens,34,50,1,0,0.029411764705882353,0,0.011904761904761904,0.59523809523809523,0.017507002801120448,0.017507002801120448,0,92,83,0,0,0,0,0,0.47428571428571431,0,0,0,-0.011904761904761904,-0.029411764705882353,-0.017507002801120448,-0.017507002801120448,-0,True,True,-0.0017787114845938372,-0.015728291316526612,omit_event_year
v3_the_representation_of_simple_ensemble_vi,rpp.122,RPP,successful,lowercase_modal_tokens,34,50,4,3,0.11764705882352941,0.059999999999999998,0.083333333333333329,0.59523809523809523,0.034313725490196081,0.070028011204481794,0.035714285714285712,92,83,9,3,0.097826086956521743,0.03614457831325301,0.068571428571428575,0.47428571428571431,0.029254658385093169,0.046397515527950316,0.017142857142857144,-0.014761904761904754,-0.019820971867007667,-0.0050590671051029129,-0.023630495676531478,0.018571428571428569,True,True,-0.0072165371753730289,0.0021574700702701225,omit_event_year
v3_the_space_between_us_stereotype_threat_a,rpp.87,RPP,failed,epistemic_adverb_tokens,38,21,2,0,0.052631578947368418,0,0.033898305084745763,0.3559322033898305,0.018733273862622656,0.018733273862622656,0,91,52,0,0,0,0,0,0.36363636363636365,0,0,0,-0.033898305084745763,-0.052631578947368418,-0.018733273862622656,-0.018733273862622656,-0,True,True,0.00020274105911929322,-0.018936014921741951,omit_event_year
v3_the_space_between_us_stereotype_threat_a,rpp.87,RPP,failed,replication_word_tokens,38,21,0,0,0,0,0,0.3559322033898305,0,0,0,91,52,0,0,0,0,0,0.36363636363636365,0,0,0,0,0,0,0,-0,True,True,0,0,omit_event_year
v3_the_space_between_us_stereotype_threat_a,rpp.87,RPP,failed,lowercase_modal_tokens,38,21,5,3,0.13157894736842105,0.14285714285714285,0.13559322033898305,0.3559322033898305,-0.004014272970562005,0.046833184656556642,0.050847457627118647,91,52,15,7,0.16483516483516483,0.13461538461538461,0.15384615384615385,0.36363636363636365,0.010989010989010978,0.059940059940059943,0.048951048951048952,0.018252933507170804,0.033256217466743787,0.015003283959572983,0.013106875283503301,0.0018964086760696955,True,True,7.2964502045679716e-05,0.01493031945752731,omit_event_year
v3_the_stroop_effect_why_proportion_congrue,rpp.15,RPP,successful,epistemic_adverb_tokens,90,67,0,0,0,0,0,0.42675159235668791,0,0,0,144,102,3,0,0.020833333333333332,0,0.012195121951219513,0.41463414634146339,0.0086382113821138196,0.0086382113821138196,0,0.012195121951219513,0.020833333333333332,0.0086382113821138196,0.0086382113821138196,-0,True,True,-0.00012622339599192207,0.0087644347781057428,omit_event_year
v3_the_stroop_effect_why_proportion_congrue,rpp.15,RPP,successful,replication_word_tokens,90,67,0,0,0,0,0,0.42675159235668791,0,0,0,144,102,3,2,0.020833333333333332,0.019607843137254902,0.02032520325203252,0.41463414634146339,0.0005081300813008123,0.0086382113821138196,0.008130081300813009,0.02032520325203252,0.020833333333333332,0.0005081300813008123,0.0086382113821138196,-0.008130081300813009,True,True,-7.4249056465836466e-06,0.0005155549869473963,omit_event_year
v3_the_stroop_effect_why_proportion_congrue,rpp.15,RPP,successful,lowercase_modal_tokens,90,67,11,5,0.12222222222222222,0.074626865671641784,0.10191082802547771,0.42675159235668791,0.020311394196744506,0.052158527954706296,0.031847133757961783,144,102,38,10,0.2638888888888889,0.098039215686274508,0.1951219512195122,0.41463414634146339,0.068766937669376693,0.10941734417344173,0.04065040650406504,0.09321112319403449,0.14166666666666666,0.048455543472632187,0.057258816218735437,-0.0088032727461032564,True,True,-0.001293204312626165,0.049748747785258347,omit_event_year
v3_the_threat_of_appearing_prejudiced_and_r,rpp.129,RPP,failed,epistemic_adverb_tokens,37,25,0,0,0,0,0,0.40322580645161288,0,0,0,41,19,1,0,0.024390243902439025,0,0.016666666666666666,0.31666666666666665,0.0077235772357723588,0.0077235772357723579,0,0.016666666666666666,0.024390243902439025,0.0077235772357723588,0.0077235772357723579,-0,True,True,-0.0010555992656700759,0.0087791765014424341,omit_event_year
v3_the_threat_of_appearing_prejudiced_and_r,rpp.129,RPP,failed,replication_word_tokens,37,25,0,0,0,0,0,0.40322580645161288,0,0,0,41,19,0,0,0,0,0,0.31666666666666665,0,0,0,0,0,0,0,-0,True,True,-0,0,omit_event_year
v3_the_threat_of_appearing_prejudiced_and_r,rpp.129,RPP,failed,lowercase_modal_tokens,37,25,5,2,0.13513513513513514,0.080000000000000002,0.11290322580645161,0.40322580645161288,0.022231909328683533,0.054489973844812557,0.032258064516129031,41,19,13,0,0.31707317073170732,0,0.21666666666666667,0.31666666666666665,0.10040650406504065,0.10040650406504065,0,0.10376344086021506,0.18193803559657218,0.078174594736357114,0.04591653022022809,0.032258064516129031,True,True,-0.016109015388323017,0.094283610124680145,omit_event_year
v3_the_ultimate_sampling_dilemma_in_experie,rpp.17,RPP,successful,epistemic_adverb_tokens,10,9,0,0,0,0,0,0.47368421052631576,0,0,0,18,11,0,1,0,0.090909090909090912,0.034482758620689655,0.37931034482758619,-0.034482758620689655,0,0.034482758620689655,0.034482758620689655,0,-0.034482758620689655,0,-0.034482758620689655,True,False,0.0042897211681240718,-0.038772479788813728,omit_event_year
v3_the_ultimate_sampling_dilemma_in_experie,rpp.17,RPP,successful,replication_word_tokens,10,9,0,0,0,0,0,0.47368421052631576,0,0,0,18,11,0,0,0,0,0,0.37931034482758619,0,0,0,0,0,0,0,-0,True,False,-0,0,omit_event_year
v3_the_ultimate_sampling_dilemma_in_experie,rpp.17,RPP,successful,lowercase_modal_tokens,10,9,1,2,0.10000000000000001,0.22222222222222221,0.15789473684210525,0.47368421052631576,-0.057894736842105249,0.04736842105263158,0.10526315789473684,18,11,3,1,0.16666666666666666,0.090909090909090912,0.13793103448275862,0.37931034482758619,0.028735632183908039,0.063218390804597693,0.034482758620689655,-0.019963702359346636,0.066666666666666652,0.086630369026013287,0.015849969751966113,0.070780399274047182,True,False,0.0021925241525967473,0.084437844873416545,omit_event_year
v3_toward_a_physiology_of_dual_process_reas,rpp.118,RPP,failed,epistemic_adverb_tokens,65,42,0,0,0,0,0,0.3925233644859813,0,0,0,61,40,0,0,0,0,0,0.39603960396039606,0,0,0,0,0,0,0,-0,True,True,0,0,omit_event_year
v3_toward_a_physiology_of_dual_process_reas,rpp.118,RPP,failed,replication_word_tokens,65,42,2,2,0.030769230769230771,0.047619047619047616,0.037383177570093455,0.3925233644859813,-0.0066139468008626842,0.01207764198418404,0.018691588785046728,61,40,1,1,0.016393442622950821,0.025000000000000001,0.019801980198019802,0.39603960396039606,-0.0034085375750689817,0.0064924525239409194,0.0099009900990099011,-0.017581197372073653,-0.01437578814627995,0.0032054092257937025,-0.0055851894602431205,0.0087905986860368265,True,True,-4.4755353965990444e-05,0.0032501645797596945,omit_event_year
v3_toward_a_physiology_of_dual_process_reas,rpp.118,RPP,failed,lowercase_modal_tokens,65,42,8,0,0.12307692307692308,0,0.07476635514018691,0.3925233644859813,0.048310567936736173,0.04831056793673616,0,61,40,3,1,0.049180327868852458,0.025000000000000001,0.039603960396039604,0.39603960396039606,0.0095763674728128537,0.019477357571822757,0.0099009900990099011,-0.035162394744147306,-0.073896595208070626,-0.03873420046392332,-0.028833210364913403,-0.0099009900990099011,True,True,0.00025889587933466827,-0.038993096343257969,omit_event_year
v3_tracing_attention_and_the_activation_flo,rpp.1,RPP,failed,epistemic_adverb_tokens,73,48,0,1,0,0.020833333333333332,0.0082644628099173556,0.39669421487603307,-0.0082644628099173556,0,0.0082644628099173556,39,31,0,0,0,0,0,0.44285714285714284,0,0,0,-0.0082644628099173556,0,0.0082644628099173556,0,0.0082644628099173556,True,True,-0.00048086383313656006,0.0087453266430539151,omit_event_year
v3_tracing_attention_and_the_activation_flo,rpp.1,RPP,failed,replication_word_tokens,73,48,4,0,0.054794520547945202,0,0.033057851239669422,0.39669421487603307,0.02173666930827578,0.021736669308275784,0,39,31,3,1,0.076923076923076927,0.032258064516129031,0.057142857142857141,0.44285714285714284,0.019780219780219786,0.03406593406593407,0.014285714285714285,0.024085005903187719,0.022128556375131725,-0.0019564495280559938,0.012329264757658286,-0.014285714285714285,True,True,0.0022956716284157721,-0.0042521211564717732,omit_event_year
v3_tracing_attention_and_the_activation_flo,rpp.1,RPP,failed,lowercase_modal_tokens,73,48,6,2,0.082191780821917804,0.041666666666666664,0.066115702479338845,0.39669421487603307,0.016076078342578959,0.032605003962413677,0.016528925619834711,39,31,2,1,0.05128205128205128,0.032258064516129031,0.042857142857142858,0.44285714285714284,0.0084249084249084227,0.02271062271062271,0.014285714285714285,-0.023258559622195987,-0.030909729539866523,-0.0076511699176705361,-0.0098943812517909673,0.0022432113341204259,True,True,0.0013744804285819824,-0.0090256503462525228,omit_event_year
v3_weight_as_an_embodiment_of_importance,ml3.10,ML3,failed,epistemic_adverb_tokens,58,31,0,0,0,0,0,0.34831460674157305,0,0,0,67,44,1,1,0.014925373134328358,0.022727272727272728,0.018018018018018018,0.3963963963963964,-0.0030926448836896599,0.005916364125319349,0.0090090090090090089,0.018018018018018018,0.014925373134328358,-0.0030926448836896599,0.005916364125319349,-0.0090090090090090089,True,True,-0.00018756464756800154,-0.0029050802361216587,omit_event_year
v3_weight_as_an_embodiment_of_importance,ml3.10,ML3,failed,replication_word_tokens,58,31,1,0,0.017241379310344827,0,0.011235955056179775,0.34831460674157305,0.0060054242541650524,0.0060054242541650524,0,67,44,2,1,0.029850746268656716,0.022727272727272728,0.027027027027027029,0.3963963963963964,0.0028237192416296873,0.011832728250638698,0.0090090090090090089,0.015791071970847254,0.012609366958311889,-0.0031817050125353651,0.0058273039964736456,-0.0090090090090090089,True,True,0.00058575286489377383,-0.0037674578774291373,omit_event_year
v3_weight_as_an_embodiment_of_importance,ml3.10,ML3,failed,lowercase_modal_tokens,58,31,5,1,0.086206896551724144,0.032258064516129031,0.06741573033707865,0.34831460674157305,0.018791166214645494,0.030027121270825265,0.011235955056179775,67,44,11,3,0.16417910447761194,0.068181818181818177,0.12612612612612611,0.3963963963963964,0.038052978351485828,0.065080005378512842,0.027027027027027029,0.058710395789047465,0.077972207925887799,0.019261812136840334,0.035052884107687574,-0.015791071970847254,True,True,0.0036048388605835458,0.015656973276256782,omit_event_year
v3_when_does_between_sequence_phonological_,rpp.12,RPP,failed,epistemic_adverb_tokens,24,5,0,0,0,0,0,0.17241379310344829,0,0,0,22,14,2,0,0.090909090909090912,0,0.055555555555555552,0.3888888888888889,0.035353535353535359,0.035353535353535352,0,0.055555555555555552,0.090909090909090912,0.035353535353535359,0.035353535353535352,-0,True,False,0.0098397770811563916,0.025513758272378968,omit_event_year
v3_when_does_between_sequence_phonological_,rpp.12,RPP,failed,replication_word_tokens,24,5,0,0,0,0,0,0.17241379310344829,0,0,0,22,14,0,0,0,0,0,0.3888888888888889,0,0,0,0,0,0,0,-0,True,False,0,0,omit_event_year
v3_when_does_between_sequence_phonological_,rpp.12,RPP,failed,lowercase_modal_tokens,24,5,2,0,0.083333333333333329,0,0.068965517241379309,0.17241379310344829,0.014367816091954019,0.014367816091954023,0,22,14,3,3,0.13636363636363635,0.21428571428571427,0.16666666666666666,0.3888888888888889,-0.030303030303030304,0.053030303030303025,0.083333333333333329,0.097701149425287348,0.053030303030303025,-0.044670846394984323,0.038662486938349006,-0.083333333333333329,True,False,0.00058570101673549916,-0.045256547411719833,omit_event_year
v3_where_do_we_look_during_potentially_offe,rpp.132,RPP,failed,epistemic_adverb_tokens,17,4,2,0,0.11764705882352941,0,0.095238095238095233,0.19047619047619047,0.022408963585434177,0.02240896358543417,0,13,3,0,0,0,0,0,0.1875,0,0,0,-0.095238095238095233,-0.11764705882352941,-0.022408963585434177,-0.02240896358543417,-0,True,False,-0.00017507002801120386,-0.022233893557422967,omit_event_year
v3_where_do_we_look_during_potentially_offe,rpp.132,RPP,failed,replication_word_tokens,17,4,0,0,0,0,0,0.19047619047619047,0,0,0,13,3,0,0,0,0,0,0.1875,0,0,0,0,0,0,0,-0,True,False,-0,0,omit_event_year
v3_where_do_we_look_during_potentially_offe,rpp.132,RPP,failed,lowercase_modal_tokens,17,4,1,0,0.058823529411764705,0,0.047619047619047616,0.19047619047619047,0.011204481792717089,0.011204481792717085,0,13,3,6,0,0.46153846153846156,0,0.375,0.1875,0.086538461538461564,0.086538461538461536,0,0.32738095238095238,0.40271493212669685,0.075333979745744475,0.075333979745744448,-0,True,False,-0.00077434820081878641,0.076108327946563248,omit_event_year
v3_why_do_implicit_and_explicit_attitude_te,rpp.44,RPP,successful,epistemic_adverb_tokens,27,33,0,0,0,0,0,0.55000000000000004,0,0,0,50,72,0,0,0,0,0,0.5901639344262295,0,0,0,0,0,0,0,-0,True,True,0,0,omit_event_year
v3_why_do_implicit_and_explicit_attitude_te,rpp.44,RPP,successful,replication_word_tokens,27,33,0,0,0,0,0,0.55000000000000004,0,0,0,50,72,1,4,0.02,0.055555555555555552,0.040983606557377046,0.5901639344262295,-0.020983606557377046,0.01180327868852459,0.032786885245901641,0.040983606557377046,0.02,-0.020983606557377046,0.01180327868852459,-0.032786885245901641,True,True,-0.00071402550091074568,-0.020269581056466299,omit_event_year
v3_why_do_implicit_and_explicit_attitude_te,rpp.44,RPP,successful,lowercase_modal_tokens,27,33,3,1,0.1111111111111111,0.030303030303030304,0.066666666666666666,0.55000000000000004,0.044444444444444439,0.061111111111111116,0.016666666666666666,50,72,9,7,0.17999999999999999,0.097222222222222224,0.13114754098360656,0.5901639344262295,0.048852459016393429,0.10622950819672131,0.05737704918032787,0.064480874316939898,0.068888888888888888,0.0044080145719489899,0.04511839708561019,-0.0407103825136612,True,True,0.0032851258486504336,0.0011228887232985587,omit_event_year
v3_why_people_are_reluctant_to_tempt_fate,rpp.68,RPP,failed,epistemic_adverb_tokens,29,19,0,0,0,0,0,0.39583333333333331,0,0,0,36,44,0,0,0,0,0,0.55000000000000004,0,0,0,0,0,0,0,-0,True,True,0,0,omit_event_year
v3_why_people_are_reluctant_to_tempt_fate,rpp.68,RPP,failed,replication_word_tokens,29,19,4,2,0.13793103448275862,0.10526315789473684,0.125,0.39583333333333331,0.012931034482758619,0.054597701149425283,0.041666666666666664,36,44,0,12,0,0.27272727272727271,0.14999999999999999,0.55000000000000004,-0.14999999999999999,0,0.14999999999999999,0.024999999999999994,-0.13793103448275862,-0.16293103448275861,-0.054597701149425283,-0.10833333333333334,True,True,-0.0185045784524006,-0.144426456030358,omit_event_year
v3_why_people_are_reluctant_to_tempt_fate,rpp.68,RPP,failed,lowercase_modal_tokens,29,19,6,2,0.20689655172413793,0.10526315789473684,0.16666666666666666,0.39583333333333331,0.040229885057471271,0.081896551724137928,0.041666666666666664,36,44,1,1,0.027777777777777776,0.022727272727272728,0.025000000000000001,0.55000000000000004,0.0027777777777777748,0.015277777777777779,0.012500000000000001,-0.14166666666666666,-0.17911877394636017,-0.037452107279693496,-0.066618773946360149,0.029166666666666664,True,True,0.0082235505386594361,-0.045675657818352915,omit_event_year
v3_working_memory_costs_of_task_switching,rpp.3,RPP,failed,epistemic_adverb_tokens,24,13,0,0,0,0,0,0.35135135135135137,0,0,0,39,19,0,0,0,0,0,0.32758620689655171,0,0,0,0,0,0,0,-0,True,True,-0,0,omit_event_year
v3_working_memory_costs_of_task_switching,rpp.3,RPP,failed,replication_word_tokens,24,13,0,0,0,0,0,0.35135135135135137,0,0,0,39,19,0,0,0,0,0,0.32758620689655171,0,0,0,0,0,0,0,-0,True,True,-0,0,omit_event_year
v3_working_memory_costs_of_task_switching,rpp.3,RPP,failed,lowercase_modal_tokens,24,13,2,0,0.083333333333333329,0,0.054054054054054057,0.35135135135135137,0.029279279279279272,0.029279279279279279,0,39,19,7,0,0.17948717948717949,0,0.1206896551724138,0.32758620689655171,0.05879752431476569,0.05879752431476569,0,0.066635601118359741,0.096153846153846159,0.029518245035486418,0.029518245035486411,-0,True,True,-0.0031229837264320063,0.032641228761918419,omit_event_year
v3_a_single_exposure_to_the_american_flag_s,ml1.12,ML1,failed,epistemic_adverb_tokens,23,8,0,0,0,0,0,0.25806451612903225,0,0,0,14,19,0,1,0,0.052631578947368418,0.030303030303030304,0.5757575757575758,-0.030303030303030304,0,0.030303030303030304,0.030303030303030304,0,-0.030303030303030304,0,-0.030303030303030304,True,False,-0.0083603436744353558,-0.021942686628594946,symmetric5_years_omit_event_year
v3_a_single_exposure_to_the_american_flag_s,ml1.12,ML1,failed,replication_word_tokens,23,8,0,0,0,0,0,0.25806451612903225,0,0,0,14,19,2,3,0.14285714285714285,0.15789473684210525,0.15151515151515152,0.5757575757575758,-0.0086580086580086701,0.082251082251082255,0.090909090909090912,0.15151515151515152,0.14285714285714285,-0.0086580086580086701,0.082251082251082255,-0.090909090909090912,True,False,-0.0023886696212672446,-0.0062693390367414134,symmetric5_years_omit_event_year
v3_a_single_exposure_to_the_american_flag_s,ml1.12,ML1,failed,lowercase_modal_tokens,23,8,3,0,0.13043478260869565,0,0.096774193548387094,0.25806451612903225,0.033660589060308554,0.033660589060308554,0,14,19,4,0,0.2857142857142857,0,0.12121212121212122,0.5757575757575758,0.16450216450216448,0.16450216450216451,0,0.024437927663734121,0.15527950310559005,0.13084157544185593,0.13084157544185596,-0,True,False,0.066103835388547888,0.064737740053308068,symmetric5_years_omit_event_year
v3_a_social_functional_approach_to_emotions,rpp.56,RPP,failed,epistemic_adverb_tokens,31,22,0,0,0,0,0,0.41509433962264153,0,0,0,22,11,0,0,0,0,0,0.33333333333333331,0,0,0,0,0,0,0,-0,True,True,-0,0,symmetric5_years_omit_event_year
v3_a_social_functional_approach_to_emotions,rpp.56,RPP,failed,replication_word_tokens,31,22,0,0,0,0,0,0.41509433962264153,0,0,0,22,11,1,0,0.045454545454545456,0,0.030303030303030304,0.33333333333333331,0.015151515151515152,0.015151515151515152,0,0.030303030303030304,0.045454545454545456,0.015151515151515152,0.015151515151515152,-0,True,True,-0.0018582046883933686,0.017009719839908521,symmetric5_years_omit_event_year
v3_a_social_functional_approach_to_emotions,rpp.56,RPP,failed,lowercase_modal_tokens,31,22,6,0,0.19354838709677419,0,0.11320754716981132,0.41509433962264153,0.080340839926962865,0.080340839926962879,0,22,11,1,0,0.045454545454545456,0,0.030303030303030304,0.33333333333333331,0.015151515151515152,0.015151515151515152,0,-0.08290451686678102,-0.14809384164222872,-0.065189324775447713,-0.065189324775447727,-0,True,True,-0.0097705601357457768,-0.055418764639701946,symmetric5_years_omit_event_year
v3_accelerated_relearning_after_retrieval_i,rpp.4,RPP,failed,epistemic_adverb_tokens,17,11,0,0,0,0,0,0.39285714285714285,0,0,0,10,2,0,0,0,0,0,0.16666666666666666,0,0,0,0,0,0,0,-0,True,False,-0,0,symmetric5_years_omit_event_year
v3_accelerated_relearning_after_retrieval_i,rpp.4,RPP,failed,replication_word_tokens,17,11,2,1,0.11764705882352941,0.090909090909090912,0.10714285714285714,0.39285714285714285,0.010504201680672273,0.046218487394957979,0.035714285714285712,10,2,0,0,0,0,0,0.16666666666666666,0,0,0,-0.10714285714285714,-0.11764705882352941,-0.010504201680672273,-0.046218487394957979,0.035714285714285712,True,False,-0.0030239368474662587,-0.0074802648332060089,symmetric5_years_omit_event_year
v3_accelerated_relearning_after_retrieval_i,rpp.4,RPP,failed,lowercase_modal_tokens,17,11,2,1,0.11764705882352941,0.090909090909090912,0.10714285714285714,0.39285714285714285,0.010504201680672273,0.046218487394957979,0.035714285714285712,10,2,3,0,0.29999999999999999,0,0.25,0.16666666666666666,0.049999999999999989,0.049999999999999996,0,0.14285714285714285,0.18235294117647058,0.039495798319327716,0.0037815126050420172,0.035714285714285712,True,False,-0.036952508276037688,0.076448306595365417,symmetric5_years_omit_event_year
v3_action_dynamics_reveal_parallel_competit,rpp.112,RPP,successful,epistemic_adverb_tokens,18,23,0,0,0,0,0,0.56097560975609762,0,0,0,16,38,0,0,0,0,0,0.70370370370370372,0,0,0,0,0,0,0,-0,True,True,0,0,symmetric5_years_omit_event_year
v3_action_dynamics_reveal_parallel_competit,rpp.112,RPP,successful,replication_word_tokens,18,23,0,1,0,0.043478260869565216,0.024390243902439025,0.56097560975609762,-0.024390243902439025,0,0.024390243902439025,16,38,1,0,0.0625,0,0.018518518518518517,0.70370370370370372,0.043981481481481483,0.043981481481481483,0,-0.0058717253839205077,0.0625,0.068371725383920501,0.043981481481481483,0.024390243902439025,True,True,0.0013574682848277756,0.067014257099092728,symmetric5_years_omit_event_year
v3_action_dynamics_reveal_parallel_competit,rpp.112,RPP,successful,lowercase_modal_tokens,18,23,1,3,0.055555555555555552,0.13043478260869565,0.097560975609756101,0.56097560975609762,-0.042005420054200548,0.031165311653116534,0.073170731707317069,16,38,3,1,0.1875,0.026315789473684209,0.07407407407407407,0.70370370370370372,0.11342592592592593,0.13194444444444445,0.018518518518518517,-0.023486901535682031,0.13194444444444445,0.15543134598012648,0.10077913279132791,0.054652213188798551,True,True,0.006159072894653006,0.14927227308547347,symmetric5_years_omit_event_year
v3_affective_incoherence_when_affective_con,rpp.52,RPP,failed,epistemic_adverb_tokens,18,14,0,0,0,0,0,0.4375,0,0,0,12,4,0,0,0,0,0,0.25,0,0,0,0,0,0,0,-0,True,False,-0,0,symmetric5_years_omit_event_year
v3_affective_incoherence_when_affective_con,rpp.52,RPP,failed,replication_word_tokens,18,14,3,0,0.16666666666666666,0,0.09375,0.4375,0.072916666666666657,0.072916666666666657,0,12,4,0,0,0,0,0,0.25,0,0,0,-0.09375,-0.16666666666666666,-0.072916666666666657,-0.072916666666666657,-0,True,False,-0.015625,-0.057291666666666664,symmetric5_years_omit_event_year
v3_affective_incoherence_when_affective_con,rpp.52,RPP,failed,lowercase_modal_tokens,18,14,1,0,0.055555555555555552,0,0.03125,0.4375,0.024305555555555552,0.024305555555555552,0,12,4,0,0,0,0,0,0.25,0,0,0,-0.03125,-0.055555555555555552,-0.024305555555555552,-0.024305555555555552,-0,True,False,-0.005208333333333333,-0.01909722222222222,symmetric5_years_omit_event_year
v3_attractor_dynamics_and_semantic_neighbor,rpp.11,RPP,successful,epistemic_adverb_tokens,21,22,0,0,0,0,0,0.51162790697674421,0,0,0,16,10,0,0,0,0,0,0.38461538461538464,0,0,0,0,0,0,0,-0,True,True,-0,0,symmetric5_years_omit_event_year
v3_attractor_dynamics_and_semantic_neighbor,rpp.11,RPP,successful,replication_word_tokens,21,22,0,0,0,0,0,0.51162790697674421,0,0,0,16,10,0,0,0,0,0,0.38461538461538464,0,0,0,0,0,0,0,-0,True,True,-0,0,symmetric5_years_omit_event_year
v3_attractor_dynamics_and_semantic_neighbor,rpp.11,RPP,successful,lowercase_modal_tokens,21,22,2,3,0.095238095238095233,0.13636363636363635,0.11627906976744186,0.51162790697674421,-0.021040974529346626,0.048726467331118496,0.069767441860465115,16,10,1,1,0.0625,0.10000000000000001,0.076923076923076927,0.38461538461538464,-0.014423076923076927,0.02403846153846154,0.038461538461538464,-0.039355992844364932,-0.032738095238095233,0.0066178976062696987,-0.024688005792656956,0.031305903398926652,True,True,0.0049932141501908946,0.0016246834560788002,symmetric5_years_omit_event_year
v3_auditory_change_detection_simple_sounds_,rpp.139,RPP,successful,epistemic_adverb_tokens,15,14,0,0,0,0,0,0.48275862068965519,0,0,0,15,15,0,0,0,0,0,0.5,0,0,0,0,0,0,0,-0,True,True,0,0,symmetric5_years_omit_event_year
v3_auditory_change_detection_simple_sounds_,rpp.139,RPP,successful,replication_word_tokens,15,14,0,0,0,0,0,0.48275862068965519,0,0,0,15,15,0,1,0,0.066666666666666666,0.033333333333333333,0.5,-0.033333333333333333,0,0.033333333333333333,0.033333333333333333,0,-0.033333333333333333,0,-0.033333333333333333,True,True,-0.00057471264367816026,-0.032758620689655175,symmetric5_years_omit_event_year
v3_auditory_change_detection_simple_sounds_,rpp.139,RPP,successful,lowercase_modal_tokens,15,14,3,4,0.20000000000000001,0.2857142857142857,0.2413793103448276,0.48275862068965519,-0.041379310344827586,0.096551724137931047,0.13793103448275862,15,15,3,2,0.20000000000000001,0.13333333333333333,0.16666666666666666,0.5,0.033333333333333354,0.10000000000000001,0.066666666666666666,-0.074712643678160939,0,0.074712643678160939,0.0034482758620689585,0.071264367816091953,True,True,-0.00016420361247947401,0.074876847290640397,symmetric5_years_omit_event_year
v3_balancing_connectedness_and_self_protect,rpp.93,RPP,failed,epistemic_adverb_tokens,75,32,1,0,0.013333333333333334,0,0.0093457943925233638,0.29906542056074764,0.0039875389408099704,0.0039875389408099687,0,41,17,1,0,0.024390243902439025,0,0.017241379310344827,0.29310344827586204,0.0071488645920941979,0.0071488645920941962,0,0.0078955849178214636,0.011056910569105691,0.0031613256512842275,0.0031613256512842275,-0,True,True,-0.00011245346098320802,0.0032737791122674355,symmetric5_years_omit_event_year
v3_balancing_connectedness_and_self_protect,rpp.93,RPP,failed,replication_word_tokens,75,32,1,0,0.013333333333333334,0,0.0093457943925233638,0.29906542056074764,0.0039875389408099704,0.0039875389408099687,0,41,17,0,0,0,0,0,0.29310344827586204,0,0,0,-0.0093457943925233638,-0.013333333333333334,-0.0039875389408099704,-0.0039875389408099687,-0,True,True,-3.974648189923732e-05,-0.0039477924589107318,symmetric5_years_omit_event_year
v3_balancing_connectedness_and_self_protect,rpp.93,RPP,failed,lowercase_modal_tokens,75,32,10,2,0.13333333333333333,0.0625,0.11214953271028037,0.29906542056074764,0.021183800623052959,0.039875389408099683,0.018691588785046728,41,17,10,1,0.24390243902439024,0.058823529411764705,0.18965517241379309,0.29310344827586204,0.054247266610597145,0.071488645920941965,0.017241379310344827,0.077505639703512721,0.11056910569105691,0.033063465987544186,0.031613256512842282,0.0014502094747019002,True,True,-0.00076287084990335811,0.033826336837447533,symmetric5_years_omit_event_year
v3_cloningertextquotesingles_psychobiologic,ml3.8,ML3,failed,epistemic_adverb_tokens,47,21,1,0,0.021276595744680851,0,0.014705882352941176,0.30882352941176472,0.0065707133917396743,0.0065707133917396743,0,51,36,1,0,0.019607843137254902,0,0.011494252873563218,0.41379310344827586,0.0081135902636916835,0.0081135902636916835,0,-0.003211629479377958,-0.0016687526074259489,0.0015428768719520092,0.0015428768719520092,-0,True,True,0.0021458110670792849,-0.00060293419512727606,symmetric5_years_omit_event_year
v3_cloningertextquotesingles_psychobiologic,ml3.8,ML3,failed,replication_word_tokens,47,21,0,0,0,0,0,0.30882352941176472,0,0,0,51,36,1,0,0.019607843137254902,0,0.011494252873563218,0.41379310344827586,0.0081135902636916835,0.0081135902636916835,0,0.011494252873563218,0.019607843137254902,0.0081135902636916835,0.0081135902636916835,-0,True,True,0.0010291134709461875,0.0070844767927454953,symmetric5_years_omit_event_year
v3_cloningertextquotesingles_psychobiologic,ml3.8,ML3,failed,lowercase_modal_tokens,47,21,1,0,0.021276595744680851,0,0.014705882352941176,0.30882352941176472,0.0065707133917396743,0.0065707133917396743,0,51,36,2,3,0.039215686274509803,0.083333333333333329,0.057471264367816091,0.41379310344827586,-0.018255578093306288,0.016227180527383367,0.034482758620689655,0.042765382014874911,0.017939090529828953,-0.024826291485045962,0.0096564671356436926,-0.034482758620689655,True,True,-0.0011988077134958248,-0.023627483771550134,symmetric5_years_omit_event_year
v3_decision_making_and_learning_while_takin,rpp.39,RPP,failed,epistemic_adverb_tokens,18,36,0,0,0,0,0,0.66666666666666663,0,0,0,22,45,0,0,0,0,0,0.67164179104477617,0,0,0,0,0,0,0,-0,True,True,0,0,symmetric5_years_omit_event_year
v3_decision_making_and_learning_while_takin,rpp.39,RPP,failed,replication_word_tokens,18,36,0,0,0,0,0,0.66666666666666663,0,0,0,22,45,0,0,0,0,0,0.67164179104477617,0,0,0,0,0,0,0,-0,True,True,0,0,symmetric5_years_omit_event_year
v3_decision_making_and_learning_while_takin,rpp.39,RPP,failed,lowercase_modal_tokens,18,36,1,3,0.055555555555555552,0.083333333333333329,0.07407407407407407,0.66666666666666663,-0.018518518518518517,0.037037037037037035,0.055555555555555552,22,45,8,5,0.36363636363636365,0.1111111111111111,0.19402985074626866,0.67164179104477617,0.16960651289009498,0.2442333785617368,0.074626865671641784,0.11995577667219459,0.30808080808080807,0.1881250314086135,0.20719634152469976,-0.019071310116086232,True,True,0.00055907332026736004,0.18756595808834617,symmetric5_years_omit_event_year
v3_effects_of_fluency_on_psychological_dist,rpp.104,RPP,failed,epistemic_adverb_tokens,36,26,0,0,0,0,0,0.41935483870967744,0,0,0,59,36,0,0,0,0,0,0.37894736842105264,0,0,0,0,0,0,0,-0,True,True,-0,0,symmetric5_years_omit_event_year
v3_effects_of_fluency_on_psychological_dist,rpp.104,RPP,failed,replication_word_tokens,36,26,0,0,0,0,0,0.41935483870967744,0,0,0,59,36,4,0,0.067796610169491525,0,0.042105263157894736,0.37894736842105264,0.025691347011596789,0.025691347011596789,0,0.042105263157894736,0.067796610169491525,0.025691347011596789,0.025691347011596789,-0,True,True,-0.0013697447555466031,0.027061091767143393,symmetric5_years_omit_event_year
v3_effects_of_fluency_on_psychological_dist,rpp.104,RPP,failed,lowercase_modal_tokens,36,26,4,3,0.1111111111111111,0.11538461538461539,0.11290322580645161,0.41935483870967744,-0.0017921146953405048,0.046594982078853049,0.048387096774193547,59,36,4,2,0.067796610169491525,0.055555555555555552,0.063157894736842107,0.37894736842105264,0.0046387154326494179,0.025691347011596789,0.021052631578947368,-0.049745331069609502,-0.04331450094161958,0.0064308301279899227,-0.02090363506725626,0.027334465195246179,True,True,-0.00016097427682705787,0.0065918044048169861,symmetric5_years_omit_event_year
v3_effects_of_need_for_cognition_on_message,ml3.7,ML3,failed,epistemic_adverb_tokens,13,7,0,0,0,0,0,0.34999999999999998,0,0,0,48,37,0,0,0,0,0,0.43529411764705883,0,0,0,0,0,0,0,-0,True,False,0,0,symmetric5_years_omit_event_year
v3_effects_of_need_for_cognition_on_message,ml3.7,ML3,failed,replication_word_tokens,13,7,0,0,0,0,0,0.34999999999999998,0,0,0,48,37,2,3,0.041666666666666664,0.081081081081081086,0.058823529411764705,0.43529411764705883,-0.017156862745098041,0.018137254901960782,0.035294117647058823,0.058823529411764705,0.041666666666666664,-0.017156862745098041,0.018137254901960782,-0.035294117647058823,True,False,-0.001680908850026498,-0.015475953895071545,symmetric5_years_omit_event_year
v3_effects_of_need_for_cognition_on_message,ml3.7,ML3,failed,lowercase_modal_tokens,13,7,0,0,0,0,0,0.34999999999999998,0,0,0,48,37,3,2,0.0625,0.054054054054054057,0.058823529411764705,0.43529411764705883,0.0036764705882352949,0.027205882352941177,0.023529411764705882,0.058823529411764705,0.0625,0.0036764705882352949,0.027205882352941177,-0.023529411764705882,True,False,0.00036019475357710652,0.0033162758346581864,symmetric5_years_omit_event_year
v3_elaboration_enhances_the_imagined_contac,ml1.14,ML1,successful,epistemic_adverb_tokens,63,67,1,0,0.015873015873015872,0,0.0076923076923076927,0.51538461538461533,0.0081807081807081794,0.0081807081807081794,0,62,91,1,0,0.016129032258064516,0,0.0065359477124183009,0.59477124183006536,0.009593084545646214,0.0095930845456462157,0,-0.0011563599798893919,0.00025601638504864355,0.0014123763649380346,0.0014123763649380363,-0,True,True,0.0012702673202356954,0.00014210904470234034,symmetric5_years_omit_event_year
v3_elaboration_enhances_the_imagined_contac,ml1.14,ML1,successful,replication_word_tokens,63,67,1,1,0.015873015873015872,0.014925373134328358,0.015384615384615385,0.51538461538461533,0.00048840048840048667,0.0081807081807081794,0.0076923076923076927,62,91,1,4,0.016129032258064516,0.043956043956043959,0.032679738562091505,0.59477124183006536,-0.016550706304026989,0.0095930845456462157,0.026143790849673203,0.01729512317747612,0.00025601638504864355,-0.017039106792427476,0.0014123763649380363,-0.018451483157365511,True,True,-0.0010669312113303667,-0.015972175581097113,symmetric5_years_omit_event_year
v3_elaboration_enhances_the_imagined_contac,ml1.14,ML1,successful,lowercase_modal_tokens,63,67,4,3,0.063492063492063489,0.044776119402985072,0.053846153846153849,0.51538461538461533,0.0096459096459096394,0.032722832722832718,0.023076923076923078,62,91,7,5,0.11290322580645161,0.054945054945054944,0.078431372549019607,0.59477124183006536,0.034471853257432003,0.067151591819523501,0.032679738562091505,0.024585218702865758,0.049411162314388121,0.024825943611522364,0.034428759096690784,-0.0096028154851684269,True,True,0.00304344966080443,0.021782493950717931,symmetric5_years_omit_event_year
v3_expectations_as_endowments_evidence_on_r,ee.9,EERP,failed,epistemic_adverb_tokens,25,22,0,0,0,0,0,0.46808510638297873,0,0,0,31,51,0,0,0,0,0,0.62195121951219512,0,0,0,0,0,0,0,-0,True,True,0,0,symmetric5_years_omit_event_year
v3_expectations_as_endowments_evidence_on_r,ee.9,EERP,failed,replication_word_tokens,25,22,1,0,0.040000000000000001,0,0.021276595744680851,0.46808510638297873,0.01872340425531915,0.01872340425531915,0,31,51,1,0,0.032258064516129031,0,0.012195121951219513,0.62195121951219512,0.020062942564909519,0.020062942564909519,0,-0.0090814737934613379,-0.0077419354838709695,0.0013395383095903685,0.0013395383095903685,-0,True,True,0.0055590337646684636,-0.0042194954550780935,symmetric5_years_omit_event_year
v3_expectations_as_endowments_evidence_on_r,ee.9,EERP,failed,lowercase_modal_tokens,25,22,6,2,0.23999999999999999,0.090909090909090912,0.1702127659574468,0.46808510638297873,0.069787234042553187,0.11234042553191489,0.042553191489361701,31,51,3,1,0.096774193548387094,0.019607843137254902,0.04878048780487805,0.62195121951219512,0.047993705743509044,0.06018882769472856,0.012195121951219513,-0.12143227815256875,-0.1432258064516129,-0.021793528299044143,-0.052151597837186335,0.030358069538142188,True,True,0.017406662543423778,-0.039200190842467918,symmetric5_years_omit_event_year
v3_happiness_and_time_preference_the_effect,ee.14,EERP,failed,epistemic_adverb_tokens,30,34,0,0,0,0,0,0.53125,0,0,0,57,31,0,0,0,0,0,0.35227272727272729,0,0,0,0,0,0,0,-0,True,True,-0,0,symmetric5_years_omit_event_year
v3_happiness_and_time_preference_the_effect,ee.14,EERP,failed,replication_word_tokens,30,34,3,0,0.10000000000000001,0,0.046875,0.53125,0.053125000000000006,0.053125000000000006,0,57,31,0,1,0,0.032258064516129031,0.011363636363636364,0.35227272727272729,-0.011363636363636364,0,0.011363636363636364,-0.035511363636363633,-0.10000000000000001,-0.064488636363636373,-0.053125000000000006,-0.011363636363636364,True,True,-0.0060621334310850435,-0.058426502932551326,symmetric5_years_omit_event_year
v3_happiness_and_time_preference_the_effect,ee.14,EERP,failed,lowercase_modal_tokens,30,34,1,1,0.033333333333333333,0.029411764705882353,0.03125,0.53125,0.0020833333333333329,0.017708333333333333,0.015625,57,31,6,3,0.10526315789473684,0.096774193548387094,0.10227272727272728,0.35227272727272729,0.0029904306220095572,0.037081339712918659,0.034090909090909088,0.071022727272727279,0.07192982456140351,0.00090709728867622436,0.019373006379585327,-0.018465909090909088,True,True,-0.0011106016723713714,0.0020176989610476066,symmetric5_years_omit_event_year
v3_head_up_foot_down_object_words_orient_at,rpp.167,RPP,failed,epistemic_adverb_tokens,21,25,0,0,0,0,0,0.54347826086956519,0,0,0,19,25,0,0,0,0,0,0.56818181818181823,0,0,0,0,0,0,0,-0,True,True,0,0,symmetric5_years_omit_event_year
v3_head_up_foot_down_object_words_orient_at,rpp.167,RPP,failed,replication_word_tokens,21,25,1,1,0.047619047619047616,0.040000000000000001,0.043478260869565216,0.54347826086956519,0.0041407867494824002,0.025879917184265008,0.021739130434782608,19,25,2,1,0.10526315789473684,0.040000000000000001,0.068181818181818177,0.56818181818181823,0.037081339712918659,0.059808612440191387,0.022727272727272728,0.024703557312252961,0.05764411027568922,0.032940552963436259,0.033928695255926379,-0.00098814229249011981,True,True,0.00090022487047658928,0.032040328092959661,symmetric5_years_omit_event_year
v3_head_up_foot_down_object_words_orient_at,rpp.167,RPP,failed,lowercase_modal_tokens,21,25,4,3,0.19047619047619047,0.12,0.15217391304347827,0.54347826086956519,0.038302277432712195,0.10351966873706003,0.065217391304347824,19,25,0,2,0,0.080000000000000002,0.045454545454545456,0.56818181818181823,-0.045454545454545456,0,0.045454545454545456,-0.10671936758893281,-0.19047619047619047,-0.083756822887257651,-0.10351966873706003,0.019762845849802368,True,True,-0.00011763598720120507,-0.083639186900056464,symmetric5_years_omit_event_year
v3_hedonic_and_instrumental_motives_in_ange,rpp.142,RPP,successful,epistemic_adverb_tokens,37,16,0,0,0,0,0,0.30188679245283018,0,0,0,34,14,0,0,0,0,0,0.29166666666666669,0,0,0,0,0,0,0,-0,True,True,-0,0,symmetric5_years_omit_event_year
v3_hedonic_and_instrumental_motives_in_ange,rpp.142,RPP,successful,replication_word_tokens,37,16,0,0,0,0,0,0.30188679245283018,0,0,0,34,14,1,0,0.029411764705882353,0,0.020833333333333332,0.29166666666666669,0.0085784313725490204,0.0085784313725490204,0,0.020833333333333332,0.029411764705882353,0.0085784313725490204,0.0085784313725490204,-0,True,True,-0.00015029596744358075,0.0087287273399926004,symmetric5_years_omit_event_year
v3_hedonic_and_instrumental_motives_in_ange,rpp.142,RPP,successful,lowercase_modal_tokens,37,16,3,2,0.081081081081081086,0.125,0.094339622641509441,0.30188679245283018,-0.013258541560428355,0.02447730749617542,0.037735849056603772,34,14,8,1,0.23529411764705882,0.071428571428571425,0.1875,0.29166666666666669,0.04779411764705882,0.068627450980392163,0.020833333333333332,0.093160377358490559,0.15421303656597773,0.061052659207487175,0.044150143484216739,0.01690251572327044,True,True,-0.00061293480931383089,0.061665594016801009,symmetric5_years_omit_event_year
v3_how_does_bilingualism_improve_executive_,rpp.22,RPP,failed,epistemic_adverb_tokens,82,67,1,0,0.012195121951219513,0,0.0067114093959731542,0.44966442953020136,0.0054837125552463584,0.0054837125552463584,0,60,45,0,0,0,0,0,0.42857142857142855,0,0,0,-0.0067114093959731542,-0.012195121951219513,-0.0054837125552463584,-0.0054837125552463584,-0,True,True,-0.00012861585950471228,-0.0053550966957416459,symmetric5_years_omit_event_year
v3_how_does_bilingualism_improve_executive_,rpp.22,RPP,failed,replication_word_tokens,82,67,9,3,0.10975609756097561,0.044776119402985072,0.080536912751677847,0.44966442953020136,0.029219184809297763,0.049353412997217225,0.020134228187919462,60,45,1,4,0.016666666666666666,0.088888888888888892,0.047619047619047616,0.42857142857142855,-0.03095238095238095,0.0071428571428571426,0.038095238095238099,-0.032917865132630231,-0.093089430894308947,-0.060171565761678716,-0.04221055585436008,-0.017961009907318637,True,True,7.6380330495252961e-05,-0.060247946092173953,symmetric5_years_omit_event_year
v3_how_does_bilingualism_improve_executive_,rpp.22,RPP,failed,lowercase_modal_tokens,82,67,13,7,0.15853658536585366,0.1044776119402985,0.13422818791946309,0.44966442953020136,0.024308397446390573,0.071288263218202655,0.046979865771812082,60,45,14,4,0.23333333333333334,0.088888888888888892,0.17142857142857143,0.42857142857142855,0.061904761904761907,0.099999999999999992,0.038095238095238099,0.037200383509108342,0.074796747967479676,0.037596364458371334,0.028711736781797337,0.0088846276765739834,True,True,-0.0020935163917257908,0.039689880850097108,symmetric5_years_omit_event_year
v3_how_the_head_liberates_the_heart_project,rpp.59,RPP,successful,epistemic_adverb_tokens,29,11,0,0,0,0,0,0.27500000000000002,0,0,0,28,6,1,0,0.035714285714285712,0,0.029411764705882353,0.17647058823529413,0.0063025210084033598,0.0063025210084033615,0,0.029411764705882353,0.035714285714285712,0.0063025210084033598,0.0063025210084033615,-0,True,False,-0.0017594537815126051,0.0080619747899159672,symmetric5_years_omit_event_year
v3_how_the_head_liberates_the_heart_project,rpp.59,RPP,successful,replication_word_tokens,29,11,0,0,0,0,0,0.27500000000000002,0,0,0,28,6,0,0,0,0,0,0.17647058823529413,0,0,0,0,0,0,0,-0,True,False,-0,0,symmetric5_years_omit_event_year
v3_how_the_head_liberates_the_heart_project,rpp.59,RPP,successful,lowercase_modal_tokens,29,11,2,1,0.068965517241379309,0.090909090909090912,0.074999999999999997,0.27500000000000002,-0.0060344827586206878,0.01896551724137931,0.025000000000000001,28,6,1,0,0.035714285714285712,0,0.029411764705882353,0.17647058823529413,0.0063025210084033598,0.0063025210084033615,0,-0.045588235294117645,-0.033251231527093597,0.012337003767024048,-0.012662996232975949,0.025000000000000001,True,False,-0.00067841007876504815,0.013015413845789102,symmetric5_years_omit_event_year
v3_imperfect_public_monitoring_with_costly_,ee.2,EERP,successful,epistemic_adverb_tokens,25,25,0,0,0,0,0,0.5,0,0,0,36,31,1,0,0.027777777777777776,0,0.014925373134328358,0.46268656716417911,0.012852404643449418,0.012852404643449418,0,0.014925373134328358,0.027777777777777776,0.012852404643449418,0.012852404643449418,-0,True,True,-0.00051824212271973458,0.013370646766169154,symmetric5_years_omit_event_year
v3_imperfect_public_monitoring_with_costly_,ee.2,EERP,successful,replication_word_tokens,25,25,0,0,0,0,0,0.5,0,0,0,36,31,0,2,0,0.064516129032258063,0.029850746268656716,0.46268656716417911,-0.029850746268656716,0,0.029850746268656716,0.029850746268656716,0,-0.029850746268656716,0,-0.029850746268656716,True,True,0.0012036591237361578,-0.031054405392392872,symmetric5_years_omit_event_year
v3_imperfect_public_monitoring_with_costly_,ee.2,EERP,successful,lowercase_modal_tokens,25,25,3,2,0.12,0.080000000000000002,0.10000000000000001,0.5,0.01999999999999999,0.059999999999999998,0.040000000000000001,36,31,9,4,0.25,0.12903225806451613,0.19402985074626866,0.46268656716417911,0.055970149253731338,0.11567164179104478,0.059701492537313432,0.094029850746268656,0.13,0.035970149253731348,0.055671641791044779,-0.019701492537313431,True,True,-0.0030031295137217134,0.03897327876745306,symmetric5_years_omit_event_year
v3_increasing_and_decreasing_motor_and_cogn,rpp.49,RPP,failed,epistemic_adverb_tokens,93,64,2,0,0.021505376344086023,0,0.012738853503184714,0.40764331210191085,0.0087665228409013092,0.0087665228409013092,0,28,31,0,0,0,0,0,0.52542372881355937,0,0,0,-0.012738853503184714,-0.021505376344086023,-0.0087665228409013092,-0.0087665228409013092,-0,True,True,0.00126645609367364,-0.01003297893457495,symmetric5_years_omit_event_year
v3_increasing_and_decreasing_motor_and_cogn,rpp.49,RPP,failed,replication_word_tokens,93,64,0,0,0,0,0,0.40764331210191085,0,0,0,28,31,2,4,0.071428571428571425,0.12903225806451613,0.10169491525423729,0.52542372881355937,-0.03026634382566587,0.037530266343825669,0.067796610169491525,0.10169491525423729,0.071428571428571425,-0.03026634382566587,0.037530266343825669,-0.067796610169491525,True,True,-0.0033922931080543929,-0.02687405071761147,symmetric5_years_omit_event_year
v3_increasing_and_decreasing_motor_and_cogn,rpp.49,RPP,failed,lowercase_modal_tokens,93,64,12,3,0.12903225806451613,0.046875,0.095541401273885357,0.40764331210191085,0.033490856790630769,0.052599137045407848,0.019108280254777069,28,31,2,3,0.071428571428571425,0.096774193548387094,0.084745762711864403,0.52542372881355937,-0.013317191283292978,0.037530266343825669,0.050847457627118647,-0.010795638562020954,-0.057603686635944701,-0.046808048073923747,-0.015068870701582179,-0.031739177372341582,True,True,0.0033456490778186448,-0.0501536971517424,symmetric5_years_omit_event_year
v3_individual_differences_in_the_regulation,rpp.53,RPP,failed,epistemic_adverb_tokens,34,10,0,0,0,0,0,0.22727272727272727,0,0,0,20,14,1,0,0.050000000000000003,0,0.029411764705882353,0.41176470588235292,0.02058823529411765,0.020588235294117647,0,0.029411764705882353,0.050000000000000003,0.02058823529411765,0.020588235294117647,-0,True,True,0.0046122994652406414,0.015975935828877005,symmetric5_years_omit_event_year
v3_individual_differences_in_the_regulation,rpp.53,RPP,failed,replication_word_tokens,34,10,0,0,0,0,0,0.22727272727272727,0,0,0,20,14,1,1,0.050000000000000003,0.071428571428571425,0.058823529411764705,0.41176470588235292,-0.0088235294117647023,0.020588235294117647,0.029411764705882353,0.058823529411764705,0.050000000000000003,-0.0088235294117647023,0.020588235294117647,-0.029411764705882353,True,True,-0.001976699770817417,-0.0068468296409472862,symmetric5_years_omit_event_year
v3_individual_differences_in_the_regulation,rpp.53,RPP,failed,lowercase_modal_tokens,34,10,4,1,0.11764705882352941,0.10000000000000001,0.11363636363636363,0.22727272727272727,0.0040106951871657776,0.026737967914438502,0.022727272727272728,20,14,7,0,0.34999999999999998,0,0.20588235294117646,0.41176470588235292,0.14411764705882352,0.14411764705882352,0,0.092245989304812828,0.23235294117647057,0.14010695187165773,0.11737967914438502,0.022727272727272728,True,True,0.033913966656181183,0.10619298521547656,symmetric5_years_omit_event_year
v3_it_feels_like_yesterday_self_esteem_vale,ml3.3,ML3,failed,epistemic_adverb_tokens,50,24,0,0,0,0,0,0.32432432432432434,0,0,0,67,33,1,0,0.014925373134328358,0,0.01,0.33000000000000002,0.0049253731343283577,0.0049253731343283586,0,0.01,0.014925373134328358,0.0049253731343283577,0.0049253731343283586,-0,True,True,4.2355788624445319e-05,0.0048830173457039133,symmetric5_years_omit_event_year
v3_it_feels_like_yesterday_self_esteem_vale,ml3.3,ML3,failed,replication_word_tokens,50,24,0,0,0,0,0,0.32432432432432434,0,0,0,67,33,0,0,0,0,0,0.33000000000000002,0,0,0,0,0,0,0,-0,True,True,0,0,symmetric5_years_omit_event_year
v3_it_feels_like_yesterday_self_esteem_vale,ml3.3,ML3,failed,lowercase_modal_tokens,50,24,8,4,0.16,0.16666666666666666,0.16216216216216217,0.32432432432432434,-0.0021621621621621678,0.051891891891891896,0.054054054054054057,67,33,6,2,0.089552238805970144,0.060606060606060608,0.080000000000000002,0.33000000000000002,0.0095522388059701424,0.02955223880597015,0.02,-0.082162162162162169,-0.070447761194029859,0.01171440096813231,-0.022339653085921746,0.034054054054054053,True,True,6.3225640837581126e-05,0.011651175327294726,symmetric5_years_omit_event_year
v3_last_place_aversion_evidence_and_redistr,ee.18,EERP,failed,epistemic_adverb_tokens,17,11,0,0,0,0,0,0.39285714285714285,0,0,0,94,54,1,0,0.010638297872340425,0,0.0067567567567567571,0.36486486486486486,0.0038815411155836681,0.0038815411155836686,0,0.0067567567567567571,0.010638297872340425,0.0038815411155836681,0.0038815411155836686,-0,True,True,-0.00014889509570360633,0.0040304362112872751,symmetric5_years_omit_event_year
v3_last_place_aversion_evidence_and_redistr,ee.18,EERP,failed,replication_word_tokens,17,11,0,0,0,0,0,0.39285714285714285,0,0,0,94,54,0,1,0,0.018518518518518517,0.0067567567567567571,0.36486486486486486,-0.0067567567567567571,0,0.0067567567567567571,0.0067567567567567571,0,-0.0067567567567567571,0,-0.0067567567567567571,True,True,0.00025918775918775918,-0.0070159445159445151,symmetric5_years_omit_event_year
v3_last_place_aversion_evidence_and_redistr,ee.18,EERP,failed,lowercase_modal_tokens,17,11,3,4,0.17647058823529413,0.36363636363636365,0.25,0.39285714285714285,-0.073529411764705871,0.069327731092436978,0.14285714285714285,94,54,22,2,0.23404255319148937,0.037037037037037035,0.16216216216216217,0.36486486486486486,0.071880391029327195,0.08539390454284071,0.013513513513513514,-0.087837837837837829,0.057571964956195237,0.14540980279403307,0.016066173450403731,0.12934362934362933,True,True,-0.0001377183792703193,0.14554752117330341,symmetric5_years_omit_event_year
v3_left_frontal_cortical_activation_and_spr,rpp.55,RPP,failed,epistemic_adverb_tokens,20,7,0,0,0,0,0,0.25925925925925924,0,0,0,21,17,0,0,0,0,0,0.44736842105263158,0,0,0,0,0,0,0,-0,True,False,0,0,symmetric5_years_omit_event_year
v3_left_frontal_cortical_activation_and_spr,rpp.55,RPP,failed,replication_word_tokens,20,7,0,0,0,0,0,0.25925925925925924,0,0,0,21,17,1,0,0.047619047619047616,0,0.026315789473684209,0.44736842105263158,0.021303258145363407,0.021303258145363407,0,0.026315789473684209,0.047619047619047616,0.021303258145363407,0.021303258145363407,-0,True,False,0.0044787895665088645,0.016824468578854543,symmetric5_years_omit_event_year
v3_left_frontal_cortical_activation_and_spr,rpp.55,RPP,failed,lowercase_modal_tokens,20,7,2,0,0.10000000000000001,0,0.07407407407407407,0.25925925925925924,0.025925925925925936,0.025925925925925925,0,21,17,1,0,0.047619047619047616,0,0.026315789473684209,0.44736842105263158,0.021303258145363407,0.021303258145363407,0,-0.047758284600389861,-0.052380952380952389,-0.0046226677805625283,-0.0046226677805625178,-0,True,False,0.013884247656177483,-0.018506915436740001,symmetric5_years_omit_event_year
v3_measuring_the_crowd_within_probabilistic,rpp.116,RPP,successful,epistemic_adverb_tokens,31,38,0,0,0,0,0,0.55072463768115942,0,0,0,26,33,0,1,0,0.030303030303030304,0.016949152542372881,0.55932203389830504,-0.016949152542372881,0,0.016949152542372881,0.016949152542372881,0,-0.016949152542372881,0,-0.016949152542372881,True,True,-0.00013026357904766082,-0.016818888963325222,symmetric5_years_omit_event_year
v3_measuring_the_crowd_within_probabilistic,rpp.116,RPP,successful,replication_word_tokens,31,38,3,4,0.096774193548387094,0.10526315789473684,0.10144927536231885,0.55072463768115942,-0.0046750818139317529,0.053295932678821878,0.057971014492753624,26,33,0,0,0,0,0,0.55932203389830504,0,0,0,-0.10144927536231885,-0.096774193548387094,0.0046750818139317529,-0.053295932678821878,0.057971014492753624,True,True,-3.6491494979395633e-05,0.0047115733089111381,symmetric5_years_omit_event_year
v3_measuring_the_crowd_within_probabilistic,rpp.116,RPP,successful,lowercase_modal_tokens,31,38,3,2,0.096774193548387094,0.052631578947368418,0.072463768115942032,0.55072463768115942,0.024310425432445062,0.053295932678821878,0.028985507246376812,26,33,4,2,0.15384615384615385,0.060606060606060608,0.10169491525423729,0.55932203389830504,0.05215123859191656,0.086049543676662316,0.033898305084745763,0.029231147138295263,0.057071960297766761,0.027840813159471497,0.032753610997840438,-0.0049127978383689506,True,True,0.00059056678634719834,0.027250246373124294,symmetric5_years_omit_event_year
v3_multidimensional_visual_statistical_lear,rpp.29,RPP,successful,epistemic_adverb_tokens,18,20,0,0,0,0,0,0.52631578947368418,0,0,0,13,20,0,0,0,0,0,0.60606060606060608,0,0,0,0,0,0,0,-0,True,True,0,0,symmetric5_years_omit_event_year
v3_multidimensional_visual_statistical_lear,rpp.29,RPP,successful,replication_word_tokens,18,20,0,0,0,0,0,0.52631578947368418,0,0,0,13,20,2,0,0.15384615384615385,0,0.060606060606060608,0.60606060606060608,0.093240093240093247,0.093240093240093247,0,0.060606060606060608,0.15384615384615385,0.093240093240093247,0.093240093240093247,-0,True,True,0.0061342166605324539,0.087105876579560801,symmetric5_years_omit_event_year
v3_multidimensional_visual_statistical_lear,rpp.29,RPP,successful,lowercase_modal_tokens,18,20,1,2,0.055555555555555552,0.10000000000000001,0.078947368421052627,0.52631578947368418,-0.023391812865497075,0.029239766081871343,0.052631578947368418,13,20,2,4,0.15384615384615385,0.20000000000000001,0.18181818181818182,0.60606060606060608,-0.027972027972027969,0.093240093240093247,0.12121212121212122,0.1028708133971292,0.098290598290598302,-0.0045802151065308938,0.064000327158221904,-0.068580542264752797,True,True,-0.0036123720334246675,-0.00096784307310622758,symmetric5_years_omit_event_year
v3_multiple_roles_for_time_in_short_term_me,rpp.33,RPP,successful,epistemic_adverb_tokens,52,68,0,0,0,0,0,0.56666666666666665,0,0,0,34,39,0,0,0,0,0,0.53424657534246578,0,0,0,0,0,0,0,-0,True,True,-0,0,symmetric5_years_omit_event_year
v3_multiple_roles_for_time_in_short_term_me,rpp.33,RPP,successful,replication_word_tokens,52,68,0,0,0,0,0,0.56666666666666665,0,0,0,34,39,1,0,0.029411764705882353,0,0.013698630136986301,0.53424657534246578,0.015713134568896052,0.015713134568896052,0,0.013698630136986301,0.029411764705882353,0.015713134568896052,0.015713134568896052,-0,True,True,-0.00047676604888530693,0.016189900617781361,symmetric5_years_omit_event_year
v3_multiple_roles_for_time_in_short_term_me,rpp.33,RPP,successful,lowercase_modal_tokens,52,68,3,2,0.057692307692307696,0.029411764705882353,0.041666666666666664,0.56666666666666665,0.016025641025641031,0.032692307692307694,0.016666666666666666,34,39,1,2,0.029411764705882353,0.05128205128205128,0.041095890410958902,0.53424657534246578,-0.011684125705076549,0.015713134568896052,0.027397260273972601,-0.00057077625570776253,-0.028280542986425343,-0.02770976673071758,-0.016979173123411642,-0.010730593607305935,True,True,-0.00010391054911602851,-0.027605856181601551,symmetric5_years_omit_event_year
v3_not_so_innocent_does_seeing_one_s_own_ca,rpp.65,RPP,failed,epistemic_adverb_tokens,38,11,1,0,0.026315789473684209,0,0.020408163265306121,0.22448979591836735,0.0059076262083780882,0.0059076262083780874,0,37,25,0,0,0,0,0,0.40322580645161288,0,0,0,-0.020408163265306121,-0.026315789473684209,-0.0059076262083780882,-0.0059076262083780874,-0,True,True,0.0023517896122795465,-0.0082594158206576347,symmetric5_years_omit_event_year
v3_not_so_innocent_does_seeing_one_s_own_ca,rpp.65,RPP,failed,replication_word_tokens,38,11,2,0,0.052631578947368418,0,0.040816326530612242,0.22448979591836735,0.011815252416756176,0.011815252416756175,0,37,25,0,1,0,0.040000000000000001,0.016129032258064516,0.40322580645161288,-0.016129032258064516,0,0.016129032258064516,-0.024687294272547726,-0.052631578947368418,-0.027944284674820692,-0.011815252416756175,-0.016129032258064516,True,True,0.0011288590138941819,-0.029073143688714876,symmetric5_years_omit_event_year
v3_not_so_innocent_does_seeing_one_s_own_ca,rpp.65,RPP,failed,lowercase_modal_tokens,38,11,8,1,0.21052631578947367,0.090909090909090912,0.18367346938775511,0.22448979591836735,0.026852846401718561,0.047261009667024699,0.020408163265306121,37,25,7,2,0.1891891891891892,0.080000000000000002,0.14516129032258066,0.40322580645161288,0.044027898866608545,0.076285963382737576,0.032258064516129031,-0.038512179065174457,-0.021337126600284473,0.017175052464889984,0.029024953715712877,-0.011849901250822911,True,True,0.020447972817606578,-0.0032729203527166102,symmetric5_years_omit_event_year
v3_on_the_additive_effects_of_stimulus_qual,rpp.27,RPP,successful,epistemic_adverb_tokens,10,22,0,0,0,0,0,0.6875,0,0,0,17,23,1,0,0.058823529411764705,0,0.025000000000000001,0.57499999999999996,0.033823529411764704,0.033823529411764704,0,0.025000000000000001,0.058823529411764705,0.033823529411764704,0.033823529411764704,-0,True,True,-0.003308823529411766,0.037132352941176471,symmetric5_years_omit_event_year
v3_on_the_additive_effects_of_stimulus_qual,rpp.27,RPP,successful,replication_word_tokens,10,22,0,1,0,0.045454545454545456,0.03125,0.6875,-0.03125,0,0.03125,17,23,0,0,0,0,0,0.57499999999999996,0,0,0,-0.03125,0,0.03125,0,0.03125,True,True,0.0025568181818181831,0.028693181818181819,symmetric5_years_omit_event_year
v3_on_the_additive_effects_of_stimulus_qual,rpp.27,RPP,successful,lowercase_modal_tokens,10,22,0,0,0,0,0,0.6875,0,0,0,17,23,2,1,0.11764705882352941,0.043478260869565216,0.074999999999999997,0.57499999999999996,0.042647058823529413,0.067647058823529407,0.025000000000000001,0.074999999999999997,0.11764705882352941,0.042647058823529413,0.067647058823529407,-0.025000000000000001,True,True,-0.0041719948849104878,0.046819053708439896,symmetric5_years_omit_event_year
v3_orienting_attention_in_visual_working_me,rpp.37,RPP,failed,epistemic_adverb_tokens,89,54,0,0,0,0,0,0.3776223776223776,0,0,0,31,26,2,0,0.064516129032258063,0,0.035087719298245612,0.45614035087719296,0.029428409734012451,0.029428409734012447,0,0.035087719298245612,0.064516129032258063,0.029428409734012451,0.029428409734012447,-0,True,True,0.0025328378469295274,0.026895571887082921,symmetric5_years_omit_event_year
v3_orienting_attention_in_visual_working_me,rpp.37,RPP,failed,replication_word_tokens,89,54,2,0,0.02247191011235955,0,0.013986013986013986,0.3776223776223776,0.0084858961263455639,0.0084858961263455639,0,31,26,0,0,0,0,0,0.45614035087719296,0,0,0,-0.013986013986013986,-0.02247191011235955,-0.0084858961263455639,-0.0084858961263455639,-0,True,True,0.00088222441859343089,-0.0093681205449389956,symmetric5_years_omit_event_year
v3_orienting_attention_in_visual_working_me,rpp.37,RPP,failed,lowercase_modal_tokens,89,54,6,0,0.06741573033707865,0,0.04195804195804196,0.3776223776223776,0.02545768837903669,0.02545768837903669,0,31,26,7,1,0.22580645161290322,0.038461538461538464,0.14035087719298245,0.45614035087719296,0.085455574419920771,0.10299943406904356,0.017543859649122806,0.098392835234940496,0.15839072127582457,0.059997886040884081,0.07754174569000688,-0.017543859649122806,True,True,0.010001644695902574,0.049996241344981499,symmetric5_years_omit_event_year
v3_perceptual_mechanisms_that_characterize_,rpp.110,RPP,failed,epistemic_adverb_tokens,18,8,0,0,0,0,0,0.30769230769230771,0,0,0,24,15,1,0,0.041666666666666664,0,0.02564102564102564,0.38461538461538464,0.016025641025641024,0.016025641025641024,0,0.02564102564102564,0.041666666666666664,0.016025641025641024,0.016025641025641024,-0,True,False,0.0016025641025641025,0.014423076923076922,symmetric5_years_omit_event_year
v3_perceptual_mechanisms_that_characterize_,rpp.110,RPP,failed,replication_word_tokens,18,8,0,0,0,0,0,0.30769230769230771,0,0,0,24,15,0,1,0,0.066666666666666666,0.02564102564102564,0.38461538461538464,-0.02564102564102564,0,0.02564102564102564,0.02564102564102564,0,-0.02564102564102564,0,-0.02564102564102564,True,False,-0.0025641025641025641,-0.023076923076923075,symmetric5_years_omit_event_year
v3_perceptual_mechanisms_that_characterize_,rpp.110,RPP,failed,lowercase_modal_tokens,18,8,6,0,0.33333333333333331,0,0.23076923076923078,0.30769230769230771,0.10256410256410253,0.10256410256410256,0,24,15,10,3,0.41666666666666669,0.20000000000000001,0.33333333333333331,0.38461538461538464,0.08333333333333337,0.16025641025641027,0.076923076923076927,0.10256410256410253,0.08333333333333337,-0.019230769230769162,0.057692307692307709,-0.076923076923076927,True,False,0.021153846153846155,-0.040384615384615373,symmetric5_years_omit_event_year
v3_poignancy_mixed_emotional_experience_in_,rpp.61,RPP,failed,epistemic_adverb_tokens,21,16,0,0,0,0,0,0.43243243243243246,0,0,0,18,12,0,0,0,0,0,0.40000000000000002,0,0,0,0,0,0,0,-0,True,True,-0,0,symmetric5_years_omit_event_year
v3_poignancy_mixed_emotional_experience_in_,rpp.61,RPP,failed,replication_word_tokens,21,16,0,0,0,0,0,0.43243243243243246,0,0,0,18,12,0,0,0,0,0,0.40000000000000002,0,0,0,0,0,0,0,-0,True,True,-0,0,symmetric5_years_omit_event_year
v3_poignancy_mixed_emotional_experience_in_,rpp.61,RPP,failed,lowercase_modal_tokens,21,16,2,1,0.095238095238095233,0.0625,0.081081081081081086,0.43243243243243246,0.014157014157014147,0.041184041184041183,0.027027027027027029,18,12,3,0,0.16666666666666666,0,0.10000000000000001,0.40000000000000002,0.066666666666666652,0.066666666666666666,0,0.01891891891891892,0.071428571428571425,0.052509652509652505,0.025482625482625483,0.027027027027027029,True,True,-0.0032335907335907335,0.055743243243243243,symmetric5_years_omit_event_year
v3_precision_of_the_anchor_influences_the_a,rpp.111,RPP,successful,epistemic_adverb_tokens,21,12,0,0,0,0,0,0.36363636363636365,0,0,0,29,12,0,0,0,0,0,0.29268292682926828,0,0,0,0,0,0,0,-0,True,True,-0,0,symmetric5_years_omit_event_year
v3_precision_of_the_anchor_influences_the_a,rpp.111,RPP,successful,replication_word_tokens,21,12,1,0,0.047619047619047616,0,0.030303030303030304,0.36363636363636365,0.017316017316017313,0.017316017316017316,0,29,12,0,0,0,0,0,0.29268292682926828,0,0,0,-0.030303030303030304,-0.047619047619047616,-0.017316017316017313,-0.017316017316017316,-0,True,True,-0.0016893675430260803,-0.015626649772991233,symmetric5_years_omit_event_year
v3_precision_of_the_anchor_influences_the_a,rpp.111,RPP,successful,lowercase_modal_tokens,21,12,1,0,0.047619047619047616,0,0.030303030303030304,0.36363636363636365,0.017316017316017313,0.017316017316017316,0,29,12,2,1,0.068965517241379309,0.083333333333333329,0.073170731707317069,0.29268292682926828,-0.0042052144659377594,0.020185029436501259,0.024390243902439025,0.042867701404286765,0.021346469622331693,-0.021521231781955072,0.0028690121204839429,-0.024390243902439025,True,True,-0.0011796445774578663,-0.020341587204497209,symmetric5_years_omit_event_year
v3_priming_addition_facts_with_semantic_rel,rpp.24,RPP,successful,epistemic_adverb_tokens,13,7,0,0,0,0,0,0.34999999999999998,0,0,0,11,12,0,0,0,0,0,0.52173913043478259,0,0,0,0,0,0,0,-0,True,False,0,0,symmetric5_years_omit_event_year
v3_priming_addition_facts_with_semantic_rel,rpp.24,RPP,successful,replication_word_tokens,13,7,0,0,0,0,0,0.34999999999999998,0,0,0,11,12,0,1,0,0.083333333333333329,0.043478260869565216,0.52173913043478259,-0.043478260869565216,0,0.043478260869565216,0.043478260869565216,0,-0.043478260869565216,0,-0.043478260869565216,True,False,-0.0071557971014492754,-0.036322463768115938,symmetric5_years_omit_event_year
v3_priming_addition_facts_with_semantic_rel,rpp.24,RPP,successful,lowercase_modal_tokens,13,7,1,1,0.076923076923076927,0.14285714285714285,0.10000000000000001,0.34999999999999998,-0.023076923076923078,0.026923076923076925,0.050000000000000003,11,12,1,1,0.090909090909090912,0.083333333333333329,0.086956521739130432,0.52173913043478259,0.0039525691699604792,0.047430830039525688,0.043478260869565216,-0.013043478260869573,0.013986013986013984,0.027029492246883557,0.020507753116448764,0.0065217391304347866,True,False,-0.0050112025655503906,0.032040694812433941,symmetric5_years_omit_event_year
v3_response_scales_effects_of_category_rang,ml1.8,ML1,successful,epistemic_adverb_tokens,22,21,0,0,0,0,0,0.48837209302325579,0,0,0,18,16,0,0,0,0,0,0.47058823529411764,0,0,0,0,0,0,0,-0,True,True,-0,0,symmetric5_years_omit_event_year
v3_response_scales_effects_of_category_rang,ml1.8,ML1,successful,replication_word_tokens,22,21,2,1,0.090909090909090912,0.047619047619047616,0.069767441860465115,0.48837209302325579,0.021141649048625796,0.044397463002114161,0.023255813953488372,18,16,0,0,0,0,0,0.47058823529411764,0,0,0,-0.069767441860465115,-0.090909090909090912,-0.021141649048625796,-0.044397463002114161,0.023255813953488372,True,True,-0.00038493198547918082,-0.020756717063146614,symmetric5_years_omit_event_year
v3_response_scales_effects_of_category_rang,ml1.8,ML1,successful,lowercase_modal_tokens,22,21,4,1,0.18181818181818182,0.047619047619047616,0.11627906976744186,0.48837209302325579,0.065539112050739964,0.088794926004228322,0.023255813953488372,18,16,4,1,0.22222222222222221,0.0625,0.14705882352941177,0.47058823529411764,0.07516339869281044,0.1045751633986928,0.029411764705882353,0.030779753761969911,0.040404040404040387,0.0096242866420704759,0.015780237394464477,-0.0061559507523939808,True,True,-0.0026135277930763546,0.012237814435146847,symmetric5_years_omit_event_year
v3_running_on_empty_neural_signals_for_self,ml3.5,ML3,successful,epistemic_adverb_tokens,13,1,0,0,0,0,0,0.071428571428571425,0,0,0,14,5,0,0,0,0,0,0.26315789473684209,0,0,0,0,0,0,0,-0,True,False,0,0,symmetric5_years_omit_event_year
v3_running_on_empty_neural_signals_for_self,ml3.5,ML3,successful,replication_word_tokens,13,1,0,0,0,0,0,0.071428571428571425,0,0,0,14,5,0,0,0,0,0,0.26315789473684209,0,0,0,0,0,0,0,-0,True,False,0,0,symmetric5_years_omit_event_year
v3_running_on_empty_neural_signals_for_self,ml3.5,ML3,successful,lowercase_modal_tokens,13,1,0,1,0,1,0.071428571428571425,0.071428571428571425,-0.071428571428571425,0,0.071428571428571425,14,5,3,0,0.21428571428571427,0,0.15789473684210525,0.26315789473684209,0.056390977443609019,0.056390977443609019,0,0.08646616541353383,0.21428571428571427,0.12781954887218044,0.056390977443609019,0.071428571428571425,True,False,-0.075322234156820614,0.20314178302900107,symmetric5_years_omit_event_year
v3_screening_competition_and_job_design_eco,ee.3,EERP,successful,epistemic_adverb_tokens,17,18,0,0,0,0,0,0.51428571428571423,0,0,0,17,29,0,0,0,0,0,0.63043478260869568,0,0,0,0,0,0,0,-0,True,True,0,0,symmetric5_years_omit_event_year
v3_screening_competition_and_job_design_eco,ee.3,EERP,successful,replication_word_tokens,17,18,0,0,0,0,0,0.51428571428571423,0,0,0,17,29,0,0,0,0,0,0.63043478260869568,0,0,0,0,0,0,0,-0,True,True,0,0,symmetric5_years_omit_event_year
v3_screening_competition_and_job_design_eco,ee.3,EERP,successful,lowercase_modal_tokens,17,18,2,1,0.11764705882352941,0.055555555555555552,0.085714285714285715,0.51428571428571423,0.031932773109243695,0.060504201680672262,0.028571428571428571,17,29,3,3,0.17647058823529413,0.10344827586206896,0.13043478260869565,0.63043478260869568,0.046035805626598481,0.1112531969309463,0.065217391304347824,0.044720496894409933,0.058823529411764719,0.014103032517354785,0.050748995250274043,-0.036645962732919257,True,True,0.0078466719021441714,0.0062563606152106089,symmetric5_years_omit_event_year
v3_self_handicapping_excuse_making_and_coun,rpp.94,RPP,successful,epistemic_adverb_tokens,33,18,0,0,0,0,0,0.35294117647058826,0,0,0,15,3,0,0,0,0,0,0.16666666666666666,0,0,0,0,0,0,0,-0,True,False,-0,0,symmetric5_years_omit_event_year
v3_self_handicapping_excuse_making_and_coun,rpp.94,RPP,successful,replication_word_tokens,33,18,0,0,0,0,0,0.35294117647058826,0,0,0,15,3,0,0,0,0,0,0.16666666666666666,0,0,0,0,0,0,0,-0,True,False,-0,0,symmetric5_years_omit_event_year
v3_self_handicapping_excuse_making_and_coun,rpp.94,RPP,successful,lowercase_modal_tokens,33,18,8,4,0.24242424242424243,0.22222222222222221,0.23529411764705882,0.35294117647058826,0.0071301247771836107,0.085561497326203217,0.078431372549019607,15,3,0,0,0,0,0,0.16666666666666666,0,0,0,-0.23529411764705882,-0.24242424242424243,-0.0071301247771836107,-0.085561497326203217,0.078431372549019607,True,False,-0.0018815607050901189,-0.005248564072093489,symmetric5_years_omit_event_year
v3_self_regulation_and_selective_exposure_t,rpp.86,RPP,failed,epistemic_adverb_tokens,15,23,0,0,0,0,0,0.60526315789473684,0,0,0,15,11,0,0,0,0,0,0.42307692307692307,0,0,0,0,0,0,0,-0,True,True,-0,0,symmetric5_years_omit_event_year
v3_self_regulation_and_selective_exposure_t,rpp.86,RPP,failed,replication_word_tokens,15,23,0,0,0,0,0,0.60526315789473684,0,0,0,15,11,0,0,0,0,0,0.42307692307692307,0,0,0,0,0,0,0,-0,True,True,-0,0,symmetric5_years_omit_event_year
v3_self_regulation_and_selective_exposure_t,rpp.86,RPP,failed,lowercase_modal_tokens,15,23,2,2,0.13333333333333333,0.086956521739130432,0.10526315789473684,0.60526315789473684,0.028070175438596495,0.080701754385964913,0.052631578947368418,15,11,1,0,0.066666666666666666,0,0.038461538461538464,0.42307692307692307,0.028205128205128202,0.028205128205128206,0,-0.066801619433198373,-0.066666666666666666,0.00013495276653170685,-0.052496626180836711,0.052631578947368418,True,True,-0.010297482837528604,0.010432435604060316,symmetric5_years_omit_event_year
v3_slow_to_anger_and_fast_to_forgive_cooper,ee.12,EERP,successful,epistemic_adverb_tokens,29,61,0,0,0,0,0,0.67777777777777781,0,0,0,30,72,0,0,0,0,0,0.70588235294117652,0,0,0,0,0,0,0,-0,True,True,0,0,symmetric5_years_omit_event_year
v3_slow_to_anger_and_fast_to_forgive_cooper,ee.12,EERP,successful,replication_word_tokens,29,61,0,0,0,0,0,0.67777777777777781,0,0,0,30,72,0,2,0,0.027777777777777776,0.019607843137254902,0.70588235294117652,-0.019607843137254902,0,0.019607843137254902,0.019607843137254902,0,-0.019607843137254902,0,-0.019607843137254902,True,True,-0.00039034132171387087,-0.019217501815541028,symmetric5_years_omit_event_year
v3_slow_to_anger_and_fast_to_forgive_cooper,ee.12,EERP,successful,lowercase_modal_tokens,29,61,1,2,0.034482758620689655,0.032786885245901641,0.033333333333333333,0.67777777777777781,0.0011494252873563218,0.023371647509578545,0.022222222222222223,30,72,1,1,0.033333333333333333,0.013888888888888888,0.019607843137254902,0.70588235294117652,0.013725490196078431,0.023529411764705882,0.0098039215686274508,-0.013725490196078431,-0.0011494252873563218,0.012576064908722109,0.00015776425512733713,0.012418300653594772,True,True,0.00029706982556437778,0.012278995083157733,symmetric5_years_omit_event_year
v3_terror_management_and_adults_attachment_,rpp.48,RPP,failed,epistemic_adverb_tokens,38,9,1,0,0.026315789473684209,0,0.021276595744680851,0.19148936170212766,0.0050391937290033585,0.0050391937290033594,0,42,11,0,0,0,0,0,0.20754716981132076,0,0,0,-0.021276595744680851,-0.026315789473684209,-0.0050391937290033585,-0.0050391937290033594,-0,True,False,0.00021128694880517243,-0.0052504806778085316,symmetric5_years_omit_event_year
v3_terror_management_and_adults_attachment_,rpp.48,RPP,failed,replication_word_tokens,38,9,0,0,0,0,0,0.19148936170212766,0,0,0,42,11,0,0,0,0,0,0.20754716981132076,0,0,0,0,0,0,0,-0,True,False,0,0,symmetric5_years_omit_event_year
v3_terror_management_and_adults_attachment_,rpp.48,RPP,failed,lowercase_modal_tokens,38,9,4,1,0.10526315789473684,0.1111111111111111,0.10638297872340426,0.19148936170212766,-0.0011198208286674199,0.020156774916013438,0.021276595744680851,42,11,6,1,0.14285714285714285,0.090909090909090912,0.13207547169811321,0.20754716981132076,0.010781671159029643,0.029649595687331536,0.018867924528301886,0.02569249297470895,0.037593984962406013,0.011901491987697063,0.0094928207713180987,0.0024086712163789645,True,False,0.00037013326962406822,0.011531358718072994,symmetric5_years_omit_event_year
v3_thar_she_bursts_reducing_confusion_reduc,ee.16,EERP,successful,epistemic_adverb_tokens,62,66,0,0,0,0,0,0.515625,0,0,0,49,59,0,0,0,0,0,0.54629629629629628,0,0,0,0,0,0,0,-0,True,True,0,0,symmetric5_years_omit_event_year
v3_thar_she_bursts_reducing_confusion_reduc,ee.16,EERP,successful,replication_word_tokens,62,66,0,2,0,0.030303030303030304,0.015625,0.515625,-0.015625,0,0.015625,49,59,0,1,0,0.016949152542372881,0.0092592592592592587,0.54629629629629628,-0.0092592592592592587,0,0.0092592592592592587,-0.0063657407407407413,0,0.0063657407407407413,0,0.0063657407407407413,True,True,-0.00072464285034906466,0.007090383591089806,symmetric5_years_omit_event_year
v3_thar_she_bursts_reducing_confusion_reduc,ee.16,EERP,successful,lowercase_modal_tokens,62,66,7,3,0.11290322580645161,0.045454545454545456,0.078125,0.515625,0.03477822580645161,0.05821572580645161,0.0234375,49,59,9,3,0.18367346938775511,0.050847457627118647,0.1111111111111111,0.54629629629629628,0.072562358276644007,0.10034013605442177,0.027777777777777776,0.032986111111111105,0.070770243581303502,0.037784132470192397,0.042124410247970159,-0.0043402777777777762,True,True,0.003071342211216653,0.03471279025897573,symmetric5_years_omit_event_year
v3_the_economics_of_credence_goods_an_exper,ee.8,EERP,successful,epistemic_adverb_tokens,27,33,0,0,0,0,0,0.55000000000000004,0,0,0,52,88,0,2,0,0.022727272727272728,0.014285714285714285,0.62857142857142856,-0.014285714285714285,0,0.014285714285714285,0.014285714285714285,0,-0.014285714285714285,0,-0.014285714285714285,True,True,-0.00089285714285714229,-0.013392857142857144,symmetric5_years_omit_event_year
v3_the_economics_of_credence_goods_an_exper,ee.8,EERP,successful,replication_word_tokens,27,33,0,0,0,0,0,0.55000000000000004,0,0,0,52,88,0,0,0,0,0,0.62857142857142856,0,0,0,0,0,0,0,-0,True,True,0,0,symmetric5_years_omit_event_year
v3_the_economics_of_credence_goods_an_exper,ee.8,EERP,successful,lowercase_modal_tokens,27,33,2,2,0.07407407407407407,0.060606060606060608,0.066666666666666666,0.55000000000000004,0.0074074074074074042,0.040740740740740744,0.033333333333333333,52,88,10,5,0.19230769230769232,0.056818181818181816,0.10714285714285714,0.62857142857142856,0.085164835164835181,0.12087912087912088,0.035714285714285712,0.040476190476190471,0.11823361823361825,0.077757427757427777,0.080138380138380136,-0.0023809523809523794,True,True,0.0058519027269027229,0.071905525030525039,symmetric5_years_omit_event_year
v3_the_effect_of_global_versus_local_proces,rpp.64,RPP,failed,epistemic_adverb_tokens,63,38,0,0,0,0,0,0.37623762376237624,0,0,0,21,17,0,0,0,0,0,0.44736842105263158,0,0,0,0,0,0,0,-0,True,True,0,0,symmetric5_years_omit_event_year
v3_the_effect_of_global_versus_local_proces,rpp.64,RPP,failed,replication_word_tokens,63,38,0,0,0,0,0,0.37623762376237624,0,0,0,21,17,0,1,0,0.058823529411764705,0.026315789473684209,0.44736842105263158,-0.026315789473684209,0,0.026315789473684209,0.026315789473684209,0,-0.026315789473684209,0,-0.026315789473684209,True,True,-0.0020920822732428041,-0.024223707200441404,symmetric5_years_omit_event_year
v3_the_effect_of_global_versus_local_proces,rpp.64,RPP,failed,lowercase_modal_tokens,63,38,15,0,0.23809523809523808,0,0.14851485148514851,0.37623762376237624,0.089580386610089574,0.089580386610089574,0,21,17,0,0,0,0,0,0.44736842105263158,0,0,0,-0.14851485148514851,-0.23809523809523808,-0.089580386610089574,-0.089580386610089574,-0,True,True,0.0084679520583637313,-0.098048338668453305,symmetric5_years_omit_event_year
v3_the_face_of_success_inferences_from_chie,rpp.82,RPP,failed,epistemic_adverb_tokens,42,32,0,0,0,0,0,0.43243243243243246,0,0,0,18,16,0,0,0,0,0,0.47058823529411764,0,0,0,0,0,0,0,-0,True,True,0,0,symmetric5_years_omit_event_year
v3_the_face_of_success_inferences_from_chie,rpp.82,RPP,failed,replication_word_tokens,42,32,0,1,0,0.03125,0.013513513513513514,0.43243243243243246,-0.013513513513513514,0,0.013513513513513514,18,16,0,0,0,0,0,0.47058823529411764,0,0,0,-0.013513513513513514,0,0.013513513513513514,0,0.013513513513513514,True,True,-0.000596184419713831,0.014109697933227345,symmetric5_years_omit_event_year
v3_the_face_of_success_inferences_from_chie,rpp.82,RPP,failed,lowercase_modal_tokens,42,32,6,2,0.14285714285714285,0.0625,0.10810810810810811,0.43243243243243246,0.034749034749034735,0.061776061776061778,0.027027027027027029,18,16,1,1,0.055555555555555552,0.0625,0.058823529411764705,0.47058823529411764,-0.0032679738562091526,0.0261437908496732,0.029411764705882353,-0.049284578696343409,-0.087301587301587297,-0.038017008605243888,-0.035632270926388578,-0.002384737678855324,True,True,0.0014005602240896346,-0.039417568829333532,symmetric5_years_omit_event_year
v3_the_framing_of_decisions_and_the_psychol,ml1.2,ML1,successful,epistemic_adverb_tokens,36,28,0,0,0,0,0,0.4375,0,0,0,35,23,0,1,0,0.043478260869565216,0.017241379310344827,0.39655172413793105,-0.017241379310344827,0,0.017241379310344827,0.017241379310344827,0,-0.017241379310344827,0,-0.017241379310344827,True,True,0.00089017991004497715,-0.018131559220389806,symmetric5_years_omit_event_year
v3_the_framing_of_decisions_and_the_psychol,ml1.2,ML1,successful,replication_word_tokens,36,28,0,1,0,0.035714285714285712,0.015625,0.4375,-0.015625,0,0.015625,35,23,1,0,0.028571428571428571,0,0.017241379310344827,0.39655172413793105,0.011330049261083743,0.011330049261083743,0,0.0016163793103448273,0.028571428571428571,0.026955049261083743,0.011330049261083743,0.015625,True,True,0.00014624384236453194,0.02680880541871921,symmetric5_years_omit_event_year
v3_the_framing_of_decisions_and_the_psychol,ml1.2,ML1,successful,lowercase_modal_tokens,36,28,4,0,0.1111111111111111,0,0.0625,0.4375,0.048611111111111105,0.048611111111111105,0,35,23,4,2,0.11428571428571428,0.086956521739130432,0.10344827586206896,0.39655172413793105,0.010837438423645318,0.045320197044334973,0.034482758620689655,0.040948275862068964,0.0031746031746031772,-0.037773672687465787,-0.0032909140667761322,-0.034482758620689655,True,True,-0.0028344458723019426,-0.034939226815163843,symmetric5_years_omit_event_year
v3_the_lure_of_authority_motivation_and_inc,ee.10,EERP,successful,epistemic_adverb_tokens,13,16,1,0,0.076923076923076927,0,0.034482758620689655,0.55172413793103448,0.042440318302387273,0.042440318302387273,0,61,53,2,0,0.032786885245901641,0,0.017543859649122806,0.46491228070175439,0.015243025596778835,0.015243025596778833,0,-0.016938898971566849,-0.044136191677175286,-0.027197292705608438,-0.027197292705608438,-0,True,True,-0.0047620627862215437,-0.022435229919386894,symmetric5_years_omit_event_year
v3_the_lure_of_authority_motivation_and_inc,ee.10,EERP,successful,replication_word_tokens,13,16,0,0,0,0,0,0.55172413793103448,0,0,0,61,53,1,1,0.016393442622950821,0.018867924528301886,0.017543859649122806,0.46491228070175439,-0.0011504170261719855,0.0076215127983894166,0.008771929824561403,0.017543859649122806,0.016393442622950821,-0.0011504170261719855,0.0076215127983894166,-0.008771929824561403,True,True,0.00010740718494188683,-0.0012578242111138736,symmetric5_years_omit_event_year
v3_the_lure_of_authority_motivation_and_inc,ee.10,EERP,successful,lowercase_modal_tokens,13,16,2,0,0.15384615384615385,0,0.068965517241379309,0.55172413793103448,0.084880636604774545,0.084880636604774545,0,61,53,15,5,0.24590163934426229,0.094339622641509441,0.17543859649122806,0.46491228070175439,0.07046304285303423,0.11432269197584125,0.043859649122807015,0.10647307924984875,0.092055485498108436,-0.014417593751740315,0.0294420553710667,-0.043859649122807015,True,True,-0.013256525249173656,-0.0011610685025666633,symmetric5_years_omit_event_year
v3_the_nonverbal_expression_of_pride_eviden,rpp.69,RPP,successful,epistemic_adverb_tokens,55,30,1,0,0.018181818181818181,0,0.011764705882352941,0.35294117647058826,0.0064171122994652399,0.0064171122994652408,0,53,25,0,0,0,0,0,0.32051282051282054,0,0,0,-0.011764705882352941,-0.018181818181818181,-0.0064171122994652399,-0.0064171122994652408,-0,True,True,-0.00029480323597970654,-0.0061223090634855339,symmetric5_years_omit_event_year
v3_the_nonverbal_expression_of_pride_eviden,rpp.69,RPP,successful,replication_word_tokens,55,30,1,1,0.018181818181818181,0.033333333333333333,0.023529411764705882,0.35294117647058826,-0.0053475935828877011,0.0064171122994652408,0.011764705882352941,53,25,0,0,0,0,0,0.32051282051282054,0,0,0,-0.023529411764705882,-0.018181818181818181,0.0053475935828877011,-0.0064171122994652408,0.011764705882352941,True,True,0.0002456693633164221,0.0051019242195712786,symmetric5_years_omit_event_year
v3_the_nonverbal_expression_of_pride_eviden,rpp.69,RPP,successful,lowercase_modal_tokens,55,30,7,0,0.12727272727272726,0,0.082352941176470587,0.35294117647058826,0.044919786096256673,0.044919786096256679,0,53,25,1,1,0.018867924528301886,0.040000000000000001,0.02564102564102564,0.32051282051282054,-0.0067731011127237541,0.0060474117077890669,0.01282051282051282,-0.056711915535444947,-0.10840480274442538,-0.051692887208980423,-0.038872374388467613,-0.01282051282051282,True,True,-0.0017209834190966263,-0.049971903789883816,symmetric5_years_omit_event_year
v3_the_potential_of_social_identity_for_equ,ee.5,EERP,failed,epistemic_adverb_tokens,35,57,0,1,0,0.017543859649122806,0.010869565217391304,0.61956521739130432,-0.010869565217391304,0,0.010869565217391304,65,96,0,0,0,0,0,0.59627329192546585,0,0,0,-0.010869565217391304,0,0.010869565217391304,0,0.010869565217391304,True,True,0.00020431513566524973,0.010665250081726054,symmetric5_years_omit_event_year
v3_the_potential_of_social_identity_for_equ,ee.5,EERP,failed,replication_word_tokens,35,57,0,0,0,0,0,0.61956521739130432,0,0,0,65,96,1,8,0.015384615384615385,0.083333333333333329,0.055900621118012424,0.59627329192546585,-0.040516005733397038,0.0091734352603917834,0.049689440993788817,0.055900621118012424,0.015384615384615385,-0.040516005733397038,0.0091734352603917834,-0.049689440993788817,True,True,0.00079132823698040947,-0.041307333970377447,symmetric5_years_omit_event_year
v3_the_potential_of_social_identity_for_equ,ee.5,EERP,failed,lowercase_modal_tokens,35,57,4,1,0.11428571428571428,0.017543859649122806,0.05434782608695652,0.61956521739130432,0.059937888198757762,0.070807453416149066,0.010869565217391304,65,96,6,5,0.092307692307692313,0.052083333333333336,0.068322981366459631,0.59627329192546585,0.023984710941232681,0.055040611562350697,0.031055900621118012,0.013975155279503111,-0.021978021978021969,-0.03595317725752508,-0.015766841853798369,-0.020186335403726708,True,True,-0.0015951034193821844,-0.034358073838142898,symmetric5_years_omit_event_year
v3_the_representation_of_simple_ensemble_vi,rpp.122,RPP,successful,epistemic_adverb_tokens,34,50,0,0,0,0,0,0.59523809523809523,0,0,0,52,49,2,1,0.038461538461538464,0.020408163265306121,0.029702970297029702,0.48514851485148514,0.0087585681645087621,0.018659558263518661,0.0099009900990099011,0.029702970297029702,0.038461538461538464,0.0087585681645087621,0.018659558263518661,-0.0099009900990099011,True,True,-0.00099374424995762661,0.0097523124144663874,symmetric5_years_omit_event_year
v3_the_representation_of_simple_ensemble_vi,rpp.122,RPP,successful,replication_word_tokens,34,50,1,0,0.029411764705882353,0,0.011904761904761904,0.59523809523809523,0.017507002801120448,0.017507002801120448,0,52,49,0,0,0,0,0,0.48514851485148514,0,0,0,-0.011904761904761904,-0.029411764705882353,-0.017507002801120448,-0.017507002801120448,-0,True,True,-0.0016189644174501485,-0.015888038383670301,symmetric5_years_omit_event_year
v3_the_representation_of_simple_ensemble_vi,rpp.122,RPP,successful,lowercase_modal_tokens,34,50,4,3,0.11764705882352941,0.059999999999999998,0.083333333333333329,0.59523809523809523,0.034313725490196081,0.070028011204481794,0.035714285714285712,52,49,4,2,0.076923076923076927,0.040816326530612242,0.059405940594059403,0.48514851485148514,0.017517136329017524,0.037319116527037323,0.019801980198019802,-0.023927392739273926,-0.040723981900452483,-0.016796589161178557,-0.032708894677444471,0.01591230551626591,True,True,-0.0051606587581175447,-0.011635930403061014,symmetric5_years_omit_event_year
v3_the_space_between_us_stereotype_threat_a,rpp.87,RPP,failed,epistemic_adverb_tokens,28,20,2,0,0.071428571428571425,0,0.041666666666666664,0.41666666666666669,0.02976190476190476,0.02976190476190476,0,49,26,0,0,0,0,0,0.34666666666666668,0,0,0,-0.041666666666666664,-0.071428571428571425,-0.02976190476190476,-0.02976190476190476,-0,True,True,-0.0025000000000000001,-0.027261904761904765,symmetric5_years_omit_event_year
v3_the_space_between_us_stereotype_threat_a,rpp.87,RPP,failed,replication_word_tokens,28,20,0,0,0,0,0,0.41666666666666669,0,0,0,49,26,0,0,0,0,0,0.34666666666666668,0,0,0,0,0,0,0,-0,True,True,-0,0,symmetric5_years_omit_event_year
v3_the_space_between_us_stereotype_threat_a,rpp.87,RPP,failed,lowercase_modal_tokens,28,20,2,3,0.071428571428571425,0.14999999999999999,0.10416666666666667,0.41666666666666669,-0.032738095238095247,0.02976190476190476,0.0625,49,26,9,3,0.18367346938775511,0.11538461538461539,0.16,0.34666666666666668,0.023673469387755108,0.063673469387755102,0.040000000000000001,0.055833333333333332,0.11224489795918369,0.056411564625850355,0.033911564625850342,0.022499999999999999,True,True,0.00035989010989010973,0.056051674515960236,symmetric5_years_omit_event_year
v3_the_stroop_effect_why_proportion_congrue,rpp.15,RPP,successful,epistemic_adverb_tokens,84,63,0,0,0,0,0,0.42857142857142855,0,0,0,93,60,2,0,0.021505376344086023,0,0.013071895424836602,0.39215686274509803,0.0084334809192494215,0.0084334809192494215,0,0.013071895424836602,0.021505376344086023,0.0084334809192494215,0.0084334809192494215,-0,True,True,-0.00039155447125086576,0.0088250353905002868,symmetric5_years_omit_event_year
v3_the_stroop_effect_why_proportion_congrue,rpp.15,RPP,successful,replication_word_tokens,84,63,0,0,0,0,0,0.42857142857142855,0,0,0,93,60,2,1,0.021505376344086023,0.016666666666666666,0.019607843137254902,0.39215686274509803,0.0018975332068311215,0.0084334809192494215,0.0065359477124183009,0.019607843137254902,0.021505376344086023,0.0018975332068311215,0.0084334809192494215,-0.0065359477124183009,True,True,-8.809975603144483e-05,0.001985632962862565,symmetric5_years_omit_event_year
v3_the_stroop_effect_why_proportion_congrue,rpp.15,RPP,successful,lowercase_modal_tokens,84,63,11,5,0.13095238095238096,0.079365079365079361,0.10884353741496598,0.42857142857142855,0.022108843537414977,0.056122448979591837,0.034013605442176874,93,60,28,5,0.30107526881720431,0.083333333333333329,0.21568627450980393,0.39215686274509803,0.085388994307400379,0.11806873286949189,0.032679738562091505,0.10684273709483795,0.17012288786482335,0.063280150769985402,0.061946283889900054,0.0013338668800853687,True,True,-0.0049037536161417958,0.068183904386127217,symmetric5_years_omit_event_year
v3_the_threat_of_appearing_prejudiced_and_r,rpp.129,RPP,failed,epistemic_adverb_tokens,27,19,0,0,0,0,0,0.41304347826086957,0,0,0,23,13,1,0,0.043478260869565216,0,0.027777777777777776,0.3611111111111111,0.01570048309178744,0.01570048309178744,0,0.027777777777777776,0.043478260869565216,0.01570048309178744,0.01570048309178744,-0,True,True,-0.0011289645032556187,0.016829447595043057,symmetric5_years_omit_event_year
v3_the_threat_of_appearing_prejudiced_and_r,rpp.129,RPP,failed,replication_word_tokens,27,19,0,0,0,0,0,0.41304347826086957,0,0,0,23,13,0,0,0,0,0,0.3611111111111111,0,0,0,0,0,0,0,-0,True,True,-0,0,symmetric5_years_omit_event_year
v3_the_threat_of_appearing_prejudiced_and_r,rpp.129,RPP,failed,lowercase_modal_tokens,27,19,3,2,0.1111111111111111,0.10526315789473684,0.10869565217391304,0.41304347826086957,0.0024154589371980645,0.045893719806763281,0.043478260869565216,23,13,7,0,0.30434782608695654,0,0.19444444444444445,0.3611111111111111,0.10990338164251209,0.10990338164251208,0,0.085748792270531407,0.19323671497584544,0.10748792270531403,0.064009661835748799,0.043478260869565216,True,True,-0.0080546005495430121,0.11554252325485703,symmetric5_years_omit_event_year
v3_toward_a_physiology_of_dual_process_reas,rpp.118,RPP,failed,epistemic_adverb_tokens,62,42,0,0,0,0,0,0.40384615384615385,0,0,0,48,37,0,0,0,0,0,0.43529411764705883,0,0,0,0,0,0,0,-0,True,True,0,0,symmetric5_years_omit_event_year
v3_toward_a_physiology_of_dual_process_reas,rpp.118,RPP,failed,replication_word_tokens,62,42,2,2,0.032258064516129031,0.047619047619047616,0.038461538461538464,0.40384615384615385,-0.0062034739454094323,0.013027295285359801,0.019230769230769232,48,37,0,1,0,0.027027027027027029,0.011764705882352941,0.43529411764705883,-0.011764705882352941,0,0.011764705882352941,-0.026696832579185523,-0.032258064516129031,-0.0055612319369435087,-0.013027295285359801,0.0074660633484162908,True,True,-0.0006665083040794616,-0.0048947236328640521,symmetric5_years_omit_event_year
v3_toward_a_physiology_of_dual_process_reas,rpp.118,RPP,failed,lowercase_modal_tokens,62,42,8,0,0.12903225806451613,0,0.076923076923076927,0.40384615384615385,0.052109181141439198,0.052109181141439205,0,48,37,3,1,0.0625,0.027027027027027029,0.047058823529411764,0.43529411764705883,0.015441176470588236,0.027205882352941177,0.011764705882352941,-0.029864253393665163,-0.066532258064516125,-0.036668004670850962,-0.024903298788498028,-0.011764705882352941,True,True,0.0025866772753632334,-0.039254681946214204,symmetric5_years_omit_event_year
v3_tracing_attention_and_the_activation_flo,rpp.1,RPP,failed,epistemic_adverb_tokens,72,43,0,1,0,0.023255813953488372,0.0086956521739130436,0.37391304347826088,-0.0086956521739130436,0,0.0086956521739130436,27,22,0,0,0,0,0,0.44897959183673469,0,0,0,-0.0086956521739130436,0,0.0086956521739130436,0,0.0086956521739130436,True,True,-0.00087286684137760249,0.0095685190152906465,symmetric5_years_omit_event_year
v3_tracing_attention_and_the_activation_flo,rpp.1,RPP,failed,replication_word_tokens,72,43,4,0,0.055555555555555552,0,0.034782608695652174,0.37391304347826088,0.020772946859903378,0.020772946859903382,0,27,22,3,0,0.1111111111111111,0,0.061224489795918366,0.44897959183673469,0.049886621315192739,0.049886621315192739,0,0.026441881100266192,0.055555555555555552,0.029113674455289361,0.029113674455289357,-0,True,True,0.0062555456965394845,0.022858128758749877,symmetric5_years_omit_event_year
v3_tracing_attention_and_the_activation_flo,rpp.1,RPP,failed,lowercase_modal_tokens,72,43,6,2,0.083333333333333329,0.046511627906976744,0.069565217391304349,0.37391304347826088,0.01376811594202898,0.031159420289855071,0.017391304347826087,27,22,1,1,0.037037037037037035,0.045454545454545456,0.040816326530612242,0.44897959183673469,-0.0037792894935752067,0.016628873771730914,0.020408163265306121,-0.028748890860692107,-0.046296296296296294,-0.017547405435604187,-0.014530546518124157,-0.0030168589174800337,True,True,0.001066102514174159,-0.018613507949778351,symmetric5_years_omit_event_year
v3_weight_as_an_embodiment_of_importance,ml3.10,ML3,failed,epistemic_adverb_tokens,56,28,0,0,0,0,0,0.33333333333333331,0,0,0,48,35,1,1,0.020833333333333332,0.028571428571428571,0.024096385542168676,0.42168674698795183,-0.0032630522088353438,0.0087851405622489959,0.012048192771084338,0.024096385542168676,0.020833333333333332,-0.0032630522088353438,0.0087851405622489959,-0.012048192771084338,True,True,-0.0003418435647351312,-0.0029212086441002109,symmetric5_years_omit_event_year
v3_weight_as_an_embodiment_of_importance,ml3.10,ML3,failed,replication_word_tokens,56,28,1,0,0.017857142857142856,0,0.011904761904761904,0.33333333333333331,0.0059523809523809521,0.0059523809523809521,0,48,35,2,1,0.041666666666666664,0.028571428571428571,0.03614457831325301,0.42168674698795183,0.0055220883534136539,0.017570281124497992,0.012048192771084338,0.024239816408491106,0.023809523809523808,-0.00043029259896729816,0.01161790017211704,-0.012048192771084338,True,True,0.0013673742589405246,-0.0017976668579078221,symmetric5_years_omit_event_year
v3_weight_as_an_embodiment_of_importance,ml3.10,ML3,failed,lowercase_modal_tokens,56,28,3,1,0.053571428571428568,0.035714285714285712,0.047619047619047616,0.33333333333333331,0.0059523809523809521,0.017857142857142856,0.011904761904761904,48,35,8,2,0.16666666666666666,0.057142857142857141,0.12048192771084337,0.42168674698795183,0.046184738955823285,0.070281124497991967,0.024096385542168676,0.072862880091795756,0.11309523809523808,0.040232358003442333,0.052423981640849111,-0.012191623637406772,True,True,0.0056272709887167744,0.034605087014725575,symmetric5_years_omit_event_year
v3_when_does_between_sequence_phonological_,rpp.12,RPP,failed,epistemic_adverb_tokens,23,5,0,0,0,0,0,0.17857142857142858,0,0,0,15,10,2,0,0.13333333333333333,0,0.080000000000000002,0.40000000000000002,0.05333333333333333,0.053333333333333337,0,0.080000000000000002,0.13333333333333333,0.05333333333333333,0.053333333333333337,-0,True,False,0.014761904761904763,0.038571428571428576,symmetric5_years_omit_event_year
v3_when_does_between_sequence_phonological_,rpp.12,RPP,failed,replication_word_tokens,23,5,0,0,0,0,0,0.17857142857142858,0,0,0,15,10,0,0,0,0,0,0.40000000000000002,0,0,0,0,0,0,0,-0,True,False,0,0,symmetric5_years_omit_event_year
v3_when_does_between_sequence_phonological_,rpp.12,RPP,failed,lowercase_modal_tokens,23,5,2,0,0.086956521739130432,0,0.071428571428571425,0.17857142857142858,0.015527950310559008,0.015527950310559006,0,15,10,3,1,0.20000000000000001,0.10000000000000001,0.16,0.40000000000000002,0.040000000000000008,0.080000000000000016,0.040000000000000001,0.088571428571428579,0.11304347826086958,0.024472049689441,0.064472049689441008,-0.040000000000000001,True,False,0.020698757763975156,0.0037732919254658413,symmetric5_years_omit_event_year
v3_why_do_implicit_and_explicit_attitude_te,rpp.44,RPP,successful,epistemic_adverb_tokens,27,29,0,0,0,0,0,0.5178571428571429,0,0,0,34,50,0,0,0,0,0,0.59523809523809523,0,0,0,0,0,0,0,-0,True,True,0,0,symmetric5_years_omit_event_year
v3_why_do_implicit_and_explicit_attitude_te,rpp.44,RPP,successful,replication_word_tokens,27,29,0,0,0,0,0,0.5178571428571429,0,0,0,34,50,1,4,0.029411764705882353,0.080000000000000002,0.059523809523809521,0.59523809523809523,-0.030112044817927168,0.017507002801120448,0.047619047619047616,0.059523809523809521,0.029411764705882353,-0.030112044817927168,0.017507002801120448,-0.047619047619047616,True,True,-0.0019572829131652651,-0.028154761904761908,symmetric5_years_omit_event_year
v3_why_do_implicit_and_explicit_attitude_te,rpp.44,RPP,successful,lowercase_modal_tokens,27,29,3,0,0.1111111111111111,0,0.053571428571428568,0.5178571428571429,0.057539682539682536,0.057539682539682543,0,34,50,3,5,0.088235294117647065,0.10000000000000001,0.095238095238095233,0.59523809523809523,-0.0070028011204481683,0.052521008403361345,0.059523809523809521,0.041666666666666664,-0.02287581699346404,-0.064542483660130712,-0.0050186741363211981,-0.059523809523809521,True,True,0.0038437597261126643,-0.068386243386243384,symmetric5_years_omit_event_year
v3_why_people_are_reluctant_to_tempt_fate,rpp.68,RPP,failed,epistemic_adverb_tokens,28,19,0,0,0,0,0,0.40425531914893614,0,0,0,18,41,0,0,0,0,0,0.69491525423728817,0,0,0,0,0,0,0,-0,True,True,0,0,symmetric5_years_omit_event_year
v3_why_people_are_reluctant_to_tempt_fate,rpp.68,RPP,failed,replication_word_tokens,28,19,4,2,0.14285714285714285,0.10526315789473684,0.1276595744680851,0.40425531914893614,0.015197568389057753,0.057750759878419447,0.042553191489361701,18,41,0,12,0,0.29268292682926828,0.20338983050847459,0.69491525423728817,-0.20338983050847459,0,0.20338983050847459,0.075730256040389493,-0.14285714285714285,-0.21858739889753234,-0.057750759878419447,-0.16083663901911288,True,True,-0.037072067642389295,-0.18151533125514302,symmetric5_years_omit_event_year
v3_why_people_are_reluctant_to_tempt_fate,rpp.68,RPP,failed,lowercase_modal_tokens,28,19,5,2,0.17857142857142858,0.10526315789473684,0.14893617021276595,0.40425531914893614,0.029635258358662625,0.072188449848024319,0.042553191489361701,18,41,1,1,0.055555555555555552,0.024390243902439025,0.033898305084745763,0.69491525423728817,0.02165725047080979,0.038606403013182675,0.016949152542372881,-0.11503786512802019,-0.12301587301587302,-0.0079780078878528352,-0.033582046834841645,0.02560403894698882,True,True,0.015183142329214838,-0.023161150217067661,symmetric5_years_omit_event_year
v3_working_memory_costs_of_task_switching,rpp.3,RPP,failed,epistemic_adverb_tokens,22,11,0,0,0,0,0,0.33333333333333331,0,0,0,25,11,0,0,0,0,0,0.30555555555555558,0,0,0,0,0,0,0,-0,True,True,-0,0,symmetric5_years_omit_event_year
v3_working_memory_costs_of_task_switching,rpp.3,RPP,failed,replication_word_tokens,22,11,0,0,0,0,0,0.33333333333333331,0,0,0,25,11,0,0,0,0,0,0.30555555555555558,0,0,0,0,0,0,0,-0,True,True,-0,0,symmetric5_years_omit_event_year
v3_working_memory_costs_of_task_switching,rpp.3,RPP,failed,lowercase_modal_tokens,22,11,2,0,0.090909090909090912,0,0.060606060606060608,0.33333333333333331,0.030303030303030304,0.030303030303030304,0,25,11,2,0,0.080000000000000002,0,0.055555555555555552,0.30555555555555558,0.024444444444444449,0.024444444444444446,0,-0.0050505050505050553,-0.01090909090909091,-0.0058585858585858547,-0.0058585858585858581,-0,True,True,-0.0023737373737373699,-0.0034848484848484847,symmetric5_years_omit_event_year
v3_1_f_noise_and_effort_on_implicit_measure,rpp.63,RPP,failed,epistemic_adverb_tokens,28,23,0,0,0,0,0,0.45098039215686275,0,0,0,15,23,1,0,0.066666666666666666,0,0.026315789473684209,0.60526315789473684,0.040350877192982457,0.040350877192982457,0,0.026315789473684209,0.066666666666666666,0.040350877192982457,0.040350877192982457,-0,True,True,0.0051427588579291365,0.035208118335053322,latest_archived_year
v3_1_f_noise_and_effort_on_implicit_measure,rpp.63,RPP,failed,replication_word_tokens,28,23,2,2,0.071428571428571425,0.086956521739130432,0.078431372549019607,0.45098039215686275,-0.0070028011204481821,0.032212885154061621,0.039215686274509803,15,23,0,5,0,0.21739130434782608,0.13157894736842105,0.60526315789473684,-0.13157894736842105,0,0.13157894736842105,0.053147574819401439,-0.071428571428571425,-0.12457614624797286,-0.032212885154061621,-0.092363261093911242,True,True,-0.017967713401149932,-0.10660843284682295,latest_archived_year
v3_1_f_noise_and_effort_on_implicit_measure,rpp.63,RPP,failed,lowercase_modal_tokens,28,23,6,3,0.21428571428571427,0.13043478260869565,0.17647058823529413,0.45098039215686275,0.037815126050420145,0.096638655462184864,0.058823529411764705,15,23,0,0,0,0,0,0.60526315789473684,0,0,0,-0.17647058823529413,-0.21428571428571427,-0.037815126050420145,-0.096638655462184864,0.058823529411764705,True,True,0.0064683768244139751,-0.044283502874834145,latest_archived_year
v3_a_motion_aftereffect_from_still_photogra,rpp.127,RPP,successful,epistemic_adverb_tokens,20,14,0,0,0,0,0,0.41176470588235292,0,0,0,14,11,0,0,0,0,0,0.44,0,0,0,0,0,0,0,-0,True,True,0,0,latest_archived_year
v3_a_motion_aftereffect_from_still_photogra,rpp.127,RPP,successful,replication_word_tokens,20,14,1,1,0.050000000000000003,0.071428571428571425,0.058823529411764705,0.41176470588235292,-0.0088235294117647023,0.020588235294117647,0.029411764705882353,14,11,0,0,0,0,0,0.44,0,0,0,-0.058823529411764705,-0.050000000000000003,0.0088235294117647023,-0.020588235294117647,0.029411764705882353,True,True,-0.00030252100840336149,0.0091260504201680654,latest_archived_year
v3_a_motion_aftereffect_from_still_photogra,rpp.127,RPP,successful,lowercase_modal_tokens,20,14,4,1,0.20000000000000001,0.071428571428571425,0.14705882352941177,0.41176470588235292,0.052941176470588241,0.082352941176470587,0.029411764705882353,14,11,0,3,0,0.27272727272727271,0.12,0.44,-0.12,0,0.12,-0.027058823529411774,-0.20000000000000001,-0.17294117647058824,-0.082352941176470587,-0.090588235294117636,True,True,-0.0020351413292589776,-0.17090603514132927,latest_archived_year
v3_a_single_exposure_to_the_american_flag_s,ml1.12,ML1,failed,epistemic_adverb_tokens,23,8,0,0,0,0,0,0.25806451612903225,0,0,0,53,43,0,1,0,0.023255813953488372,0.010416666666666666,0.44791666666666669,-0.010416666666666666,0,0.010416666666666666,0.010416666666666666,0,-0.010416666666666666,0,-0.010416666666666666,True,False,-0.0022075831457864471,-0.0082090835208802199,latest_archived_year
v3_a_single_exposure_to_the_american_flag_s,ml1.12,ML1,failed,replication_word_tokens,23,8,0,0,0,0,0,0.25806451612903225,0,0,0,53,43,4,4,0.075471698113207544,0.093023255813953487,0.083333333333333329,0.44791666666666669,-0.0078616352201257844,0.03380503144654088,0.041666666666666664,0.083333333333333329,0.075471698113207544,-0.0078616352201257844,0.03380503144654088,-0.041666666666666664,True,False,-0.0016661004873859979,-0.0061955347327397898,latest_archived_year
v3_a_single_exposure_to_the_american_flag_s,ml1.12,ML1,failed,lowercase_modal_tokens,23,8,3,0,0.13043478260869565,0,0.096774193548387094,0.25806451612903225,0.033660589060308554,0.033660589060308554,0,53,43,11,2,0.20754716981132076,0.046511627906976744,0.13541666666666666,0.44791666666666669,0.072130503144654107,0.092963836477987435,0.020833333333333332,0.038642473118279563,0.077112387202625116,0.038469914084345552,0.059303247417678881,-0.020833333333333332,True,False,0.027668133963351382,0.01080178012099416,latest_archived_year
v3_a_social_functional_approach_to_emotions,rpp.56,RPP,failed,epistemic_adverb_tokens,35,26,0,0,0,0,0,0.42622950819672129,0,0,0,48,25,0,0,0,0,0,0.34246575342465752,0,0,0,0,0,0,0,-0,True,True,-0,0,latest_archived_year
v3_a_social_functional_approach_to_emotions,rpp.56,RPP,failed,replication_word_tokens,35,26,0,0,0,0,0,0.42622950819672129,0,0,0,48,25,1,0,0.020833333333333332,0,0.013698630136986301,0.34246575342465752,0.0071347031963470316,0.0071347031963470316,0,0.013698630136986301,0.020833333333333332,0.0071347031963470316,0.0071347031963470316,-0,True,True,-0.0008725391122089976,0.0080072423085560292,latest_archived_year
v3_a_social_functional_approach_to_emotions,rpp.56,RPP,failed,lowercase_modal_tokens,35,26,6,1,0.17142857142857143,0.038461538461538464,0.11475409836065574,0.42622950819672129,0.05667447306791569,0.0730679156908665,0.016393442622950821,48,25,6,1,0.125,0.040000000000000001,0.095890410958904104,0.34246575342465752,0.029109589041095896,0.042808219178082189,0.013698630136986301,-0.018863687401751636,-0.04642857142857143,-0.027564884026819794,-0.030259696512784311,0.0026948124859645199,True,True,-0.009128868548922444,-0.018436015477897357,latest_archived_year
v3_accelerated_relearning_after_retrieval_i,rpp.4,RPP,failed,epistemic_adverb_tokens,17,17,0,0,0,0,0,0.5,0,0,0,32,12,0,0,0,0,0,0.27272727272727271,0,0,0,0,0,0,0,-0,True,True,-0,0,latest_archived_year
v3_accelerated_relearning_after_retrieval_i,rpp.4,RPP,failed,replication_word_tokens,17,17,2,1,0.11764705882352941,0.058823529411764705,0.088235294117647065,0.5,0.029411764705882346,0.058823529411764705,0.029411764705882353,32,12,2,0,0.0625,0,0.045454545454545456,0.27272727272727271,0.017045454545454544,0.017045454545454544,0,-0.042780748663101609,-0.05514705882352941,-0.012366310160427801,-0.041778074866310161,0.029411764705882353,True,True,-0.013786764705882354,0.0014204545454545457,latest_archived_year
v3_accelerated_relearning_after_retrieval_i,rpp.4,RPP,failed,lowercase_modal_tokens,17,17,2,1,0.11764705882352941,0.058823529411764705,0.088235294117647065,0.5,0.029411764705882346,0.058823529411764705,0.029411764705882353,32,12,8,1,0.25,0.083333333333333329,0.20454545454545456,0.27272727272727271,0.045454545454545442,0.068181818181818177,0.022727272727272728,0.11631016042780749,0.13235294117647059,0.016042780748663096,0.0093582887700534717,0.0066844919786096246,True,True,-0.025623885918003571,0.041666666666666671,latest_archived_year
v3_action_dynamics_reveal_parallel_competit,rpp.112,RPP,successful,epistemic_adverb_tokens,25,33,0,0,0,0,0,0.56896551724137934,0,0,0,38,74,0,0,0,0,0,0.6607142857142857,0,0,0,0,0,0,0,-0,True,True,0,0,latest_archived_year
v3_action_dynamics_reveal_parallel_competit,rpp.112,RPP,successful,replication_word_tokens,25,33,1,1,0.040000000000000001,0.030303030303030304,0.034482758620689655,0.56896551724137934,0.0055172413793103461,0.022758620689655173,0.017241379310344827,38,74,1,0,0.026315789473684209,0,0.0089285714285714281,0.6607142857142857,0.017387218045112781,0.017387218045112781,0,-0.025554187192118227,-0.013684210526315792,0.011869976665802435,-0.0053714026445423925,0.017241379310344827,True,True,0.0016520631516094304,0.010217913514193004,latest_archived_year
v3_action_dynamics_reveal_parallel_competit,rpp.112,RPP,successful,lowercase_modal_tokens,25,33,5,4,0.20000000000000001,0.12121212121212122,0.15517241379310345,0.56896551724137934,0.044827586206896558,0.11379310344827587,0.068965517241379309,38,74,3,1,0.078947368421052627,0.013513513513513514,0.035714285714285712,0.6607142857142857,0.043233082706766915,0.052161654135338339,0.0089285714285714281,-0.11945812807881774,-0.12105263157894738,-0.0015945035001296431,-0.061631449312937528,0.060036945812807885,True,True,0.0066160832267910278,-0.0082105867269206736,latest_archived_year
v3_affective_incoherence_when_affective_con,rpp.52,RPP,failed,epistemic_adverb_tokens,20,16,0,0,0,0,0,0.44444444444444442,0,0,0,17,5,0,0,0,0,0,0.22727272727272727,0,0,0,0,0,0,0,-0,True,False,-0,0,latest_archived_year
v3_affective_incoherence_when_affective_con,rpp.52,RPP,failed,replication_word_tokens,20,16,3,0,0.14999999999999999,0,0.083333333333333329,0.44444444444444442,0.066666666666666666,0.066666666666666666,0,17,5,0,0,0,0,0,0.22727272727272727,0,0,0,-0.083333333333333329,-0.14999999999999999,-0.066666666666666666,-0.066666666666666666,-0,True,False,-0.016287878787878785,-0.050378787878787877,latest_archived_year
v3_affective_incoherence_when_affective_con,rpp.52,RPP,failed,lowercase_modal_tokens,20,16,1,0,0.050000000000000003,0,0.027777777777777776,0.44444444444444442,0.022222222222222227,0.022222222222222223,0,17,5,1,0,0.058823529411764705,0,0.045454545454545456,0.22727272727272727,0.013368983957219249,0.013368983957219251,0,0.01767676767676768,0.0088235294117647023,-0.0088532382650029773,-0.0088532382650029721,-0,True,False,-0.011816696375519905,0.0029634581105169328,latest_archived_year
v3_attractor_dynamics_and_semantic_neighbor,rpp.11,RPP,successful,epistemic_adverb_tokens,22,24,0,0,0,0,0,0.52173913043478259,0,0,0,32,20,0,0,0,0,0,0.38461538461538464,0,0,0,0,0,0,0,-0,True,True,-0,0,latest_archived_year
v3_attractor_dynamics_and_semantic_neighbor,rpp.11,RPP,successful,replication_word_tokens,22,24,0,0,0,0,0,0.52173913043478259,0,0,0,32,20,0,0,0,0,0,0.38461538461538464,0,0,0,0,0,0,0,-0,True,True,-0,0,latest_archived_year
v3_attractor_dynamics_and_semantic_neighbor,rpp.11,RPP,successful,lowercase_modal_tokens,22,24,2,3,0.090909090909090912,0.125,0.10869565217391304,0.52173913043478259,-0.017786561264822129,0.047430830039525688,0.065217391304347824,32,20,2,1,0.0625,0.050000000000000003,0.057692307692307696,0.38461538461538464,0.0048076923076923045,0.02403846153846154,0.019230769230769232,-0.051003344481605345,-0.028409090909090912,0.022594253572514433,-0.023392368501064149,0.045986622073578592,True,True,0.0014803131650957735,0.021113940407418666,latest_archived_year
v3_auditory_change_detection_simple_sounds_,rpp.139,RPP,successful,epistemic_adverb_tokens,15,15,0,0,0,0,0,0.5,0,0,0,16,16,0,0,0,0,0,0.5,0,0,0,0,0,0,0,-0,True,True,0,0,latest_archived_year
v3_auditory_change_detection_simple_sounds_,rpp.139,RPP,successful,replication_word_tokens,15,15,0,0,0,0,0,0.5,0,0,0,16,16,0,1,0,0.0625,0.03125,0.5,-0.03125,0,0.03125,0.03125,0,-0.03125,0,-0.03125,True,True,-0,-0.03125,latest_archived_year
v3_auditory_change_detection_simple_sounds_,rpp.139,RPP,successful,lowercase_modal_tokens,15,15,3,4,0.20000000000000001,0.26666666666666666,0.23333333333333334,0.5,-0.033333333333333326,0.10000000000000001,0.13333333333333333,16,16,4,3,0.25,0.1875,0.21875,0.5,0.03125,0.125,0.09375,-0.014583333333333337,0.049999999999999989,0.064583333333333326,0.024999999999999994,0.039583333333333331,True,True,-0,0.064583333333333326,latest_archived_year
v3_availability_a_heuristic_for_judging_fre,ml3.4,ML3,successful,epistemic_adverb_tokens,57,54,2,1,0.035087719298245612,0.018518518518518517,0.027027027027027029,0.48648648648648651,0.0080606922712185836,0.017069701280227598,0.0090090090090090089,33,8,0,0,0,0,0,0.1951219512195122,0,0,0,-0.027027027027027029,-0.035087719298245612,-0.0080606922712185836,-0.017069701280227598,0.0090090090090090089,True,False,-0.0024138387424651867,-0.0056468535287534007,latest_archived_year
v3_availability_a_heuristic_for_judging_fre,ml3.4,ML3,successful,replication_word_tokens,57,54,0,0,0,0,0,0.48648648648648651,0,0,0,33,8,0,0,0,0,0,0.1951219512195122,0,0,0,0,0,0,0,-0,True,False,-0,0,latest_archived_year
v3_availability_a_heuristic_for_judging_fre,ml3.4,ML3,successful,lowercase_modal_tokens,57,54,8,8,0.14035087719298245,0.14814814814814814,0.14414414414414414,0.48648648648648651,-0.0037932669511616945,0.068278805120910391,0.072072072072072071,33,8,2,1,0.060606060606060608,0.125,0.073170731707317069,0.1951219512195122,-0.012564671101256461,0.011825572801182557,0.024390243902439025,-0.070973412436827074,-0.079744816586921841,-0.0087714041500947665,-0.056453232319727834,0.047681828169633046,True,False,0.010516979226863694,-0.019288383376958474,latest_archived_year
v3_balancing_connectedness_and_self_protect,rpp.93,RPP,failed,epistemic_adverb_tokens,88,31,0,0,0,0,0,0.26050420168067229,0,0,0,103,55,2,0,0.019417475728155338,0,0.012658227848101266,0.34810126582278483,0.0067592478800540725,0.0067592478800540742,0,0.012658227848101266,0.019417475728155338,0.0067592478800540725,0.0067592478800540742,-0,True,True,0.00085045693341856833,0.0059087909466355058,latest_archived_year
v3_balancing_connectedness_and_self_protect,rpp.93,RPP,failed,replication_word_tokens,88,31,1,0,0.011363636363636364,0,0.0084033613445378148,0.26050420168067229,0.0029602750190985492,0.0029602750190985488,0,103,55,0,0,0,0,0,0.34810126582278483,0,0,0,-0.0084033613445378148,-0.011363636363636364,-0.0029602750190985492,-0.0029602750190985488,-0,True,True,0.00049771059171654854,-0.0034579856108150975,latest_archived_year
v3_balancing_connectedness_and_self_protect,rpp.93,RPP,failed,lowercase_modal_tokens,88,31,12,1,0.13636363636363635,0.032258064516129031,0.1092436974789916,0.26050420168067229,0.027119938884644756,0.035523300229182583,0.0084033613445378148,103,55,20,6,0.1941747572815534,0.10909090909090909,0.16455696202531644,0.34810126582278483,0.029617795256236951,0.067592478800540742,0.037974683544303799,0.055313264546324847,0.057811120917917042,0.0024978563715921942,0.032069178571358159,-0.029571322199765986,True,True,0.008286218881045521,-0.0057883625094533415,latest_archived_year
v3_cloningertextquotesingles_psychobiologic,ml3.8,ML3,failed,epistemic_adverb_tokens,49,22,1,0,0.020408163265306121,0,0.014084507042253521,0.30985915492957744,0.0063236562230525994,0.0063236562230526002,0,75,57,1,0,0.013333333333333334,0,0.007575757575757576,0.43181818181818182,0.0057575757575757582,0.0057575757575757582,0,-0.0065087494664959455,-0.0070748299319727866,-0.00056608046547684115,-0.00056608046547684202,-0,True,True,0.0020575400454676111,-0.0026236205109444535,latest_archived_year
v3_cloningertextquotesingles_psychobiologic,ml3.8,ML3,failed,replication_word_tokens,49,22,0,0,0,0,0,0.30985915492957744,0,0,0,75,57,1,0,0.013333333333333334,0,0.007575757575757576,0.43181818181818182,0.0057575757575757582,0.0057575757575757582,0,0.007575757575757576,0.013333333333333334,0.0057575757575757582,0.0057575757575757582,-0,True,True,0.00081306017925736264,0.0049445155783183958,latest_archived_year
v3_cloningertextquotesingles_psychobiologic,ml3.8,ML3,failed,lowercase_modal_tokens,49,22,1,0,0.020408163265306121,0,0.014084507042253521,0.30985915492957744,0.0063236562230525994,0.0063236562230526002,0,75,57,4,3,0.053333333333333337,0.052631578947368418,0.053030303030303032,0.43181818181818182,0.00030303030303030498,0.023030303030303033,0.022727272727272728,0.038945795988049509,0.032925170068027212,-0.0060206259200222944,0.016706646807250432,-0.022727272727272728,True,True,0.0012872725072237945,-0.0073078984272460894,latest_archived_year
v3_conflict_triggered_goal_shielding_respon,rpp.158,RPP,successful,epistemic_adverb_tokens,10,6,0,1,0,0.16666666666666666,0.0625,0.375,-0.0625,0,0.0625,20,15,0,0,0,0,0,0.42857142857142855,0,0,0,-0.0625,0,0.0625,0,0.0625,True,False,-0.0044642857142857123,0.066964285714285712,latest_archived_year
v3_conflict_triggered_goal_shielding_respon,rpp.158,RPP,successful,replication_word_tokens,10,6,0,0,0,0,0,0.375,0,0,0,20,15,3,0,0.14999999999999999,0,0.085714285714285715,0.42857142857142855,0.064285714285714279,0.064285714285714279,0,0.085714285714285715,0.14999999999999999,0.064285714285714279,0.064285714285714279,-0,True,False,0.0040178571428571407,0.060267857142857144,latest_archived_year
v3_conflict_triggered_goal_shielding_respon,rpp.158,RPP,successful,lowercase_modal_tokens,10,6,2,0,0.20000000000000001,0,0.125,0.375,0.075000000000000011,0.075000000000000011,0,20,15,5,2,0.25,0.13333333333333333,0.20000000000000001,0.42857142857142855,0.049999999999999989,0.10714285714285714,0.057142857142857141,0.075000000000000011,0.049999999999999989,-0.025000000000000022,0.032142857142857126,-0.057142857142857141,True,False,0.008482142857142853,-0.033482142857142863,latest_archived_year
v3_decision_making_and_learning_while_takin,rpp.39,RPP,failed,epistemic_adverb_tokens,24,46,0,0,0,0,0,0.65714285714285714,0,0,0,30,98,0,0,0,0,0,0.765625,0,0,0,0,0,0,0,-0,True,True,0,0,latest_archived_year
v3_decision_making_and_learning_while_takin,rpp.39,RPP,failed,replication_word_tokens,24,46,0,0,0,0,0,0.65714285714285714,0,0,0,30,98,0,0,0,0,0,0.765625,0,0,0,0,0,0,0,-0,True,True,0,0,latest_archived_year
v3_decision_making_and_learning_while_takin,rpp.39,RPP,failed,lowercase_modal_tokens,24,46,1,3,0.041666666666666664,0.065217391304347824,0.057142857142857141,0.65714285714285714,-0.015476190476190477,0.027380952380952381,0.042857142857142858,30,98,8,7,0.26666666666666666,0.071428571428571425,0.1171875,0.765625,0.14947916666666666,0.20416666666666666,0.0546875,0.060044642857142859,0.22500000000000001,0.16495535714285714,0.17678571428571427,-0.011830357142857142,True,True,0.0093125069321206757,0.15564285021073646,latest_archived_year
v3_effects_of_fluency_on_psychological_dist,rpp.104,RPP,failed,epistemic_adverb_tokens,40,34,0,1,0,0.029411764705882353,0.013513513513513514,0.45945945945945948,-0.013513513513513514,0,0.013513513513513514,108,66,0,0,0,0,0,0.37931034482758619,0,0,0,-0.013513513513513514,0,0.013513513513513514,0,0.013513513513513514,True,True,0.001178663450468725,0.01233485006304479,latest_archived_year
v3_effects_of_fluency_on_psychological_dist,rpp.104,RPP,failed,replication_word_tokens,40,34,0,0,0,0,0,0.45945945945945948,0,0,0,108,66,5,0,0.046296296296296294,0,0.028735632183908046,0.37931034482758619,0.017560664112388248,0.017560664112388248,0,0.028735632183908046,0.046296296296296294,0.017560664112388248,0.017560664112388248,-0,True,True,-0.0018553035794415115,0.019415967691829763,latest_archived_year
v3_effects_of_fluency_on_psychological_dist,rpp.104,RPP,failed,lowercase_modal_tokens,40,34,4,4,0.10000000000000001,0.11764705882352941,0.10810810810810811,0.45945945945945948,-0.0081081081081081086,0.045945945945945948,0.054054054054054057,108,66,14,4,0.12962962962962962,0.060606060606060608,0.10344827586206896,0.37931034482758619,0.026181353767560658,0.049169859514687095,0.022988505747126436,-0.00465983224603915,0.029629629629629617,0.034289461875668767,0.0032239135687411463,0.031065548306927621,True,True,-0.0020588909027042914,0.036348352778373061,latest_archived_year
v3_effects_of_need_for_cognition_on_message,ml3.7,ML3,failed,epistemic_adverb_tokens,13,7,0,0,0,0,0,0.34999999999999998,0,0,0,94,60,0,0,0,0,0,0.38961038961038963,0,0,0,0,0,0,0,-0,True,False,0,0,latest_archived_year
v3_effects_of_need_for_cognition_on_message,ml3.7,ML3,failed,replication_word_tokens,13,7,0,0,0,0,0,0.34999999999999998,0,0,0,94,60,2,5,0.021276595744680851,0.083333333333333329,0.045454545454545456,0.38961038961038963,-0.024177949709864605,0.0082895827576678644,0.032467532467532464,0.045454545454545456,0.021276595744680851,-0.024177949709864605,0.0082895827576678644,-0.032467532467532464,True,False,-0.0012290457769181184,-0.022948903932946484,latest_archived_year
v3_effects_of_need_for_cognition_on_message,ml3.7,ML3,failed,lowercase_modal_tokens,13,7,0,0,0,0,0,0.34999999999999998,0,0,0,94,60,6,5,0.063829787234042548,0.083333333333333329,0.071428571428571425,0.38961038961038963,-0.0075987841945288764,0.024868748273003592,0.032467532467532464,0.071428571428571425,0.063829787234042548,-0.0075987841945288764,0.024868748273003592,-0.032467532467532464,True,False,-0.00038627152988855159,-0.0072125126646403245,latest_archived_year
v3_elaboration_enhances_the_imagined_contac,ml1.14,ML1,successful,epistemic_adverb_tokens,63,67,1,0,0.015873015873015872,0,0.0076923076923076927,0.51538461538461533,0.0081807081807081794,0.0081807081807081794,0,116,138,2,0,0.017241379310344827,0,0.007874015748031496,0.54330708661417326,0.0093673635623133314,0.0093673635623133314,0,0.00018170805572380322,0.0013683634373289552,0.001186655381605152,0.001186655381605152,-0,True,True,0.00046231787339580046,0.00072433750820935202,latest_archived_year
v3_elaboration_enhances_the_imagined_contac,ml1.14,ML1,successful,replication_word_tokens,63,67,1,1,0.015873015873015872,0.014925373134328358,0.015384615384615385,0.51538461538461533,0.00048840048840048667,0.0081807081807081794,0.0076923076923076927,116,138,1,6,0.0086206896551724137,0.043478260869565216,0.027559055118110236,0.54330708661417326,-0.018938365462937822,0.0046836817811566657,0.023622047244094488,0.01217443973349485,-0.0072523262178434585,-0.019426765951338309,-0.0034970263995515137,-0.015929739551786795,True,True,-0.00047342450112962408,-0.018953341450208681,latest_archived_year
v3_elaboration_enhances_the_imagined_contac,ml1.14,ML1,successful,lowercase_modal_tokens,63,67,4,3,0.063492063492063489,0.044776119402985072,0.053846153846153849,0.51538461538461533,0.0096459096459096394,0.032722832722832718,0.023076923076923078,116,138,17,8,0.14655172413793102,0.057971014492753624,0.098425196850393706,0.54330708661417326,0.048126527287537316,0.079622590279663313,0.031496062992125984,0.044579043004239857,0.083059660645867534,0.038480617641627676,0.046899757556830596,-0.0084191399152029056,True,True,0.0014979938634612988,0.036982623778166378,latest_archived_year
v3_expectations_as_endowments_evidence_on_r,ee.9,EERP,failed,epistemic_adverb_tokens,25,22,0,0,0,0,0,0.46808510638297873,0,0,0,56,82,0,0,0,0,0,0.59420289855072461,0,0,0,0,0,0,0,-0,True,True,0,0,latest_archived_year
v3_expectations_as_endowments_evidence_on_r,ee.9,EERP,failed,replication_word_tokens,25,22,1,0,0.040000000000000001,0,0.021276595744680851,0.46808510638297873,0.01872340425531915,0.01872340425531915,0,56,82,1,0,0.017857142857142856,0,0.007246376811594203,0.59420289855072461,0.010610766045548652,0.010610766045548654,0,-0.014030218933086647,-0.022142857142857145,-0.008112638209770498,-0.0081126382097704963,-0,True,True,0.003648407559138363,-0.01176104576890886,latest_archived_year
v3_expectations_as_endowments_evidence_on_r,ee.9,EERP,failed,lowercase_modal_tokens,25,22,6,2,0.23999999999999999,0.090909090909090912,0.1702127659574468,0.46808510638297873,0.069787234042553187,0.11234042553191489,0.042553191489361701,56,82,7,2,0.125,0.024390243902439025,0.065217391304347824,0.59420289855072461,0.059782608695652176,0.074275362318840576,0.014492753623188406,-0.10499537465309898,-0.11499999999999999,-0.010004625346901011,-0.038065063213074318,0.028060437866173293,True,True,0.015745848298193681,-0.025750473645094696,latest_archived_year
v3_experiments_in_wording_questions_ii,ml1.10,ML1,successful,epistemic_adverb_tokens,21,27,0,1,0,0.037037037037037035,0.020833333333333332,0.5625,-0.020833333333333332,0,0.020833333333333332,24,17,0,0,0,0,0,0.41463414634146339,0,0,0,-0.020833333333333332,0,0.020833333333333332,0,0.020833333333333332,True,True,0.0027382565492321594,0.018095076784101171,latest_archived_year
v3_experiments_in_wording_questions_ii,ml1.10,ML1,successful,replication_word_tokens,21,27,0,0,0,0,0,0.5625,0,0,0,24,17,0,0,0,0,0,0.41463414634146339,0,0,0,0,0,0,0,-0,True,True,-0,0,latest_archived_year
v3_experiments_in_wording_questions_ii,ml1.10,ML1,successful,lowercase_modal_tokens,21,27,1,2,0.047619047619047616,0.07407407407407407,0.0625,0.5625,-0.014880952380952384,0.026785714285714284,0.041666666666666664,24,17,2,0,0.083333333333333329,0,0.04878048780487805,0.41463414634146339,0.034552845528455278,0.034552845528455278,0,-0.01371951219512195,0.035714285714285712,0.049433797909407662,0.007767131242740994,0.041666666666666664,True,True,-0.0042051797006065301,0.053638977610014189,latest_archived_year
v3_happiness_and_time_preference_the_effect,ee.14,EERP,failed,epistemic_adverb_tokens,30,33,0,0,0,0,0,0.52380952380952384,0,0,0,88,61,0,0,0,0,0,0.40939597315436244,0,0,0,0,0,0,0,-0,True,True,-0,0,latest_archived_year
v3_happiness_and_time_preference_the_effect,ee.14,EERP,failed,replication_word_tokens,30,33,3,0,0.10000000000000001,0,0.047619047619047616,0.52380952380952384,0.052380952380952389,0.052380952380952389,0,88,61,0,1,0,0.016393442622950821,0.0067114093959731542,0.40939597315436244,-0.0067114093959731542,0,0.0067114093959731542,-0.040907638223074465,-0.10000000000000001,-0.059092361776925541,-0.052380952380952389,-0.0067114093959731542,True,True,-0.004782861543781337,-0.054309500233144209,latest_archived_year
v3_happiness_and_time_preference_the_effect,ee.14,EERP,failed,lowercase_modal_tokens,30,33,1,1,0.033333333333333333,0.030303030303030304,0.031746031746031744,0.52380952380952384,0.0015873015873015886,0.017460317460317461,0.015873015873015872,88,61,8,5,0.090909090909090912,0.081967213114754092,0.087248322147651006,0.40939597315436244,0.0036607687614399059,0.037217815741305678,0.033557046979865772,0.055502290401619261,0.057575757575757579,0.0020734671741383173,0.019757498280988217,-0.0176840311068499,True,True,-0.00068488985861634159,0.0027583570327546613,latest_archived_year
v3_head_up_foot_down_object_words_orient_at,rpp.167,RPP,failed,epistemic_adverb_tokens,25,27,0,0,0,0,0,0.51923076923076927,0,0,0,43,49,0,0,0,0,0,0.53260869565217395,0,0,0,0,0,0,0,-0,True,True,0,0,latest_archived_year
v3_head_up_foot_down_object_words_orient_at,rpp.167,RPP,failed,replication_word_tokens,25,27,1,1,0.040000000000000001,0.037037037037037035,0.038461538461538464,0.51923076923076927,0.0015384615384615372,0.020769230769230772,0.019230769230769232,43,49,2,2,0.046511627906976744,0.040816326530612242,0.043478260869565216,0.53260869565217395,0.0030333670374115274,0.024772497472194135,0.021739130434782608,0.0050167224080267525,0.0065116279069767427,0.0014949054989499902,0.004003266702963363,-0.0025083612040133763,True,True,5.7914811634297404e-05,0.0014369906873156909,latest_archived_year
v3_head_up_foot_down_object_words_orient_at,rpp.167,RPP,failed,lowercase_modal_tokens,25,27,6,3,0.23999999999999999,0.1111111111111111,0.17307692307692307,0.51923076923076927,0.066923076923076918,0.12461538461538463,0.057692307692307696,43,49,1,4,0.023255813953488372,0.081632653061224483,0.05434782608695652,0.53260869565217395,-0.031092012133468148,0.012386248736097068,0.043478260869565216,-0.11872909698996656,-0.21674418604651163,-0.098015089056545074,-0.11222913587928757,0.014214046822742479,True,True,0.00047165250689734265,-0.09848674156344242,latest_archived_year
v3_hedonic_and_instrumental_motives_in_ange,rpp.142,RPP,successful,epistemic_adverb_tokens,39,17,0,0,0,0,0,0.30357142857142855,0,0,0,94,50,0,0,0,0,0,0.34722222222222221,0,0,0,0,0,0,0,-0,True,True,0,0,latest_archived_year
v3_hedonic_and_instrumental_motives_in_ange,rpp.142,RPP,successful,replication_word_tokens,39,17,0,0,0,0,0,0.30357142857142855,0,0,0,94,50,2,0,0.021276595744680851,0,0.013888888888888888,0.34722222222222221,0.0073877068557919624,0.0073877068557919616,0,0.013888888888888888,0.021276595744680851,0.0073877068557919624,0.0073877068557919616,-0,True,True,0.00046437014522120916,0.006923336710570752,latest_archived_year
v3_hedonic_and_instrumental_motives_in_ange,rpp.142,RPP,successful,lowercase_modal_tokens,39,17,3,2,0.076923076923076927,0.11764705882352941,0.089285714285714288,0.30357142857142855,-0.01236263736263736,0.023351648351648352,0.035714285714285712,94,50,19,4,0.20212765957446807,0.080000000000000002,0.15972222222222221,0.34722222222222221,0.042405437352245862,0.070183215130023638,0.027777777777777776,0.070436507936507922,0.12520458265139114,0.054768074714883222,0.046831566778375286,0.0079365079365079361,True,True,0.0017766675682820868,0.052991407146601117,latest_archived_year
v3_how_does_bilingualism_improve_executive_,rpp.22,RPP,failed,epistemic_adverb_tokens,95,82,1,0,0.010526315789473684,0,0.0056497175141242938,0.4632768361581921,0.0048765982753493902,0.0048765982753493902,0,91,67,0,0,0,0,0,0.42405063291139239,0,0,0,-0.0056497175141242938,-0.010526315789473684,-0.0048765982753493902,-0.0048765982753493902,-0,True,True,-0.00020645370129894583,-0.0046701445740504445,latest_archived_year
v3_how_does_bilingualism_improve_executive_,rpp.22,RPP,failed,replication_word_tokens,95,82,9,3,0.094736842105263161,0.036585365853658534,0.067796610169491525,0.4632768361581921,0.026940231935771636,0.043889384478144514,0.016949152542372881,91,67,1,4,0.01098901098901099,0.059701492537313432,0.031645569620253167,0.42405063291139239,-0.020656558631242175,0.0046598970649603562,0.025316455696202531,-0.036151040549238359,-0.083747831116252169,-0.047596790567013811,-0.039229487413184161,-0.00836730315382965,True,True,-0.00018512796233859872,-0.047411662604675213,latest_archived_year
v3_how_does_bilingualism_improve_executive_,rpp.22,RPP,failed,lowercase_modal_tokens,95,82,14,7,0.14736842105263157,0.085365853658536592,0.11864406779661017,0.4632768361581921,0.028724353256021393,0.068272375854891459,0.03954802259887006,91,67,22,8,0.24175824175824176,0.11940298507462686,0.189873417721519,0.42405063291139239,0.05188482403672276,0.10251773542912783,0.050632911392405063,0.071229349924908827,0.094389820705610195,0.023160470780701367,0.03424535957423637,-0.011084888793535003,True,True,-0.0036158287387049962,0.026776299519406365,latest_archived_year
v3_how_the_head_liberates_the_heart_project,rpp.59,RPP,successful,epistemic_adverb_tokens,31,11,0,0,0,0,0,0.26190476190476192,0,0,0,62,12,1,0,0.016129032258064516,0,0.013513513513513514,0.16216216216216217,0.0026155187445510014,0.0026155187445510027,0,0.013513513513513514,0.016129032258064516,0.0026155187445510014,0.0026155187445510027,-0,True,True,-0.00080437580437580443,0.0034198945489268069,latest_archived_year
v3_how_the_head_liberates_the_heart_project,rpp.59,RPP,successful,replication_word_tokens,31,11,0,0,0,0,0,0.26190476190476192,0,0,0,62,12,0,1,0,0.083333333333333329,0.013513513513513514,0.16216216216216217,-0.013513513513513514,0,0.013513513513513514,0.013513513513513514,0,-0.013513513513513514,0,-0.013513513513513514,True,True,0.0041559416559416558,-0.017669455169455169,latest_archived_year
v3_how_the_head_liberates_the_heart_project,rpp.59,RPP,successful,lowercase_modal_tokens,31,11,2,1,0.064516129032258063,0.090909090909090912,0.071428571428571425,0.26190476190476192,-0.0069124423963133619,0.016897081413210446,0.023809523809523808,62,12,10,0,0.16129032258064516,0,0.13513513513513514,0.16216216216216217,0.026155187445510014,0.026155187445510028,0,0.063706563706563718,0.096774193548387094,0.033067629841823376,0.0092581060322995817,0.023809523809523808,True,True,-0.006727506727506727,0.03979513656933012,latest_archived_year
v3_imperfect_public_monitoring_with_costly_,ee.2,EERP,successful,epistemic_adverb_tokens,22,24,0,0,0,0,0,0.52173913043478259,0,0,0,52,52,2,0,0.038461538461538464,0,0.019230769230769232,0.5,0.019230769230769232,0.019230769230769232,0,0.019230769230769232,0.038461538461538464,0.019230769230769232,0.019230769230769232,-0,True,True,-0.00041806020066889604,0.019648829431438131,latest_archived_year
v3_imperfect_public_monitoring_with_costly_,ee.2,EERP,successful,replication_word_tokens,22,24,0,0,0,0,0,0.52173913043478259,0,0,0,52,52,1,6,0.019230769230769232,0.11538461538461539,0.067307692307692304,0.5,-0.048076923076923073,0.0096153846153846159,0.057692307692307696,0.067307692307692304,0.019230769230769232,-0.048076923076923073,0.0096153846153846159,-0.057692307692307696,True,True,0.0010451505016722401,-0.049122073578595327,latest_archived_year
v3_imperfect_public_monitoring_with_costly_,ee.2,EERP,successful,lowercase_modal_tokens,22,24,2,2,0.090909090909090912,0.083333333333333329,0.086956521739130432,0.52173913043478259,0.0039525691699604792,0.047430830039525688,0.043478260869565216,52,52,10,4,0.19230769230769232,0.076923076923076927,0.13461538461538461,0.5,0.057692307692307709,0.096153846153846159,0.038461538461538464,0.047658862876254177,0.10139860139860141,0.05373973852234723,0.048723016114320471,0.0050167224080267525,True,True,-0.0013365257930475314,0.055076264315394752,latest_archived_year
v3_increasing_and_decreasing_motor_and_cogn,rpp.49,RPP,failed,epistemic_adverb_tokens,98,66,3,0,0.030612244897959183,0,0.018292682926829267,0.40243902439024393,0.012319561971129916,0.012319561971129916,0,38,49,0,0,0,0,0,0.56321839080459768,0,0,0,-0.018292682926829267,-0.030612244897959183,-0.012319561971129916,-0.012319561971129916,-0,True,True,0.0024609086696074554,-0.014780470640737372,latest_archived_year
v3_increasing_and_decreasing_motor_and_cogn,rpp.49,RPP,failed,replication_word_tokens,98,66,0,0,0,0,0,0.40243902439024393,0,0,0,38,49,2,5,0.052631578947368418,0.10204081632653061,0.080459770114942528,0.56321839080459768,-0.027828191167574109,0.029643073200241982,0.057471264367816091,0.080459770114942528,0.052631578947368418,-0.027828191167574109,0.029643073200241982,-0.057471264367816091,True,True,-0.0039719929404190514,-0.023856198227155057,latest_archived_year
v3_increasing_and_decreasing_motor_and_cogn,rpp.49,RPP,failed,lowercase_modal_tokens,98,66,12,4,0.12244897959183673,0.060606060606060608,0.097560975609756101,0.40243902439024393,0.024888003982080631,0.049278247884519663,0.024390243902439025,38,49,2,5,0.052631578947368418,0.10204081632653061,0.080459770114942528,0.56321839080459768,-0.027828191167574109,0.029643073200241982,0.057471264367816091,-0.017101205494813573,-0.069817400644468314,-0.05271619514965474,-0.019635174684277681,-0.033081020465377066,True,True,0.00099953972545459573,-0.05371573487510934,latest_archived_year
v3_individual_differences_in_the_regulation,rpp.53,RPP,failed,epistemic_adverb_tokens,44,17,0,0,0,0,0,0.27868852459016391,0,0,0,40,29,1,1,0.025000000000000001,0.034482758620689655,0.028985507246376812,0.42028985507246375,-0.0039855072463768106,0.010507246376811594,0.014492753623188406,0.028985507246376812,0.025000000000000001,-0.0039855072463768106,0.010507246376811594,-0.014492753623188406,True,True,-0.00067138561866607663,-0.0033141216277107338,latest_archived_year
v3_individual_differences_in_the_regulation,rpp.53,RPP,failed,replication_word_tokens,44,17,1,0,0.022727272727272728,0,0.016393442622950821,0.27868852459016391,0.0063338301043219074,0.0063338301043219074,0,40,29,1,1,0.025000000000000001,0.034482758620689655,0.028985507246376812,0.42028985507246375,-0.0039855072463768106,0.010507246376811594,0.014492753623188406,0.012592064623425991,0.0022727272727272735,-0.010319337350698718,0.0041734162724896863,-0.014492753623188406,True,True,0.00093772040954187607,-0.011257057760240594,latest_archived_year
v3_individual_differences_in_the_regulation,rpp.53,RPP,failed,lowercase_modal_tokens,44,17,9,2,0.20454545454545456,0.11764705882352941,0.18032786885245902,0.27868852459016391,0.024217585692995536,0.05700447093889717,0.032786885245901641,40,29,12,3,0.29999999999999999,0.10344827586206896,0.21739130434782608,0.42028985507246375,0.082608695652173908,0.12608695652173912,0.043478260869565216,0.037063435495367059,0.095454545454545431,0.058391109959178372,0.069082485582841954,-0.010691375623663575,True,True,0.0200684570487615,0.038322652910416879,latest_archived_year
v3_it_feels_like_yesterday_self_esteem_vale,ml3.3,ML3,failed,epistemic_adverb_tokens,118,67,0,1,0,0.014925373134328358,0.0054054054054054057,0.36216216216216218,-0.0054054054054054057,0,0.0054054054054054057,101,58,2,0,0.019801980198019802,0,0.012578616352201259,0.36477987421383645,0.0072233638458185437,0.0072233638458185437,0,0.0071732109467958528,0.019801980198019802,0.012628769251223949,0.0072233638458185437,0.0054054054054054057,True,True,6.3827765409524845e-06,0.012622386474682995,latest_archived_year
v3_it_feels_like_yesterday_self_esteem_vale,ml3.3,ML3,failed,replication_word_tokens,118,67,0,0,0,0,0,0.36216216216216218,0,0,0,101,58,0,0,0,0,0,0.36477987421383645,0,0,0,0,0,0,0,-0,True,True,0,0,latest_archived_year
v3_it_feels_like_yesterday_self_esteem_vale,ml3.3,ML3,failed,lowercase_modal_tokens,118,67,18,11,0.15254237288135594,0.16417910447761194,0.15675675675675677,0.36216216216216218,-0.0042143838754008234,0.055245075584058639,0.059459459459459463,101,58,14,6,0.13861386138613863,0.10344827586206896,0.12578616352201258,0.36477987421383645,0.012827697864126048,0.050563546920729813,0.037735849056603772,-0.030970593234744187,-0.013928511495217316,0.017042081739526871,-0.0046815286633288267,0.021723610402855691,True,True,3.0795882244460653e-05,0.017011285857282402,latest_archived_year
v3_last_place_aversion_evidence_and_redistr,ee.18,EERP,failed,epistemic_adverb_tokens,17,11,0,0,0,0,0,0.39285714285714285,0,0,0,156,80,1,0,0.00641025641025641,0,0.0042372881355932203,0.33898305084745761,0.0021729682746631897,0.0021729682746631897,0,0.0042372881355932203,0.00641025641025641,0.0021729682746631897,0.0021729682746631897,-0,True,True,-0.00017267337182591422,0.0023456416464891039,latest_archived_year
v3_last_place_aversion_evidence_and_redistr,ee.18,EERP,failed,replication_word_tokens,17,11,0,0,0,0,0,0.39285714285714285,0,0,0,156,80,0,3,0,0.037499999999999999,0.012711864406779662,0.33898305084745761,-0.012711864406779662,0,0.012711864406779662,0.012711864406779662,0,-0.012711864406779662,0,-0.012711864406779662,True,True,0.0010101392251815982,-0.013722003631961258,latest_archived_year
v3_last_place_aversion_evidence_and_redistr,ee.18,EERP,failed,lowercase_modal_tokens,17,11,3,4,0.17647058823529413,0.36363636363636365,0.25,0.39285714285714285,-0.073529411764705871,0.069327731092436978,0.14285714285714285,156,80,36,6,0.23076923076923078,0.074999999999999997,0.17796610169491525,0.33898305084745761,0.05280312907431553,0.07822685788787484,0.025423728813559324,-0.072033898305084748,0.054298642533936653,0.1263325408390214,0.0088991267954378617,0.11743341404358353,True,True,0.00084573016714093482,0.12548681067188044,latest_archived_year
v3_left_frontal_cortical_activation_and_spr,rpp.55,RPP,failed,epistemic_adverb_tokens,25,13,0,0,0,0,0,0.34210526315789475,0,0,0,37,24,0,0,0,0,0,0.39344262295081966,0,0,0,0,0,0,0,-0,True,True,0,0,latest_archived_year
v3_left_frontal_cortical_activation_and_spr,rpp.55,RPP,failed,replication_word_tokens,25,13,0,1,0,0.076923076923076927,0.026315789473684209,0.34210526315789475,-0.026315789473684209,0,0.026315789473684209,37,24,1,0,0.027027027027027029,0,0.016393442622950821,0.39344262295081966,0.010633584404076208,0.010633584404076208,0,-0.0099223468507333885,0.027027027027027029,0.036949373877760414,0.010633584404076208,0.026315789473684209,True,True,-0.0012807657328796239,0.038230139610640042,latest_archived_year
v3_left_frontal_cortical_activation_and_spr,rpp.55,RPP,failed,lowercase_modal_tokens,25,13,2,0,0.080000000000000002,0,0.052631578947368418,0.34210526315789475,0.027368421052631584,0.02736842105263158,0,37,24,1,0,0.027027027027027029,0,0.016393442622950821,0.39344262295081966,0.010633584404076208,0.010633584404076208,0,-0.036238136324417594,-0.052972972972972973,-0.016734836648555376,-0.016734836648555372,-0,True,True,0.002747242497026793,-0.019482079145582164,latest_archived_year
v3_measuring_the_crowd_within_probabilistic,rpp.116,RPP,successful,epistemic_adverb_tokens,32,38,0,0,0,0,0,0.54285714285714282,0,0,0,63,71,1,1,0.015873015873015872,0.014084507042253521,0.014925373134328358,0.52985074626865669,0.00094764273868751421,0.0084103293058516923,0.007462686567164179,0.014925373134328358,0.015873015873015872,0.00094764273868751421,0.0084103293058516923,-0.007462686567164179,True,True,-1.1631027577452372e-05,0.00095927376626496648,latest_archived_year
v3_measuring_the_crowd_within_probabilistic,rpp.116,RPP,successful,replication_word_tokens,32,38,3,4,0.09375,0.10526315789473684,0.10000000000000001,0.54285714285714282,-0.0062500000000000056,0.050892857142857142,0.057142857142857141,63,71,0,0,0,0,0,0.52985074626865669,0,0,0,-0.10000000000000001,-0.09375,0.0062500000000000056,-0.050892857142857142,0.057142857142857141,True,True,7.4872348782403645e-05,0.0061751276512175927,latest_archived_year
v3_measuring_the_crowd_within_probabilistic,rpp.116,RPP,successful,lowercase_modal_tokens,32,38,4,2,0.125,0.052631578947368418,0.085714285714285715,0.54285714285714282,0.039285714285714285,0.067857142857142852,0.028571428571428571,63,71,7,5,0.1111111111111111,0.070422535211267609,0.089552238805970144,0.52985074626865669,0.021558872305140961,0.058872305140961853,0.037313432835820892,0.003837953091684429,-0.013888888888888895,-0.017726841980573324,-0.0089848377161809989,-0.0087420042643923217,True,True,-0.00073523206973357899,-0.016991609910839749,latest_archived_year
v3_multidimensional_visual_statistical_lear,rpp.29,RPP,successful,epistemic_adverb_tokens,22,28,0,0,0,0,0,0.56000000000000005,0,0,0,21,50,0,0,0,0,0,0.70422535211267601,0,0,0,0,0,0,0,-0,True,True,0,0,latest_archived_year
v3_multidimensional_visual_statistical_lear,rpp.29,RPP,successful,replication_word_tokens,22,28,0,0,0,0,0,0.56000000000000005,0,0,0,21,50,3,4,0.14285714285714285,0.080000000000000002,0.098591549295774641,0.70422535211267601,0.044265593561368208,0.10060362173038229,0.056338028169014086,0.098591549295774641,0.14285714285714285,0.044265593561368208,0.10060362173038229,-0.056338028169014086,True,True,0.0045327967806841011,0.039732796780684101,latest_archived_year
v3_multidimensional_visual_statistical_lear,rpp.29,RPP,successful,lowercase_modal_tokens,22,28,2,3,0.090909090909090912,0.10714285714285714,0.10000000000000001,0.56000000000000005,-0.0090909090909090939,0.050909090909090918,0.059999999999999998,21,50,4,6,0.19047619047619047,0.12,0.14084507042253522,0.70422535211267601,0.049631120053655248,0.13413816230717637,0.084507042253521125,0.040845070422535212,0.099567099567099554,0.058722029144564342,0.083229071398085455,-0.024507042253521127,True,True,0.0039115663679043936,0.054810462776659949,latest_archived_year
v3_multiple_roles_for_time_in_short_term_me,rpp.33,RPP,successful,epistemic_adverb_tokens,62,82,0,0,0,0,0,0.56944444444444442,0,0,0,50,45,0,0,0,0,0,0.47368421052631576,0,0,0,0,0,0,0,-0,True,True,-0,0,latest_archived_year
v3_multiple_roles_for_time_in_short_term_me,rpp.33,RPP,successful,replication_word_tokens,62,82,1,1,0.016129032258064516,0.012195121951219513,0.013888888888888888,0.56944444444444442,0.0022401433691756276,0.0091845878136200716,0.0069444444444444441,50,45,2,0,0.040000000000000001,0,0.021052631578947368,0.47368421052631576,0.018947368421052633,0.018947368421052629,0,0.0071637426900584798,0.023870967741935485,0.016707225051877005,0.0097627806074325578,0.0069444444444444441,True,True,-0.0021035607639607805,0.018810785815837786,latest_archived_year
v3_multiple_roles_for_time_in_short_term_me,rpp.33,RPP,successful,lowercase_modal_tokens,62,82,4,2,0.064516129032258063,0.024390243902439025,0.041666666666666664,0.56944444444444442,0.022849462365591398,0.036738351254480286,0.013888888888888888,50,45,3,2,0.059999999999999998,0.044444444444444446,0.052631578947368418,0.47368421052631576,0.0073684210526315796,0.028421052631578944,0.021052631578947368,0.010964912280701754,-0.0045161290322580649,-0.015481041312959819,-0.0083172986229013424,-0.0071637426900584798,True,True,-0.0026660338924649383,-0.01281500742049488,latest_archived_year
v3_not_so_innocent_does_seeing_one_s_own_ca,rpp.65,RPP,failed,epistemic_adverb_tokens,53,22,1,0,0.018867924528301886,0,0.013333333333333334,0.29333333333333333,0.0055345911949685519,0.0055345911949685536,0,46,29,0,0,0,0,0,0.38666666666666666,0,0,0,-0.013333333333333334,-0.018867924528301886,-0.0055345911949685519,-0.0055345911949685536,-0,True,True,0.0008805031446540879,-0.0064150943396226404,latest_archived_year
v3_not_so_innocent_does_seeing_one_s_own_ca,rpp.65,RPP,failed,replication_word_tokens,53,22,3,0,0.056603773584905662,0,0.040000000000000001,0.29333333333333333,0.016603773584905661,0.016603773584905661,0,46,29,0,1,0,0.034482758620689655,0.013333333333333334,0.38666666666666666,-0.013333333333333334,0,0.013333333333333334,-0.026666666666666665,-0.056603773584905662,-0.029937106918238997,-0.016603773584905661,-0.013333333333333334,True,True,0.0010323140316634135,-0.030969420949902404,latest_archived_year
v3_not_so_innocent_does_seeing_one_s_own_ca,rpp.65,RPP,failed,lowercase_modal_tokens,53,22,11,1,0.20754716981132076,0.045454545454545456,0.16,0.29333333333333333,0.047547169811320761,0.06088050314465409,0.013333333333333334,46,29,8,4,0.17391304347826086,0.13793103448275862,0.16,0.38666666666666666,0.013913043478260861,0.067246376811594205,0.053333333333333337,0,-0.033634126333059899,-0.033634126333059899,0.0063658736669401153,-0.040000000000000001,True,True,0.0092434828897729505,-0.042877609222832833,latest_archived_year
v3_on_the_additive_effects_of_stimulus_qual,rpp.27,RPP,successful,epistemic_adverb_tokens,10,26,0,0,0,0,0,0.72222222222222221,0,0,0,27,37,1,0,0.037037037037037035,0,0.015625,0.578125,0.021412037037037035,0.021412037037037035,0,0.015625,0.037037037037037035,0.021412037037037035,0.021412037037037035,-0,True,True,-0.0026684670781893,0.024080504115226338,latest_archived_year
v3_on_the_additive_effects_of_stimulus_qual,rpp.27,RPP,successful,replication_word_tokens,10,26,0,2,0,0.076923076923076927,0.055555555555555552,0.72222222222222221,-0.055555555555555552,0,0.055555555555555552,27,37,1,0,0.037037037037037035,0,0.015625,0.578125,0.021412037037037035,0.021412037037037035,0,-0.039930555555555552,0.037037037037037035,0.076967592592592587,0.021412037037037035,0.055555555555555552,True,True,0.0028737337765115546,0.074093858816081049,latest_archived_year
v3_on_the_additive_effects_of_stimulus_qual,rpp.27,RPP,successful,lowercase_modal_tokens,10,26,0,1,0,0.038461538461538464,0.027777777777777776,0.72222222222222221,-0.027777777777777776,0,0.027777777777777776,27,37,3,1,0.1111111111111111,0.027027027027027029,0.0625,0.578125,0.048611111111111105,0.064236111111111105,0.015625,0.034722222222222224,0.1111111111111111,0.076388888888888881,0.064236111111111105,0.012152777777777776,True,True,-0.0032870410474577132,0.079675929936346604,latest_archived_year
v3_opening_the_mind_to_close_it_considering,rpp.72,RPP,failed,epistemic_adverb_tokens,10,7,0,0,0,0,0,0.41176470588235292,0,0,0,17,9,0,0,0,0,0,0.34615384615384615,0,0,0,0,0,0,0,-0,True,False,-0,0,latest_archived_year
v3_opening_the_mind_to_close_it_considering,rpp.72,RPP,failed,replication_word_tokens,10,7,0,0,0,0,0,0.41176470588235292,0,0,0,17,9,0,0,0,0,0,0.34615384615384615,0,0,0,0,0,0,0,-0,True,False,-0,0,latest_archived_year
v3_opening_the_mind_to_close_it_considering,rpp.72,RPP,failed,lowercase_modal_tokens,10,7,1,0,0.10000000000000001,0,0.058823529411764705,0.41176470588235292,0.0411764705882353,0.041176470588235294,0,17,9,2,1,0.11764705882352941,0.1111111111111111,0.11538461538461539,0.34615384615384615,0.0022624434389140191,0.04072398190045249,0.038461538461538464,0.056561085972850686,0.017647058823529405,-0.038914027149321281,-0.00045248868778280382,-0.038461538461538464,True,False,-0.0034949575607015051,-0.035419069588619762,latest_archived_year
v3_orienting_attention_in_visual_working_me,rpp.37,RPP,failed,epistemic_adverb_tokens,98,56,0,0,0,0,0,0.36363636363636365,0,0,0,60,45,2,0,0.033333333333333333,0,0.019047619047619049,0.42857142857142855,0.014285714285714284,0.014285714285714285,0,0.019047619047619049,0.033333333333333333,0.014285714285714284,0.014285714285714285,-0,True,True,0.0010822510822510816,0.013203463203463202,latest_archived_year
v3_orienting_attention_in_visual_working_me,rpp.37,RPP,failed,replication_word_tokens,98,56,2,0,0.020408163265306121,0,0.012987012987012988,0.36363636363636365,0.007421150278293133,0.0074211502782931347,0,60,45,0,0,0,0,0,0.42857142857142855,0,0,0,-0.012987012987012988,-0.020408163265306121,-0.007421150278293133,-0.0074211502782931347,-0,True,True,0.0006626027034190296,-0.0080837529817121643,latest_archived_year
v3_orienting_attention_in_visual_working_me,rpp.37,RPP,failed,lowercase_modal_tokens,98,56,6,0,0.061224489795918366,0,0.03896103896103896,0.36363636363636365,0.022263450834879406,0.022263450834879406,0,60,45,8,1,0.13333333333333333,0.022222222222222223,0.085714285714285715,0.42857142857142855,0.047619047619047616,0.057142857142857141,0.0095238095238095247,0.046753246753246755,0.072108843537414966,0.025355596784168211,0.034879406307977735,-0.0095238095238095247,True,True,0.005595311717760695,0.01976028506640751,latest_archived_year
v3_perceptual_mechanisms_that_characterize_,rpp.110,RPP,failed,epistemic_adverb_tokens,19,9,0,0,0,0,0,0.32142857142857145,0,0,0,40,17,1,0,0.025000000000000001,0,0.017543859649122806,0.2982456140350877,0.0074561403508771953,0.0074561403508771927,0,0.017543859649122806,0.025000000000000001,0.0074561403508771953,0.0074561403508771927,-0,True,False,-0.0002897869674185469,0.0077459273182957401,latest_archived_year
v3_perceptual_mechanisms_that_characterize_,rpp.110,RPP,failed,replication_word_tokens,19,9,0,0,0,0,0,0.32142857142857145,0,0,0,40,17,1,1,0.025000000000000001,0.058823529411764705,0.035087719298245612,0.2982456140350877,-0.010087719298245611,0.0074561403508771927,0.017543859649122806,0.035087719298245612,0.025000000000000001,-0.010087719298245611,0.0074561403508771927,-0.017543859649122806,True,False,0.00039206472062509282,-0.010479784018870706,latest_archived_year
v3_perceptual_mechanisms_that_characterize_,rpp.110,RPP,failed,lowercase_modal_tokens,19,9,6,0,0.31578947368421051,0,0.21428571428571427,0.32142857142857145,0.10150375939849623,0.10150375939849625,0,40,17,13,3,0.32500000000000001,0.17647058823529413,0.2807017543859649,0.2982456140350877,0.044298245614035114,0.096929824561403505,0.052631578947368418,0.066416040100250623,0.0092105263157895023,-0.057205513784461121,-0.0045739348370927441,-0.052631578947368418,True,False,-0.0053821424691760456,-0.051823371315285111,latest_archived_year
v3_poignancy_mixed_emotional_experience_in_,rpp.61,RPP,failed,epistemic_adverb_tokens,31,22,0,0,0,0,0,0.41509433962264153,0,0,0,54,43,1,0,0.018518518518518517,0,0.010309278350515464,0.44329896907216493,0.0082092401680030538,0.0082092401680030538,0,0.010309278350515464,0.018518518518518517,0.0082092401680030538,0.0082092401680030538,-0,True,True,0.0002611539763844759,0.0079480861916185787,latest_archived_year
v3_poignancy_mixed_emotional_experience_in_,rpp.61,RPP,failed,replication_word_tokens,31,22,0,0,0,0,0,0.41509433962264153,0,0,0,54,43,0,0,0,0,0,0.44329896907216493,0,0,0,0,0,0,0,-0,True,True,0,0,latest_archived_year
v3_poignancy_mixed_emotional_experience_in_,rpp.61,RPP,failed,lowercase_modal_tokens,31,22,3,1,0.096774193548387094,0.045454545454545456,0.075471698113207544,0.41509433962264153,0.02130249543517955,0.040170419963481439,0.018867924528301886,54,43,12,4,0.22222222222222221,0.093023255813953487,0.16494845360824742,0.44329896907216493,0.05727376861397479,0.098510882016036638,0.041237113402061855,0.089476755495039875,0.12544802867383512,0.035971273178795241,0.058340462052555199,-0.022369188873759969,True,True,0.002545730315386692,0.033425542863408549,latest_archived_year
v3_precision_of_the_anchor_influences_the_a,rpp.111,RPP,successful,epistemic_adverb_tokens,24,12,0,0,0,0,0,0.33333333333333331,0,0,0,59,26,1,0,0.016949152542372881,0,0.011764705882352941,0.30588235294117649,0.0051844466600199403,0.0051844466600199403,0,0.011764705882352941,0.016949152542372881,0.0051844466600199403,0.0051844466600199403,-0,True,True,-0.00023263542705217644,0.0054170820870721162,latest_archived_year
v3_precision_of_the_anchor_influences_the_a,rpp.111,RPP,successful,replication_word_tokens,24,12,1,0,0.041666666666666664,0,0.027777777777777776,0.33333333333333331,0.013888888888888888,0.013888888888888888,0,59,26,1,1,0.016949152542372881,0.038461538461538464,0.023529411764705882,0.30588235294117649,-0.0065802592223330007,0.0051844466600199403,0.011764705882352941,-0.0042483660130718942,-0.024717514124293783,-0.020469148111221889,-0.0087044422288689478,-0.011764705882352941,True,True,-0.00027662738280883795,-0.020192520728413047,latest_archived_year
v3_precision_of_the_anchor_influences_the_a,rpp.111,RPP,successful,lowercase_modal_tokens,24,12,1,0,0.041666666666666664,0,0.027777777777777776,0.33333333333333331,0.013888888888888888,0.013888888888888888,0,59,26,3,1,0.050847457627118647,0.038461538461538464,0.047058823529411764,0.30588235294117649,0.0037886340977068833,0.015553339980059823,0.011764705882352941,0.019281045751633988,0.009180790960451983,-0.010100254791182005,0.0016644510911709345,-0.011764705882352941,True,True,-0.00074189823691319095,-0.0093583565542688148,latest_archived_year
v3_priming_addition_facts_with_semantic_rel,rpp.24,RPP,successful,epistemic_adverb_tokens,14,7,0,0,0,0,0,0.33333333333333331,0,0,0,27,18,0,0,0,0,0,0.40000000000000002,0,0,0,0,0,0,0,-0,True,False,0,0,latest_archived_year
v3_priming_addition_facts_with_semantic_rel,rpp.24,RPP,successful,replication_word_tokens,14,7,0,0,0,0,0,0.33333333333333331,0,0,0,27,18,0,1,0,0.055555555555555552,0.022222222222222223,0.40000000000000002,-0.022222222222222223,0,0.022222222222222223,0.022222222222222223,0,-0.022222222222222223,0,-0.022222222222222223,True,False,-0.0018518518518518528,-0.020370370370370372,latest_archived_year
v3_priming_addition_facts_with_semantic_rel,rpp.24,RPP,successful,lowercase_modal_tokens,14,7,1,1,0.071428571428571425,0.14285714285714285,0.095238095238095233,0.33333333333333331,-0.023809523809523808,0.023809523809523808,0.047619047619047616,27,18,2,1,0.07407407407407407,0.055555555555555552,0.066666666666666666,0.40000000000000002,0.0074074074074074042,0.029629629629629631,0.022222222222222223,-0.028571428571428567,0.0026455026455026454,0.031216931216931212,0.0058201058201058226,0.025396825396825393,True,False,-0.001763668430335098,0.032980599647266316,latest_archived_year
v3_response_scales_effects_of_category_rang,ml1.8,ML1,successful,epistemic_adverb_tokens,52,44,0,0,0,0,0,0.45833333333333331,0,0,0,38,44,0,0,0,0,0,0.53658536585365857,0,0,0,0,0,0,0,-0,True,True,0,0,latest_archived_year
v3_response_scales_effects_of_category_rang,ml1.8,ML1,successful,replication_word_tokens,52,44,2,1,0.038461538461538464,0.022727272727272728,0.03125,0.45833333333333331,0.0072115384615384637,0.017628205128205128,0.010416666666666666,38,44,0,3,0,0.068181818181818177,0.036585365853658534,0.53658536585365857,-0.036585365853658534,0,0.036585365853658534,0.0053353658536585344,-0.038461538461538464,-0.043796904315196998,-0.017628205128205128,-0.02616869918699187,True,True,-0.002052063789868669,-0.041744840525328321,latest_archived_year
v3_response_scales_effects_of_category_rang,ml1.8,ML1,successful,lowercase_modal_tokens,52,44,8,4,0.15384615384615385,0.090909090909090912,0.125,0.45833333333333331,0.028846153846153855,0.070512820512820512,0.041666666666666664,38,44,7,2,0.18421052631578946,0.045454545454545456,0.10975609756097561,0.53658536585365857,0.074454428754813853,0.098844672657252886,0.024390243902439025,-0.01524390243902439,0.030364372469635609,0.045608274908659999,0.028331852144432373,0.017276422764227639,True,True,0.007891445311214251,0.037716829597445767,latest_archived_year
v3_running_on_empty_neural_signals_for_self,ml3.5,ML3,successful,epistemic_adverb_tokens,22,5,0,0,0,0,0,0.18518518518518517,0,0,0,25,11,0,0,0,0,0,0.30555555555555558,0,0,0,0,0,0,0,-0,True,False,0,0,latest_archived_year
v3_running_on_empty_neural_signals_for_self,ml3.5,ML3,successful,replication_word_tokens,22,5,0,0,0,0,0,0.18518518518518517,0,0,0,25,11,0,0,0,0,0,0.30555555555555558,0,0,0,0,0,0,0,-0,True,False,0,0,latest_archived_year
v3_running_on_empty_neural_signals_for_self,ml3.5,ML3,successful,lowercase_modal_tokens,22,5,1,1,0.045454545454545456,0.20000000000000001,0.07407407407407407,0.18518518518518517,-0.028619528619528614,0.0084175084175084174,0.037037037037037035,25,11,6,0,0.23999999999999999,0,0.16666666666666666,0.30555555555555558,0.073333333333333334,0.073333333333333334,0,0.092592592592592587,0.19454545454545452,0.10195286195286195,0.064915824915824913,0.037037037037037035,True,False,0.0051430976430976447,0.096809764309764304,latest_archived_year
v3_screening_competition_and_job_design_eco,ee.3,EERP,successful,epistemic_adverb_tokens,21,14,0,0,0,0,0,0.40000000000000002,0,0,0,22,43,0,0,0,0,0,0.66153846153846152,0,0,0,0,0,0,0,-0,True,True,0,0,latest_archived_year
v3_screening_competition_and_job_design_eco,ee.3,EERP,successful,replication_word_tokens,21,14,0,0,0,0,0,0.40000000000000002,0,0,0,22,43,0,0,0,0,0,0.66153846153846152,0,0,0,0,0,0,0,-0,True,True,0,0,latest_archived_year
v3_screening_competition_and_job_design_eco,ee.3,EERP,successful,lowercase_modal_tokens,21,14,2,1,0.095238095238095233,0.071428571428571425,0.085714285714285715,0.40000000000000002,0.0095238095238095177,0.038095238095238099,0.028571428571428571,22,43,4,4,0.18181818181818182,0.093023255813953487,0.12307692307692308,0.66153846153846152,0.058741258741258739,0.12027972027972028,0.061538461538461542,0.037362637362637369,0.08658008658008659,0.049217449217449222,0.082184482184482183,-0.032967032967032975,True,True,0.014725197283336816,0.0344922519341124,latest_archived_year
v3_selective_exposure_and_information_quant,rpp.84,RPP,successful,epistemic_adverb_tokens,10,10,0,0,0,0,0,0.5,0,0,0,46,21,0,0,0,0,0,0.31343283582089554,0,0,0,0,0,0,0,-0,True,True,-0,0,latest_archived_year
v3_selective_exposure_and_information_quant,rpp.84,RPP,successful,replication_word_tokens,10,10,0,0,0,0,0,0.5,0,0,0,46,21,0,1,0,0.047619047619047616,0.014925373134328358,0.31343283582089554,-0.014925373134328358,0,0.014925373134328358,0.014925373134328358,0,-0.014925373134328358,0,-0.014925373134328358,True,True,0.0044420753375977251,-0.019367448471926084,latest_archived_year
v3_selective_exposure_and_information_quant,rpp.84,RPP,successful,lowercase_modal_tokens,10,10,1,0,0.10000000000000001,0,0.050000000000000003,0.5,0.050000000000000003,0.050000000000000003,0,46,21,5,1,0.10869565217391304,0.047619047619047616,0.089552238805970144,0.31343283582089554,0.019143413367942896,0.034068786502271256,0.014925373134328358,0.039552238805970141,0.0086956521739130349,-0.030856586632057106,-0.015931213497728747,-0.014925373134328358,True,True,-0.015025802663700133,-0.015830783968356976,latest_archived_year
v3_self_handicapping_excuse_making_and_coun,rpp.94,RPP,successful,epistemic_adverb_tokens,36,18,0,0,0,0,0,0.33333333333333331,0,0,0,47,15,0,0,0,0,0,0.24193548387096775,0,0,0,0,0,0,0,-0,True,True,-0,0,latest_archived_year
v3_self_handicapping_excuse_making_and_coun,rpp.94,RPP,successful,replication_word_tokens,36,18,0,0,0,0,0,0.33333333333333331,0,0,0,47,15,0,0,0,0,0,0.24193548387096775,0,0,0,0,0,0,0,-0,True,True,-0,0,latest_archived_year
v3_self_handicapping_excuse_making_and_coun,rpp.94,RPP,successful,lowercase_modal_tokens,36,18,9,4,0.25,0.22222222222222221,0.24074074074074073,0.33333333333333331,0.0092592592592592726,0.083333333333333329,0.07407407407407407,47,15,11,0,0.23404255319148937,0,0.17741935483870969,0.24193548387096775,0.05662319835277968,0.056623198352779687,0,-0.063321385902031041,-0.015957446808510634,0.047363939093520407,-0.026710134980553642,0.07407407407407407,True,True,-0.011964907598057904,0.05932884669157832,latest_archived_year
v3_self_regulation_and_selective_exposure_t,rpp.86,RPP,failed,epistemic_adverb_tokens,17,24,0,0,0,0,0,0.58536585365853655,0,0,0,30,21,0,0,0,0,0,0.41176470588235292,0,0,0,0,0,0,0,-0,True,True,-0,0,latest_archived_year
v3_self_regulation_and_selective_exposure_t,rpp.86,RPP,failed,replication_word_tokens,17,24,0,0,0,0,0,0.58536585365853655,0,0,0,30,21,1,0,0.033333333333333333,0,0.019607843137254902,0.41176470588235292,0.013725490196078431,0.013725490196078431,0,0.019607843137254902,0.033333333333333333,0.013725490196078431,0.013725490196078431,-0,True,True,-0.0028933524629363937,0.016618842659014824,latest_archived_year
v3_self_regulation_and_selective_exposure_t,rpp.86,RPP,failed,lowercase_modal_tokens,17,24,2,2,0.11764705882352941,0.083333333333333329,0.097560975609756101,0.58536585365853655,0.020086083213773309,0.06886657101865136,0.04878048780487805,30,21,2,0,0.066666666666666666,0,0.039215686274509803,0.41176470588235292,0.027450980392156862,0.027450980392156862,0,-0.058345289335246298,-0.050980392156862744,0.0073648971783835532,-0.041415590626494497,0.04878048780487805,True,True,-0.0087651559906602519,0.016130053169043798,latest_archived_year
v3_semantic_interference_in_a_delayed_namin,rpp.28,RPP,failed,epistemic_adverb_tokens,45,58,1,0,0.022222222222222223,0,0.0097087378640776691,0.56310679611650483,0.012513484358144554,0.012513484358144552,0,18,17,0,0,0,0,0,0.48571428571428571,0,0,0,-0.0097087378640776691,-0.022222222222222223,-0.012513484358144554,-0.012513484358144552,-0,True,True,-0.0008599167822468791,-0.011653567575897673,latest_archived_year
v3_semantic_interference_in_a_delayed_namin,rpp.28,RPP,failed,replication_word_tokens,45,58,5,4,0.1111111111111111,0.068965517241379309,0.087378640776699032,0.56310679611650483,0.023732470334412073,0.062567421790722749,0.038834951456310676,18,17,0,0,0,0,0,0.48571428571428571,0,0,0,-0.087378640776699032,-0.1111111111111111,-0.023732470334412073,-0.062567421790722749,0.038834951456310676,True,True,-0.00163087665598546,-0.02210159367842662,latest_archived_year
v3_semantic_interference_in_a_delayed_namin,rpp.28,RPP,failed,lowercase_modal_tokens,45,58,2,1,0.044444444444444446,0.017241379310344827,0.029126213592233011,0.56310679611650483,0.015318230852211435,0.025026968716289105,0.0097087378640776691,18,17,2,0,0.1111111111111111,0,0.057142857142857141,0.48571428571428571,0.053968253968253964,0.053968253968253964,0,0.02801664355062413,0.066666666666666652,0.038650023116042528,0.028941285251964859,0.0097087378640776691,True,True,-0.0053522406619159199,0.044002263777958454,latest_archived_year
v3_slow_to_anger_and_fast_to_forgive_cooper,ee.12,EERP,successful,epistemic_adverb_tokens,30,64,0,0,0,0,0,0.68085106382978722,0,0,0,61,124,0,0,0,0,0,0.67027027027027031,0,0,0,0,0,0,0,-0,True,True,-0,0,latest_archived_year
v3_slow_to_anger_and_fast_to_forgive_cooper,ee.12,EERP,successful,replication_word_tokens,30,64,0,0,0,0,0,0.68085106382978722,0,0,0,61,124,0,2,0,0.016129032258064516,0.010810810810810811,0.67027027027027031,-0.010810810810810811,0,0.010810810810810811,0.010810810810810811,0,-0.010810810810810811,0,-0.010810810810810811,True,True,8.5328980318684757e-05,-0.010896139791129494,latest_archived_year
v3_slow_to_anger_and_fast_to_forgive_cooper,ee.12,EERP,successful,lowercase_modal_tokens,30,64,1,2,0.033333333333333333,0.03125,0.031914893617021274,0.68085106382978722,0.0014184397163120588,0.022695035460992906,0.021276595744680851,61,124,3,1,0.049180327868852458,0.0080645161290322578,0.021621621621621623,0.67027027027027031,0.027558706247230835,0.032964111652636241,0.0054054054054054057,-0.010293271995399651,0.015846994535519125,0.026140266530918776,0.010269076191643335,0.015871190339275445,True,True,-0.00022854061798332977,0.02636880714890211,latest_archived_year
v3_terror_management_and_adults_attachment_,rpp.48,RPP,failed,epistemic_adverb_tokens,43,10,1,0,0.023255813953488372,0,0.018867924528301886,0.18867924528301888,0.0043878894251864857,0.0043878894251864857,0,69,16,0,0,0,0,0,0.18823529411764706,0,0,0,-0.018867924528301886,-0.023255813953488372,-0.0043878894251864857,-0.0043878894251864857,-0,True,True,-5.1622228531607593e-06,-0.0043827272023333249,latest_archived_year
v3_terror_management_and_adults_attachment_,rpp.48,RPP,failed,replication_word_tokens,43,10,0,0,0,0,0,0.18867924528301888,0,0,0,69,16,0,0,0,0,0,0.18823529411764706,0,0,0,0,0,0,0,-0,True,True,-0,0,latest_archived_year
v3_terror_management_and_adults_attachment_,rpp.48,RPP,failed,lowercase_modal_tokens,43,10,4,1,0.093023255813953487,0.10000000000000001,0.094339622641509441,0.18867924528301888,-0.0013163668275559537,0.017551557700745943,0.018867924528301886,69,16,7,2,0.10144927536231885,0.125,0.10588235294117647,0.18823529411764706,-0.0044330775788576221,0.019096334185848253,0.023529411764705882,0.011542730299667028,0.0084260195483653599,-0.0031167107513016684,0.0015447764851023102,-0.004661487236403996,True,True,6.7763526800729824e-06,-0.0031234871039817549,latest_archived_year
v3_thar_she_bursts_reducing_confusion_reduc,ee.16,EERP,successful,epistemic_adverb_tokens,60,64,0,0,0,0,0,0.5161290322580645,0,0,0,71,79,0,0,0,0,0,0.52666666666666662,0,0,0,0,0,0,0,-0,True,True,0,0,latest_archived_year
v3_thar_she_bursts_reducing_confusion_reduc,ee.16,EERP,successful,replication_word_tokens,60,64,0,2,0,0.03125,0.016129032258064516,0.5161290322580645,-0.016129032258064516,0,0.016129032258064516,71,79,0,1,0,0.012658227848101266,0.0066666666666666671,0.52666666666666662,-0.0066666666666666671,0,0.0066666666666666671,-0.0094623655913978477,0,0.0094623655913978477,0,0.0094623655913978477,True,True,-0.00023134442629644674,0.0096937100176942969,latest_archived_year
v3_thar_she_bursts_reducing_confusion_reduc,ee.16,EERP,successful,lowercase_modal_tokens,60,64,7,3,0.11666666666666667,0.046875,0.080645161290322578,0.5161290322580645,0.03602150537634409,0.060215053763440857,0.024193548387096774,71,79,10,3,0.14084507042253522,0.037974683544303799,0.08666666666666667,0.52666666666666662,0.054178403755868548,0.074178403755868538,0.02,0.0060215053763440912,0.024178403755868549,0.018156898379524458,0.013963349992427682,0.0041935483870967731,True,True,0.00090972479824730939,0.017247173581277142,latest_archived_year
v3_the_economics_of_credence_goods_an_exper,ee.8,EERP,successful,epistemic_adverb_tokens,27,33,0,0,0,0,0,0.55000000000000004,0,0,0,90,154,0,2,0,0.012987012987012988,0.0081967213114754103,0.63114754098360659,-0.0081967213114754103,0,0.0081967213114754103,0.0081967213114754103,0,-0.0081967213114754103,0,-0.0081967213114754103,True,True,-0.00052693208430913349,-0.0076697892271662769,latest_archived_year
v3_the_economics_of_credence_goods_an_exper,ee.8,EERP,successful,replication_word_tokens,27,33,0,0,0,0,0,0.55000000000000004,0,0,0,90,154,0,0,0,0,0,0.63114754098360659,0,0,0,0,0,0,0,-0,True,True,0,0,latest_archived_year
v3_the_economics_of_credence_goods_an_exper,ee.8,EERP,successful,lowercase_modal_tokens,27,33,2,2,0.07407407407407407,0.060606060606060608,0.066666666666666666,0.55000000000000004,0.0074074074074074042,0.040740740740740744,0.033333333333333333,90,154,14,8,0.15555555555555556,0.051948051948051951,0.090163934426229511,0.63114754098360659,0.065391621129326047,0.098178506375227695,0.032786885245901641,0.023497267759562845,0.081481481481481488,0.057984213721918643,0.057437765634486951,0.00054644808743169182,True,True,0.0047501951600312248,0.053234018561887413,latest_archived_year
v3_the_effect_of_global_versus_local_proces,rpp.64,RPP,failed,epistemic_adverb_tokens,66,41,0,0,0,0,0,0.38317757009345793,0,0,0,33,24,0,0,0,0,0,0.42105263157894735,0,0,0,0,0,0,0,-0,True,True,0,0,latest_archived_year
v3_the_effect_of_global_versus_local_proces,rpp.64,RPP,failed,replication_word_tokens,66,41,0,0,0,0,0,0.38317757009345793,0,0,0,33,24,0,2,0,0.083333333333333329,0.035087719298245612,0.42105263157894735,-0.035087719298245612,0,0.035087719298245612,0.035087719298245612,0,-0.035087719298245612,0,-0.035087719298245612,True,True,-0.0015781275618953921,-0.033509591736350215,latest_archived_year
v3_the_effect_of_global_versus_local_proces,rpp.64,RPP,failed,lowercase_modal_tokens,66,41,14,0,0.21212121212121213,0,0.13084112149532709,0.38317757009345793,0.081280090625885038,0.081280090625885024,0,33,24,3,0,0.090909090909090912,0,0.052631578947368418,0.42105263157894735,0.038277511961722493,0.038277511961722487,0,-0.078209542547958671,-0.12121212121212122,-0.043002578664162544,-0.043002578664162537,-0,True,True,0.0057386456796196085,-0.048741224343782134,latest_archived_year
v3_the_face_of_success_inferences_from_chie,rpp.82,RPP,failed,epistemic_adverb_tokens,46,33,0,1,0,0.030303030303030304,0.012658227848101266,0.41772151898734178,-0.012658227848101266,0,0.012658227848101266,49,46,0,0,0,0,0,0.48421052631578948,0,0,0,-0.012658227848101266,0,0.012658227848101266,0,0.012658227848101266,True,True,-0.0010074092019461774,0.013665637050047443,latest_archived_year
v3_the_face_of_success_inferences_from_chie,rpp.82,RPP,failed,replication_word_tokens,46,33,0,1,0,0.030303030303030304,0.012658227848101266,0.41772151898734178,-0.012658227848101266,0,0.012658227848101266,49,46,0,0,0,0,0,0.48421052631578948,0,0,0,-0.012658227848101266,0,0.012658227848101266,0,0.012658227848101266,True,True,-0.0010074092019461774,0.013665637050047443,latest_archived_year
v3_the_face_of_success_inferences_from_chie,rpp.82,RPP,failed,lowercase_modal_tokens,46,33,7,3,0.15217391304347827,0.090909090909090912,0.12658227848101267,0.41772151898734178,0.025591634562465604,0.063566318106769409,0.037974683544303799,49,46,3,2,0.061224489795918366,0.043478260869565216,0.052631578947368418,0.48421052631578948,0.0085929108485499478,0.029645542427497316,0.021052631578947368,-0.073950699533644249,-0.090949423247559905,-0.016998723713915656,-0.033920775679272097,0.016922051965356431,True,True,0.0026266831765029658,-0.019625406890418626,latest_archived_year
v3_the_framing_of_decisions_and_the_psychol,ml1.2,ML1,successful,epistemic_adverb_tokens,36,28,0,0,0,0,0,0.4375,0,0,0,52,32,0,1,0,0.03125,0.011904761904761904,0.38095238095238093,-0.011904761904761904,0,0.011904761904761904,0.011904761904761904,0,-0.011904761904761904,0,-0.011904761904761904,True,True,0.00088355654761904795,-0.012788318452380952,latest_archived_year
v3_the_framing_of_decisions_and_the_psychol,ml1.2,ML1,successful,replication_word_tokens,36,28,0,1,0,0.035714285714285712,0.015625,0.4375,-0.015625,0,0.015625,52,32,1,0,0.019230769230769232,0,0.011904761904761904,0.38095238095238093,0.0073260073260073277,0.007326007326007326,0,-0.0037202380952380959,0.019230769230769232,0.022951007326007328,0.007326007326007326,0.015625,True,True,0.00046605180533751969,0.022484955520669807,latest_archived_year
v3_the_framing_of_decisions_and_the_psychol,ml1.2,ML1,successful,lowercase_modal_tokens,36,28,4,0,0.1111111111111111,0,0.0625,0.4375,0.048611111111111105,0.048611111111111105,0,52,32,4,3,0.076923076923076927,0.09375,0.083333333333333329,0.38095238095238093,-0.0064102564102564014,0.029304029304029304,0.035714285714285712,0.020833333333333329,-0.034188034188034178,-0.055021367521367506,-0.019307081807081801,-0.035714285714285712,True,True,-0.0026657731735856747,-0.052355594347781843,latest_archived_year
v3_the_lure_of_authority_motivation_and_inc,ee.10,EERP,successful,epistemic_adverb_tokens,10,16,1,0,0.10000000000000001,0,0.038461538461538464,0.61538461538461542,0.061538461538461542,0.061538461538461542,0,92,72,2,0,0.021739130434782608,0,0.012195121951219513,0.43902439024390244,0.0095440084835630955,0.0095440084835630955,0,-0.026266416510318951,-0.078260869565217397,-0.051994453054898443,-0.051994453054898443,-0,True,True,-0.010734970225956443,-0.041259482828942005,latest_archived_year
v3_the_lure_of_authority_motivation_and_inc,ee.10,EERP,successful,replication_word_tokens,10,16,0,0,0,0,0,0.61538461538461542,0,0,0,92,72,1,1,0.010869565217391304,0.013888888888888888,0.012195121951219513,0.43902439024390244,-0.0013255567338282086,0.0047720042417815477,0.0060975609756097563,0.012195121951219513,0.010869565217391304,-0.0013255567338282086,0.0047720042417815477,-0.0060975609756097563,True,True,0.00026624430123899903,-0.0015918010350672066,latest_archived_year
v3_the_lure_of_authority_motivation_and_inc,ee.10,EERP,successful,lowercase_modal_tokens,10,16,2,0,0.20000000000000001,0,0.076923076923076927,0.61538461538461542,0.12307692307692308,0.12307692307692308,0,92,72,18,7,0.19565217391304349,0.097222222222222224,0.1524390243902439,0.43902439024390244,0.043213149522799588,0.085896076352067877,0.042682926829268296,0.075515947467166972,-0.0043478260869565244,-0.079863773554123496,-0.037180846724855207,-0.042682926829268296,True,True,-0.026315586734462666,-0.053548186819660837,latest_archived_year
v3_the_nonverbal_expression_of_pride_eviden,rpp.69,RPP,successful,epistemic_adverb_tokens,77,39,2,0,0.025974025974025976,0,0.017241379310344827,0.33620689655172414,0.0087326466636811484,0.0087326466636811467,0,78,36,1,0,0.01282051282051282,0,0.008771929824561403,0.31578947368421051,0.004048582995951417,0.004048582995951417,0,-0.0084694494857834243,-0.013153513153513156,-0.0046840636677297313,-0.0046840636677297296,-0,True,True,-0.00039604225175913067,-0.0042880214159705995,latest_archived_year
v3_the_nonverbal_expression_of_pride_eviden,rpp.69,RPP,successful,replication_word_tokens,77,39,1,1,0.012987012987012988,0.02564102564102564,0.017241379310344827,0.33620689655172414,-0.0042543663233318395,0.0043663233318405733,0.0086206896551724137,78,36,0,0,0,0,0,0.31578947368421051,0,0,0,-0.017241379310344827,-0.012987012987012988,0.0042543663233318395,-0.0043663233318405733,0.0086206896551724137,True,True,0.00012918116366392242,0.0041251851596679169,latest_archived_year
v3_the_nonverbal_expression_of_pride_eviden,rpp.69,RPP,successful,lowercase_modal_tokens,77,39,12,0,0.15584415584415584,0,0.10344827586206896,0.33620689655172414,0.052395879982086876,0.052395879982086876,0,78,36,2,1,0.02564102564102564,0.027777777777777776,0.026315789473684209,0.31578947368421051,-0.00067476383265856893,0.0080971659919028341,0.008771929824561403,-0.077132486388384755,-0.13020313020313021,-0.053070643814745445,-0.044298713990184042,-0.008771929824561403,True,True,-0.0015691545296808473,-0.051501489285064594,latest_archived_year
v3_the_potential_of_social_identity_for_equ,ee.5,EERP,failed,epistemic_adverb_tokens,35,57,0,1,0,0.017543859649122806,0.010869565217391304,0.61956521739130432,-0.010869565217391304,0,0.010869565217391304,100,138,0,0,0,0,0,0.57983193277310929,0,0,0,-0.010869565217391304,0,0.010869565217391304,0,0.010869565217391304,True,True,0.00034853758437013182,0.010521027633021171,latest_archived_year
v3_the_potential_of_social_identity_for_equ,ee.5,EERP,failed,replication_word_tokens,35,57,0,0,0,0,0,0.61956521739130432,0,0,0,100,138,2,8,0.02,0.057971014492753624,0.042016806722689079,0.57983193277310929,-0.022016806722689079,0.011596638655462186,0.033613445378151259,0.042016806722689079,0.02,-0.022016806722689079,0.011596638655462186,-0.033613445378151259,True,True,0.00075435656304109408,-0.022771163285730173,latest_archived_year
v3_the_potential_of_social_identity_for_equ,ee.5,EERP,failed,lowercase_modal_tokens,35,57,4,1,0.11428571428571428,0.017543859649122806,0.05434782608695652,0.61956521739130432,0.059937888198757762,0.070807453416149066,0.010869565217391304,100,138,9,7,0.089999999999999997,0.050724637681159424,0.067226890756302518,0.57983193277310929,0.022773109243697479,0.052184873949579831,0.029411764705882353,0.012879064669345998,-0.024285714285714285,-0.037164778955060283,-0.018622579466569235,-0.018542199488491048,True,True,-0.0027022053971324823,-0.034462573557927798,latest_archived_year
v3_the_representation_of_simple_ensemble_vi,rpp.122,RPP,successful,epistemic_adverb_tokens,34,50,0,0,0,0,0,0.59523809523809523,0,0,0,110,101,2,1,0.018181818181818181,0.0099009900990099011,0.014218009478672985,0.47867298578199052,0.0039638087031451958,0.0087031451960361914,0.0047393364928909956,0.014218009478672985,0.018181818181818181,0.0039638087031451958,0.0087031451960361914,-0.0047393364928909956,True,True,-0.00048262781592986644,0.0044464365190750622,latest_archived_year
v3_the_representation_of_simple_ensemble_vi,rpp.122,RPP,successful,replication_word_tokens,34,50,1,0,0.029411764705882353,0,0.011904761904761904,0.59523809523809523,0.017507002801120448,0.017507002801120448,0,110,101,0,0,0,0,0,0.47867298578199052,0,0,0,-0.011904761904761904,-0.029411764705882353,-0.017507002801120448,-0.017507002801120448,-0,True,True,-0.0017141927861191869,-0.015792810015001262,latest_archived_year
v3_the_representation_of_simple_ensemble_vi,rpp.122,RPP,successful,lowercase_modal_tokens,34,50,4,3,0.11764705882352941,0.059999999999999998,0.083333333333333329,0.59523809523809523,0.034313725490196081,0.070028011204481794,0.035714285714285712,110,101,11,3,0.10000000000000001,0.029702970297029702,0.066350710900473939,0.47867298578199052,0.033649289099526067,0.047867298578199054,0.014218009478672985,-0.01698262243285939,-0.017647058823529405,-0.00066443639067001459,-0.02216071262628274,0.021496276235612725,True,True,-0.0074569083416764952,0.0067924719510064867,latest_archived_year
v3_the_space_between_us_stereotype_threat_a,rpp.87,RPP,failed,epistemic_adverb_tokens,38,21,2,0,0.052631578947368418,0,0.033898305084745763,0.3559322033898305,0.018733273862622656,0.018733273862622656,0,94,54,0,0,0,0,0,0.36486486486486486,0,0,0,-0.033898305084745763,-0.052631578947368418,-0.018733273862622656,-0.018733273862622656,-0,True,True,0.0002350700388166935,-0.018968343901439349,latest_archived_year
v3_the_space_between_us_stereotype_threat_a,rpp.87,RPP,failed,replication_word_tokens,38,21,0,0,0,0,0,0.3559322033898305,0,0,0,94,54,0,0,0,0,0,0.36486486486486486,0,0,0,0,0,0,0,-0,True,True,0,0,latest_archived_year
v3_the_space_between_us_stereotype_threat_a,rpp.87,RPP,failed,lowercase_modal_tokens,38,21,5,3,0.13157894736842105,0.14285714285714285,0.13559322033898305,0.3559322033898305,-0.004014272970562005,0.046833184656556642,0.050847457627118647,94,54,15,7,0.15957446808510639,0.12962962962962962,0.14864864864864866,0.36486486486486486,0.010925819436457734,0.058223116733755034,0.0472972972972973,0.013055428309665607,0.027995520716685346,0.014940092407019739,0.011389932077198392,0.0035501603298213474,True,True,8.3371401248676522e-05,0.014856721005771061,latest_archived_year
v3_the_stroop_effect_why_proportion_congrue,rpp.15,RPP,successful,epistemic_adverb_tokens,90,67,0,0,0,0,0,0.42675159235668791,0,0,0,177,121,3,0,0.016949152542372881,0,0.010067114093959731,0.40604026845637586,0.0068820384484131504,0.0068820384484131504,0,0.010067114093959731,0.016949152542372881,0.0068820384484131504,0.0068820384484131504,-0,True,True,-0.00017551969407044111,0.0070575581424835911,latest_archived_year
v3_the_stroop_effect_why_proportion_congrue,rpp.15,RPP,successful,replication_word_tokens,90,67,0,0,0,0,0,0.42675159235668791,0,0,0,177,121,3,2,0.016949152542372881,0.016528925619834711,0.016778523489932886,0.40604026845637586,0.00017062905243999532,0.0068820384484131504,0.0067114093959731542,0.016778523489932886,0.016949152542372881,0.00017062905243999532,0.0068820384484131504,-0.0067114093959731542,True,True,-4.3517279521596919e-06,0.00017498078039215493,latest_archived_year
v3_the_stroop_effect_why_proportion_congrue,rpp.15,RPP,successful,lowercase_modal_tokens,90,67,11,5,0.12222222222222222,0.074626865671641784,0.10191082802547771,0.42675159235668791,0.020311394196744506,0.052158527954706296,0.031847133757961783,177,121,39,11,0.22033898305084745,0.090909090909090912,0.16778523489932887,0.40604026845637586,0.052553748151518587,0.089466499829370952,0.036912751677852351,0.065874406873851155,0.098116760828625235,0.032242353954774081,0.037307971874664655,-0.0050656179198905679,True,True,-0.001833213632100142,0.034075567586874224,latest_archived_year
v3_the_threat_of_appearing_prejudiced_and_r,rpp.129,RPP,failed,epistemic_adverb_tokens,37,25,0,0,0,0,0,0.40322580645161288,0,0,0,45,19,1,0,0.022222222222222223,0,0.015625,0.296875,0.0065972222222222231,0.0065972222222222222,0,0.015625,0.022222222222222223,0.0065972222222222231,0.0065972222222222222,-0,True,True,-0.0011816756272401432,0.0077788978494623658,latest_archived_year
v3_the_threat_of_appearing_prejudiced_and_r,rpp.129,RPP,failed,replication_word_tokens,37,25,0,0,0,0,0,0.40322580645161288,0,0,0,45,19,0,0,0,0,0,0.296875,0,0,0,0,0,0,0,-0,True,True,-0,0,latest_archived_year
v3_the_threat_of_appearing_prejudiced_and_r,rpp.129,RPP,failed,lowercase_modal_tokens,37,25,5,2,0.13513513513513514,0.080000000000000002,0.11290322580645161,0.40322580645161288,0.022231909328683533,0.054489973844812557,0.032258064516129031,45,19,13,0,0.28888888888888886,0,0.203125,0.296875,0.085763888888888862,0.085763888888888876,0,0.09022177419354839,0.15375375375375372,0.063531979560205329,0.031273915044076318,0.032258064516129031,True,True,-0.018293616196841996,0.081825595757047356,latest_archived_year
v3_the_ultimate_sampling_dilemma_in_experie,rpp.17,RPP,successful,epistemic_adverb_tokens,10,9,0,0,0,0,0,0.47368421052631576,0,0,0,21,14,0,1,0,0.071428571428571425,0.028571428571428571,0.40000000000000002,-0.028571428571428571,0,0.028571428571428571,0.028571428571428571,0,-0.028571428571428571,0,-0.028571428571428571,True,False,0.0026315789473684193,-0.031203007518796993,latest_archived_year
v3_the_ultimate_sampling_dilemma_in_experie,rpp.17,RPP,successful,replication_word_tokens,10,9,0,0,0,0,0,0.47368421052631576,0,0,0,21,14,0,0,0,0,0,0.40000000000000002,0,0,0,0,0,0,0,-0,True,False,-0,0,latest_archived_year
v3_the_ultimate_sampling_dilemma_in_experie,rpp.17,RPP,successful,lowercase_modal_tokens,10,9,1,2,0.10000000000000001,0.22222222222222221,0.15789473684210525,0.47368421052631576,-0.057894736842105249,0.04736842105263158,0.10526315789473684,21,14,3,1,0.14285714285714285,0.071428571428571425,0.11428571428571428,0.40000000000000002,0.028571428571428567,0.057142857142857141,0.028571428571428571,-0.043609022556390972,0.042857142857142844,0.086466165413533816,0.0097744360902255606,0.076691729323308269,True,False,0.0018713450292397644,0.08459482038429407,latest_archived_year
v3_toward_a_physiology_of_dual_process_reas,rpp.118,RPP,failed,epistemic_adverb_tokens,65,40,0,0,0,0,0,0.38095238095238093,0,0,0,73,49,0,0,0,0,0,0.40163934426229508,0,0,0,0,0,0,0,-0,True,True,0,0,latest_archived_year
v3_toward_a_physiology_of_dual_process_reas,rpp.118,RPP,failed,replication_word_tokens,65,40,2,2,0.030769230769230771,0.050000000000000003,0.038095238095238099,0.38095238095238093,-0.0073260073260073277,0.011721611721611722,0.019047619047619049,73,49,1,1,0.013698630136986301,0.020408163265306121,0.016393442622950821,0.40163934426229508,-0.0026948124859645199,0.0055019088255108912,0.0081967213114754103,-0.021701795472287278,-0.01707060063224447,0.0046311948400428078,-0.0062197028961008304,0.010850897736143639,True,True,-0.0002683130415752774,0.0048995078816180858,latest_archived_year
v3_toward_a_physiology_of_dual_process_reas,rpp.118,RPP,failed,lowercase_modal_tokens,65,40,8,0,0.12307692307692308,0,0.076190476190476197,0.38095238095238093,0.046886446886446886,0.046886446886446886,0,73,49,4,1,0.054794520547945202,0.020408163265306121,0.040983606557377046,0.40163934426229508,0.013810913990568156,0.022007635302043565,0.0081967213114754103,-0.035206869633099151,-0.068282402528977881,-0.03307553289587873,-0.024878811584403322,-0.0081967213114754103,True,True,0.0016287185517284942,-0.034704251447607221,latest_archived_year
v3_tracing_attention_and_the_activation_flo,rpp.1,RPP,failed,epistemic_adverb_tokens,73,48,0,1,0,0.020833333333333332,0.0082644628099173556,0.39669421487603307,-0.0082644628099173556,0,0.0082644628099173556,42,35,0,0,0,0,0,0.45454545454545453,0,0,0,-0.0082644628099173556,0,0.0082644628099173556,0,0.0082644628099173556,True,True,-0.00060261707988980685,0.0088670798898071619,latest_archived_year
v3_tracing_attention_and_the_activation_flo,rpp.1,RPP,failed,replication_word_tokens,73,48,4,0,0.054794520547945202,0,0.033057851239669422,0.39669421487603307,0.02173666930827578,0.021736669308275784,0,42,35,3,2,0.071428571428571425,0.057142857142857141,0.064935064935064929,0.45454545454545453,0.0064935064935064957,0.032467532467532464,0.025974025974025976,0.031877213695395507,0.016634050880626222,-0.015243162814769284,0.010730863159256681,-0.025974025974025976,True,True,0.001998188610890976,-0.017241351425660269,latest_archived_year
v3_tracing_attention_and_the_activation_flo,rpp.1,RPP,failed,lowercase_modal_tokens,73,48,6,2,0.082191780821917804,0.041666666666666664,0.066115702479338845,0.39669421487603307,0.016076078342578959,0.032605003962413677,0.016528925619834711,42,35,2,1,0.047619047619047616,0.028571428571428571,0.03896103896103896,0.45454545454545453,0.0086580086580086563,0.021645021645021644,0.012987012987012988,-0.027154663518299885,-0.034572733202870187,-0.0074180696845703026,-0.010959982317392033,0.0035419126328217233,True,True,0.0017231782331408722,-0.0091412479177111813,latest_archived_year
v3_walking_on_eggshells_how_expressing_rela,rpp.58,RPP,failed,epistemic_adverb_tokens,11,3,1,0,0.090909090909090912,0,0.071428571428571425,0.21428571428571427,0.019480519480519487,0.01948051948051948,0,15,10,0,0,0,0,0,0.40000000000000002,0,0,0,-0.071428571428571425,-0.090909090909090912,-0.019480519480519487,-0.01948051948051948,-0,True,False,0.0084415584415584426,-0.027922077922077924,latest_archived_year
v3_walking_on_eggshells_how_expressing_rela,rpp.58,RPP,failed,replication_word_tokens,11,3,0,0,0,0,0,0.21428571428571427,0,0,0,15,10,0,0,0,0,0,0.40000000000000002,0,0,0,0,0,0,0,-0,True,False,0,0,latest_archived_year
v3_walking_on_eggshells_how_expressing_rela,rpp.58,RPP,failed,lowercase_modal_tokens,11,3,3,0,0.27272727272727271,0,0.21428571428571427,0.21428571428571427,0.058441558441558433,0.058441558441558433,0,15,10,4,1,0.26666666666666666,0.10000000000000001,0.20000000000000001,0.40000000000000002,0.066666666666666652,0.10666666666666667,0.040000000000000001,-0.014285714285714263,-0.0060606060606060441,0.0082251082251082186,0.04822510822510824,-0.040000000000000001,True,False,0.040800865800865803,-0.032575757575757577,latest_archived_year
v3_weight_as_an_embodiment_of_importance,ml3.10,ML3,failed,epistemic_adverb_tokens,58,31,0,0,0,0,0,0.34831460674157305,0,0,0,81,52,1,1,0.012345679012345678,0.019230769230769232,0.015037593984962405,0.39097744360902253,-0.0026919149726167269,0.0048268820198644757,0.0075187969924812026,0.015037593984962405,0.012345679012345678,-0.0026919149726167269,0.0048268820198644757,-0.0075187969924812026,True,True,-0.00014686874040313811,-0.0025450462322135891,latest_archived_year
v3_weight_as_an_embodiment_of_importance,ml3.10,ML3,failed,replication_word_tokens,58,31,1,0,0.017241379310344827,0,0.011235955056179775,0.34831460674157305,0.0060054242541650524,0.0060054242541650524,0,81,52,2,1,0.024691358024691357,0.019230769230769232,0.022556390977443608,0.39097744360902253,0.0021349670472477489,0.0096537640397289515,0.0075187969924812026,0.011320435921263833,0.0074499787143465293,-0.0038704572069173035,0.0036483397855638991,-0.0075187969924812026,True,True,0.00048426518090119116,-0.0043547223878184953,latest_archived_year
v3_weight_as_an_embodiment_of_importance,ml3.10,ML3,failed,lowercase_modal_tokens,58,31,5,1,0.086206896551724144,0.032258064516129031,0.06741573033707865,0.34831460674157305,0.018791166214645494,0.030027121270825265,0.011235955056179775,81,52,11,3,0.13580246913580246,0.057692307692307696,0.10526315789473684,0.39097744360902253,0.030539311241065625,0.053095702218509233,0.022556390977443608,0.037847427557658186,0.049595572584078318,0.011748145026420131,0.023068580947683968,-0.011320435921263833,True,True,0.0028170056478389934,0.0089311393785811381,latest_archived_year
v3_when_does_between_sequence_phonological_,rpp.12,RPP,failed,epistemic_adverb_tokens,18,3,0,0,0,0,0,0.14285714285714285,0,0,0,56,21,3,0,0.053571428571428568,0,0.03896103896103896,0.27272727272727271,0.014610389610389608,0.014610389610389608,0,0.03896103896103896,0.053571428571428568,0.014610389610389608,0.014610389610389608,-0,True,False,0.0034786641929499067,0.011131725417439701,latest_archived_year
v3_when_does_between_sequence_phonological_,rpp.12,RPP,failed,replication_word_tokens,18,3,0,0,0,0,0,0.14285714285714285,0,0,0,56,21,0,0,0,0,0,0.27272727272727271,0,0,0,0,0,0,0,-0,True,False,0,0,latest_archived_year
v3_when_does_between_sequence_phonological_,rpp.12,RPP,failed,lowercase_modal_tokens,18,3,1,0,0.055555555555555552,0,0.047619047619047616,0.14285714285714285,0.0079365079365079361,0.0079365079365079361,0,56,21,5,4,0.089285714285714288,0.19047619047619047,0.11688311688311688,0.27272727272727271,-0.027597402597402593,0.024350649350649348,0.051948051948051951,0.069264069264069264,0.033730158730158735,-0.035533910533910529,0.016414141414141412,-0.051948051948051951,True,False,-0.0029633065347351053,-0.032570603999175426,latest_archived_year
v3_where_do_we_look_during_potentially_offe,rpp.132,RPP,failed,epistemic_adverb_tokens,17,4,2,0,0.11764705882352941,0,0.095238095238095233,0.19047619047619047,0.022408963585434177,0.02240896358543417,0,15,3,0,0,0,0,0,0.16666666666666666,0,0,0,-0.095238095238095233,-0.11764705882352941,-0.022408963585434177,-0.02240896358543417,-0,True,False,-0.0014005602240896356,-0.021008403361344536,latest_archived_year
v3_where_do_we_look_during_potentially_offe,rpp.132,RPP,failed,replication_word_tokens,17,4,0,0,0,0,0,0.19047619047619047,0,0,0,15,3,0,0,0,0,0,0.16666666666666666,0,0,0,0,0,0,0,-0,True,False,-0,0,latest_archived_year
v3_where_do_we_look_during_potentially_offe,rpp.132,RPP,failed,lowercase_modal_tokens,17,4,1,0,0.058823529411764705,0,0.047619047619047616,0.19047619047619047,0.011204481792717089,0.011204481792717085,0,15,3,8,0,0.53333333333333333,0,0.44444444444444442,0.16666666666666666,0.088888888888888906,0.088888888888888878,0,0.3968253968253968,0.47450980392156861,0.077684407096171817,0.07768440709617179,-0,True,False,-0.0070494864612511672,0.08473389355742296,latest_archived_year
v3_why_do_implicit_and_explicit_attitude_te,rpp.44,RPP,successful,epistemic_adverb_tokens,27,32,0,0,0,0,0,0.5423728813559322,0,0,0,52,75,0,0,0,0,0,0.59055118110236215,0,0,0,0,0,0,0,-0,True,True,0,0,latest_archived_year
v3_why_do_implicit_and_explicit_attitude_te,rpp.44,RPP,successful,replication_word_tokens,27,32,0,0,0,0,0,0.5423728813559322,0,0,0,52,75,1,4,0.019230769230769232,0.053333333333333337,0.03937007874015748,0.59055118110236215,-0.020139309509388248,0.011356753482737734,0.031496062992125984,0.03937007874015748,0.019230769230769232,-0.020139309509388248,0.011356753482737734,-0.031496062992125984,True,True,-0.00082150177772758771,-0.019317807731660662,latest_archived_year
v3_why_do_implicit_and_explicit_attitude_te,rpp.44,RPP,successful,lowercase_modal_tokens,27,32,3,1,0.1111111111111111,0.03125,0.067796610169491525,0.5423728813559322,0.04331450094161958,0.060263653483992465,0.016949152542372881,52,75,9,7,0.17307692307692307,0.093333333333333338,0.12598425196850394,0.59055118110236215,0.047092671108419137,0.1022107813446396,0.055118110236220472,0.05818764179901241,0.061965811965811968,0.0037781701667995576,0.041947127860647131,-0.038168957693847594,True,True,0.0038447415593585313,-6.6571392558982306e-05,latest_archived_year
v3_why_people_are_reluctant_to_tempt_fate,rpp.68,RPP,failed,epistemic_adverb_tokens,29,19,0,0,0,0,0,0.39583333333333331,0,0,0,38,45,0,0,0,0,0,0.54216867469879515,0,0,0,0,0,0,0,-0,True,True,0,0,latest_archived_year
v3_why_people_are_reluctant_to_tempt_fate,rpp.68,RPP,failed,replication_word_tokens,29,19,4,2,0.13793103448275862,0.10526315789473684,0.125,0.39583333333333331,0.012931034482758619,0.054597701149425283,0.041666666666666664,38,45,0,12,0,0.26666666666666666,0.14457831325301204,0.54216867469879515,-0.14457831325301204,0,0.14457831325301204,0.019578313253012042,-0.13793103448275862,-0.15750934773577066,-0.054597701149425283,-0.10291164658634538,True,True,-0.017121146412631773,-0.14038820132313889,latest_archived_year
v3_why_people_are_reluctant_to_tempt_fate,rpp.68,RPP,failed,lowercase_modal_tokens,29,19,6,2,0.20689655172413793,0.10526315789473684,0.16666666666666666,0.39583333333333331,0.040229885057471271,0.081896551724137928,0.041666666666666664,38,45,1,1,0.026315789473684209,0.022222222222222223,0.024096385542168676,0.54216867469879515,0.0022194039315155331,0.014267596702599871,0.012048192771084338,-0.14257028112449799,-0.18058076225045372,-0.038010481125955738,-0.067628955021538054,0.029618473895582326,True,True,0.0077357954706504979,-0.045746276596606232,latest_archived_year
v3_working_memory_costs_of_task_switching,rpp.3,RPP,failed,epistemic_adverb_tokens,24,13,0,0,0,0,0,0.35135135135135137,0,0,0,42,19,0,0,0,0,0,0.31147540983606559,0,0,0,0,0,0,0,-0,True,True,-0,0,latest_archived_year
v3_working_memory_costs_of_task_switching,rpp.3,RPP,failed,replication_word_tokens,24,13,0,0,0,0,0,0.35135135135135137,0,0,0,42,19,0,0,0,0,0,0.31147540983606559,0,0,0,0,0,0,0,-0,True,True,-0,0,latest_archived_year
v3_working_memory_costs_of_task_switching,rpp.3,RPP,failed,lowercase_modal_tokens,24,13,2,0,0.083333333333333329,0,0.054054054054054057,0.35135135135135137,0.029279279279279272,0.029279279279279279,0,42,19,9,0,0.21428571428571427,0,0.14754098360655737,0.31147540983606559,0.066744730679156899,0.066744730679156913,0,0.093486929552503317,0.13095238095238093,0.037465451399877628,0.037465451399877635,-0,True,True,-0.0059339198683460992,0.043399371268223727,latest_archived_year
